Reading timing models for corner nom_tt_025C_1v80…
Reading cell library for the 'nom_tt_025C_1v80' corner at '/home/minhnd/.volare/volare/sky130/versions/0fe599b2afb6708d281543108caf8310912f54af/sky130A/libs.ref/sky130_fd_sc_hd/lib/sky130_fd_sc_hd__tt_025C_1v80.lib'…
Reading top-level netlist at '/home/minhnd/projects/CLA32_Floorplanning/runs/acc32_util60/06-yosys-synthesis/acc32.nl.v'…
Linking design 'acc32' from netlist…
Reading design constraints file at '/nix/store/ss2cw3sxbrwwx9jl0rrppbw4kgcmgi2n-python3-3.11.9-env/lib/python3.11/site-packages/openlane/scripts/base.sdc'…
[INFO] Using clock clk…
[INFO] Setting output delay to: 4
[INFO] Setting input delay to: 4
[INFO] Setting load to: 0.033442
[INFO] Setting clock uncertainty to: 0.25
[INFO] Setting clock transition to: 0.1499999999999999944488848768742172978818416595458984375
[INFO] Setting timing derate to: 5%
%OL_CREATE_REPORT min.rpt

===========================================================================
report_checks -path_delay min (Hold)
============================================================================
======================= nom_tt_025C_1v80 Corner ===================================

Startpoint: _432_ (rising edge-triggered flip-flop clocked by clk)
Endpoint: _433_ (rising edge-triggered flip-flop clocked by clk)
Path Group: clk
Path Type: min

Fanout         Cap        Slew       Delay        Time   Description
---------------------------------------------------------------------------------------------
                      0.150000    0.000000    0.000000   clock clk (rise edge)
                                  0.000000    0.000000   clock network delay (ideal)
                      0.150000    0.000000    0.000000 ^ _432_/CLK (sky130_fd_sc_hd__dfrtp_2)
     3    0.038978    0.121792    0.517373    0.517373 v _432_/Q (sky130_fd_sc_hd__dfrtp_2)
                                                         acc[0] (net)
                      0.121792    0.000000    0.517373 v _266_/B (sky130_fd_sc_hd__nand2_2)
     3    0.012489    0.075589    0.126050    0.643422 ^ _266_/Y (sky130_fd_sc_hd__nand2_2)
                                                         _074_ (net)
                      0.075589    0.000000    0.643422 ^ _417_/B (sky130_fd_sc_hd__xnor2_2)
     1    0.001949    0.026847    0.053280    0.696702 v _417_/Y (sky130_fd_sc_hd__xnor2_2)
                                                         adder.cla_blocks[0].block.sum[1] (net)
                      0.026847    0.000000    0.696702 v _433_/D (sky130_fd_sc_hd__dfrtp_2)
                                              0.696702   data arrival time

                      0.150000    0.000000    0.000000   clock clk (rise edge)
                                  0.000000    0.000000   clock network delay (ideal)
                                  0.250000    0.250000   clock uncertainty
                                  0.000000    0.250000   clock reconvergence pessimism
                                              0.250000 ^ _433_/CLK (sky130_fd_sc_hd__dfrtp_2)
                                 -0.010781    0.239219   library hold time
                                              0.239219   data required time
---------------------------------------------------------------------------------------------
                                              0.239219   data required time
                                             -0.696702   data arrival time
---------------------------------------------------------------------------------------------
                                              0.457484   slack (MET)


Startpoint: _463_ (rising edge-triggered flip-flop clocked by clk)
Endpoint: _463_ (rising edge-triggered flip-flop clocked by clk)
Path Group: clk
Path Type: min

Fanout         Cap        Slew       Delay        Time   Description
---------------------------------------------------------------------------------------------
                      0.150000    0.000000    0.000000   clock clk (rise edge)
                                  0.000000    0.000000   clock network delay (ideal)
                      0.150000    0.000000    0.000000 ^ _463_/CLK (sky130_fd_sc_hd__dfrtp_2)
     2    0.041884    0.209379    0.511965    0.511965 ^ _463_/Q (sky130_fd_sc_hd__dfrtp_2)
                                                         acc[31] (net)
                      0.209379    0.000000    0.511965 ^ _364_/B (sky130_fd_sc_hd__xnor2_2)
     1    0.008442    0.060264    0.151217    0.663182 ^ _364_/Y (sky130_fd_sc_hd__xnor2_2)
                                                         _169_ (net)
                      0.060264    0.000000    0.663182 ^ _365_/B (sky130_fd_sc_hd__xnor2_2)
     1    0.001949    0.025418    0.050505    0.713687 v _365_/Y (sky130_fd_sc_hd__xnor2_2)
                                                         adder.cla_blocks[7].block.sum[3] (net)
                      0.025418    0.000000    0.713687 v _463_/D (sky130_fd_sc_hd__dfrtp_2)
                                              0.713687   data arrival time

                      0.150000    0.000000    0.000000   clock clk (rise edge)
                                  0.000000    0.000000   clock network delay (ideal)
                                  0.250000    0.250000   clock uncertainty
                                  0.000000    0.250000   clock reconvergence pessimism
                                              0.250000 ^ _463_/CLK (sky130_fd_sc_hd__dfrtp_2)
                                 -0.010200    0.239800   library hold time
                                              0.239800   data required time
---------------------------------------------------------------------------------------------
                                              0.239800   data required time
                                             -0.713687   data arrival time
---------------------------------------------------------------------------------------------
                                              0.473887   slack (MET)


Startpoint: _452_ (rising edge-triggered flip-flop clocked by clk)
Endpoint: _452_ (rising edge-triggered flip-flop clocked by clk)
Path Group: clk
Path Type: min

Fanout         Cap        Slew       Delay        Time   Description
---------------------------------------------------------------------------------------------
                      0.150000    0.000000    0.000000   clock clk (rise edge)
                                  0.000000    0.000000   clock network delay (ideal)
                      0.150000    0.000000    0.000000 ^ _452_/CLK (sky130_fd_sc_hd__dfrtp_2)
     3    0.039559    0.198795    0.504505    0.504505 ^ _452_/Q (sky130_fd_sc_hd__dfrtp_2)
                                                         acc[20] (net)
                      0.198795    0.000000    0.504505 ^ _338_/B (sky130_fd_sc_hd__nand2_2)
     3    0.006915    0.038247    0.085943    0.590448 v _338_/Y (sky130_fd_sc_hd__nand2_2)
                                                         _146_ (net)
                      0.038247    0.000000    0.590448 v _340_/A (sky130_fd_sc_hd__nand2_2)
     2    0.010964    0.068260    0.073649    0.664097 ^ _340_/Y (sky130_fd_sc_hd__nand2_2)
                                                         _148_ (net)
                      0.068260    0.000000    0.664097 ^ _375_/B (sky130_fd_sc_hd__xnor2_2)
     1    0.001949    0.026164    0.051953    0.716050 v _375_/Y (sky130_fd_sc_hd__xnor2_2)
                                                         adder.cla_blocks[5].block.sum[0] (net)
                      0.026164    0.000000    0.716050 v _452_/D (sky130_fd_sc_hd__dfrtp_2)
                                              0.716050   data arrival time

                      0.150000    0.000000    0.000000   clock clk (rise edge)
                                  0.000000    0.000000   clock network delay (ideal)
                                  0.250000    0.250000   clock uncertainty
                                  0.000000    0.250000   clock reconvergence pessimism
                                              0.250000 ^ _452_/CLK (sky130_fd_sc_hd__dfrtp_2)
                                 -0.010503    0.239497   library hold time
                                              0.239497   data required time
---------------------------------------------------------------------------------------------
                                              0.239497   data required time
                                             -0.716050   data arrival time
---------------------------------------------------------------------------------------------
                                              0.476554   slack (MET)


Startpoint: _441_ (rising edge-triggered flip-flop clocked by clk)
Endpoint: _441_ (rising edge-triggered flip-flop clocked by clk)
Path Group: clk
Path Type: min

Fanout         Cap        Slew       Delay        Time   Description
---------------------------------------------------------------------------------------------
                      0.150000    0.000000    0.000000   clock clk (rise edge)
                                  0.000000    0.000000   clock network delay (ideal)
                      0.150000    0.000000    0.000000 ^ _441_/CLK (sky130_fd_sc_hd__dfrtp_2)
     3    0.039559    0.198795    0.504505    0.504505 ^ _441_/Q (sky130_fd_sc_hd__dfrtp_2)
                                                         acc[9] (net)
                      0.198795    0.000000    0.504505 ^ _251_/B (sky130_fd_sc_hd__nand2_2)
     3    0.006882    0.038127    0.085806    0.590311 v _251_/Y (sky130_fd_sc_hd__nand2_2)
                                                         _059_ (net)
                      0.038127    0.000000    0.590311 v _253_/A (sky130_fd_sc_hd__nand2_2)
     2    0.010509    0.066021    0.071969    0.662280 ^ _253_/Y (sky130_fd_sc_hd__nand2_2)
                                                         _061_ (net)
                      0.066021    0.000000    0.662280 ^ _401_/A (sky130_fd_sc_hd__xnor2_2)
     1    0.001949    0.026202    0.060538    0.722818 v _401_/Y (sky130_fd_sc_hd__xnor2_2)
                                                         adder.cla_blocks[2].block.sum[1] (net)
                      0.026202    0.000000    0.722818 v _441_/D (sky130_fd_sc_hd__dfrtp_2)
                                              0.722818   data arrival time

                      0.150000    0.000000    0.000000   clock clk (rise edge)
                                  0.000000    0.000000   clock network delay (ideal)
                                  0.250000    0.250000   clock uncertainty
                                  0.000000    0.250000   clock reconvergence pessimism
                                              0.250000 ^ _441_/CLK (sky130_fd_sc_hd__dfrtp_2)
                                 -0.010519    0.239481   library hold time
                                              0.239481   data required time
---------------------------------------------------------------------------------------------
                                              0.239481   data required time
                                             -0.722818   data arrival time
---------------------------------------------------------------------------------------------
                                              0.483337   slack (MET)


Startpoint: _457_ (rising edge-triggered flip-flop clocked by clk)
Endpoint: _457_ (rising edge-triggered flip-flop clocked by clk)
Path Group: clk
Path Type: min

Fanout         Cap        Slew       Delay        Time   Description
---------------------------------------------------------------------------------------------
                      0.150000    0.000000    0.000000   clock clk (rise edge)
                                  0.000000    0.000000   clock network delay (ideal)
                      0.150000    0.000000    0.000000 ^ _457_/CLK (sky130_fd_sc_hd__dfrtp_2)
     3    0.039559    0.198795    0.504505    0.504505 ^ _457_/Q (sky130_fd_sc_hd__dfrtp_2)
                                                         acc[25] (net)
                      0.198795    0.000000    0.504505 ^ _227_/B (sky130_fd_sc_hd__nand2_2)
     3    0.007009    0.038588    0.086334    0.590839 v _227_/Y (sky130_fd_sc_hd__nand2_2)
                                                         _035_ (net)
                      0.038588    0.000000    0.590839 v _229_/A (sky130_fd_sc_hd__nand2_2)
     2    0.010610    0.066522    0.072525    0.663364 ^ _229_/Y (sky130_fd_sc_hd__nand2_2)
                                                         _037_ (net)
                      0.066522    0.000000    0.663364 ^ _369_/A (sky130_fd_sc_hd__xnor2_2)
     1    0.001949    0.026338    0.060651    0.724014 v _369_/Y (sky130_fd_sc_hd__xnor2_2)
                                                         adder.cla_blocks[6].block.sum[1] (net)
                      0.026338    0.000000    0.724014 v _457_/D (sky130_fd_sc_hd__dfrtp_2)
                                              0.724014   data arrival time

                      0.150000    0.000000    0.000000   clock clk (rise edge)
                                  0.000000    0.000000   clock network delay (ideal)
                                  0.250000    0.250000   clock uncertainty
                                  0.000000    0.250000   clock reconvergence pessimism
                                              0.250000 ^ _457_/CLK (sky130_fd_sc_hd__dfrtp_2)
                                 -0.010574    0.239426   library hold time
                                              0.239426   data required time
---------------------------------------------------------------------------------------------
                                              0.239426   data required time
                                             -0.724014   data arrival time
---------------------------------------------------------------------------------------------
                                              0.484589   slack (MET)


Startpoint: _458_ (rising edge-triggered flip-flop clocked by clk)
Endpoint: _458_ (rising edge-triggered flip-flop clocked by clk)
Path Group: clk
Path Type: min

Fanout         Cap        Slew       Delay        Time   Description
---------------------------------------------------------------------------------------------
                      0.150000    0.000000    0.000000   clock clk (rise edge)
                                  0.000000    0.000000   clock network delay (ideal)
                      0.150000    0.000000    0.000000 ^ _458_/CLK (sky130_fd_sc_hd__dfrtp_2)
     4    0.041982    0.209825    0.512279    0.512279 ^ _458_/Q (sky130_fd_sc_hd__dfrtp_2)
                                                         acc[26] (net)
                      0.209825    0.000000    0.512279 ^ _231_/B (sky130_fd_sc_hd__nand2_2)
     2    0.005708    0.034726    0.082430    0.594710 v _231_/Y (sky130_fd_sc_hd__nand2_2)
                                                         _039_ (net)
                      0.034726    0.000000    0.594710 v _233_/A (sky130_fd_sc_hd__nand2_2)
     3    0.012032    0.073497    0.076002    0.670712 ^ _233_/Y (sky130_fd_sc_hd__nand2_2)
                                                         _041_ (net)
                      0.073497    0.000000    0.670712 ^ _372_/A (sky130_fd_sc_hd__xnor2_2)
     1    0.001949    0.025234    0.062220    0.732931 v _372_/Y (sky130_fd_sc_hd__xnor2_2)
                                                         adder.cla_blocks[6].block.sum[2] (net)
                      0.025234    0.000000    0.732931 v _458_/D (sky130_fd_sc_hd__dfrtp_2)
                                              0.732931   data arrival time

                      0.150000    0.000000    0.000000   clock clk (rise edge)
                                  0.000000    0.000000   clock network delay (ideal)
                                  0.250000    0.250000   clock uncertainty
                                  0.000000    0.250000   clock reconvergence pessimism
                                              0.250000 ^ _458_/CLK (sky130_fd_sc_hd__dfrtp_2)
                                 -0.010125    0.239875   library hold time
                                              0.239875   data required time
---------------------------------------------------------------------------------------------
                                              0.239875   data required time
                                             -0.732931   data arrival time
---------------------------------------------------------------------------------------------
                                              0.493057   slack (MET)


Startpoint: _442_ (rising edge-triggered flip-flop clocked by clk)
Endpoint: _442_ (rising edge-triggered flip-flop clocked by clk)
Path Group: clk
Path Type: min

Fanout         Cap        Slew       Delay        Time   Description
---------------------------------------------------------------------------------------------
                      0.150000    0.000000    0.000000   clock clk (rise edge)
                                  0.000000    0.000000   clock network delay (ideal)
                      0.150000    0.000000    0.000000 ^ _442_/CLK (sky130_fd_sc_hd__dfrtp_2)
     3    0.039559    0.198795    0.504505    0.504505 ^ _442_/Q (sky130_fd_sc_hd__dfrtp_2)
                                                         acc[10] (net)
                      0.198795    0.000000    0.504505 ^ _248_/B (sky130_fd_sc_hd__nand2_2)
     3    0.007837    0.041592    0.089779    0.594284 v _248_/Y (sky130_fd_sc_hd__nand2_2)
                                                         _056_ (net)
                      0.041592    0.000000    0.594284 v _250_/A (sky130_fd_sc_hd__nand2_2)
     3    0.012450    0.075594    0.080349    0.674633 ^ _250_/Y (sky130_fd_sc_hd__nand2_2)
                                                         _058_ (net)
                      0.075594    0.000000    0.674633 ^ _403_/A (sky130_fd_sc_hd__xnor2_2)
     1    0.001949    0.026359    0.062691    0.737324 v _403_/Y (sky130_fd_sc_hd__xnor2_2)
                                                         adder.cla_blocks[2].block.sum[2] (net)
                      0.026359    0.000000    0.737324 v _442_/D (sky130_fd_sc_hd__dfrtp_2)
                                              0.737324   data arrival time

                      0.150000    0.000000    0.000000   clock clk (rise edge)
                                  0.000000    0.000000   clock network delay (ideal)
                                  0.250000    0.250000   clock uncertainty
                                  0.000000    0.250000   clock reconvergence pessimism
                                              0.250000 ^ _442_/CLK (sky130_fd_sc_hd__dfrtp_2)
                                 -0.010583    0.239417   library hold time
                                              0.239417   data required time
---------------------------------------------------------------------------------------------
                                              0.239417   data required time
                                             -0.737324   data arrival time
---------------------------------------------------------------------------------------------
                                              0.497907   slack (MET)


Startpoint: _455_ (rising edge-triggered flip-flop clocked by clk)
Endpoint: _455_ (rising edge-triggered flip-flop clocked by clk)
Path Group: clk
Path Type: min

Fanout         Cap        Slew       Delay        Time   Description
---------------------------------------------------------------------------------------------
                      0.150000    0.000000    0.000000   clock clk (rise edge)
                                  0.000000    0.000000   clock network delay (ideal)
                      0.150000    0.000000    0.000000 ^ _455_/CLK (sky130_fd_sc_hd__dfrtp_2)
     3    0.039559    0.198795    0.504505    0.504505 ^ _455_/Q (sky130_fd_sc_hd__dfrtp_2)
                                                         acc[23] (net)
                      0.198795    0.000000    0.504505 ^ _333_/B (sky130_fd_sc_hd__nand2_2)
     2    0.005784    0.034144    0.081238    0.585743 v _333_/Y (sky130_fd_sc_hd__nand2_2)
                                                         _141_ (net)
                      0.034144    0.000000    0.585743 v _335_/A (sky130_fd_sc_hd__nand2_2)
     3    0.015199    0.089212    0.086880    0.672623 ^ _335_/Y (sky130_fd_sc_hd__nand2_2)
                                                         _143_ (net)
                      0.089212    0.000000    0.672623 ^ _381_/A (sky130_fd_sc_hd__xnor2_2)
     1    0.001949    0.025234    0.065754    0.738377 v _381_/Y (sky130_fd_sc_hd__xnor2_2)
                                                         adder.cla_blocks[5].block.sum[3] (net)
                      0.025234    0.000000    0.738377 v _455_/D (sky130_fd_sc_hd__dfrtp_2)
                                              0.738377   data arrival time

                      0.150000    0.000000    0.000000   clock clk (rise edge)
                                  0.000000    0.000000   clock network delay (ideal)
                                  0.250000    0.250000   clock uncertainty
                                  0.000000    0.250000   clock reconvergence pessimism
                                              0.250000 ^ _455_/CLK (sky130_fd_sc_hd__dfrtp_2)
                                 -0.010125    0.239875   library hold time
                                              0.239875   data required time
---------------------------------------------------------------------------------------------
                                              0.239875   data required time
                                             -0.738377   data arrival time
---------------------------------------------------------------------------------------------
                                              0.498502   slack (MET)


Startpoint: _453_ (rising edge-triggered flip-flop clocked by clk)
Endpoint: _453_ (rising edge-triggered flip-flop clocked by clk)
Path Group: clk
Path Type: min

Fanout         Cap        Slew       Delay        Time   Description
---------------------------------------------------------------------------------------------
                      0.150000    0.000000    0.000000   clock clk (rise edge)
                                  0.000000    0.000000   clock network delay (ideal)
                      0.150000    0.000000    0.000000 ^ _453_/CLK (sky130_fd_sc_hd__dfrtp_2)
     3    0.039559    0.198795    0.504505    0.504505 ^ _453_/Q (sky130_fd_sc_hd__dfrtp_2)
                                                         acc[21] (net)
                      0.198795    0.000000    0.504505 ^ _327_/B (sky130_fd_sc_hd__nand2_2)
     3    0.007053    0.038748    0.086517    0.591022 v _327_/Y (sky130_fd_sc_hd__nand2_2)
                                                         _135_ (net)
                      0.038748    0.000000    0.591022 v _329_/A (sky130_fd_sc_hd__nand2_2)
     2    0.013641    0.081490    0.083335    0.674357 ^ _329_/Y (sky130_fd_sc_hd__nand2_2)
                                                         _137_ (net)
                      0.081490    0.000000    0.674357 ^ _377_/A (sky130_fd_sc_hd__xnor2_2)
     1    0.001949    0.026359    0.064017    0.738375 v _377_/Y (sky130_fd_sc_hd__xnor2_2)
                                                         adder.cla_blocks[5].block.sum[1] (net)
                      0.026359    0.000000    0.738375 v _453_/D (sky130_fd_sc_hd__dfrtp_2)
                                              0.738375   data arrival time

                      0.150000    0.000000    0.000000   clock clk (rise edge)
                                  0.000000    0.000000   clock network delay (ideal)
                                  0.250000    0.250000   clock uncertainty
                                  0.000000    0.250000   clock reconvergence pessimism
                                              0.250000 ^ _453_/CLK (sky130_fd_sc_hd__dfrtp_2)
                                 -0.010583    0.239417   library hold time
                                              0.239417   data required time
---------------------------------------------------------------------------------------------
                                              0.239417   data required time
                                             -0.738375   data arrival time
---------------------------------------------------------------------------------------------
                                              0.498957   slack (MET)


Startpoint: _460_ (rising edge-triggered flip-flop clocked by clk)
Endpoint: _461_ (rising edge-triggered flip-flop clocked by clk)
Path Group: clk
Path Type: min

Fanout         Cap        Slew       Delay        Time   Description
---------------------------------------------------------------------------------------------
                      0.150000    0.000000    0.000000   clock clk (rise edge)
                                  0.000000    0.000000   clock network delay (ideal)
                      0.150000    0.000000    0.000000 ^ _460_/CLK (sky130_fd_sc_hd__dfrtp_2)
     3    0.039559    0.198795    0.504505    0.504505 ^ _460_/Q (sky130_fd_sc_hd__dfrtp_2)
                                                         acc[28] (net)
                      0.198795    0.000000    0.504505 ^ _224_/B (sky130_fd_sc_hd__nand2_2)
     4    0.013211    0.061195    0.111062    0.615567 v _224_/Y (sky130_fd_sc_hd__nand2_2)
                                                         _032_ (net)
                      0.061195    0.000000    0.615567 v _354_/A (sky130_fd_sc_hd__nand2_2)
     1    0.008442    0.057137    0.074446    0.690013 ^ _354_/Y (sky130_fd_sc_hd__nand2_2)
                                                         _161_ (net)
                      0.057137    0.000000    0.690013 ^ _355_/B (sky130_fd_sc_hd__xnor2_2)
     1    0.001949    0.025126    0.049939    0.739952 v _355_/Y (sky130_fd_sc_hd__xnor2_2)
                                                         adder.cla_blocks[7].block.sum[1] (net)
                      0.025126    0.000000    0.739952 v _461_/D (sky130_fd_sc_hd__dfrtp_2)
                                              0.739952   data arrival time

                      0.150000    0.000000    0.000000   clock clk (rise edge)
                                  0.000000    0.000000   clock network delay (ideal)
                                  0.250000    0.250000   clock uncertainty
                                  0.000000    0.250000   clock reconvergence pessimism
                                              0.250000 ^ _461_/CLK (sky130_fd_sc_hd__dfrtp_2)
                                 -0.010082    0.239918   library hold time
                                              0.239918   data required time
---------------------------------------------------------------------------------------------
                                              0.239918   data required time
                                             -0.739952   data arrival time
---------------------------------------------------------------------------------------------
                                              0.500033   slack (MET)


Startpoint: _450_ (rising edge-triggered flip-flop clocked by clk)
Endpoint: _450_ (rising edge-triggered flip-flop clocked by clk)
Path Group: clk
Path Type: min

Fanout         Cap        Slew       Delay        Time   Description
---------------------------------------------------------------------------------------------
                      0.150000    0.000000    0.000000   clock clk (rise edge)
                                  0.000000    0.000000   clock network delay (ideal)
                      0.150000    0.000000    0.000000 ^ _450_/CLK (sky130_fd_sc_hd__dfrtp_2)
     4    0.041982    0.209825    0.512279    0.512279 ^ _450_/Q (sky130_fd_sc_hd__dfrtp_2)
                                                         acc[18] (net)
                      0.209825    0.000000    0.512279 ^ _313_/B (sky130_fd_sc_hd__nand2_2)
     2    0.005505    0.034012    0.081564    0.593843 v _313_/Y (sky130_fd_sc_hd__nand2_2)
                                                         _121_ (net)
                      0.034012    0.000000    0.593843 v _314_/B (sky130_fd_sc_hd__nand2_2)
     2    0.013651    0.082393    0.090192    0.684035 ^ _314_/Y (sky130_fd_sc_hd__nand2_2)
                                                         _122_ (net)
                      0.082393    0.000000    0.684035 ^ _388_/A (sky130_fd_sc_hd__xnor2_2)
     1    0.001949    0.025798    0.064221    0.748256 v _388_/Y (sky130_fd_sc_hd__xnor2_2)
                                                         adder.cla_blocks[4].block.sum[2] (net)
                      0.025798    0.000000    0.748256 v _450_/D (sky130_fd_sc_hd__dfrtp_2)
                                              0.748256   data arrival time

                      0.150000    0.000000    0.000000   clock clk (rise edge)
                                  0.000000    0.000000   clock network delay (ideal)
                                  0.250000    0.250000   clock uncertainty
                                  0.000000    0.250000   clock reconvergence pessimism
                                              0.250000 ^ _450_/CLK (sky130_fd_sc_hd__dfrtp_2)
                                 -0.010355    0.239645   library hold time
                                              0.239645   data required time
---------------------------------------------------------------------------------------------
                                              0.239645   data required time
                                             -0.748256   data arrival time
---------------------------------------------------------------------------------------------
                                              0.508610   slack (MET)


Startpoint: _443_ (rising edge-triggered flip-flop clocked by clk)
Endpoint: _443_ (rising edge-triggered flip-flop clocked by clk)
Path Group: clk
Path Type: min

Fanout         Cap        Slew       Delay        Time   Description
---------------------------------------------------------------------------------------------
                      0.150000    0.000000    0.000000   clock clk (rise edge)
                                  0.000000    0.000000   clock network delay (ideal)
                      0.150000    0.000000    0.000000 ^ _443_/CLK (sky130_fd_sc_hd__dfrtp_2)
     4    0.044299    0.220372    0.519714    0.519714 ^ _443_/Q (sky130_fd_sc_hd__dfrtp_2)
                                                         acc[11] (net)
                      0.220372    0.000000    0.519714 ^ _244_/B (sky130_fd_sc_hd__nand2_2)
     2    0.006633    0.039000    0.087917    0.607630 v _244_/Y (sky130_fd_sc_hd__nand2_2)
                                                         _052_ (net)
                      0.039000    0.000000    0.607630 v _247_/A (sky130_fd_sc_hd__nand2_2)
     3    0.012338    0.075028    0.078873    0.686503 ^ _247_/Y (sky130_fd_sc_hd__nand2_2)
                                                         _055_ (net)
                      0.075028    0.000000    0.686503 ^ _405_/A (sky130_fd_sc_hd__xnor2_2)
     1    0.001949    0.025233    0.062564    0.749067 v _405_/Y (sky130_fd_sc_hd__xnor2_2)
                                                         adder.cla_blocks[2].block.sum[3] (net)
                      0.025233    0.000000    0.749067 v _443_/D (sky130_fd_sc_hd__dfrtp_2)
                                              0.749067   data arrival time

                      0.150000    0.000000    0.000000   clock clk (rise edge)
                                  0.000000    0.000000   clock network delay (ideal)
                                  0.250000    0.250000   clock uncertainty
                                  0.000000    0.250000   clock reconvergence pessimism
                                              0.250000 ^ _443_/CLK (sky130_fd_sc_hd__dfrtp_2)
                                 -0.010125    0.239875   library hold time
                                              0.239875   data required time
---------------------------------------------------------------------------------------------
                                              0.239875   data required time
                                             -0.749067   data arrival time
---------------------------------------------------------------------------------------------
                                              0.509193   slack (MET)


Startpoint: _447_ (rising edge-triggered flip-flop clocked by clk)
Endpoint: _447_ (rising edge-triggered flip-flop clocked by clk)
Path Group: clk
Path Type: min

Fanout         Cap        Slew       Delay        Time   Description
---------------------------------------------------------------------------------------------
                      0.150000    0.000000    0.000000   clock clk (rise edge)
                                  0.000000    0.000000   clock network delay (ideal)
                      0.150000    0.000000    0.000000 ^ _447_/CLK (sky130_fd_sc_hd__dfrtp_2)
     4    0.044299    0.220372    0.519714    0.519714 ^ _447_/Q (sky130_fd_sc_hd__dfrtp_2)
                                                         acc[15] (net)
                      0.220372    0.000000    0.519714 ^ _298_/B (sky130_fd_sc_hd__nand2_2)
     2    0.008453    0.045254    0.095873    0.615587 v _298_/Y (sky130_fd_sc_hd__nand2_2)
                                                         _106_ (net)
                      0.045254    0.000000    0.615587 v _301_/A (sky130_fd_sc_hd__nand2_2)
     2    0.010536    0.066221    0.075063    0.690650 ^ _301_/Y (sky130_fd_sc_hd__nand2_2)
                                                         _109_ (net)
                      0.066221    0.000000    0.690650 ^ _397_/A (sky130_fd_sc_hd__xnor2_2)
     1    0.001949    0.025233    0.060583    0.751233 v _397_/Y (sky130_fd_sc_hd__xnor2_2)
                                                         adder.cla_blocks[3].block.sum[3] (net)
                      0.025233    0.000000    0.751233 v _447_/D (sky130_fd_sc_hd__dfrtp_2)
                                              0.751233   data arrival time

                      0.150000    0.000000    0.000000   clock clk (rise edge)
                                  0.000000    0.000000   clock network delay (ideal)
                                  0.250000    0.250000   clock uncertainty
                                  0.000000    0.250000   clock reconvergence pessimism
                                              0.250000 ^ _447_/CLK (sky130_fd_sc_hd__dfrtp_2)
                                 -0.010125    0.239875   library hold time
                                              0.239875   data required time
---------------------------------------------------------------------------------------------
                                              0.239875   data required time
                                             -0.751233   data arrival time
---------------------------------------------------------------------------------------------
                                              0.511358   slack (MET)


Startpoint: _446_ (rising edge-triggered flip-flop clocked by clk)
Endpoint: _446_ (rising edge-triggered flip-flop clocked by clk)
Path Group: clk
Path Type: min

Fanout         Cap        Slew       Delay        Time   Description
---------------------------------------------------------------------------------------------
                      0.150000    0.000000    0.000000   clock clk (rise edge)
                                  0.000000    0.000000   clock network delay (ideal)
                      0.150000    0.000000    0.000000 ^ _446_/CLK (sky130_fd_sc_hd__dfrtp_2)
     3    0.039559    0.198795    0.504505    0.504505 ^ _446_/Q (sky130_fd_sc_hd__dfrtp_2)
                                                         acc[14] (net)
                      0.198795    0.000000    0.504505 ^ _296_/B (sky130_fd_sc_hd__nand2_2)
     3    0.010046    0.049606    0.098969    0.603474 v _296_/Y (sky130_fd_sc_hd__nand2_2)
                                                         _104_ (net)
                      0.049606    0.000000    0.603474 v _297_/B (sky130_fd_sc_hd__nand2_2)
     2    0.010610    0.067905    0.086447    0.689920 ^ _297_/Y (sky130_fd_sc_hd__nand2_2)
                                                         _105_ (net)
                      0.067905    0.000000    0.689920 ^ _395_/A (sky130_fd_sc_hd__xnor2_2)
     1    0.001949    0.026359    0.060962    0.750882 v _395_/Y (sky130_fd_sc_hd__xnor2_2)
                                                         adder.cla_blocks[3].block.sum[2] (net)
                      0.026359    0.000000    0.750882 v _446_/D (sky130_fd_sc_hd__dfrtp_2)
                                              0.750882   data arrival time

                      0.150000    0.000000    0.000000   clock clk (rise edge)
                                  0.000000    0.000000   clock network delay (ideal)
                                  0.250000    0.250000   clock uncertainty
                                  0.000000    0.250000   clock reconvergence pessimism
                                              0.250000 ^ _446_/CLK (sky130_fd_sc_hd__dfrtp_2)
                                 -0.010583    0.239417   library hold time
                                              0.239417   data required time
---------------------------------------------------------------------------------------------
                                              0.239417   data required time
                                             -0.750882   data arrival time
---------------------------------------------------------------------------------------------
                                              0.511465   slack (MET)


Startpoint: _445_ (rising edge-triggered flip-flop clocked by clk)
Endpoint: _445_ (rising edge-triggered flip-flop clocked by clk)
Path Group: clk
Path Type: min

Fanout         Cap        Slew       Delay        Time   Description
---------------------------------------------------------------------------------------------
                      0.150000    0.000000    0.000000   clock clk (rise edge)
                                  0.000000    0.000000   clock network delay (ideal)
                      0.150000    0.000000    0.000000 ^ _445_/CLK (sky130_fd_sc_hd__dfrtp_2)
     3    0.039559    0.198795    0.504505    0.504505 ^ _445_/Q (sky130_fd_sc_hd__dfrtp_2)
                                                         acc[13] (net)
                      0.198795    0.000000    0.504505 ^ _292_/B (sky130_fd_sc_hd__nand2_2)
     3    0.009643    0.048144    0.097292    0.601797 v _292_/Y (sky130_fd_sc_hd__nand2_2)
                                                         _100_ (net)
                      0.048144    0.000000    0.601797 v _294_/A (sky130_fd_sc_hd__nand2_2)
     2    0.013651    0.081564    0.087291    0.689089 ^ _294_/Y (sky130_fd_sc_hd__nand2_2)
                                                         _102_ (net)
                      0.081564    0.000000    0.689089 ^ _393_/A (sky130_fd_sc_hd__xnor2_2)
     1    0.001949    0.026359    0.064034    0.753123 v _393_/Y (sky130_fd_sc_hd__xnor2_2)
                                                         adder.cla_blocks[3].block.sum[1] (net)
                      0.026359    0.000000    0.753123 v _445_/D (sky130_fd_sc_hd__dfrtp_2)
                                              0.753123   data arrival time

                      0.150000    0.000000    0.000000   clock clk (rise edge)
                                  0.000000    0.000000   clock network delay (ideal)
                                  0.250000    0.250000   clock uncertainty
                                  0.000000    0.250000   clock reconvergence pessimism
                                              0.250000 ^ _445_/CLK (sky130_fd_sc_hd__dfrtp_2)
                                 -0.010583    0.239417   library hold time
                                              0.239417   data required time
---------------------------------------------------------------------------------------------
                                              0.239417   data required time
                                             -0.753123   data arrival time
---------------------------------------------------------------------------------------------
                                              0.513706   slack (MET)


Startpoint: _454_ (rising edge-triggered flip-flop clocked by clk)
Endpoint: _454_ (rising edge-triggered flip-flop clocked by clk)
Path Group: clk
Path Type: min

Fanout         Cap        Slew       Delay        Time   Description
---------------------------------------------------------------------------------------------
                      0.150000    0.000000    0.000000   clock clk (rise edge)
                                  0.000000    0.000000   clock network delay (ideal)
                      0.150000    0.000000    0.000000 ^ _454_/CLK (sky130_fd_sc_hd__dfrtp_2)
     3    0.039559    0.198795    0.504505    0.504505 ^ _454_/Q (sky130_fd_sc_hd__dfrtp_2)
                                                         acc[22] (net)
                      0.198795    0.000000    0.504505 ^ _331_/B (sky130_fd_sc_hd__nand2_2)
     3    0.006822    0.037910    0.085556    0.590061 v _331_/Y (sky130_fd_sc_hd__nand2_2)
                                                         _139_ (net)
                      0.037910    0.000000    0.590061 v _332_/B (sky130_fd_sc_hd__nand2_2)
     3    0.015420    0.091075    0.097999    0.688061 ^ _332_/Y (sky130_fd_sc_hd__nand2_2)
                                                         _140_ (net)
                      0.091075    0.000000    0.688061 ^ _379_/A (sky130_fd_sc_hd__xnor2_2)
     1    0.001949    0.026359    0.066174    0.754234 v _379_/Y (sky130_fd_sc_hd__xnor2_2)
                                                         adder.cla_blocks[5].block.sum[2] (net)
                      0.026359    0.000000    0.754234 v _454_/D (sky130_fd_sc_hd__dfrtp_2)
                                              0.754234   data arrival time

                      0.150000    0.000000    0.000000   clock clk (rise edge)
                                  0.000000    0.000000   clock network delay (ideal)
                                  0.250000    0.250000   clock uncertainty
                                  0.000000    0.250000   clock reconvergence pessimism
                                              0.250000 ^ _454_/CLK (sky130_fd_sc_hd__dfrtp_2)
                                 -0.010583    0.239417   library hold time
                                              0.239417   data required time
---------------------------------------------------------------------------------------------
                                              0.239417   data required time
                                             -0.754234   data arrival time
---------------------------------------------------------------------------------------------
                                              0.514817   slack (MET)


Startpoint: _439_ (rising edge-triggered flip-flop clocked by clk)
Endpoint: _439_ (rising edge-triggered flip-flop clocked by clk)
Path Group: clk
Path Type: min

Fanout         Cap        Slew       Delay        Time   Description
---------------------------------------------------------------------------------------------
                      0.150000    0.000000    0.000000   clock clk (rise edge)
                                  0.000000    0.000000   clock network delay (ideal)
                      0.150000    0.000000    0.000000 ^ _439_/CLK (sky130_fd_sc_hd__dfrtp_2)
     3    0.039723    0.199541    0.505031    0.505031 ^ _439_/Q (sky130_fd_sc_hd__dfrtp_2)
                                                         acc[7] (net)
                      0.199541    0.000000    0.505031 ^ _274_/B (sky130_fd_sc_hd__nor2_2)
     3    0.007636    0.028548    0.066647    0.571678 v _274_/Y (sky130_fd_sc_hd__nor2_2)
                                                         _082_ (net)
                      0.028548    0.000000    0.571678 v _275_/B (sky130_fd_sc_hd__nor2_2)
     1    0.009040    0.125492    0.111446    0.683124 ^ _275_/Y (sky130_fd_sc_hd__nor2_2)
                                                         _083_ (net)
                      0.125492    0.000000    0.683124 ^ _416_/A (sky130_fd_sc_hd__xnor2_2)
     1    0.001949    0.029939    0.073675    0.756799 v _416_/Y (sky130_fd_sc_hd__xnor2_2)
                                                         adder.cla_blocks[1].block.sum[3] (net)
                      0.029939    0.000000    0.756799 v _439_/D (sky130_fd_sc_hd__dfrtp_2)
                                              0.756799   data arrival time

                      0.150000    0.000000    0.000000   clock clk (rise edge)
                                  0.000000    0.000000   clock network delay (ideal)
                                  0.250000    0.250000   clock uncertainty
                                  0.000000    0.250000   clock reconvergence pessimism
                                              0.250000 ^ _439_/CLK (sky130_fd_sc_hd__dfrtp_2)
                                 -0.012038    0.237962   library hold time
                                              0.237962   data required time
---------------------------------------------------------------------------------------------
                                              0.237962   data required time
                                             -0.756799   data arrival time
---------------------------------------------------------------------------------------------
                                              0.518838   slack (MET)


Startpoint: _460_ (rising edge-triggered flip-flop clocked by clk)
Endpoint: _460_ (rising edge-triggered flip-flop clocked by clk)
Path Group: clk
Path Type: min

Fanout         Cap        Slew       Delay        Time   Description
---------------------------------------------------------------------------------------------
                      0.150000    0.000000    0.000000   clock clk (rise edge)
                                  0.000000    0.000000   clock network delay (ideal)
                      0.150000    0.000000    0.000000 ^ _460_/CLK (sky130_fd_sc_hd__dfrtp_2)
     3    0.039559    0.198795    0.504505    0.504505 ^ _460_/Q (sky130_fd_sc_hd__dfrtp_2)
                                                         acc[28] (net)
                      0.198795    0.000000    0.504505 ^ _224_/B (sky130_fd_sc_hd__nand2_2)
     4    0.013211    0.061195    0.111062    0.615567 v _224_/Y (sky130_fd_sc_hd__nand2_2)
                                                         _032_ (net)
                      0.061195    0.000000    0.615567 v _226_/A (sky130_fd_sc_hd__nand2_2)
     2    0.011469    0.071447    0.085334    0.700901 ^ _226_/Y (sky130_fd_sc_hd__nand2_2)
                                                         _034_ (net)
                      0.071447    0.000000    0.700901 ^ _350_/A (sky130_fd_sc_hd__xnor2_2)
     1    0.001949    0.029948    0.061758    0.762659 v _350_/Y (sky130_fd_sc_hd__xnor2_2)
                                                         adder.cla_blocks[7].block.sum[0] (net)
                      0.029948    0.000000    0.762659 v _460_/D (sky130_fd_sc_hd__dfrtp_2)
                                              0.762659   data arrival time

                      0.150000    0.000000    0.000000   clock clk (rise edge)
                                  0.000000    0.000000   clock network delay (ideal)
                                  0.250000    0.250000   clock uncertainty
                                  0.000000    0.250000   clock reconvergence pessimism
                                              0.250000 ^ _460_/CLK (sky130_fd_sc_hd__dfrtp_2)
                                 -0.012042    0.237958   library hold time
                                              0.237958   data required time
---------------------------------------------------------------------------------------------
                                              0.237958   data required time
                                             -0.762659   data arrival time
---------------------------------------------------------------------------------------------
                                              0.524701   slack (MET)


Startpoint: _432_ (rising edge-triggered flip-flop clocked by clk)
Endpoint: _432_ (rising edge-triggered flip-flop clocked by clk)
Path Group: clk
Path Type: min

Fanout         Cap        Slew       Delay        Time   Description
---------------------------------------------------------------------------------------------
                      0.150000    0.000000    0.000000   clock clk (rise edge)
                                  0.000000    0.000000   clock network delay (ideal)
                      0.150000    0.000000    0.000000 ^ _432_/CLK (sky130_fd_sc_hd__dfrtp_2)
     3    0.039559    0.198795    0.504505    0.504505 ^ _432_/Q (sky130_fd_sc_hd__dfrtp_2)
                                                         acc[0] (net)
                      0.198795    0.000000    0.504505 ^ _422_/B (sky130_fd_sc_hd__or2_2)
     1    0.001541    0.023868    0.136230    0.640735 ^ _422_/X (sky130_fd_sc_hd__or2_2)
                                                         _199_ (net)
                      0.023868    0.000000    0.640735 ^ _423_/B (sky130_fd_sc_hd__and2_2)
     1    0.002005    0.033918    0.117111    0.757845 ^ _423_/X (sky130_fd_sc_hd__and2_2)
                                                         adder.cla_blocks[0].block.p[0] (net)
                      0.033918    0.000000    0.757845 ^ _432_/D (sky130_fd_sc_hd__dfrtp_2)
                                              0.757845   data arrival time

                      0.150000    0.000000    0.000000   clock clk (rise edge)
                                  0.000000    0.000000   clock network delay (ideal)
                                  0.250000    0.250000   clock uncertainty
                                  0.000000    0.250000   clock reconvergence pessimism
                                              0.250000 ^ _432_/CLK (sky130_fd_sc_hd__dfrtp_2)
                                 -0.018064    0.231936   library hold time
                                              0.231936   data required time
---------------------------------------------------------------------------------------------
                                              0.231936   data required time
                                             -0.757845   data arrival time
---------------------------------------------------------------------------------------------
                                              0.525909   slack (MET)


Startpoint: _451_ (rising edge-triggered flip-flop clocked by clk)
Endpoint: _451_ (rising edge-triggered flip-flop clocked by clk)
Path Group: clk
Path Type: min

Fanout         Cap        Slew       Delay        Time   Description
---------------------------------------------------------------------------------------------
                      0.150000    0.000000    0.000000   clock clk (rise edge)
                                  0.000000    0.000000   clock network delay (ideal)
                      0.150000    0.000000    0.000000 ^ _451_/CLK (sky130_fd_sc_hd__dfrtp_2)
     4    0.048965    0.241612    0.534685    0.534685 ^ _451_/Q (sky130_fd_sc_hd__dfrtp_2)
                                                         acc[19] (net)
                      0.241612    0.000000    0.534685 ^ _315_/B (sky130_fd_sc_hd__xnor2_2)
     2    0.013780    0.085479    0.175534    0.710219 ^ _315_/Y (sky130_fd_sc_hd__xnor2_2)
                                                         _123_ (net)
                      0.085479    0.000000    0.710219 ^ _390_/A (sky130_fd_sc_hd__xnor2_2)
     1    0.001949    0.025234    0.064915    0.775133 v _390_/Y (sky130_fd_sc_hd__xnor2_2)
                                                         adder.cla_blocks[4].block.sum[3] (net)
                      0.025234    0.000000    0.775133 v _451_/D (sky130_fd_sc_hd__dfrtp_2)
                                              0.775133   data arrival time

                      0.150000    0.000000    0.000000   clock clk (rise edge)
                                  0.000000    0.000000   clock network delay (ideal)
                                  0.250000    0.250000   clock uncertainty
                                  0.000000    0.250000   clock reconvergence pessimism
                                              0.250000 ^ _451_/CLK (sky130_fd_sc_hd__dfrtp_2)
                                 -0.010125    0.239875   library hold time
                                              0.239875   data required time
---------------------------------------------------------------------------------------------
                                              0.239875   data required time
                                             -0.775133   data arrival time
---------------------------------------------------------------------------------------------
                                              0.535259   slack (MET)


Startpoint: _448_ (rising edge-triggered flip-flop clocked by clk)
Endpoint: _449_ (rising edge-triggered flip-flop clocked by clk)
Path Group: clk
Path Type: min

Fanout         Cap        Slew       Delay        Time   Description
---------------------------------------------------------------------------------------------
                      0.150000    0.000000    0.000000   clock clk (rise edge)
                                  0.000000    0.000000   clock network delay (ideal)
                      0.150000    0.000000    0.000000 ^ _448_/CLK (sky130_fd_sc_hd__dfrtp_2)
     4    0.041230    0.126437    0.521486    0.521486 v _448_/Q (sky130_fd_sc_hd__dfrtp_2)
                                                         acc[16] (net)
                      0.126437    0.000000    0.521486 v _318_/B (sky130_fd_sc_hd__nand2_2)
     3    0.007624    0.051517    0.110464    0.631950 ^ _318_/Y (sky130_fd_sc_hd__nand2_2)
                                                         _126_ (net)
                      0.051517    0.000000    0.631950 ^ _384_/A1 (sky130_fd_sc_hd__a21oi_2)
     2    0.006385    0.028837    0.053807    0.685757 v _384_/Y (sky130_fd_sc_hd__a21oi_2)
                                                         _179_ (net)
                      0.028837    0.000000    0.685757 v _386_/A (sky130_fd_sc_hd__nor2_2)
     1    0.002005    0.053427    0.078862    0.764619 ^ _386_/Y (sky130_fd_sc_hd__nor2_2)
                                                         adder.cla_blocks[4].block.sum[1] (net)
                      0.053427    0.000000    0.764619 ^ _449_/D (sky130_fd_sc_hd__dfrtp_2)
                                              0.764619   data arrival time

                      0.150000    0.000000    0.000000   clock clk (rise edge)
                                  0.000000    0.000000   clock network delay (ideal)
                                  0.250000    0.250000   clock uncertainty
                                  0.000000    0.250000   clock reconvergence pessimism
                                              0.250000 ^ _449_/CLK (sky130_fd_sc_hd__dfrtp_2)
                                 -0.022052    0.227948   library hold time
                                              0.227948   data required time
---------------------------------------------------------------------------------------------
                                              0.227948   data required time
                                             -0.764619   data arrival time
---------------------------------------------------------------------------------------------
                                              0.536671   slack (MET)


Startpoint: _459_ (rising edge-triggered flip-flop clocked by clk)
Endpoint: _459_ (rising edge-triggered flip-flop clocked by clk)
Path Group: clk
Path Type: min

Fanout         Cap        Slew       Delay        Time   Description
---------------------------------------------------------------------------------------------
                      0.150000    0.000000    0.000000   clock clk (rise edge)
                                  0.000000    0.000000   clock network delay (ideal)
                      0.150000    0.000000    0.000000 ^ _459_/CLK (sky130_fd_sc_hd__dfrtp_2)
     4    0.046887    0.232153    0.528017    0.528017 ^ _459_/Q (sky130_fd_sc_hd__dfrtp_2)
                                                         acc[27] (net)
                      0.232153    0.000000    0.528017 ^ _230_/B (sky130_fd_sc_hd__xnor2_2)
     3    0.016425    0.097840    0.183289    0.711307 ^ _230_/Y (sky130_fd_sc_hd__xnor2_2)
                                                         _038_ (net)
                      0.097840    0.000000    0.711307 ^ _374_/A (sky130_fd_sc_hd__xor2_2)
     1    0.001949    0.028033    0.067187    0.778494 v _374_/X (sky130_fd_sc_hd__xor2_2)
                                                         adder.cla_blocks[6].block.sum[3] (net)
                      0.028033    0.000000    0.778494 v _459_/D (sky130_fd_sc_hd__dfrtp_2)
                                              0.778494   data arrival time

                      0.150000    0.000000    0.000000   clock clk (rise edge)
                                  0.000000    0.000000   clock network delay (ideal)
                                  0.250000    0.250000   clock uncertainty
                                  0.000000    0.250000   clock reconvergence pessimism
                                              0.250000 ^ _459_/CLK (sky130_fd_sc_hd__dfrtp_2)
                                 -0.011264    0.238736   library hold time
                                              0.238736   data required time
---------------------------------------------------------------------------------------------
                                              0.238736   data required time
                                             -0.778494   data arrival time
---------------------------------------------------------------------------------------------
                                              0.539758   slack (MET)


Startpoint: _435_ (rising edge-triggered flip-flop clocked by clk)
Endpoint: _435_ (rising edge-triggered flip-flop clocked by clk)
Path Group: clk
Path Type: min

Fanout         Cap        Slew       Delay        Time   Description
---------------------------------------------------------------------------------------------
                      0.150000    0.000000    0.000000   clock clk (rise edge)
                                  0.000000    0.000000   clock network delay (ideal)
                      0.150000    0.000000    0.000000 ^ _435_/CLK (sky130_fd_sc_hd__dfrtp_2)
     5    0.053589    0.262661    0.549521    0.549521 ^ _435_/Q (sky130_fd_sc_hd__dfrtp_2)
                                                         acc[3] (net)
                      0.262661    0.000000    0.549521 ^ _270_/B (sky130_fd_sc_hd__xor2_2)
     1    0.008318    0.044958    0.123338    0.672859 v _270_/X (sky130_fd_sc_hd__xor2_2)
                                                         _078_ (net)
                      0.044958    0.000000    0.672859 v _421_/A (sky130_fd_sc_hd__xnor2_2)
     1    0.001949    0.029944    0.119688    0.792547 v _421_/Y (sky130_fd_sc_hd__xnor2_2)
                                                         adder.cla_blocks[0].block.sum[3] (net)
                      0.029944    0.000000    0.792547 v _435_/D (sky130_fd_sc_hd__dfrtp_2)
                                              0.792547   data arrival time

                      0.150000    0.000000    0.000000   clock clk (rise edge)
                                  0.000000    0.000000   clock network delay (ideal)
                                  0.250000    0.250000   clock uncertainty
                                  0.000000    0.250000   clock reconvergence pessimism
                                              0.250000 ^ _435_/CLK (sky130_fd_sc_hd__dfrtp_2)
                                 -0.012041    0.237959   library hold time
                                              0.237959   data required time
---------------------------------------------------------------------------------------------
                                              0.237959   data required time
                                             -0.792547   data arrival time
---------------------------------------------------------------------------------------------
                                              0.554587   slack (MET)


Startpoint: _434_ (rising edge-triggered flip-flop clocked by clk)
Endpoint: _434_ (rising edge-triggered flip-flop clocked by clk)
Path Group: clk
Path Type: min

Fanout         Cap        Slew       Delay        Time   Description
---------------------------------------------------------------------------------------------
                      0.150000    0.000000    0.000000   clock clk (rise edge)
                                  0.000000    0.000000   clock network delay (ideal)
                      0.150000    0.000000    0.000000 ^ _434_/CLK (sky130_fd_sc_hd__dfrtp_2)
     3    0.038981    0.121799    0.517378    0.517378 v _434_/Q (sky130_fd_sc_hd__dfrtp_2)
                                                         acc[2] (net)
                      0.121799    0.000000    0.517378 v _261_/B (sky130_fd_sc_hd__nor2_2)
     2    0.007239    0.107200    0.132677    0.650055 ^ _261_/Y (sky130_fd_sc_hd__nor2_2)
                                                         _069_ (net)
                      0.107200    0.000000    0.650055 ^ _418_/A2 (sky130_fd_sc_hd__o21a_2)
     1    0.004740    0.039990    0.130427    0.780483 ^ _418_/X (sky130_fd_sc_hd__o21a_2)
                                                         _197_ (net)
                      0.039990    0.000000    0.780483 ^ _419_/B (sky130_fd_sc_hd__nor2_2)
     1    0.001949    0.014173    0.025743    0.806226 v _419_/Y (sky130_fd_sc_hd__nor2_2)
                                                         adder.cla_blocks[0].block.sum[2] (net)
                      0.014173    0.000000    0.806226 v _434_/D (sky130_fd_sc_hd__dfrtp_2)
                                              0.806226   data arrival time

                      0.150000    0.000000    0.000000   clock clk (rise edge)
                                  0.000000    0.000000   clock network delay (ideal)
                                  0.250000    0.250000   clock uncertainty
                                  0.000000    0.250000   clock reconvergence pessimism
                                              0.250000 ^ _434_/CLK (sky130_fd_sc_hd__dfrtp_2)
                                 -0.005628    0.244372   library hold time
                                              0.244372   data required time
---------------------------------------------------------------------------------------------
                                              0.244372   data required time
                                             -0.806226   data arrival time
---------------------------------------------------------------------------------------------
                                              0.561854   slack (MET)


Startpoint: _436_ (rising edge-triggered flip-flop clocked by clk)
Endpoint: _437_ (rising edge-triggered flip-flop clocked by clk)
Path Group: clk
Path Type: min

Fanout         Cap        Slew       Delay        Time   Description
---------------------------------------------------------------------------------------------
                      0.150000    0.000000    0.000000   clock clk (rise edge)
                                  0.000000    0.000000   clock network delay (ideal)
                      0.150000    0.000000    0.000000 ^ _436_/CLK (sky130_fd_sc_hd__dfrtp_2)
     3    0.039559    0.198795    0.504505    0.504505 ^ _436_/Q (sky130_fd_sc_hd__dfrtp_2)
                                                         acc[4] (net)
                      0.198795    0.000000    0.504505 ^ _280_/B (sky130_fd_sc_hd__nand2_2)
     4    0.013061    0.060636    0.110591    0.615096 v _280_/Y (sky130_fd_sc_hd__nand2_2)
                                                         _088_ (net)
                      0.060636    0.000000    0.615096 v _410_/B (sky130_fd_sc_hd__nand3_2)
     1    0.001541    0.028868    0.063293    0.678389 ^ _410_/Y (sky130_fd_sc_hd__nand3_2)
                                                         _193_ (net)
                      0.028868    0.000000    0.678389 ^ _411_/B (sky130_fd_sc_hd__and2_2)
     1    0.002005    0.033910    0.118622    0.797012 ^ _411_/X (sky130_fd_sc_hd__and2_2)
                                                         adder.cla_blocks[1].block.sum[1] (net)
                      0.033910    0.000000    0.797012 ^ _437_/D (sky130_fd_sc_hd__dfrtp_2)
                                              0.797012   data arrival time

                      0.150000    0.000000    0.000000   clock clk (rise edge)
                                  0.000000    0.000000   clock network delay (ideal)
                                  0.250000    0.250000   clock uncertainty
                                  0.000000    0.250000   clock reconvergence pessimism
                                              0.250000 ^ _437_/CLK (sky130_fd_sc_hd__dfrtp_2)
                                 -0.018062    0.231938   library hold time
                                              0.231938   data required time
---------------------------------------------------------------------------------------------
                                              0.231938   data required time
                                             -0.797012   data arrival time
---------------------------------------------------------------------------------------------
                                              0.565074   slack (MET)


Startpoint: _437_ (rising edge-triggered flip-flop clocked by clk)
Endpoint: _438_ (rising edge-triggered flip-flop clocked by clk)
Path Group: clk
Path Type: min

Fanout         Cap        Slew       Delay        Time   Description
---------------------------------------------------------------------------------------------
                      0.150000    0.000000    0.000000   clock clk (rise edge)
                                  0.000000    0.000000   clock network delay (ideal)
                      0.150000    0.000000    0.000000 ^ _437_/CLK (sky130_fd_sc_hd__dfrtp_2)
     3    0.038978    0.121792    0.517373    0.517373 v _437_/Q (sky130_fd_sc_hd__dfrtp_2)
                                                         acc[5] (net)
                      0.121792    0.000000    0.517373 v _277_/B (sky130_fd_sc_hd__nand2_2)
     4    0.013211    0.079188    0.128522    0.645895 ^ _277_/Y (sky130_fd_sc_hd__nand2_2)
                                                         _085_ (net)
                      0.079188    0.000000    0.645895 ^ _412_/A1 (sky130_fd_sc_hd__a21oi_2)
     2    0.008309    0.031912    0.067843    0.713738 v _412_/Y (sky130_fd_sc_hd__a21oi_2)
                                                         _194_ (net)
                      0.031912    0.000000    0.713738 v _414_/A (sky130_fd_sc_hd__nor2_2)
     1    0.002005    0.053427    0.080156    0.793894 ^ _414_/Y (sky130_fd_sc_hd__nor2_2)
                                                         adder.cla_blocks[1].block.sum[2] (net)
                      0.053427    0.000000    0.793894 ^ _438_/D (sky130_fd_sc_hd__dfrtp_2)
                                              0.793894   data arrival time

                      0.150000    0.000000    0.000000   clock clk (rise edge)
                                  0.000000    0.000000   clock network delay (ideal)
                                  0.250000    0.250000   clock uncertainty
                                  0.000000    0.250000   clock reconvergence pessimism
                                              0.250000 ^ _438_/CLK (sky130_fd_sc_hd__dfrtp_2)
                                 -0.022052    0.227948   library hold time
                                              0.227948   data required time
---------------------------------------------------------------------------------------------
                                              0.227948   data required time
                                             -0.793894   data arrival time
---------------------------------------------------------------------------------------------
                                              0.565946   slack (MET)


Startpoint: _461_ (rising edge-triggered flip-flop clocked by clk)
Endpoint: _462_ (rising edge-triggered flip-flop clocked by clk)
Path Group: clk
Path Type: min

Fanout         Cap        Slew       Delay        Time   Description
---------------------------------------------------------------------------------------------
                      0.150000    0.000000    0.000000   clock clk (rise edge)
                                  0.000000    0.000000   clock network delay (ideal)
                      0.150000    0.000000    0.000000 ^ _461_/CLK (sky130_fd_sc_hd__dfrtp_2)
     3    0.041793    0.127598    0.522514    0.522514 v _461_/Q (sky130_fd_sc_hd__dfrtp_2)
                                                         acc[29] (net)
                      0.127598    0.000000    0.522514 v _351_/B (sky130_fd_sc_hd__nor2_2)
     3    0.006386    0.098617    0.128636    0.651151 ^ _351_/Y (sky130_fd_sc_hd__nor2_2)
                                                         _158_ (net)
                      0.098617    0.000000    0.651151 ^ _359_/B1 (sky130_fd_sc_hd__a31o_2)
     1    0.008442    0.061293    0.131583    0.782734 ^ _359_/X (sky130_fd_sc_hd__a31o_2)
                                                         _165_ (net)
                      0.061293    0.000000    0.782734 ^ _360_/B (sky130_fd_sc_hd__xnor2_2)
     1    0.001949    0.025514    0.050691    0.833425 v _360_/Y (sky130_fd_sc_hd__xnor2_2)
                                                         adder.cla_blocks[7].block.sum[2] (net)
                      0.025514    0.000000    0.833425 v _462_/D (sky130_fd_sc_hd__dfrtp_2)
                                              0.833425   data arrival time

                      0.150000    0.000000    0.000000   clock clk (rise edge)
                                  0.000000    0.000000   clock network delay (ideal)
                                  0.250000    0.250000   clock uncertainty
                                  0.000000    0.250000   clock reconvergence pessimism
                                              0.250000 ^ _462_/CLK (sky130_fd_sc_hd__dfrtp_2)
                                 -0.010239    0.239761   library hold time
                                              0.239761   data required time
---------------------------------------------------------------------------------------------
                                              0.239761   data required time
                                             -0.833425   data arrival time
---------------------------------------------------------------------------------------------
                                              0.593664   slack (MET)


Startpoint: _444_ (rising edge-triggered flip-flop clocked by clk)
Endpoint: _444_ (rising edge-triggered flip-flop clocked by clk)
Path Group: clk
Path Type: min

Fanout         Cap        Slew       Delay        Time   Description
---------------------------------------------------------------------------------------------
                      0.150000    0.000000    0.000000   clock clk (rise edge)
                                  0.000000    0.000000   clock network delay (ideal)
                      0.150000    0.000000    0.000000 ^ _444_/CLK (sky130_fd_sc_hd__dfrtp_2)
     4    0.041230    0.126437    0.521486    0.521486 v _444_/Q (sky130_fd_sc_hd__dfrtp_2)
                                                         acc[12] (net)
                      0.126437    0.000000    0.521486 v _304_/B (sky130_fd_sc_hd__nand2_2)
     2    0.002866    0.027936    0.092047    0.613533 ^ _304_/Y (sky130_fd_sc_hd__nand2_2)
                                                         _112_ (net)
                      0.027936    0.000000    0.613533 ^ _306_/A (sky130_fd_sc_hd__and2_2)
     3    0.013394    0.086239    0.161132    0.774665 ^ _306_/X (sky130_fd_sc_hd__and2_2)
                                                         _114_ (net)
                      0.086239    0.000000    0.774665 ^ _391_/B (sky130_fd_sc_hd__xor2_2)
     1    0.001949    0.028027    0.057776    0.832441 v _391_/X (sky130_fd_sc_hd__xor2_2)
                                                         adder.cla_blocks[3].block.sum[0] (net)
                      0.028027    0.000000    0.832441 v _444_/D (sky130_fd_sc_hd__dfrtp_2)
                                              0.832441   data arrival time

                      0.150000    0.000000    0.000000   clock clk (rise edge)
                                  0.000000    0.000000   clock network delay (ideal)
                                  0.250000    0.250000   clock uncertainty
                                  0.000000    0.250000   clock reconvergence pessimism
                                              0.250000 ^ _444_/CLK (sky130_fd_sc_hd__dfrtp_2)
                                 -0.011261    0.238739   library hold time
                                              0.238739   data required time
---------------------------------------------------------------------------------------------
                                              0.238739   data required time
                                             -0.832441   data arrival time
---------------------------------------------------------------------------------------------
                                              0.593702   slack (MET)


Startpoint: _456_ (rising edge-triggered flip-flop clocked by clk)
Endpoint: _456_ (rising edge-triggered flip-flop clocked by clk)
Path Group: clk
Path Type: min

Fanout         Cap        Slew       Delay        Time   Description
---------------------------------------------------------------------------------------------
                      0.150000    0.000000    0.000000   clock clk (rise edge)
                                  0.000000    0.000000   clock network delay (ideal)
                      0.150000    0.000000    0.000000 ^ _456_/CLK (sky130_fd_sc_hd__dfrtp_2)
     3    0.039559    0.198795    0.504505    0.504505 ^ _456_/Q (sky130_fd_sc_hd__dfrtp_2)
                                                         acc[24] (net)
                      0.198795    0.000000    0.504505 ^ _241_/B (sky130_fd_sc_hd__nand2_2)
     5    0.017254    0.076274    0.123751    0.628256 v _241_/Y (sky130_fd_sc_hd__nand2_2)
                                                         _049_ (net)
                      0.076274    0.000000    0.628256 v _243_/A (sky130_fd_sc_hd__nand2_2)
     3    0.008718    0.060311    0.082052    0.710308 ^ _243_/Y (sky130_fd_sc_hd__nand2_2)
                                                         _051_ (net)
                      0.060311    0.000000    0.710308 ^ _346_/B1 (sky130_fd_sc_hd__a21oi_2)
     1    0.004190    0.026236    0.035276    0.745584 v _346_/Y (sky130_fd_sc_hd__a21oi_2)
                                                         _154_ (net)
                      0.026236    0.000000    0.745584 v _367_/A (sky130_fd_sc_hd__nor2_2)
     1    0.002005    0.053426    0.077767    0.823351 ^ _367_/Y (sky130_fd_sc_hd__nor2_2)
                                                         adder.cla_blocks[6].block.sum[0] (net)
                      0.053426    0.000000    0.823351 ^ _456_/D (sky130_fd_sc_hd__dfrtp_2)
                                              0.823351   data arrival time

                      0.150000    0.000000    0.000000   clock clk (rise edge)
                                  0.000000    0.000000   clock network delay (ideal)
                                  0.250000    0.250000   clock uncertainty
                                  0.000000    0.250000   clock reconvergence pessimism
                                              0.250000 ^ _456_/CLK (sky130_fd_sc_hd__dfrtp_2)
                                 -0.022052    0.227948   library hold time
                                              0.227948   data required time
---------------------------------------------------------------------------------------------
                                              0.227948   data required time
                                             -0.823351   data arrival time
---------------------------------------------------------------------------------------------
                                              0.595403   slack (MET)


Startpoint: _435_ (rising edge-triggered flip-flop clocked by clk)
Endpoint: _436_ (rising edge-triggered flip-flop clocked by clk)
Path Group: clk
Path Type: min

Fanout         Cap        Slew       Delay        Time   Description
---------------------------------------------------------------------------------------------
                      0.150000    0.000000    0.000000   clock clk (rise edge)
                                  0.000000    0.000000   clock network delay (ideal)
                      0.150000    0.000000    0.000000 ^ _435_/CLK (sky130_fd_sc_hd__dfrtp_2)
     5    0.053589    0.262661    0.549521    0.549521 ^ _435_/Q (sky130_fd_sc_hd__dfrtp_2)
                                                         acc[3] (net)
                      0.262661    0.000000    0.549521 ^ _271_/A2 (sky130_fd_sc_hd__o22ai_2)
     2    0.005719    0.047348    0.117399    0.666920 v _271_/Y (sky130_fd_sc_hd__o22ai_2)
                                                         _079_ (net)
                      0.047348    0.000000    0.666920 v _407_/A (sky130_fd_sc_hd__nand2_2)
     1    0.001541    0.023926    0.043429    0.710349 ^ _407_/Y (sky130_fd_sc_hd__nand2_2)
                                                         _191_ (net)
                      0.023926    0.000000    0.710349 ^ _408_/B (sky130_fd_sc_hd__and2_2)
     1    0.002005    0.033918    0.117128    0.827478 ^ _408_/X (sky130_fd_sc_hd__and2_2)
                                                         adder.cla_blocks[1].block.sum[0] (net)
                      0.033918    0.000000    0.827478 ^ _436_/D (sky130_fd_sc_hd__dfrtp_2)
                                              0.827478   data arrival time

                      0.150000    0.000000    0.000000   clock clk (rise edge)
                                  0.000000    0.000000   clock network delay (ideal)
                                  0.250000    0.250000   clock uncertainty
                                  0.000000    0.250000   clock reconvergence pessimism
                                              0.250000 ^ _436_/CLK (sky130_fd_sc_hd__dfrtp_2)
                                 -0.018064    0.231936   library hold time
                                              0.231936   data required time
---------------------------------------------------------------------------------------------
                                              0.231936   data required time
                                             -0.827478   data arrival time
---------------------------------------------------------------------------------------------
                                              0.595541   slack (MET)


Startpoint: _448_ (rising edge-triggered flip-flop clocked by clk)
Endpoint: _448_ (rising edge-triggered flip-flop clocked by clk)
Path Group: clk
Path Type: min

Fanout         Cap        Slew       Delay        Time   Description
---------------------------------------------------------------------------------------------
                      0.150000    0.000000    0.000000   clock clk (rise edge)
                                  0.000000    0.000000   clock network delay (ideal)
                      0.150000    0.000000    0.000000 ^ _448_/CLK (sky130_fd_sc_hd__dfrtp_2)
     4    0.041230    0.126437    0.521486    0.521486 v _448_/Q (sky130_fd_sc_hd__dfrtp_2)
                                                         acc[16] (net)
                      0.126437    0.000000    0.521486 v _318_/B (sky130_fd_sc_hd__nand2_2)
     3    0.007624    0.051517    0.110464    0.631950 ^ _318_/Y (sky130_fd_sc_hd__nand2_2)
                                                         _126_ (net)
                      0.051517    0.000000    0.631950 ^ _320_/A (sky130_fd_sc_hd__and2_2)
     3    0.017562    0.105982    0.184204    0.816154 ^ _320_/X (sky130_fd_sc_hd__and2_2)
                                                         _128_ (net)
                      0.105982    0.000000    0.816154 ^ _383_/B (sky130_fd_sc_hd__xor2_2)
     1    0.001949    0.028047    0.063237    0.879391 v _383_/X (sky130_fd_sc_hd__xor2_2)
                                                         adder.cla_blocks[4].block.sum[0] (net)
                      0.028047    0.000000    0.879391 v _448_/D (sky130_fd_sc_hd__dfrtp_2)
                                              0.879391   data arrival time

                      0.150000    0.000000    0.000000   clock clk (rise edge)
                                  0.000000    0.000000   clock network delay (ideal)
                                  0.250000    0.250000   clock uncertainty
                                  0.000000    0.250000   clock reconvergence pessimism
                                              0.250000 ^ _448_/CLK (sky130_fd_sc_hd__dfrtp_2)
                                 -0.011269    0.238731   library hold time
                                              0.238731   data required time
---------------------------------------------------------------------------------------------
                                              0.238731   data required time
                                             -0.879391   data arrival time
---------------------------------------------------------------------------------------------
                                              0.640660   slack (MET)


Startpoint: _440_ (rising edge-triggered flip-flop clocked by clk)
Endpoint: _440_ (rising edge-triggered flip-flop clocked by clk)
Path Group: clk
Path Type: min

Fanout         Cap        Slew       Delay        Time   Description
---------------------------------------------------------------------------------------------
                      0.150000    0.000000    0.000000   clock clk (rise edge)
                                  0.000000    0.000000   clock network delay (ideal)
                      0.150000    0.000000    0.000000 ^ _440_/CLK (sky130_fd_sc_hd__dfrtp_2)
     3    0.039559    0.198795    0.504505    0.504505 ^ _440_/Q (sky130_fd_sc_hd__dfrtp_2)
                                                         acc[8] (net)
                      0.198795    0.000000    0.504505 ^ _258_/B (sky130_fd_sc_hd__or2_2)
     1    0.004621    0.038259    0.150294    0.654799 ^ _258_/X (sky130_fd_sc_hd__or2_2)
                                                         _066_ (net)
                      0.038259    0.000000    0.654799 ^ _259_/B (sky130_fd_sc_hd__nand2_2)
     3    0.010441    0.050903    0.063009    0.717808 v _259_/Y (sky130_fd_sc_hd__nand2_2)
                                                         _067_ (net)
                      0.050903    0.000000    0.717808 v _398_/A (sky130_fd_sc_hd__nand3_2)
     1    0.001541    0.027326    0.047930    0.765738 ^ _398_/Y (sky130_fd_sc_hd__nand3_2)
                                                         _186_ (net)
                      0.027326    0.000000    0.765738 ^ _399_/B (sky130_fd_sc_hd__and2_2)
     1    0.002005    0.033913    0.118156    0.883895 ^ _399_/X (sky130_fd_sc_hd__and2_2)
                                                         adder.cla_blocks[2].block.sum[0] (net)
                      0.033913    0.000000    0.883895 ^ _440_/D (sky130_fd_sc_hd__dfrtp_2)
                                              0.883895   data arrival time

                      0.150000    0.000000    0.000000   clock clk (rise edge)
                                  0.000000    0.000000   clock network delay (ideal)
                                  0.250000    0.250000   clock uncertainty
                                  0.000000    0.250000   clock reconvergence pessimism
                                              0.250000 ^ _440_/CLK (sky130_fd_sc_hd__dfrtp_2)
                                 -0.018063    0.231937   library hold time
                                              0.231937   data required time
---------------------------------------------------------------------------------------------
                                              0.231937   data required time
                                             -0.883895   data arrival time
---------------------------------------------------------------------------------------------
                                              0.651957   slack (MET)


Startpoint: rst (input port clocked by clk)
Endpoint: _432_ (removal check against rising-edge clock clk)
Path Group: asynchronous
Path Type: min

Fanout         Cap        Slew       Delay        Time   Description
---------------------------------------------------------------------------------------------
                      0.150000    0.000000    0.000000   clock clk (rise edge)
                                  0.000000    0.000000   clock network delay (ideal)
                                  4.000000    4.000000 v input external delay
    32    0.136832    0.293093    0.220896    4.220896 v rst (in)
                                                         rst (net)
                      0.293093    0.000000    4.220896 v _223_/A (sky130_fd_sc_hd__inv_2)
     1    0.003612    0.070695    0.109047    4.329943 ^ _223_/Y (sky130_fd_sc_hd__inv_2)
                                                         _000_ (net)
                      0.070695    0.000000    4.329943 ^ _432_/RESET_B (sky130_fd_sc_hd__dfrtp_2)
                                              4.329943   data arrival time

                      0.150000    0.000000    0.000000   clock clk (rise edge)
                                  0.000000    0.000000   clock network delay (ideal)
                                  0.250000    0.250000   clock uncertainty
                                  0.000000    0.250000   clock reconvergence pessimism
                                              0.250000 ^ _432_/CLK (sky130_fd_sc_hd__dfrtp_2)
                                  0.356124    0.606124   library removal time
                                              0.606124   data required time
---------------------------------------------------------------------------------------------
                                              0.606124   data required time
                                             -4.329943   data arrival time
---------------------------------------------------------------------------------------------
                                              3.723819   slack (MET)


Startpoint: rst (input port clocked by clk)
Endpoint: _433_ (removal check against rising-edge clock clk)
Path Group: asynchronous
Path Type: min

Fanout         Cap        Slew       Delay        Time   Description
---------------------------------------------------------------------------------------------
                      0.150000    0.000000    0.000000   clock clk (rise edge)
                                  0.000000    0.000000   clock network delay (ideal)
                                  4.000000    4.000000 v input external delay
    32    0.136832    0.293093    0.220896    4.220896 v rst (in)
                                                         rst (net)
                      0.293093    0.000000    4.220896 v _424_/A (sky130_fd_sc_hd__inv_2)
     1    0.003612    0.070695    0.109047    4.329943 ^ _424_/Y (sky130_fd_sc_hd__inv_2)
                                                         _001_ (net)
                      0.070695    0.000000    4.329943 ^ _433_/RESET_B (sky130_fd_sc_hd__dfrtp_2)
                                              4.329943   data arrival time

                      0.150000    0.000000    0.000000   clock clk (rise edge)
                                  0.000000    0.000000   clock network delay (ideal)
                                  0.250000    0.250000   clock uncertainty
                                  0.000000    0.250000   clock reconvergence pessimism
                                              0.250000 ^ _433_/CLK (sky130_fd_sc_hd__dfrtp_2)
                                  0.356124    0.606124   library removal time
                                              0.606124   data required time
---------------------------------------------------------------------------------------------
                                              0.606124   data required time
                                             -4.329943   data arrival time
---------------------------------------------------------------------------------------------
                                              3.723819   slack (MET)


Startpoint: rst (input port clocked by clk)
Endpoint: _434_ (removal check against rising-edge clock clk)
Path Group: asynchronous
Path Type: min

Fanout         Cap        Slew       Delay        Time   Description
---------------------------------------------------------------------------------------------
                      0.150000    0.000000    0.000000   clock clk (rise edge)
                                  0.000000    0.000000   clock network delay (ideal)
                                  4.000000    4.000000 v input external delay
    32    0.136832    0.293093    0.220896    4.220896 v rst (in)
                                                         rst (net)
                      0.293093    0.000000    4.220896 v _425_/A (sky130_fd_sc_hd__inv_2)
     1    0.003612    0.070695    0.109047    4.329943 ^ _425_/Y (sky130_fd_sc_hd__inv_2)
                                                         _002_ (net)
                      0.070695    0.000000    4.329943 ^ _434_/RESET_B (sky130_fd_sc_hd__dfrtp_2)
                                              4.329943   data arrival time

                      0.150000    0.000000    0.000000   clock clk (rise edge)
                                  0.000000    0.000000   clock network delay (ideal)
                                  0.250000    0.250000   clock uncertainty
                                  0.000000    0.250000   clock reconvergence pessimism
                                              0.250000 ^ _434_/CLK (sky130_fd_sc_hd__dfrtp_2)
                                  0.356124    0.606124   library removal time
                                              0.606124   data required time
---------------------------------------------------------------------------------------------
                                              0.606124   data required time
                                             -4.329943   data arrival time
---------------------------------------------------------------------------------------------
                                              3.723819   slack (MET)


Startpoint: rst (input port clocked by clk)
Endpoint: _435_ (removal check against rising-edge clock clk)
Path Group: asynchronous
Path Type: min

Fanout         Cap        Slew       Delay        Time   Description
---------------------------------------------------------------------------------------------
                      0.150000    0.000000    0.000000   clock clk (rise edge)
                                  0.000000    0.000000   clock network delay (ideal)
                                  4.000000    4.000000 v input external delay
    32    0.136832    0.293093    0.220896    4.220896 v rst (in)
                                                         rst (net)
                      0.293093    0.000000    4.220896 v _426_/A (sky130_fd_sc_hd__inv_2)
     1    0.003612    0.070695    0.109047    4.329943 ^ _426_/Y (sky130_fd_sc_hd__inv_2)
                                                         _003_ (net)
                      0.070695    0.000000    4.329943 ^ _435_/RESET_B (sky130_fd_sc_hd__dfrtp_2)
                                              4.329943   data arrival time

                      0.150000    0.000000    0.000000   clock clk (rise edge)
                                  0.000000    0.000000   clock network delay (ideal)
                                  0.250000    0.250000   clock uncertainty
                                  0.000000    0.250000   clock reconvergence pessimism
                                              0.250000 ^ _435_/CLK (sky130_fd_sc_hd__dfrtp_2)
                                  0.356124    0.606124   library removal time
                                              0.606124   data required time
---------------------------------------------------------------------------------------------
                                              0.606124   data required time
                                             -4.329943   data arrival time
---------------------------------------------------------------------------------------------
                                              3.723819   slack (MET)


Startpoint: rst (input port clocked by clk)
Endpoint: _436_ (removal check against rising-edge clock clk)
Path Group: asynchronous
Path Type: min

Fanout         Cap        Slew       Delay        Time   Description
---------------------------------------------------------------------------------------------
                      0.150000    0.000000    0.000000   clock clk (rise edge)
                                  0.000000    0.000000   clock network delay (ideal)
                                  4.000000    4.000000 v input external delay
    32    0.136832    0.293093    0.220896    4.220896 v rst (in)
                                                         rst (net)
                      0.293093    0.000000    4.220896 v _427_/A (sky130_fd_sc_hd__inv_2)
     1    0.003612    0.070695    0.109047    4.329943 ^ _427_/Y (sky130_fd_sc_hd__inv_2)
                                                         _004_ (net)
                      0.070695    0.000000    4.329943 ^ _436_/RESET_B (sky130_fd_sc_hd__dfrtp_2)
                                              4.329943   data arrival time

                      0.150000    0.000000    0.000000   clock clk (rise edge)
                                  0.000000    0.000000   clock network delay (ideal)
                                  0.250000    0.250000   clock uncertainty
                                  0.000000    0.250000   clock reconvergence pessimism
                                              0.250000 ^ _436_/CLK (sky130_fd_sc_hd__dfrtp_2)
                                  0.356124    0.606124   library removal time
                                              0.606124   data required time
---------------------------------------------------------------------------------------------
                                              0.606124   data required time
                                             -4.329943   data arrival time
---------------------------------------------------------------------------------------------
                                              3.723819   slack (MET)


Startpoint: rst (input port clocked by clk)
Endpoint: _437_ (removal check against rising-edge clock clk)
Path Group: asynchronous
Path Type: min

Fanout         Cap        Slew       Delay        Time   Description
---------------------------------------------------------------------------------------------
                      0.150000    0.000000    0.000000   clock clk (rise edge)
                                  0.000000    0.000000   clock network delay (ideal)
                                  4.000000    4.000000 v input external delay
    32    0.136832    0.293093    0.220896    4.220896 v rst (in)
                                                         rst (net)
                      0.293093    0.000000    4.220896 v _428_/A (sky130_fd_sc_hd__inv_2)
     1    0.003612    0.070695    0.109047    4.329943 ^ _428_/Y (sky130_fd_sc_hd__inv_2)
                                                         _005_ (net)
                      0.070695    0.000000    4.329943 ^ _437_/RESET_B (sky130_fd_sc_hd__dfrtp_2)
                                              4.329943   data arrival time

                      0.150000    0.000000    0.000000   clock clk (rise edge)
                                  0.000000    0.000000   clock network delay (ideal)
                                  0.250000    0.250000   clock uncertainty
                                  0.000000    0.250000   clock reconvergence pessimism
                                              0.250000 ^ _437_/CLK (sky130_fd_sc_hd__dfrtp_2)
                                  0.356124    0.606124   library removal time
                                              0.606124   data required time
---------------------------------------------------------------------------------------------
                                              0.606124   data required time
                                             -4.329943   data arrival time
---------------------------------------------------------------------------------------------
                                              3.723819   slack (MET)


Startpoint: rst (input port clocked by clk)
Endpoint: _438_ (removal check against rising-edge clock clk)
Path Group: asynchronous
Path Type: min

Fanout         Cap        Slew       Delay        Time   Description
---------------------------------------------------------------------------------------------
                      0.150000    0.000000    0.000000   clock clk (rise edge)
                                  0.000000    0.000000   clock network delay (ideal)
                                  4.000000    4.000000 v input external delay
    32    0.136832    0.293093    0.220896    4.220896 v rst (in)
                                                         rst (net)
                      0.293093    0.000000    4.220896 v _429_/A (sky130_fd_sc_hd__inv_2)
     1    0.003612    0.070695    0.109047    4.329943 ^ _429_/Y (sky130_fd_sc_hd__inv_2)
                                                         _006_ (net)
                      0.070695    0.000000    4.329943 ^ _438_/RESET_B (sky130_fd_sc_hd__dfrtp_2)
                                              4.329943   data arrival time

                      0.150000    0.000000    0.000000   clock clk (rise edge)
                                  0.000000    0.000000   clock network delay (ideal)
                                  0.250000    0.250000   clock uncertainty
                                  0.000000    0.250000   clock reconvergence pessimism
                                              0.250000 ^ _438_/CLK (sky130_fd_sc_hd__dfrtp_2)
                                  0.356124    0.606124   library removal time
                                              0.606124   data required time
---------------------------------------------------------------------------------------------
                                              0.606124   data required time
                                             -4.329943   data arrival time
---------------------------------------------------------------------------------------------
                                              3.723819   slack (MET)


Startpoint: rst (input port clocked by clk)
Endpoint: _439_ (removal check against rising-edge clock clk)
Path Group: asynchronous
Path Type: min

Fanout         Cap        Slew       Delay        Time   Description
---------------------------------------------------------------------------------------------
                      0.150000    0.000000    0.000000   clock clk (rise edge)
                                  0.000000    0.000000   clock network delay (ideal)
                                  4.000000    4.000000 v input external delay
    32    0.136832    0.293093    0.220896    4.220896 v rst (in)
                                                         rst (net)
                      0.293093    0.000000    4.220896 v _430_/A (sky130_fd_sc_hd__inv_2)
     1    0.003612    0.070695    0.109047    4.329943 ^ _430_/Y (sky130_fd_sc_hd__inv_2)
                                                         _007_ (net)
                      0.070695    0.000000    4.329943 ^ _439_/RESET_B (sky130_fd_sc_hd__dfrtp_2)
                                              4.329943   data arrival time

                      0.150000    0.000000    0.000000   clock clk (rise edge)
                                  0.000000    0.000000   clock network delay (ideal)
                                  0.250000    0.250000   clock uncertainty
                                  0.000000    0.250000   clock reconvergence pessimism
                                              0.250000 ^ _439_/CLK (sky130_fd_sc_hd__dfrtp_2)
                                  0.356124    0.606124   library removal time
                                              0.606124   data required time
---------------------------------------------------------------------------------------------
                                              0.606124   data required time
                                             -4.329943   data arrival time
---------------------------------------------------------------------------------------------
                                              3.723819   slack (MET)


Startpoint: rst (input port clocked by clk)
Endpoint: _440_ (removal check against rising-edge clock clk)
Path Group: asynchronous
Path Type: min

Fanout         Cap        Slew       Delay        Time   Description
---------------------------------------------------------------------------------------------
                      0.150000    0.000000    0.000000   clock clk (rise edge)
                                  0.000000    0.000000   clock network delay (ideal)
                                  4.000000    4.000000 v input external delay
    32    0.136832    0.293093    0.220896    4.220896 v rst (in)
                                                         rst (net)
                      0.293093    0.000000    4.220896 v _431_/A (sky130_fd_sc_hd__inv_2)
     1    0.003612    0.070695    0.109047    4.329943 ^ _431_/Y (sky130_fd_sc_hd__inv_2)
                                                         _008_ (net)
                      0.070695    0.000000    4.329943 ^ _440_/RESET_B (sky130_fd_sc_hd__dfrtp_2)
                                              4.329943   data arrival time

                      0.150000    0.000000    0.000000   clock clk (rise edge)
                                  0.000000    0.000000   clock network delay (ideal)
                                  0.250000    0.250000   clock uncertainty
                                  0.000000    0.250000   clock reconvergence pessimism
                                              0.250000 ^ _440_/CLK (sky130_fd_sc_hd__dfrtp_2)
                                  0.356124    0.606124   library removal time
                                              0.606124   data required time
---------------------------------------------------------------------------------------------
                                              0.606124   data required time
                                             -4.329943   data arrival time
---------------------------------------------------------------------------------------------
                                              3.723819   slack (MET)


Startpoint: rst (input port clocked by clk)
Endpoint: _441_ (removal check against rising-edge clock clk)
Path Group: asynchronous
Path Type: min

Fanout         Cap        Slew       Delay        Time   Description
---------------------------------------------------------------------------------------------
                      0.150000    0.000000    0.000000   clock clk (rise edge)
                                  0.000000    0.000000   clock network delay (ideal)
                                  4.000000    4.000000 v input external delay
    32    0.136832    0.293093    0.220896    4.220896 v rst (in)
                                                         rst (net)
                      0.293093    0.000000    4.220896 v _200_/A (sky130_fd_sc_hd__inv_2)
     1    0.003612    0.070695    0.109047    4.329943 ^ _200_/Y (sky130_fd_sc_hd__inv_2)
                                                         _009_ (net)
                      0.070695    0.000000    4.329943 ^ _441_/RESET_B (sky130_fd_sc_hd__dfrtp_2)
                                              4.329943   data arrival time

                      0.150000    0.000000    0.000000   clock clk (rise edge)
                                  0.000000    0.000000   clock network delay (ideal)
                                  0.250000    0.250000   clock uncertainty
                                  0.000000    0.250000   clock reconvergence pessimism
                                              0.250000 ^ _441_/CLK (sky130_fd_sc_hd__dfrtp_2)
                                  0.356124    0.606124   library removal time
                                              0.606124   data required time
---------------------------------------------------------------------------------------------
                                              0.606124   data required time
                                             -4.329943   data arrival time
---------------------------------------------------------------------------------------------
                                              3.723819   slack (MET)


Startpoint: rst (input port clocked by clk)
Endpoint: _442_ (removal check against rising-edge clock clk)
Path Group: asynchronous
Path Type: min

Fanout         Cap        Slew       Delay        Time   Description
---------------------------------------------------------------------------------------------
                      0.150000    0.000000    0.000000   clock clk (rise edge)
                                  0.000000    0.000000   clock network delay (ideal)
                                  4.000000    4.000000 v input external delay
    32    0.136832    0.293093    0.220896    4.220896 v rst (in)
                                                         rst (net)
                      0.293093    0.000000    4.220896 v _201_/A (sky130_fd_sc_hd__inv_2)
     1    0.003612    0.070695    0.109047    4.329943 ^ _201_/Y (sky130_fd_sc_hd__inv_2)
                                                         _010_ (net)
                      0.070695    0.000000    4.329943 ^ _442_/RESET_B (sky130_fd_sc_hd__dfrtp_2)
                                              4.329943   data arrival time

                      0.150000    0.000000    0.000000   clock clk (rise edge)
                                  0.000000    0.000000   clock network delay (ideal)
                                  0.250000    0.250000   clock uncertainty
                                  0.000000    0.250000   clock reconvergence pessimism
                                              0.250000 ^ _442_/CLK (sky130_fd_sc_hd__dfrtp_2)
                                  0.356124    0.606124   library removal time
                                              0.606124   data required time
---------------------------------------------------------------------------------------------
                                              0.606124   data required time
                                             -4.329943   data arrival time
---------------------------------------------------------------------------------------------
                                              3.723819   slack (MET)


Startpoint: rst (input port clocked by clk)
Endpoint: _443_ (removal check against rising-edge clock clk)
Path Group: asynchronous
Path Type: min

Fanout         Cap        Slew       Delay        Time   Description
---------------------------------------------------------------------------------------------
                      0.150000    0.000000    0.000000   clock clk (rise edge)
                                  0.000000    0.000000   clock network delay (ideal)
                                  4.000000    4.000000 v input external delay
    32    0.136832    0.293093    0.220896    4.220896 v rst (in)
                                                         rst (net)
                      0.293093    0.000000    4.220896 v _202_/A (sky130_fd_sc_hd__inv_2)
     1    0.003612    0.070695    0.109047    4.329943 ^ _202_/Y (sky130_fd_sc_hd__inv_2)
                                                         _011_ (net)
                      0.070695    0.000000    4.329943 ^ _443_/RESET_B (sky130_fd_sc_hd__dfrtp_2)
                                              4.329943   data arrival time

                      0.150000    0.000000    0.000000   clock clk (rise edge)
                                  0.000000    0.000000   clock network delay (ideal)
                                  0.250000    0.250000   clock uncertainty
                                  0.000000    0.250000   clock reconvergence pessimism
                                              0.250000 ^ _443_/CLK (sky130_fd_sc_hd__dfrtp_2)
                                  0.356124    0.606124   library removal time
                                              0.606124   data required time
---------------------------------------------------------------------------------------------
                                              0.606124   data required time
                                             -4.329943   data arrival time
---------------------------------------------------------------------------------------------
                                              3.723819   slack (MET)


Startpoint: rst (input port clocked by clk)
Endpoint: _444_ (removal check against rising-edge clock clk)
Path Group: asynchronous
Path Type: min

Fanout         Cap        Slew       Delay        Time   Description
---------------------------------------------------------------------------------------------
                      0.150000    0.000000    0.000000   clock clk (rise edge)
                                  0.000000    0.000000   clock network delay (ideal)
                                  4.000000    4.000000 v input external delay
    32    0.136832    0.293093    0.220896    4.220896 v rst (in)
                                                         rst (net)
                      0.293093    0.000000    4.220896 v _203_/A (sky130_fd_sc_hd__inv_2)
     1    0.003612    0.070695    0.109047    4.329943 ^ _203_/Y (sky130_fd_sc_hd__inv_2)
                                                         _012_ (net)
                      0.070695    0.000000    4.329943 ^ _444_/RESET_B (sky130_fd_sc_hd__dfrtp_2)
                                              4.329943   data arrival time

                      0.150000    0.000000    0.000000   clock clk (rise edge)
                                  0.000000    0.000000   clock network delay (ideal)
                                  0.250000    0.250000   clock uncertainty
                                  0.000000    0.250000   clock reconvergence pessimism
                                              0.250000 ^ _444_/CLK (sky130_fd_sc_hd__dfrtp_2)
                                  0.356124    0.606124   library removal time
                                              0.606124   data required time
---------------------------------------------------------------------------------------------
                                              0.606124   data required time
                                             -4.329943   data arrival time
---------------------------------------------------------------------------------------------
                                              3.723819   slack (MET)


Startpoint: rst (input port clocked by clk)
Endpoint: _445_ (removal check against rising-edge clock clk)
Path Group: asynchronous
Path Type: min

Fanout         Cap        Slew       Delay        Time   Description
---------------------------------------------------------------------------------------------
                      0.150000    0.000000    0.000000   clock clk (rise edge)
                                  0.000000    0.000000   clock network delay (ideal)
                                  4.000000    4.000000 v input external delay
    32    0.136832    0.293093    0.220896    4.220896 v rst (in)
                                                         rst (net)
                      0.293093    0.000000    4.220896 v _204_/A (sky130_fd_sc_hd__inv_2)
     1    0.003612    0.070695    0.109047    4.329943 ^ _204_/Y (sky130_fd_sc_hd__inv_2)
                                                         _013_ (net)
                      0.070695    0.000000    4.329943 ^ _445_/RESET_B (sky130_fd_sc_hd__dfrtp_2)
                                              4.329943   data arrival time

                      0.150000    0.000000    0.000000   clock clk (rise edge)
                                  0.000000    0.000000   clock network delay (ideal)
                                  0.250000    0.250000   clock uncertainty
                                  0.000000    0.250000   clock reconvergence pessimism
                                              0.250000 ^ _445_/CLK (sky130_fd_sc_hd__dfrtp_2)
                                  0.356124    0.606124   library removal time
                                              0.606124   data required time
---------------------------------------------------------------------------------------------
                                              0.606124   data required time
                                             -4.329943   data arrival time
---------------------------------------------------------------------------------------------
                                              3.723819   slack (MET)


Startpoint: rst (input port clocked by clk)
Endpoint: _446_ (removal check against rising-edge clock clk)
Path Group: asynchronous
Path Type: min

Fanout         Cap        Slew       Delay        Time   Description
---------------------------------------------------------------------------------------------
                      0.150000    0.000000    0.000000   clock clk (rise edge)
                                  0.000000    0.000000   clock network delay (ideal)
                                  4.000000    4.000000 v input external delay
    32    0.136832    0.293093    0.220896    4.220896 v rst (in)
                                                         rst (net)
                      0.293093    0.000000    4.220896 v _205_/A (sky130_fd_sc_hd__inv_2)
     1    0.003612    0.070695    0.109047    4.329943 ^ _205_/Y (sky130_fd_sc_hd__inv_2)
                                                         _014_ (net)
                      0.070695    0.000000    4.329943 ^ _446_/RESET_B (sky130_fd_sc_hd__dfrtp_2)
                                              4.329943   data arrival time

                      0.150000    0.000000    0.000000   clock clk (rise edge)
                                  0.000000    0.000000   clock network delay (ideal)
                                  0.250000    0.250000   clock uncertainty
                                  0.000000    0.250000   clock reconvergence pessimism
                                              0.250000 ^ _446_/CLK (sky130_fd_sc_hd__dfrtp_2)
                                  0.356124    0.606124   library removal time
                                              0.606124   data required time
---------------------------------------------------------------------------------------------
                                              0.606124   data required time
                                             -4.329943   data arrival time
---------------------------------------------------------------------------------------------
                                              3.723819   slack (MET)


Startpoint: rst (input port clocked by clk)
Endpoint: _447_ (removal check against rising-edge clock clk)
Path Group: asynchronous
Path Type: min

Fanout         Cap        Slew       Delay        Time   Description
---------------------------------------------------------------------------------------------
                      0.150000    0.000000    0.000000   clock clk (rise edge)
                                  0.000000    0.000000   clock network delay (ideal)
                                  4.000000    4.000000 v input external delay
    32    0.136832    0.293093    0.220896    4.220896 v rst (in)
                                                         rst (net)
                      0.293093    0.000000    4.220896 v _206_/A (sky130_fd_sc_hd__inv_2)
     1    0.003612    0.070695    0.109047    4.329943 ^ _206_/Y (sky130_fd_sc_hd__inv_2)
                                                         _015_ (net)
                      0.070695    0.000000    4.329943 ^ _447_/RESET_B (sky130_fd_sc_hd__dfrtp_2)
                                              4.329943   data arrival time

                      0.150000    0.000000    0.000000   clock clk (rise edge)
                                  0.000000    0.000000   clock network delay (ideal)
                                  0.250000    0.250000   clock uncertainty
                                  0.000000    0.250000   clock reconvergence pessimism
                                              0.250000 ^ _447_/CLK (sky130_fd_sc_hd__dfrtp_2)
                                  0.356124    0.606124   library removal time
                                              0.606124   data required time
---------------------------------------------------------------------------------------------
                                              0.606124   data required time
                                             -4.329943   data arrival time
---------------------------------------------------------------------------------------------
                                              3.723819   slack (MET)


Startpoint: rst (input port clocked by clk)
Endpoint: _448_ (removal check against rising-edge clock clk)
Path Group: asynchronous
Path Type: min

Fanout         Cap        Slew       Delay        Time   Description
---------------------------------------------------------------------------------------------
                      0.150000    0.000000    0.000000   clock clk (rise edge)
                                  0.000000    0.000000   clock network delay (ideal)
                                  4.000000    4.000000 v input external delay
    32    0.136832    0.293093    0.220896    4.220896 v rst (in)
                                                         rst (net)
                      0.293093    0.000000    4.220896 v _207_/A (sky130_fd_sc_hd__inv_2)
     1    0.003612    0.070695    0.109047    4.329943 ^ _207_/Y (sky130_fd_sc_hd__inv_2)
                                                         _016_ (net)
                      0.070695    0.000000    4.329943 ^ _448_/RESET_B (sky130_fd_sc_hd__dfrtp_2)
                                              4.329943   data arrival time

                      0.150000    0.000000    0.000000   clock clk (rise edge)
                                  0.000000    0.000000   clock network delay (ideal)
                                  0.250000    0.250000   clock uncertainty
                                  0.000000    0.250000   clock reconvergence pessimism
                                              0.250000 ^ _448_/CLK (sky130_fd_sc_hd__dfrtp_2)
                                  0.356124    0.606124   library removal time
                                              0.606124   data required time
---------------------------------------------------------------------------------------------
                                              0.606124   data required time
                                             -4.329943   data arrival time
---------------------------------------------------------------------------------------------
                                              3.723819   slack (MET)


Startpoint: rst (input port clocked by clk)
Endpoint: _449_ (removal check against rising-edge clock clk)
Path Group: asynchronous
Path Type: min

Fanout         Cap        Slew       Delay        Time   Description
---------------------------------------------------------------------------------------------
                      0.150000    0.000000    0.000000   clock clk (rise edge)
                                  0.000000    0.000000   clock network delay (ideal)
                                  4.000000    4.000000 v input external delay
    32    0.136832    0.293093    0.220896    4.220896 v rst (in)
                                                         rst (net)
                      0.293093    0.000000    4.220896 v _208_/A (sky130_fd_sc_hd__inv_2)
     1    0.003612    0.070695    0.109047    4.329943 ^ _208_/Y (sky130_fd_sc_hd__inv_2)
                                                         _017_ (net)
                      0.070695    0.000000    4.329943 ^ _449_/RESET_B (sky130_fd_sc_hd__dfrtp_2)
                                              4.329943   data arrival time

                      0.150000    0.000000    0.000000   clock clk (rise edge)
                                  0.000000    0.000000   clock network delay (ideal)
                                  0.250000    0.250000   clock uncertainty
                                  0.000000    0.250000   clock reconvergence pessimism
                                              0.250000 ^ _449_/CLK (sky130_fd_sc_hd__dfrtp_2)
                                  0.356124    0.606124   library removal time
                                              0.606124   data required time
---------------------------------------------------------------------------------------------
                                              0.606124   data required time
                                             -4.329943   data arrival time
---------------------------------------------------------------------------------------------
                                              3.723819   slack (MET)


Startpoint: rst (input port clocked by clk)
Endpoint: _450_ (removal check against rising-edge clock clk)
Path Group: asynchronous
Path Type: min

Fanout         Cap        Slew       Delay        Time   Description
---------------------------------------------------------------------------------------------
                      0.150000    0.000000    0.000000   clock clk (rise edge)
                                  0.000000    0.000000   clock network delay (ideal)
                                  4.000000    4.000000 v input external delay
    32    0.136832    0.293093    0.220896    4.220896 v rst (in)
                                                         rst (net)
                      0.293093    0.000000    4.220896 v _209_/A (sky130_fd_sc_hd__inv_2)
     1    0.003612    0.070695    0.109047    4.329943 ^ _209_/Y (sky130_fd_sc_hd__inv_2)
                                                         _018_ (net)
                      0.070695    0.000000    4.329943 ^ _450_/RESET_B (sky130_fd_sc_hd__dfrtp_2)
                                              4.329943   data arrival time

                      0.150000    0.000000    0.000000   clock clk (rise edge)
                                  0.000000    0.000000   clock network delay (ideal)
                                  0.250000    0.250000   clock uncertainty
                                  0.000000    0.250000   clock reconvergence pessimism
                                              0.250000 ^ _450_/CLK (sky130_fd_sc_hd__dfrtp_2)
                                  0.356124    0.606124   library removal time
                                              0.606124   data required time
---------------------------------------------------------------------------------------------
                                              0.606124   data required time
                                             -4.329943   data arrival time
---------------------------------------------------------------------------------------------
                                              3.723819   slack (MET)


Startpoint: rst (input port clocked by clk)
Endpoint: _451_ (removal check against rising-edge clock clk)
Path Group: asynchronous
Path Type: min

Fanout         Cap        Slew       Delay        Time   Description
---------------------------------------------------------------------------------------------
                      0.150000    0.000000    0.000000   clock clk (rise edge)
                                  0.000000    0.000000   clock network delay (ideal)
                                  4.000000    4.000000 v input external delay
    32    0.136832    0.293093    0.220896    4.220896 v rst (in)
                                                         rst (net)
                      0.293093    0.000000    4.220896 v _210_/A (sky130_fd_sc_hd__inv_2)
     1    0.003612    0.070695    0.109047    4.329943 ^ _210_/Y (sky130_fd_sc_hd__inv_2)
                                                         _019_ (net)
                      0.070695    0.000000    4.329943 ^ _451_/RESET_B (sky130_fd_sc_hd__dfrtp_2)
                                              4.329943   data arrival time

                      0.150000    0.000000    0.000000   clock clk (rise edge)
                                  0.000000    0.000000   clock network delay (ideal)
                                  0.250000    0.250000   clock uncertainty
                                  0.000000    0.250000   clock reconvergence pessimism
                                              0.250000 ^ _451_/CLK (sky130_fd_sc_hd__dfrtp_2)
                                  0.356124    0.606124   library removal time
                                              0.606124   data required time
---------------------------------------------------------------------------------------------
                                              0.606124   data required time
                                             -4.329943   data arrival time
---------------------------------------------------------------------------------------------
                                              3.723819   slack (MET)


Startpoint: rst (input port clocked by clk)
Endpoint: _452_ (removal check against rising-edge clock clk)
Path Group: asynchronous
Path Type: min

Fanout         Cap        Slew       Delay        Time   Description
---------------------------------------------------------------------------------------------
                      0.150000    0.000000    0.000000   clock clk (rise edge)
                                  0.000000    0.000000   clock network delay (ideal)
                                  4.000000    4.000000 v input external delay
    32    0.136832    0.293093    0.220896    4.220896 v rst (in)
                                                         rst (net)
                      0.293093    0.000000    4.220896 v _211_/A (sky130_fd_sc_hd__inv_2)
     1    0.003612    0.070695    0.109047    4.329943 ^ _211_/Y (sky130_fd_sc_hd__inv_2)
                                                         _020_ (net)
                      0.070695    0.000000    4.329943 ^ _452_/RESET_B (sky130_fd_sc_hd__dfrtp_2)
                                              4.329943   data arrival time

                      0.150000    0.000000    0.000000   clock clk (rise edge)
                                  0.000000    0.000000   clock network delay (ideal)
                                  0.250000    0.250000   clock uncertainty
                                  0.000000    0.250000   clock reconvergence pessimism
                                              0.250000 ^ _452_/CLK (sky130_fd_sc_hd__dfrtp_2)
                                  0.356124    0.606124   library removal time
                                              0.606124   data required time
---------------------------------------------------------------------------------------------
                                              0.606124   data required time
                                             -4.329943   data arrival time
---------------------------------------------------------------------------------------------
                                              3.723819   slack (MET)


Startpoint: rst (input port clocked by clk)
Endpoint: _453_ (removal check against rising-edge clock clk)
Path Group: asynchronous
Path Type: min

Fanout         Cap        Slew       Delay        Time   Description
---------------------------------------------------------------------------------------------
                      0.150000    0.000000    0.000000   clock clk (rise edge)
                                  0.000000    0.000000   clock network delay (ideal)
                                  4.000000    4.000000 v input external delay
    32    0.136832    0.293093    0.220896    4.220896 v rst (in)
                                                         rst (net)
                      0.293093    0.000000    4.220896 v _212_/A (sky130_fd_sc_hd__inv_2)
     1    0.003612    0.070695    0.109047    4.329943 ^ _212_/Y (sky130_fd_sc_hd__inv_2)
                                                         _021_ (net)
                      0.070695    0.000000    4.329943 ^ _453_/RESET_B (sky130_fd_sc_hd__dfrtp_2)
                                              4.329943   data arrival time

                      0.150000    0.000000    0.000000   clock clk (rise edge)
                                  0.000000    0.000000   clock network delay (ideal)
                                  0.250000    0.250000   clock uncertainty
                                  0.000000    0.250000   clock reconvergence pessimism
                                              0.250000 ^ _453_/CLK (sky130_fd_sc_hd__dfrtp_2)
                                  0.356124    0.606124   library removal time
                                              0.606124   data required time
---------------------------------------------------------------------------------------------
                                              0.606124   data required time
                                             -4.329943   data arrival time
---------------------------------------------------------------------------------------------
                                              3.723819   slack (MET)


Startpoint: rst (input port clocked by clk)
Endpoint: _454_ (removal check against rising-edge clock clk)
Path Group: asynchronous
Path Type: min

Fanout         Cap        Slew       Delay        Time   Description
---------------------------------------------------------------------------------------------
                      0.150000    0.000000    0.000000   clock clk (rise edge)
                                  0.000000    0.000000   clock network delay (ideal)
                                  4.000000    4.000000 v input external delay
    32    0.136832    0.293093    0.220896    4.220896 v rst (in)
                                                         rst (net)
                      0.293093    0.000000    4.220896 v _213_/A (sky130_fd_sc_hd__inv_2)
     1    0.003612    0.070695    0.109047    4.329943 ^ _213_/Y (sky130_fd_sc_hd__inv_2)
                                                         _022_ (net)
                      0.070695    0.000000    4.329943 ^ _454_/RESET_B (sky130_fd_sc_hd__dfrtp_2)
                                              4.329943   data arrival time

                      0.150000    0.000000    0.000000   clock clk (rise edge)
                                  0.000000    0.000000   clock network delay (ideal)
                                  0.250000    0.250000   clock uncertainty
                                  0.000000    0.250000   clock reconvergence pessimism
                                              0.250000 ^ _454_/CLK (sky130_fd_sc_hd__dfrtp_2)
                                  0.356124    0.606124   library removal time
                                              0.606124   data required time
---------------------------------------------------------------------------------------------
                                              0.606124   data required time
                                             -4.329943   data arrival time
---------------------------------------------------------------------------------------------
                                              3.723819   slack (MET)


Startpoint: rst (input port clocked by clk)
Endpoint: _455_ (removal check against rising-edge clock clk)
Path Group: asynchronous
Path Type: min

Fanout         Cap        Slew       Delay        Time   Description
---------------------------------------------------------------------------------------------
                      0.150000    0.000000    0.000000   clock clk (rise edge)
                                  0.000000    0.000000   clock network delay (ideal)
                                  4.000000    4.000000 v input external delay
    32    0.136832    0.293093    0.220896    4.220896 v rst (in)
                                                         rst (net)
                      0.293093    0.000000    4.220896 v _214_/A (sky130_fd_sc_hd__inv_2)
     1    0.003612    0.070695    0.109047    4.329943 ^ _214_/Y (sky130_fd_sc_hd__inv_2)
                                                         _023_ (net)
                      0.070695    0.000000    4.329943 ^ _455_/RESET_B (sky130_fd_sc_hd__dfrtp_2)
                                              4.329943   data arrival time

                      0.150000    0.000000    0.000000   clock clk (rise edge)
                                  0.000000    0.000000   clock network delay (ideal)
                                  0.250000    0.250000   clock uncertainty
                                  0.000000    0.250000   clock reconvergence pessimism
                                              0.250000 ^ _455_/CLK (sky130_fd_sc_hd__dfrtp_2)
                                  0.356124    0.606124   library removal time
                                              0.606124   data required time
---------------------------------------------------------------------------------------------
                                              0.606124   data required time
                                             -4.329943   data arrival time
---------------------------------------------------------------------------------------------
                                              3.723819   slack (MET)


Startpoint: rst (input port clocked by clk)
Endpoint: _456_ (removal check against rising-edge clock clk)
Path Group: asynchronous
Path Type: min

Fanout         Cap        Slew       Delay        Time   Description
---------------------------------------------------------------------------------------------
                      0.150000    0.000000    0.000000   clock clk (rise edge)
                                  0.000000    0.000000   clock network delay (ideal)
                                  4.000000    4.000000 v input external delay
    32    0.136832    0.293093    0.220896    4.220896 v rst (in)
                                                         rst (net)
                      0.293093    0.000000    4.220896 v _215_/A (sky130_fd_sc_hd__inv_2)
     1    0.003612    0.070695    0.109047    4.329943 ^ _215_/Y (sky130_fd_sc_hd__inv_2)
                                                         _024_ (net)
                      0.070695    0.000000    4.329943 ^ _456_/RESET_B (sky130_fd_sc_hd__dfrtp_2)
                                              4.329943   data arrival time

                      0.150000    0.000000    0.000000   clock clk (rise edge)
                                  0.000000    0.000000   clock network delay (ideal)
                                  0.250000    0.250000   clock uncertainty
                                  0.000000    0.250000   clock reconvergence pessimism
                                              0.250000 ^ _456_/CLK (sky130_fd_sc_hd__dfrtp_2)
                                  0.356124    0.606124   library removal time
                                              0.606124   data required time
---------------------------------------------------------------------------------------------
                                              0.606124   data required time
                                             -4.329943   data arrival time
---------------------------------------------------------------------------------------------
                                              3.723819   slack (MET)


Startpoint: rst (input port clocked by clk)
Endpoint: _457_ (removal check against rising-edge clock clk)
Path Group: asynchronous
Path Type: min

Fanout         Cap        Slew       Delay        Time   Description
---------------------------------------------------------------------------------------------
                      0.150000    0.000000    0.000000   clock clk (rise edge)
                                  0.000000    0.000000   clock network delay (ideal)
                                  4.000000    4.000000 v input external delay
    32    0.136832    0.293093    0.220896    4.220896 v rst (in)
                                                         rst (net)
                      0.293093    0.000000    4.220896 v _216_/A (sky130_fd_sc_hd__inv_2)
     1    0.003612    0.070695    0.109047    4.329943 ^ _216_/Y (sky130_fd_sc_hd__inv_2)
                                                         _025_ (net)
                      0.070695    0.000000    4.329943 ^ _457_/RESET_B (sky130_fd_sc_hd__dfrtp_2)
                                              4.329943   data arrival time

                      0.150000    0.000000    0.000000   clock clk (rise edge)
                                  0.000000    0.000000   clock network delay (ideal)
                                  0.250000    0.250000   clock uncertainty
                                  0.000000    0.250000   clock reconvergence pessimism
                                              0.250000 ^ _457_/CLK (sky130_fd_sc_hd__dfrtp_2)
                                  0.356124    0.606124   library removal time
                                              0.606124   data required time
---------------------------------------------------------------------------------------------
                                              0.606124   data required time
                                             -4.329943   data arrival time
---------------------------------------------------------------------------------------------
                                              3.723819   slack (MET)


Startpoint: rst (input port clocked by clk)
Endpoint: _458_ (removal check against rising-edge clock clk)
Path Group: asynchronous
Path Type: min

Fanout         Cap        Slew       Delay        Time   Description
---------------------------------------------------------------------------------------------
                      0.150000    0.000000    0.000000   clock clk (rise edge)
                                  0.000000    0.000000   clock network delay (ideal)
                                  4.000000    4.000000 v input external delay
    32    0.136832    0.293093    0.220896    4.220896 v rst (in)
                                                         rst (net)
                      0.293093    0.000000    4.220896 v _217_/A (sky130_fd_sc_hd__inv_2)
     1    0.003612    0.070695    0.109047    4.329943 ^ _217_/Y (sky130_fd_sc_hd__inv_2)
                                                         _026_ (net)
                      0.070695    0.000000    4.329943 ^ _458_/RESET_B (sky130_fd_sc_hd__dfrtp_2)
                                              4.329943   data arrival time

                      0.150000    0.000000    0.000000   clock clk (rise edge)
                                  0.000000    0.000000   clock network delay (ideal)
                                  0.250000    0.250000   clock uncertainty
                                  0.000000    0.250000   clock reconvergence pessimism
                                              0.250000 ^ _458_/CLK (sky130_fd_sc_hd__dfrtp_2)
                                  0.356124    0.606124   library removal time
                                              0.606124   data required time
---------------------------------------------------------------------------------------------
                                              0.606124   data required time
                                             -4.329943   data arrival time
---------------------------------------------------------------------------------------------
                                              3.723819   slack (MET)


Startpoint: rst (input port clocked by clk)
Endpoint: _459_ (removal check against rising-edge clock clk)
Path Group: asynchronous
Path Type: min

Fanout         Cap        Slew       Delay        Time   Description
---------------------------------------------------------------------------------------------
                      0.150000    0.000000    0.000000   clock clk (rise edge)
                                  0.000000    0.000000   clock network delay (ideal)
                                  4.000000    4.000000 v input external delay
    32    0.136832    0.293093    0.220896    4.220896 v rst (in)
                                                         rst (net)
                      0.293093    0.000000    4.220896 v _218_/A (sky130_fd_sc_hd__inv_2)
     1    0.003612    0.070695    0.109047    4.329943 ^ _218_/Y (sky130_fd_sc_hd__inv_2)
                                                         _027_ (net)
                      0.070695    0.000000    4.329943 ^ _459_/RESET_B (sky130_fd_sc_hd__dfrtp_2)
                                              4.329943   data arrival time

                      0.150000    0.000000    0.000000   clock clk (rise edge)
                                  0.000000    0.000000   clock network delay (ideal)
                                  0.250000    0.250000   clock uncertainty
                                  0.000000    0.250000   clock reconvergence pessimism
                                              0.250000 ^ _459_/CLK (sky130_fd_sc_hd__dfrtp_2)
                                  0.356124    0.606124   library removal time
                                              0.606124   data required time
---------------------------------------------------------------------------------------------
                                              0.606124   data required time
                                             -4.329943   data arrival time
---------------------------------------------------------------------------------------------
                                              3.723819   slack (MET)


Startpoint: rst (input port clocked by clk)
Endpoint: _460_ (removal check against rising-edge clock clk)
Path Group: asynchronous
Path Type: min

Fanout         Cap        Slew       Delay        Time   Description
---------------------------------------------------------------------------------------------
                      0.150000    0.000000    0.000000   clock clk (rise edge)
                                  0.000000    0.000000   clock network delay (ideal)
                                  4.000000    4.000000 v input external delay
    32    0.136832    0.293093    0.220896    4.220896 v rst (in)
                                                         rst (net)
                      0.293093    0.000000    4.220896 v _219_/A (sky130_fd_sc_hd__inv_2)
     1    0.003612    0.070695    0.109047    4.329943 ^ _219_/Y (sky130_fd_sc_hd__inv_2)
                                                         _028_ (net)
                      0.070695    0.000000    4.329943 ^ _460_/RESET_B (sky130_fd_sc_hd__dfrtp_2)
                                              4.329943   data arrival time

                      0.150000    0.000000    0.000000   clock clk (rise edge)
                                  0.000000    0.000000   clock network delay (ideal)
                                  0.250000    0.250000   clock uncertainty
                                  0.000000    0.250000   clock reconvergence pessimism
                                              0.250000 ^ _460_/CLK (sky130_fd_sc_hd__dfrtp_2)
                                  0.356124    0.606124   library removal time
                                              0.606124   data required time
---------------------------------------------------------------------------------------------
                                              0.606124   data required time
                                             -4.329943   data arrival time
---------------------------------------------------------------------------------------------
                                              3.723819   slack (MET)


Startpoint: rst (input port clocked by clk)
Endpoint: _461_ (removal check against rising-edge clock clk)
Path Group: asynchronous
Path Type: min

Fanout         Cap        Slew       Delay        Time   Description
---------------------------------------------------------------------------------------------
                      0.150000    0.000000    0.000000   clock clk (rise edge)
                                  0.000000    0.000000   clock network delay (ideal)
                                  4.000000    4.000000 v input external delay
    32    0.136832    0.293093    0.220896    4.220896 v rst (in)
                                                         rst (net)
                      0.293093    0.000000    4.220896 v _220_/A (sky130_fd_sc_hd__inv_2)
     1    0.003612    0.070695    0.109047    4.329943 ^ _220_/Y (sky130_fd_sc_hd__inv_2)
                                                         _029_ (net)
                      0.070695    0.000000    4.329943 ^ _461_/RESET_B (sky130_fd_sc_hd__dfrtp_2)
                                              4.329943   data arrival time

                      0.150000    0.000000    0.000000   clock clk (rise edge)
                                  0.000000    0.000000   clock network delay (ideal)
                                  0.250000    0.250000   clock uncertainty
                                  0.000000    0.250000   clock reconvergence pessimism
                                              0.250000 ^ _461_/CLK (sky130_fd_sc_hd__dfrtp_2)
                                  0.356124    0.606124   library removal time
                                              0.606124   data required time
---------------------------------------------------------------------------------------------
                                              0.606124   data required time
                                             -4.329943   data arrival time
---------------------------------------------------------------------------------------------
                                              3.723819   slack (MET)


Startpoint: rst (input port clocked by clk)
Endpoint: _462_ (removal check against rising-edge clock clk)
Path Group: asynchronous
Path Type: min

Fanout         Cap        Slew       Delay        Time   Description
---------------------------------------------------------------------------------------------
                      0.150000    0.000000    0.000000   clock clk (rise edge)
                                  0.000000    0.000000   clock network delay (ideal)
                                  4.000000    4.000000 v input external delay
    32    0.136832    0.293093    0.220896    4.220896 v rst (in)
                                                         rst (net)
                      0.293093    0.000000    4.220896 v _221_/A (sky130_fd_sc_hd__inv_2)
     1    0.003612    0.070695    0.109047    4.329943 ^ _221_/Y (sky130_fd_sc_hd__inv_2)
                                                         _030_ (net)
                      0.070695    0.000000    4.329943 ^ _462_/RESET_B (sky130_fd_sc_hd__dfrtp_2)
                                              4.329943   data arrival time

                      0.150000    0.000000    0.000000   clock clk (rise edge)
                                  0.000000    0.000000   clock network delay (ideal)
                                  0.250000    0.250000   clock uncertainty
                                  0.000000    0.250000   clock reconvergence pessimism
                                              0.250000 ^ _462_/CLK (sky130_fd_sc_hd__dfrtp_2)
                                  0.356124    0.606124   library removal time
                                              0.606124   data required time
---------------------------------------------------------------------------------------------
                                              0.606124   data required time
                                             -4.329943   data arrival time
---------------------------------------------------------------------------------------------
                                              3.723819   slack (MET)


Startpoint: rst (input port clocked by clk)
Endpoint: _463_ (removal check against rising-edge clock clk)
Path Group: asynchronous
Path Type: min

Fanout         Cap        Slew       Delay        Time   Description
---------------------------------------------------------------------------------------------
                      0.150000    0.000000    0.000000   clock clk (rise edge)
                                  0.000000    0.000000   clock network delay (ideal)
                                  4.000000    4.000000 v input external delay
    32    0.136832    0.293093    0.220896    4.220896 v rst (in)
                                                         rst (net)
                      0.293093    0.000000    4.220896 v _222_/A (sky130_fd_sc_hd__inv_2)
     1    0.003612    0.070695    0.109047    4.329943 ^ _222_/Y (sky130_fd_sc_hd__inv_2)
                                                         _031_ (net)
                      0.070695    0.000000    4.329943 ^ _463_/RESET_B (sky130_fd_sc_hd__dfrtp_2)
                                              4.329943   data arrival time

                      0.150000    0.000000    0.000000   clock clk (rise edge)
                                  0.000000    0.000000   clock network delay (ideal)
                                  0.250000    0.250000   clock uncertainty
                                  0.000000    0.250000   clock reconvergence pessimism
                                              0.250000 ^ _463_/CLK (sky130_fd_sc_hd__dfrtp_2)
                                  0.356124    0.606124   library removal time
                                              0.606124   data required time
---------------------------------------------------------------------------------------------
                                              0.606124   data required time
                                             -4.329943   data arrival time
---------------------------------------------------------------------------------------------
                                              3.723819   slack (MET)


Startpoint: _432_ (rising edge-triggered flip-flop clocked by clk)
Endpoint: acc[0] (output port clocked by clk)
Path Group: clk
Path Type: min

Fanout         Cap        Slew       Delay        Time   Description
---------------------------------------------------------------------------------------------
                      0.150000    0.000000    0.000000   clock clk (rise edge)
                                  0.000000    0.000000   clock network delay (ideal)
                      0.150000    0.000000    0.000000 ^ _432_/CLK (sky130_fd_sc_hd__dfrtp_2)
     3    0.039559    0.198795    0.504505    0.504505 ^ _432_/Q (sky130_fd_sc_hd__dfrtp_2)
                                                         acc[0] (net)
                      0.198795    0.000000    0.504505 ^ acc[0] (out)
                                              0.504505   data arrival time

                      0.150000    0.000000    0.000000   clock clk (rise edge)
                                  0.000000    0.000000   clock network delay (ideal)
                                  0.250000    0.250000   clock uncertainty
                                  0.000000    0.250000   clock reconvergence pessimism
                                 -4.000000   -3.750000   output external delay
                                             -3.750000   data required time
---------------------------------------------------------------------------------------------
                                             -3.750000   data required time
                                             -0.504505   data arrival time
---------------------------------------------------------------------------------------------
                                              4.254505   slack (MET)


Startpoint: _442_ (rising edge-triggered flip-flop clocked by clk)
Endpoint: acc[10] (output port clocked by clk)
Path Group: clk
Path Type: min

Fanout         Cap        Slew       Delay        Time   Description
---------------------------------------------------------------------------------------------
                      0.150000    0.000000    0.000000   clock clk (rise edge)
                                  0.000000    0.000000   clock network delay (ideal)
                      0.150000    0.000000    0.000000 ^ _442_/CLK (sky130_fd_sc_hd__dfrtp_2)
     3    0.039559    0.198795    0.504505    0.504505 ^ _442_/Q (sky130_fd_sc_hd__dfrtp_2)
                                                         acc[10] (net)
                      0.198795    0.000000    0.504505 ^ acc[10] (out)
                                              0.504505   data arrival time

                      0.150000    0.000000    0.000000   clock clk (rise edge)
                                  0.000000    0.000000   clock network delay (ideal)
                                  0.250000    0.250000   clock uncertainty
                                  0.000000    0.250000   clock reconvergence pessimism
                                 -4.000000   -3.750000   output external delay
                                             -3.750000   data required time
---------------------------------------------------------------------------------------------
                                             -3.750000   data required time
                                             -0.504505   data arrival time
---------------------------------------------------------------------------------------------
                                              4.254505   slack (MET)


Startpoint: _445_ (rising edge-triggered flip-flop clocked by clk)
Endpoint: acc[13] (output port clocked by clk)
Path Group: clk
Path Type: min

Fanout         Cap        Slew       Delay        Time   Description
---------------------------------------------------------------------------------------------
                      0.150000    0.000000    0.000000   clock clk (rise edge)
                                  0.000000    0.000000   clock network delay (ideal)
                      0.150000    0.000000    0.000000 ^ _445_/CLK (sky130_fd_sc_hd__dfrtp_2)
     3    0.039559    0.198795    0.504505    0.504505 ^ _445_/Q (sky130_fd_sc_hd__dfrtp_2)
                                                         acc[13] (net)
                      0.198795    0.000000    0.504505 ^ acc[13] (out)
                                              0.504505   data arrival time

                      0.150000    0.000000    0.000000   clock clk (rise edge)
                                  0.000000    0.000000   clock network delay (ideal)
                                  0.250000    0.250000   clock uncertainty
                                  0.000000    0.250000   clock reconvergence pessimism
                                 -4.000000   -3.750000   output external delay
                                             -3.750000   data required time
---------------------------------------------------------------------------------------------
                                             -3.750000   data required time
                                             -0.504505   data arrival time
---------------------------------------------------------------------------------------------
                                              4.254505   slack (MET)


Startpoint: _446_ (rising edge-triggered flip-flop clocked by clk)
Endpoint: acc[14] (output port clocked by clk)
Path Group: clk
Path Type: min

Fanout         Cap        Slew       Delay        Time   Description
---------------------------------------------------------------------------------------------
                      0.150000    0.000000    0.000000   clock clk (rise edge)
                                  0.000000    0.000000   clock network delay (ideal)
                      0.150000    0.000000    0.000000 ^ _446_/CLK (sky130_fd_sc_hd__dfrtp_2)
     3    0.039559    0.198795    0.504505    0.504505 ^ _446_/Q (sky130_fd_sc_hd__dfrtp_2)
                                                         acc[14] (net)
                      0.198795    0.000000    0.504505 ^ acc[14] (out)
                                              0.504505   data arrival time

                      0.150000    0.000000    0.000000   clock clk (rise edge)
                                  0.000000    0.000000   clock network delay (ideal)
                                  0.250000    0.250000   clock uncertainty
                                  0.000000    0.250000   clock reconvergence pessimism
                                 -4.000000   -3.750000   output external delay
                                             -3.750000   data required time
---------------------------------------------------------------------------------------------
                                             -3.750000   data required time
                                             -0.504505   data arrival time
---------------------------------------------------------------------------------------------
                                              4.254505   slack (MET)


Startpoint: _452_ (rising edge-triggered flip-flop clocked by clk)
Endpoint: acc[20] (output port clocked by clk)
Path Group: clk
Path Type: min

Fanout         Cap        Slew       Delay        Time   Description
---------------------------------------------------------------------------------------------
                      0.150000    0.000000    0.000000   clock clk (rise edge)
                                  0.000000    0.000000   clock network delay (ideal)
                      0.150000    0.000000    0.000000 ^ _452_/CLK (sky130_fd_sc_hd__dfrtp_2)
     3    0.039559    0.198795    0.504505    0.504505 ^ _452_/Q (sky130_fd_sc_hd__dfrtp_2)
                                                         acc[20] (net)
                      0.198795    0.000000    0.504505 ^ acc[20] (out)
                                              0.504505   data arrival time

                      0.150000    0.000000    0.000000   clock clk (rise edge)
                                  0.000000    0.000000   clock network delay (ideal)
                                  0.250000    0.250000   clock uncertainty
                                  0.000000    0.250000   clock reconvergence pessimism
                                 -4.000000   -3.750000   output external delay
                                             -3.750000   data required time
---------------------------------------------------------------------------------------------
                                             -3.750000   data required time
                                             -0.504505   data arrival time
---------------------------------------------------------------------------------------------
                                              4.254505   slack (MET)


Startpoint: _453_ (rising edge-triggered flip-flop clocked by clk)
Endpoint: acc[21] (output port clocked by clk)
Path Group: clk
Path Type: min

Fanout         Cap        Slew       Delay        Time   Description
---------------------------------------------------------------------------------------------
                      0.150000    0.000000    0.000000   clock clk (rise edge)
                                  0.000000    0.000000   clock network delay (ideal)
                      0.150000    0.000000    0.000000 ^ _453_/CLK (sky130_fd_sc_hd__dfrtp_2)
     3    0.039559    0.198795    0.504505    0.504505 ^ _453_/Q (sky130_fd_sc_hd__dfrtp_2)
                                                         acc[21] (net)
                      0.198795    0.000000    0.504505 ^ acc[21] (out)
                                              0.504505   data arrival time

                      0.150000    0.000000    0.000000   clock clk (rise edge)
                                  0.000000    0.000000   clock network delay (ideal)
                                  0.250000    0.250000   clock uncertainty
                                  0.000000    0.250000   clock reconvergence pessimism
                                 -4.000000   -3.750000   output external delay
                                             -3.750000   data required time
---------------------------------------------------------------------------------------------
                                             -3.750000   data required time
                                             -0.504505   data arrival time
---------------------------------------------------------------------------------------------
                                              4.254505   slack (MET)


Startpoint: _454_ (rising edge-triggered flip-flop clocked by clk)
Endpoint: acc[22] (output port clocked by clk)
Path Group: clk
Path Type: min

Fanout         Cap        Slew       Delay        Time   Description
---------------------------------------------------------------------------------------------
                      0.150000    0.000000    0.000000   clock clk (rise edge)
                                  0.000000    0.000000   clock network delay (ideal)
                      0.150000    0.000000    0.000000 ^ _454_/CLK (sky130_fd_sc_hd__dfrtp_2)
     3    0.039559    0.198795    0.504505    0.504505 ^ _454_/Q (sky130_fd_sc_hd__dfrtp_2)
                                                         acc[22] (net)
                      0.198795    0.000000    0.504505 ^ acc[22] (out)
                                              0.504505   data arrival time

                      0.150000    0.000000    0.000000   clock clk (rise edge)
                                  0.000000    0.000000   clock network delay (ideal)
                                  0.250000    0.250000   clock uncertainty
                                  0.000000    0.250000   clock reconvergence pessimism
                                 -4.000000   -3.750000   output external delay
                                             -3.750000   data required time
---------------------------------------------------------------------------------------------
                                             -3.750000   data required time
                                             -0.504505   data arrival time
---------------------------------------------------------------------------------------------
                                              4.254505   slack (MET)


Startpoint: _455_ (rising edge-triggered flip-flop clocked by clk)
Endpoint: acc[23] (output port clocked by clk)
Path Group: clk
Path Type: min

Fanout         Cap        Slew       Delay        Time   Description
---------------------------------------------------------------------------------------------
                      0.150000    0.000000    0.000000   clock clk (rise edge)
                                  0.000000    0.000000   clock network delay (ideal)
                      0.150000    0.000000    0.000000 ^ _455_/CLK (sky130_fd_sc_hd__dfrtp_2)
     3    0.039559    0.198795    0.504505    0.504505 ^ _455_/Q (sky130_fd_sc_hd__dfrtp_2)
                                                         acc[23] (net)
                      0.198795    0.000000    0.504505 ^ acc[23] (out)
                                              0.504505   data arrival time

                      0.150000    0.000000    0.000000   clock clk (rise edge)
                                  0.000000    0.000000   clock network delay (ideal)
                                  0.250000    0.250000   clock uncertainty
                                  0.000000    0.250000   clock reconvergence pessimism
                                 -4.000000   -3.750000   output external delay
                                             -3.750000   data required time
---------------------------------------------------------------------------------------------
                                             -3.750000   data required time
                                             -0.504505   data arrival time
---------------------------------------------------------------------------------------------
                                              4.254505   slack (MET)


Startpoint: _456_ (rising edge-triggered flip-flop clocked by clk)
Endpoint: acc[24] (output port clocked by clk)
Path Group: clk
Path Type: min

Fanout         Cap        Slew       Delay        Time   Description
---------------------------------------------------------------------------------------------
                      0.150000    0.000000    0.000000   clock clk (rise edge)
                                  0.000000    0.000000   clock network delay (ideal)
                      0.150000    0.000000    0.000000 ^ _456_/CLK (sky130_fd_sc_hd__dfrtp_2)
     3    0.039559    0.198795    0.504505    0.504505 ^ _456_/Q (sky130_fd_sc_hd__dfrtp_2)
                                                         acc[24] (net)
                      0.198795    0.000000    0.504505 ^ acc[24] (out)
                                              0.504505   data arrival time

                      0.150000    0.000000    0.000000   clock clk (rise edge)
                                  0.000000    0.000000   clock network delay (ideal)
                                  0.250000    0.250000   clock uncertainty
                                  0.000000    0.250000   clock reconvergence pessimism
                                 -4.000000   -3.750000   output external delay
                                             -3.750000   data required time
---------------------------------------------------------------------------------------------
                                             -3.750000   data required time
                                             -0.504505   data arrival time
---------------------------------------------------------------------------------------------
                                              4.254505   slack (MET)


Startpoint: _457_ (rising edge-triggered flip-flop clocked by clk)
Endpoint: acc[25] (output port clocked by clk)
Path Group: clk
Path Type: min

Fanout         Cap        Slew       Delay        Time   Description
---------------------------------------------------------------------------------------------
                      0.150000    0.000000    0.000000   clock clk (rise edge)
                                  0.000000    0.000000   clock network delay (ideal)
                      0.150000    0.000000    0.000000 ^ _457_/CLK (sky130_fd_sc_hd__dfrtp_2)
     3    0.039559    0.198795    0.504505    0.504505 ^ _457_/Q (sky130_fd_sc_hd__dfrtp_2)
                                                         acc[25] (net)
                      0.198795    0.000000    0.504505 ^ acc[25] (out)
                                              0.504505   data arrival time

                      0.150000    0.000000    0.000000   clock clk (rise edge)
                                  0.000000    0.000000   clock network delay (ideal)
                                  0.250000    0.250000   clock uncertainty
                                  0.000000    0.250000   clock reconvergence pessimism
                                 -4.000000   -3.750000   output external delay
                                             -3.750000   data required time
---------------------------------------------------------------------------------------------
                                             -3.750000   data required time
                                             -0.504505   data arrival time
---------------------------------------------------------------------------------------------
                                              4.254505   slack (MET)


Startpoint: _460_ (rising edge-triggered flip-flop clocked by clk)
Endpoint: acc[28] (output port clocked by clk)
Path Group: clk
Path Type: min

Fanout         Cap        Slew       Delay        Time   Description
---------------------------------------------------------------------------------------------
                      0.150000    0.000000    0.000000   clock clk (rise edge)
                                  0.000000    0.000000   clock network delay (ideal)
                      0.150000    0.000000    0.000000 ^ _460_/CLK (sky130_fd_sc_hd__dfrtp_2)
     3    0.039559    0.198795    0.504505    0.504505 ^ _460_/Q (sky130_fd_sc_hd__dfrtp_2)
                                                         acc[28] (net)
                      0.198795    0.000000    0.504505 ^ acc[28] (out)
                                              0.504505   data arrival time

                      0.150000    0.000000    0.000000   clock clk (rise edge)
                                  0.000000    0.000000   clock network delay (ideal)
                                  0.250000    0.250000   clock uncertainty
                                  0.000000    0.250000   clock reconvergence pessimism
                                 -4.000000   -3.750000   output external delay
                                             -3.750000   data required time
---------------------------------------------------------------------------------------------
                                             -3.750000   data required time
                                             -0.504505   data arrival time
---------------------------------------------------------------------------------------------
                                              4.254505   slack (MET)


Startpoint: _436_ (rising edge-triggered flip-flop clocked by clk)
Endpoint: acc[4] (output port clocked by clk)
Path Group: clk
Path Type: min

Fanout         Cap        Slew       Delay        Time   Description
---------------------------------------------------------------------------------------------
                      0.150000    0.000000    0.000000   clock clk (rise edge)
                                  0.000000    0.000000   clock network delay (ideal)
                      0.150000    0.000000    0.000000 ^ _436_/CLK (sky130_fd_sc_hd__dfrtp_2)
     3    0.039559    0.198795    0.504505    0.504505 ^ _436_/Q (sky130_fd_sc_hd__dfrtp_2)
                                                         acc[4] (net)
                      0.198795    0.000000    0.504505 ^ acc[4] (out)
                                              0.504505   data arrival time

                      0.150000    0.000000    0.000000   clock clk (rise edge)
                                  0.000000    0.000000   clock network delay (ideal)
                                  0.250000    0.250000   clock uncertainty
                                  0.000000    0.250000   clock reconvergence pessimism
                                 -4.000000   -3.750000   output external delay
                                             -3.750000   data required time
---------------------------------------------------------------------------------------------
                                             -3.750000   data required time
                                             -0.504505   data arrival time
---------------------------------------------------------------------------------------------
                                              4.254505   slack (MET)


Startpoint: _437_ (rising edge-triggered flip-flop clocked by clk)
Endpoint: acc[5] (output port clocked by clk)
Path Group: clk
Path Type: min

Fanout         Cap        Slew       Delay        Time   Description
---------------------------------------------------------------------------------------------
                      0.150000    0.000000    0.000000   clock clk (rise edge)
                                  0.000000    0.000000   clock network delay (ideal)
                      0.150000    0.000000    0.000000 ^ _437_/CLK (sky130_fd_sc_hd__dfrtp_2)
     3    0.039559    0.198795    0.504505    0.504505 ^ _437_/Q (sky130_fd_sc_hd__dfrtp_2)
                                                         acc[5] (net)
                      0.198795    0.000000    0.504505 ^ acc[5] (out)
                                              0.504505   data arrival time

                      0.150000    0.000000    0.000000   clock clk (rise edge)
                                  0.000000    0.000000   clock network delay (ideal)
                                  0.250000    0.250000   clock uncertainty
                                  0.000000    0.250000   clock reconvergence pessimism
                                 -4.000000   -3.750000   output external delay
                                             -3.750000   data required time
---------------------------------------------------------------------------------------------
                                             -3.750000   data required time
                                             -0.504505   data arrival time
---------------------------------------------------------------------------------------------
                                              4.254505   slack (MET)


Startpoint: _440_ (rising edge-triggered flip-flop clocked by clk)
Endpoint: acc[8] (output port clocked by clk)
Path Group: clk
Path Type: min

Fanout         Cap        Slew       Delay        Time   Description
---------------------------------------------------------------------------------------------
                      0.150000    0.000000    0.000000   clock clk (rise edge)
                                  0.000000    0.000000   clock network delay (ideal)
                      0.150000    0.000000    0.000000 ^ _440_/CLK (sky130_fd_sc_hd__dfrtp_2)
     3    0.039559    0.198795    0.504505    0.504505 ^ _440_/Q (sky130_fd_sc_hd__dfrtp_2)
                                                         acc[8] (net)
                      0.198795    0.000000    0.504505 ^ acc[8] (out)
                                              0.504505   data arrival time

                      0.150000    0.000000    0.000000   clock clk (rise edge)
                                  0.000000    0.000000   clock network delay (ideal)
                                  0.250000    0.250000   clock uncertainty
                                  0.000000    0.250000   clock reconvergence pessimism
                                 -4.000000   -3.750000   output external delay
                                             -3.750000   data required time
---------------------------------------------------------------------------------------------
                                             -3.750000   data required time
                                             -0.504505   data arrival time
---------------------------------------------------------------------------------------------
                                              4.254505   slack (MET)


Startpoint: _441_ (rising edge-triggered flip-flop clocked by clk)
Endpoint: acc[9] (output port clocked by clk)
Path Group: clk
Path Type: min

Fanout         Cap        Slew       Delay        Time   Description
---------------------------------------------------------------------------------------------
                      0.150000    0.000000    0.000000   clock clk (rise edge)
                                  0.000000    0.000000   clock network delay (ideal)
                      0.150000    0.000000    0.000000 ^ _441_/CLK (sky130_fd_sc_hd__dfrtp_2)
     3    0.039559    0.198795    0.504505    0.504505 ^ _441_/Q (sky130_fd_sc_hd__dfrtp_2)
                                                         acc[9] (net)
                      0.198795    0.000000    0.504505 ^ acc[9] (out)
                                              0.504505   data arrival time

                      0.150000    0.000000    0.000000   clock clk (rise edge)
                                  0.000000    0.000000   clock network delay (ideal)
                                  0.250000    0.250000   clock uncertainty
                                  0.000000    0.250000   clock reconvergence pessimism
                                 -4.000000   -3.750000   output external delay
                                             -3.750000   data required time
---------------------------------------------------------------------------------------------
                                             -3.750000   data required time
                                             -0.504505   data arrival time
---------------------------------------------------------------------------------------------
                                              4.254505   slack (MET)


Startpoint: _434_ (rising edge-triggered flip-flop clocked by clk)
Endpoint: acc[2] (output port clocked by clk)
Path Group: clk
Path Type: min

Fanout         Cap        Slew       Delay        Time   Description
---------------------------------------------------------------------------------------------
                      0.150000    0.000000    0.000000   clock clk (rise edge)
                                  0.000000    0.000000   clock network delay (ideal)
                      0.150000    0.000000    0.000000 ^ _434_/CLK (sky130_fd_sc_hd__dfrtp_2)
     3    0.039723    0.199541    0.505031    0.505031 ^ _434_/Q (sky130_fd_sc_hd__dfrtp_2)
                                                         acc[2] (net)
                      0.199541    0.000000    0.505031 ^ acc[2] (out)
                                              0.505031   data arrival time

                      0.150000    0.000000    0.000000   clock clk (rise edge)
                                  0.000000    0.000000   clock network delay (ideal)
                                  0.250000    0.250000   clock uncertainty
                                  0.000000    0.250000   clock reconvergence pessimism
                                 -4.000000   -3.750000   output external delay
                                             -3.750000   data required time
---------------------------------------------------------------------------------------------
                                             -3.750000   data required time
                                             -0.505031   data arrival time
---------------------------------------------------------------------------------------------
                                              4.255031   slack (MET)


Startpoint: _439_ (rising edge-triggered flip-flop clocked by clk)
Endpoint: acc[7] (output port clocked by clk)
Path Group: clk
Path Type: min

Fanout         Cap        Slew       Delay        Time   Description
---------------------------------------------------------------------------------------------
                      0.150000    0.000000    0.000000   clock clk (rise edge)
                                  0.000000    0.000000   clock network delay (ideal)
                      0.150000    0.000000    0.000000 ^ _439_/CLK (sky130_fd_sc_hd__dfrtp_2)
     3    0.039723    0.199541    0.505031    0.505031 ^ _439_/Q (sky130_fd_sc_hd__dfrtp_2)
                                                         acc[7] (net)
                      0.199541    0.000000    0.505031 ^ acc[7] (out)
                                              0.505031   data arrival time

                      0.150000    0.000000    0.000000   clock clk (rise edge)
                                  0.000000    0.000000   clock network delay (ideal)
                                  0.250000    0.250000   clock uncertainty
                                  0.000000    0.250000   clock reconvergence pessimism
                                 -4.000000   -3.750000   output external delay
                                             -3.750000   data required time
---------------------------------------------------------------------------------------------
                                             -3.750000   data required time
                                             -0.505031   data arrival time
---------------------------------------------------------------------------------------------
                                              4.255031   slack (MET)


Startpoint: _463_ (rising edge-triggered flip-flop clocked by clk)
Endpoint: acc[31] (output port clocked by clk)
Path Group: clk
Path Type: min

Fanout         Cap        Slew       Delay        Time   Description
---------------------------------------------------------------------------------------------
                      0.150000    0.000000    0.000000   clock clk (rise edge)
                                  0.000000    0.000000   clock network delay (ideal)
                      0.150000    0.000000    0.000000 ^ _463_/CLK (sky130_fd_sc_hd__dfrtp_2)
     2    0.041884    0.209379    0.511965    0.511965 ^ _463_/Q (sky130_fd_sc_hd__dfrtp_2)
                                                         acc[31] (net)
                      0.209379    0.000000    0.511965 ^ acc[31] (out)
                                              0.511965   data arrival time

                      0.150000    0.000000    0.000000   clock clk (rise edge)
                                  0.000000    0.000000   clock network delay (ideal)
                                  0.250000    0.250000   clock uncertainty
                                  0.000000    0.250000   clock reconvergence pessimism
                                 -4.000000   -3.750000   output external delay
                                             -3.750000   data required time
---------------------------------------------------------------------------------------------
                                             -3.750000   data required time
                                             -0.511965   data arrival time
---------------------------------------------------------------------------------------------
                                              4.261965   slack (MET)


Startpoint: _450_ (rising edge-triggered flip-flop clocked by clk)
Endpoint: acc[18] (output port clocked by clk)
Path Group: clk
Path Type: min

Fanout         Cap        Slew       Delay        Time   Description
---------------------------------------------------------------------------------------------
                      0.150000    0.000000    0.000000   clock clk (rise edge)
                                  0.000000    0.000000   clock network delay (ideal)
                      0.150000    0.000000    0.000000 ^ _450_/CLK (sky130_fd_sc_hd__dfrtp_2)
     4    0.041982    0.209825    0.512279    0.512279 ^ _450_/Q (sky130_fd_sc_hd__dfrtp_2)
                                                         acc[18] (net)
                      0.209825    0.000000    0.512279 ^ acc[18] (out)
                                              0.512279   data arrival time

                      0.150000    0.000000    0.000000   clock clk (rise edge)
                                  0.000000    0.000000   clock network delay (ideal)
                                  0.250000    0.250000   clock uncertainty
                                  0.000000    0.250000   clock reconvergence pessimism
                                 -4.000000   -3.750000   output external delay
                                             -3.750000   data required time
---------------------------------------------------------------------------------------------
                                             -3.750000   data required time
                                             -0.512279   data arrival time
---------------------------------------------------------------------------------------------
                                              4.262280   slack (MET)


Startpoint: _458_ (rising edge-triggered flip-flop clocked by clk)
Endpoint: acc[26] (output port clocked by clk)
Path Group: clk
Path Type: min

Fanout         Cap        Slew       Delay        Time   Description
---------------------------------------------------------------------------------------------
                      0.150000    0.000000    0.000000   clock clk (rise edge)
                                  0.000000    0.000000   clock network delay (ideal)
                      0.150000    0.000000    0.000000 ^ _458_/CLK (sky130_fd_sc_hd__dfrtp_2)
     4    0.041982    0.209825    0.512279    0.512279 ^ _458_/Q (sky130_fd_sc_hd__dfrtp_2)
                                                         acc[26] (net)
                      0.209825    0.000000    0.512279 ^ acc[26] (out)
                                              0.512279   data arrival time

                      0.150000    0.000000    0.000000   clock clk (rise edge)
                                  0.000000    0.000000   clock network delay (ideal)
                                  0.250000    0.250000   clock uncertainty
                                  0.000000    0.250000   clock reconvergence pessimism
                                 -4.000000   -3.750000   output external delay
                                             -3.750000   data required time
---------------------------------------------------------------------------------------------
                                             -3.750000   data required time
                                             -0.512279   data arrival time
---------------------------------------------------------------------------------------------
                                              4.262279   slack (MET)


Startpoint: _444_ (rising edge-triggered flip-flop clocked by clk)
Endpoint: acc[12] (output port clocked by clk)
Path Group: clk
Path Type: min

Fanout         Cap        Slew       Delay        Time   Description
---------------------------------------------------------------------------------------------
                      0.150000    0.000000    0.000000   clock clk (rise edge)
                                  0.000000    0.000000   clock network delay (ideal)
                      0.150000    0.000000    0.000000 ^ _444_/CLK (sky130_fd_sc_hd__dfrtp_2)
     4    0.042004    0.209925    0.512350    0.512350 ^ _444_/Q (sky130_fd_sc_hd__dfrtp_2)
                                                         acc[12] (net)
                      0.209925    0.000000    0.512350 ^ acc[12] (out)
                                              0.512350   data arrival time

                      0.150000    0.000000    0.000000   clock clk (rise edge)
                                  0.000000    0.000000   clock network delay (ideal)
                                  0.250000    0.250000   clock uncertainty
                                  0.000000    0.250000   clock reconvergence pessimism
                                 -4.000000   -3.750000   output external delay
                                             -3.750000   data required time
---------------------------------------------------------------------------------------------
                                             -3.750000   data required time
                                             -0.512350   data arrival time
---------------------------------------------------------------------------------------------
                                              4.262350   slack (MET)


Startpoint: _448_ (rising edge-triggered flip-flop clocked by clk)
Endpoint: acc[16] (output port clocked by clk)
Path Group: clk
Path Type: min

Fanout         Cap        Slew       Delay        Time   Description
---------------------------------------------------------------------------------------------
                      0.150000    0.000000    0.000000   clock clk (rise edge)
                                  0.000000    0.000000   clock network delay (ideal)
                      0.150000    0.000000    0.000000 ^ _448_/CLK (sky130_fd_sc_hd__dfrtp_2)
     4    0.042004    0.209925    0.512350    0.512350 ^ _448_/Q (sky130_fd_sc_hd__dfrtp_2)
                                                         acc[16] (net)
                      0.209925    0.000000    0.512350 ^ acc[16] (out)
                                              0.512350   data arrival time

                      0.150000    0.000000    0.000000   clock clk (rise edge)
                                  0.000000    0.000000   clock network delay (ideal)
                                  0.250000    0.250000   clock uncertainty
                                  0.000000    0.250000   clock reconvergence pessimism
                                 -4.000000   -3.750000   output external delay
                                             -3.750000   data required time
---------------------------------------------------------------------------------------------
                                             -3.750000   data required time
                                             -0.512350   data arrival time
---------------------------------------------------------------------------------------------
                                              4.262350   slack (MET)


Startpoint: _433_ (rising edge-triggered flip-flop clocked by clk)
Endpoint: acc[1] (output port clocked by clk)
Path Group: clk
Path Type: min

Fanout         Cap        Slew       Delay        Time   Description
---------------------------------------------------------------------------------------------
                      0.150000    0.000000    0.000000   clock clk (rise edge)
                                  0.000000    0.000000   clock network delay (ideal)
                      0.150000    0.000000    0.000000 ^ _433_/CLK (sky130_fd_sc_hd__dfrtp_2)
     3    0.042803    0.213562    0.514914    0.514914 ^ _433_/Q (sky130_fd_sc_hd__dfrtp_2)
                                                         acc[1] (net)
                      0.213562    0.000000    0.514914 ^ acc[1] (out)
                                              0.514914   data arrival time

                      0.150000    0.000000    0.000000   clock clk (rise edge)
                                  0.000000    0.000000   clock network delay (ideal)
                                  0.250000    0.250000   clock uncertainty
                                  0.000000    0.250000   clock reconvergence pessimism
                                 -4.000000   -3.750000   output external delay
                                             -3.750000   data required time
---------------------------------------------------------------------------------------------
                                             -3.750000   data required time
                                             -0.514914   data arrival time
---------------------------------------------------------------------------------------------
                                              4.264914   slack (MET)


Startpoint: _461_ (rising edge-triggered flip-flop clocked by clk)
Endpoint: acc[29] (output port clocked by clk)
Path Group: clk
Path Type: min

Fanout         Cap        Slew       Delay        Time   Description
---------------------------------------------------------------------------------------------
                      0.150000    0.000000    0.000000   clock clk (rise edge)
                                  0.000000    0.000000   clock network delay (ideal)
                      0.150000    0.000000    0.000000 ^ _461_/CLK (sky130_fd_sc_hd__dfrtp_2)
     3    0.042803    0.213562    0.514914    0.514914 ^ _461_/Q (sky130_fd_sc_hd__dfrtp_2)
                                                         acc[29] (net)
                      0.213562    0.000000    0.514914 ^ acc[29] (out)
                                              0.514914   data arrival time

                      0.150000    0.000000    0.000000   clock clk (rise edge)
                                  0.000000    0.000000   clock network delay (ideal)
                                  0.250000    0.250000   clock uncertainty
                                  0.000000    0.250000   clock reconvergence pessimism
                                 -4.000000   -3.750000   output external delay
                                             -3.750000   data required time
---------------------------------------------------------------------------------------------
                                             -3.750000   data required time
                                             -0.514914   data arrival time
---------------------------------------------------------------------------------------------
                                              4.264914   slack (MET)


Startpoint: _462_ (rising edge-triggered flip-flop clocked by clk)
Endpoint: acc[30] (output port clocked by clk)
Path Group: clk
Path Type: min

Fanout         Cap        Slew       Delay        Time   Description
---------------------------------------------------------------------------------------------
                      0.150000    0.000000    0.000000   clock clk (rise edge)
                                  0.000000    0.000000   clock network delay (ideal)
                      0.150000    0.000000    0.000000 ^ _462_/CLK (sky130_fd_sc_hd__dfrtp_2)
     3    0.042803    0.213562    0.514914    0.514914 ^ _462_/Q (sky130_fd_sc_hd__dfrtp_2)
                                                         acc[30] (net)
                      0.213562    0.000000    0.514914 ^ acc[30] (out)
                                              0.514914   data arrival time

                      0.150000    0.000000    0.000000   clock clk (rise edge)
                                  0.000000    0.000000   clock network delay (ideal)
                                  0.250000    0.250000   clock uncertainty
                                  0.000000    0.250000   clock reconvergence pessimism
                                 -4.000000   -3.750000   output external delay
                                             -3.750000   data required time
---------------------------------------------------------------------------------------------
                                             -3.750000   data required time
                                             -0.514914   data arrival time
---------------------------------------------------------------------------------------------
                                              4.264914   slack (MET)


Startpoint: _443_ (rising edge-triggered flip-flop clocked by clk)
Endpoint: acc[11] (output port clocked by clk)
Path Group: clk
Path Type: min

Fanout         Cap        Slew       Delay        Time   Description
---------------------------------------------------------------------------------------------
                      0.150000    0.000000    0.000000   clock clk (rise edge)
                                  0.000000    0.000000   clock network delay (ideal)
                      0.150000    0.000000    0.000000 ^ _443_/CLK (sky130_fd_sc_hd__dfrtp_2)
     4    0.044299    0.220372    0.519714    0.519714 ^ _443_/Q (sky130_fd_sc_hd__dfrtp_2)
                                                         acc[11] (net)
                      0.220372    0.000000    0.519714 ^ acc[11] (out)
                                              0.519714   data arrival time

                      0.150000    0.000000    0.000000   clock clk (rise edge)
                                  0.000000    0.000000   clock network delay (ideal)
                                  0.250000    0.250000   clock uncertainty
                                  0.000000    0.250000   clock reconvergence pessimism
                                 -4.000000   -3.750000   output external delay
                                             -3.750000   data required time
---------------------------------------------------------------------------------------------
                                             -3.750000   data required time
                                             -0.519714   data arrival time
---------------------------------------------------------------------------------------------
                                              4.269713   slack (MET)


Startpoint: _447_ (rising edge-triggered flip-flop clocked by clk)
Endpoint: acc[15] (output port clocked by clk)
Path Group: clk
Path Type: min

Fanout         Cap        Slew       Delay        Time   Description
---------------------------------------------------------------------------------------------
                      0.150000    0.000000    0.000000   clock clk (rise edge)
                                  0.000000    0.000000   clock network delay (ideal)
                      0.150000    0.000000    0.000000 ^ _447_/CLK (sky130_fd_sc_hd__dfrtp_2)
     4    0.044299    0.220372    0.519714    0.519714 ^ _447_/Q (sky130_fd_sc_hd__dfrtp_2)
                                                         acc[15] (net)
                      0.220372    0.000000    0.519714 ^ acc[15] (out)
                                              0.519714   data arrival time

                      0.150000    0.000000    0.000000   clock clk (rise edge)
                                  0.000000    0.000000   clock network delay (ideal)
                                  0.250000    0.250000   clock uncertainty
                                  0.000000    0.250000   clock reconvergence pessimism
                                 -4.000000   -3.750000   output external delay
                                             -3.750000   data required time
---------------------------------------------------------------------------------------------
                                             -3.750000   data required time
                                             -0.519714   data arrival time
---------------------------------------------------------------------------------------------
                                              4.269713   slack (MET)


Startpoint: _449_ (rising edge-triggered flip-flop clocked by clk)
Endpoint: acc[17] (output port clocked by clk)
Path Group: clk
Path Type: min

Fanout         Cap        Slew       Delay        Time   Description
---------------------------------------------------------------------------------------------
                      0.150000    0.000000    0.000000   clock clk (rise edge)
                                  0.000000    0.000000   clock network delay (ideal)
                      0.150000    0.000000    0.000000 ^ _449_/CLK (sky130_fd_sc_hd__dfrtp_2)
     4    0.045842    0.227396    0.524665    0.524665 ^ _449_/Q (sky130_fd_sc_hd__dfrtp_2)
                                                         acc[17] (net)
                      0.227396    0.000000    0.524665 ^ acc[17] (out)
                                              0.524665   data arrival time

                      0.150000    0.000000    0.000000   clock clk (rise edge)
                                  0.000000    0.000000   clock network delay (ideal)
                                  0.250000    0.250000   clock uncertainty
                                  0.000000    0.250000   clock reconvergence pessimism
                                 -4.000000   -3.750000   output external delay
                                             -3.750000   data required time
---------------------------------------------------------------------------------------------
                                             -3.750000   data required time
                                             -0.524665   data arrival time
---------------------------------------------------------------------------------------------
                                              4.274664   slack (MET)


Startpoint: _459_ (rising edge-triggered flip-flop clocked by clk)
Endpoint: acc[27] (output port clocked by clk)
Path Group: clk
Path Type: min

Fanout         Cap        Slew       Delay        Time   Description
---------------------------------------------------------------------------------------------
                      0.150000    0.000000    0.000000   clock clk (rise edge)
                                  0.000000    0.000000   clock network delay (ideal)
                      0.150000    0.000000    0.000000 ^ _459_/CLK (sky130_fd_sc_hd__dfrtp_2)
     4    0.046887    0.232153    0.528017    0.528017 ^ _459_/Q (sky130_fd_sc_hd__dfrtp_2)
                                                         acc[27] (net)
                      0.232153    0.000000    0.528017 ^ acc[27] (out)
                                              0.528017   data arrival time

                      0.150000    0.000000    0.000000   clock clk (rise edge)
                                  0.000000    0.000000   clock network delay (ideal)
                                  0.250000    0.250000   clock uncertainty
                                  0.000000    0.250000   clock reconvergence pessimism
                                 -4.000000   -3.750000   output external delay
                                             -3.750000   data required time
---------------------------------------------------------------------------------------------
                                             -3.750000   data required time
                                             -0.528017   data arrival time
---------------------------------------------------------------------------------------------
                                              4.278017   slack (MET)


Startpoint: _451_ (rising edge-triggered flip-flop clocked by clk)
Endpoint: acc[19] (output port clocked by clk)
Path Group: clk
Path Type: min

Fanout         Cap        Slew       Delay        Time   Description
---------------------------------------------------------------------------------------------
                      0.150000    0.000000    0.000000   clock clk (rise edge)
                                  0.000000    0.000000   clock network delay (ideal)
                      0.150000    0.000000    0.000000 ^ _451_/CLK (sky130_fd_sc_hd__dfrtp_2)
     4    0.047863    0.140117    0.533601    0.533601 v _451_/Q (sky130_fd_sc_hd__dfrtp_2)
                                                         acc[19] (net)
                      0.140117    0.000000    0.533601 v acc[19] (out)
                                              0.533601   data arrival time

                      0.150000    0.000000    0.000000   clock clk (rise edge)
                                  0.000000    0.000000   clock network delay (ideal)
                                  0.250000    0.250000   clock uncertainty
                                  0.000000    0.250000   clock reconvergence pessimism
                                 -4.000000   -3.750000   output external delay
                                             -3.750000   data required time
---------------------------------------------------------------------------------------------
                                             -3.750000   data required time
                                             -0.533601   data arrival time
---------------------------------------------------------------------------------------------
                                              4.283601   slack (MET)


Startpoint: _438_ (rising edge-triggered flip-flop clocked by clk)
Endpoint: acc[6] (output port clocked by clk)
Path Group: clk
Path Type: min

Fanout         Cap        Slew       Delay        Time   Description
---------------------------------------------------------------------------------------------
                      0.150000    0.000000    0.000000   clock clk (rise edge)
                                  0.000000    0.000000   clock network delay (ideal)
                      0.150000    0.000000    0.000000 ^ _438_/CLK (sky130_fd_sc_hd__dfrtp_2)
     4    0.050737    0.146044    0.538851    0.538851 v _438_/Q (sky130_fd_sc_hd__dfrtp_2)
                                                         acc[6] (net)
                      0.146044    0.000000    0.538851 v acc[6] (out)
                                              0.538851   data arrival time

                      0.150000    0.000000    0.000000   clock clk (rise edge)
                                  0.000000    0.000000   clock network delay (ideal)
                                  0.250000    0.250000   clock uncertainty
                                  0.000000    0.250000   clock reconvergence pessimism
                                 -4.000000   -3.750000   output external delay
                                             -3.750000   data required time
---------------------------------------------------------------------------------------------
                                             -3.750000   data required time
                                             -0.538851   data arrival time
---------------------------------------------------------------------------------------------
                                              4.288851   slack (MET)


Startpoint: _435_ (rising edge-triggered flip-flop clocked by clk)
Endpoint: acc[3] (output port clocked by clk)
Path Group: clk
Path Type: min

Fanout         Cap        Slew       Delay        Time   Description
---------------------------------------------------------------------------------------------
                      0.150000    0.000000    0.000000   clock clk (rise edge)
                                  0.000000    0.000000   clock network delay (ideal)
                      0.150000    0.000000    0.000000 ^ _435_/CLK (sky130_fd_sc_hd__dfrtp_2)
     5    0.051516    0.147651    0.540274    0.540274 v _435_/Q (sky130_fd_sc_hd__dfrtp_2)
                                                         acc[3] (net)
                      0.147651    0.000000    0.540274 v acc[3] (out)
                                              0.540274   data arrival time

                      0.150000    0.000000    0.000000   clock clk (rise edge)
                                  0.000000    0.000000   clock network delay (ideal)
                                  0.250000    0.250000   clock uncertainty
                                  0.000000    0.250000   clock reconvergence pessimism
                                 -4.000000   -3.750000   output external delay
                                             -3.750000   data required time
---------------------------------------------------------------------------------------------
                                             -3.750000   data required time
                                             -0.540274   data arrival time
---------------------------------------------------------------------------------------------
                                              4.290274   slack (MET)



%OL_END_REPORT
%OL_CREATE_REPORT max.rpt

===========================================================================
report_checks -path_delay max (Setup)
============================================================================
======================= nom_tt_025C_1v80 Corner ===================================

Startpoint: data_in[6] (input port clocked by clk)
Endpoint: _462_ (rising edge-triggered flip-flop clocked by clk)
Path Group: clk
Path Type: max

Fanout         Cap        Slew       Delay        Time   Description
---------------------------------------------------------------------------------------------
                      0.150000    0.000000    0.000000   clock clk (rise edge)
                                  0.000000    0.000000   clock network delay (ideal)
                                  4.000000    4.000000 v input external delay
     3    0.016876    0.039655    0.027157    4.027157 v data_in[6] (in)
                                                         data_in[6] (net)
                      0.039655    0.000000    4.027157 v _272_/A (sky130_fd_sc_hd__xnor2_2)
     3    0.006982    0.066190    0.137129    4.164286 v _272_/Y (sky130_fd_sc_hd__xnor2_2)
                                                         _080_ (net)
                      0.066190    0.000000    4.164286 v _276_/A (sky130_fd_sc_hd__or3_2)
     3    0.008647    0.098783    0.506831    4.671116 v _276_/X (sky130_fd_sc_hd__or3_2)
                                                         _084_ (net)
                      0.098783    0.000000    4.671116 v _287_/A1 (sky130_fd_sc_hd__o31a_2)
     3    0.010671    0.073185    0.387957    5.059073 v _287_/X (sky130_fd_sc_hd__o31a_2)
                                                         _095_ (net)
                      0.073185    0.000000    5.059073 v _289_/A2 (sky130_fd_sc_hd__a211oi_2)
     2    0.004110    0.164201    0.226481    5.285554 ^ _289_/Y (sky130_fd_sc_hd__a211oi_2)
                                                         _097_ (net)
                      0.164201    0.000000    5.285554 ^ _307_/A1 (sky130_fd_sc_hd__o211a_2)
     2    0.006179    0.060811    0.210046    5.495600 ^ _307_/X (sky130_fd_sc_hd__o211a_2)
                                                         _115_ (net)
                      0.060811    0.000000    5.495600 ^ _321_/A1 (sky130_fd_sc_hd__o211ai_2)
     2    0.006544    0.077770    0.099270    5.594870 v _321_/Y (sky130_fd_sc_hd__o211ai_2)
                                                         _129_ (net)
                      0.077770    0.000000    5.594870 v _341_/A1 (sky130_fd_sc_hd__a211o_2)
     3    0.008029    0.063482    0.320617    5.915486 v _341_/X (sky130_fd_sc_hd__a211o_2)
                                                         _149_ (net)
                      0.063482    0.000000    5.915486 v _347_/A1 (sky130_fd_sc_hd__a21o_2)
     4    0.012782    0.059654    0.221622    6.137109 v _347_/X (sky130_fd_sc_hd__a21o_2)
                                                         _155_ (net)
                      0.059654    0.000000    6.137109 v _349_/A3 (sky130_fd_sc_hd__a311o_2)
     3    0.010746    0.078100    0.417741    6.554850 v _349_/X (sky130_fd_sc_hd__a311o_2)
                                                         _157_ (net)
                      0.078100    0.000000    6.554850 v _359_/A2 (sky130_fd_sc_hd__a31o_2)
     1    0.008077    0.051181    0.257292    6.812142 v _359_/X (sky130_fd_sc_hd__a31o_2)
                                                         _165_ (net)
                      0.051181    0.000000    6.812142 v _360_/B (sky130_fd_sc_hd__xnor2_2)
     1    0.001949    0.039571    0.119083    6.931225 v _360_/Y (sky130_fd_sc_hd__xnor2_2)
                                                         adder.cla_blocks[7].block.sum[2] (net)
                      0.039571    0.000000    6.931225 v _462_/D (sky130_fd_sc_hd__dfrtp_2)
                                              6.931225   data arrival time

                      0.150000   20.000000   20.000000   clock clk (rise edge)
                                  0.000000   20.000000   clock network delay (ideal)
                                 -0.250000   19.750002   clock uncertainty
                                  0.000000   19.750002   clock reconvergence pessimism
                                             19.750002 ^ _462_/CLK (sky130_fd_sc_hd__dfrtp_2)
                                 -0.088839   19.661161   library setup time
                                             19.661161   data required time
---------------------------------------------------------------------------------------------
                                             19.661161   data required time
                                             -6.931225   data arrival time
---------------------------------------------------------------------------------------------
                                             12.729937   slack (MET)


Startpoint: data_in[6] (input port clocked by clk)
Endpoint: _463_ (rising edge-triggered flip-flop clocked by clk)
Path Group: clk
Path Type: max

Fanout         Cap        Slew       Delay        Time   Description
---------------------------------------------------------------------------------------------
                      0.150000    0.000000    0.000000   clock clk (rise edge)
                                  0.000000    0.000000   clock network delay (ideal)
                                  4.000000    4.000000 v input external delay
     3    0.016876    0.039655    0.027157    4.027157 v data_in[6] (in)
                                                         data_in[6] (net)
                      0.039655    0.000000    4.027157 v _272_/A (sky130_fd_sc_hd__xnor2_2)
     3    0.006982    0.066190    0.137129    4.164286 v _272_/Y (sky130_fd_sc_hd__xnor2_2)
                                                         _080_ (net)
                      0.066190    0.000000    4.164286 v _276_/A (sky130_fd_sc_hd__or3_2)
     3    0.008647    0.098783    0.506831    4.671116 v _276_/X (sky130_fd_sc_hd__or3_2)
                                                         _084_ (net)
                      0.098783    0.000000    4.671116 v _287_/A1 (sky130_fd_sc_hd__o31a_2)
     3    0.010671    0.073185    0.387957    5.059073 v _287_/X (sky130_fd_sc_hd__o31a_2)
                                                         _095_ (net)
                      0.073185    0.000000    5.059073 v _289_/A2 (sky130_fd_sc_hd__a211oi_2)
     2    0.004110    0.164201    0.226481    5.285554 ^ _289_/Y (sky130_fd_sc_hd__a211oi_2)
                                                         _097_ (net)
                      0.164201    0.000000    5.285554 ^ _307_/A1 (sky130_fd_sc_hd__o211a_2)
     2    0.006179    0.060811    0.210046    5.495600 ^ _307_/X (sky130_fd_sc_hd__o211a_2)
                                                         _115_ (net)
                      0.060811    0.000000    5.495600 ^ _321_/A1 (sky130_fd_sc_hd__o211ai_2)
     2    0.006544    0.077770    0.099270    5.594870 v _321_/Y (sky130_fd_sc_hd__o211ai_2)
                                                         _129_ (net)
                      0.077770    0.000000    5.594870 v _341_/A1 (sky130_fd_sc_hd__a211o_2)
     3    0.008029    0.063482    0.320617    5.915486 v _341_/X (sky130_fd_sc_hd__a211o_2)
                                                         _149_ (net)
                      0.063482    0.000000    5.915486 v _347_/A1 (sky130_fd_sc_hd__a21o_2)
     4    0.012782    0.059654    0.221622    6.137109 v _347_/X (sky130_fd_sc_hd__a21o_2)
                                                         _155_ (net)
                      0.059654    0.000000    6.137109 v _349_/A3 (sky130_fd_sc_hd__a311o_2)
     3    0.010746    0.078100    0.417741    6.554850 v _349_/X (sky130_fd_sc_hd__a311o_2)
                                                         _157_ (net)
                      0.078100    0.000000    6.554850 v _363_/A1 (sky130_fd_sc_hd__a21oi_2)
     1    0.009040    0.146845    0.171016    6.725866 ^ _363_/Y (sky130_fd_sc_hd__a21oi_2)
                                                         _168_ (net)
                      0.146845    0.000000    6.725866 ^ _365_/A (sky130_fd_sc_hd__xnor2_2)
     1    0.002005    0.091321    0.119535    6.845401 ^ _365_/Y (sky130_fd_sc_hd__xnor2_2)
                                                         adder.cla_blocks[7].block.sum[3] (net)
                      0.091321    0.000000    6.845401 ^ _463_/D (sky130_fd_sc_hd__dfrtp_2)
                                              6.845401   data arrival time

                      0.150000   20.000000   20.000000   clock clk (rise edge)
                                  0.000000   20.000000   clock network delay (ideal)
                                 -0.250000   19.750002   clock uncertainty
                                  0.000000   19.750002   clock reconvergence pessimism
                                             19.750002 ^ _463_/CLK (sky130_fd_sc_hd__dfrtp_2)
                                 -0.058060   19.691940   library setup time
                                             19.691940   data required time
---------------------------------------------------------------------------------------------
                                             19.691940   data required time
                                             -6.845401   data arrival time
---------------------------------------------------------------------------------------------
                                             12.846540   slack (MET)


Startpoint: data_in[6] (input port clocked by clk)
Endpoint: _461_ (rising edge-triggered flip-flop clocked by clk)
Path Group: clk
Path Type: max

Fanout         Cap        Slew       Delay        Time   Description
---------------------------------------------------------------------------------------------
                      0.150000    0.000000    0.000000   clock clk (rise edge)
                                  0.000000    0.000000   clock network delay (ideal)
                                  4.000000    4.000000 v input external delay
     3    0.016876    0.039655    0.027157    4.027157 v data_in[6] (in)
                                                         data_in[6] (net)
                      0.039655    0.000000    4.027157 v _272_/A (sky130_fd_sc_hd__xnor2_2)
     3    0.006982    0.066190    0.137129    4.164286 v _272_/Y (sky130_fd_sc_hd__xnor2_2)
                                                         _080_ (net)
                      0.066190    0.000000    4.164286 v _276_/A (sky130_fd_sc_hd__or3_2)
     3    0.008647    0.098783    0.506831    4.671116 v _276_/X (sky130_fd_sc_hd__or3_2)
                                                         _084_ (net)
                      0.098783    0.000000    4.671116 v _287_/A1 (sky130_fd_sc_hd__o31a_2)
     3    0.010671    0.073185    0.387957    5.059073 v _287_/X (sky130_fd_sc_hd__o31a_2)
                                                         _095_ (net)
                      0.073185    0.000000    5.059073 v _289_/A2 (sky130_fd_sc_hd__a211oi_2)
     2    0.004110    0.164201    0.226481    5.285554 ^ _289_/Y (sky130_fd_sc_hd__a211oi_2)
                                                         _097_ (net)
                      0.164201    0.000000    5.285554 ^ _307_/A1 (sky130_fd_sc_hd__o211a_2)
     2    0.006179    0.060811    0.210046    5.495600 ^ _307_/X (sky130_fd_sc_hd__o211a_2)
                                                         _115_ (net)
                      0.060811    0.000000    5.495600 ^ _321_/A1 (sky130_fd_sc_hd__o211ai_2)
     2    0.006544    0.077770    0.099270    5.594870 v _321_/Y (sky130_fd_sc_hd__o211ai_2)
                                                         _129_ (net)
                      0.077770    0.000000    5.594870 v _341_/A1 (sky130_fd_sc_hd__a211o_2)
     3    0.008029    0.063482    0.320617    5.915486 v _341_/X (sky130_fd_sc_hd__a211o_2)
                                                         _149_ (net)
                      0.063482    0.000000    5.915486 v _347_/A1 (sky130_fd_sc_hd__a21o_2)
     4    0.012782    0.059654    0.221622    6.137109 v _347_/X (sky130_fd_sc_hd__a21o_2)
                                                         _155_ (net)
                      0.059654    0.000000    6.137109 v _349_/A3 (sky130_fd_sc_hd__a311o_2)
     3    0.010746    0.078100    0.417741    6.554850 v _349_/X (sky130_fd_sc_hd__a311o_2)
                                                         _157_ (net)
                      0.078100    0.000000    6.554850 v _354_/B (sky130_fd_sc_hd__nand2_2)
     1    0.008442    0.065804    0.091637    6.646487 ^ _354_/Y (sky130_fd_sc_hd__nand2_2)
                                                         _161_ (net)
                      0.065804    0.000000    6.646487 ^ _355_/B (sky130_fd_sc_hd__xnor2_2)
     1    0.002005    0.091322    0.095369    6.741857 ^ _355_/Y (sky130_fd_sc_hd__xnor2_2)
                                                         adder.cla_blocks[7].block.sum[1] (net)
                      0.091322    0.000000    6.741857 ^ _461_/D (sky130_fd_sc_hd__dfrtp_2)
                                              6.741857   data arrival time

                      0.150000   20.000000   20.000000   clock clk (rise edge)
                                  0.000000   20.000000   clock network delay (ideal)
                                 -0.250000   19.750002   clock uncertainty
                                  0.000000   19.750002   clock reconvergence pessimism
                                             19.750002 ^ _461_/CLK (sky130_fd_sc_hd__dfrtp_2)
                                 -0.058060   19.691940   library setup time
                                             19.691940   data required time
---------------------------------------------------------------------------------------------
                                             19.691940   data required time
                                             -6.741857   data arrival time
---------------------------------------------------------------------------------------------
                                             12.950084   slack (MET)


Startpoint: data_in[6] (input port clocked by clk)
Endpoint: _459_ (rising edge-triggered flip-flop clocked by clk)
Path Group: clk
Path Type: max

Fanout         Cap        Slew       Delay        Time   Description
---------------------------------------------------------------------------------------------
                      0.150000    0.000000    0.000000   clock clk (rise edge)
                                  0.000000    0.000000   clock network delay (ideal)
                                  4.000000    4.000000 v input external delay
     3    0.016876    0.039655    0.027157    4.027157 v data_in[6] (in)
                                                         data_in[6] (net)
                      0.039655    0.000000    4.027157 v _272_/A (sky130_fd_sc_hd__xnor2_2)
     3    0.006982    0.066190    0.137129    4.164286 v _272_/Y (sky130_fd_sc_hd__xnor2_2)
                                                         _080_ (net)
                      0.066190    0.000000    4.164286 v _276_/A (sky130_fd_sc_hd__or3_2)
     3    0.008647    0.098783    0.506831    4.671116 v _276_/X (sky130_fd_sc_hd__or3_2)
                                                         _084_ (net)
                      0.098783    0.000000    4.671116 v _287_/A1 (sky130_fd_sc_hd__o31a_2)
     3    0.010671    0.073185    0.387957    5.059073 v _287_/X (sky130_fd_sc_hd__o31a_2)
                                                         _095_ (net)
                      0.073185    0.000000    5.059073 v _289_/A2 (sky130_fd_sc_hd__a211oi_2)
     2    0.004110    0.164201    0.226481    5.285554 ^ _289_/Y (sky130_fd_sc_hd__a211oi_2)
                                                         _097_ (net)
                      0.164201    0.000000    5.285554 ^ _307_/A1 (sky130_fd_sc_hd__o211a_2)
     2    0.006179    0.060811    0.210046    5.495600 ^ _307_/X (sky130_fd_sc_hd__o211a_2)
                                                         _115_ (net)
                      0.060811    0.000000    5.495600 ^ _321_/A1 (sky130_fd_sc_hd__o211ai_2)
     2    0.006544    0.077770    0.099270    5.594870 v _321_/Y (sky130_fd_sc_hd__o211ai_2)
                                                         _129_ (net)
                      0.077770    0.000000    5.594870 v _341_/A1 (sky130_fd_sc_hd__a211o_2)
     3    0.008029    0.063482    0.320617    5.915486 v _341_/X (sky130_fd_sc_hd__a211o_2)
                                                         _149_ (net)
                      0.063482    0.000000    5.915486 v _347_/A1 (sky130_fd_sc_hd__a21o_2)
     4    0.012782    0.059654    0.221622    6.137109 v _347_/X (sky130_fd_sc_hd__a21o_2)
                                                         _155_ (net)
                      0.059654    0.000000    6.137109 v _371_/A2 (sky130_fd_sc_hd__a21o_2)
     1    0.001455    0.029842    0.201809    6.338918 v _371_/X (sky130_fd_sc_hd__a21o_2)
                                                         _173_ (net)
                      0.029842    0.000000    6.338918 v _373_/C (sky130_fd_sc_hd__and3_2)
     1    0.007837    0.051071    0.213990    6.552908 v _373_/X (sky130_fd_sc_hd__and3_2)
                                                         _174_ (net)
                      0.051071    0.000000    6.552908 v _374_/B (sky130_fd_sc_hd__xor2_2)
     1    0.001949    0.056509    0.131973    6.684881 v _374_/X (sky130_fd_sc_hd__xor2_2)
                                                         adder.cla_blocks[6].block.sum[3] (net)
                      0.056509    0.000000    6.684881 v _459_/D (sky130_fd_sc_hd__dfrtp_2)
                                              6.684881   data arrival time

                      0.150000   20.000000   20.000000   clock clk (rise edge)
                                  0.000000   20.000000   clock network delay (ideal)
                                 -0.250000   19.750002   clock uncertainty
                                  0.000000   19.750002   clock reconvergence pessimism
                                             19.750002 ^ _459_/CLK (sky130_fd_sc_hd__dfrtp_2)
                                 -0.096226   19.653776   library setup time
                                             19.653776   data required time
---------------------------------------------------------------------------------------------
                                             19.653776   data required time
                                             -6.684881   data arrival time
---------------------------------------------------------------------------------------------
                                             12.968895   slack (MET)


Startpoint: data_in[6] (input port clocked by clk)
Endpoint: _460_ (rising edge-triggered flip-flop clocked by clk)
Path Group: clk
Path Type: max

Fanout         Cap        Slew       Delay        Time   Description
---------------------------------------------------------------------------------------------
                      0.150000    0.000000    0.000000   clock clk (rise edge)
                                  0.000000    0.000000   clock network delay (ideal)
                                  4.000000    4.000000 v input external delay
     3    0.016876    0.039655    0.027157    4.027157 v data_in[6] (in)
                                                         data_in[6] (net)
                      0.039655    0.000000    4.027157 v _272_/A (sky130_fd_sc_hd__xnor2_2)
     3    0.006982    0.066190    0.137129    4.164286 v _272_/Y (sky130_fd_sc_hd__xnor2_2)
                                                         _080_ (net)
                      0.066190    0.000000    4.164286 v _276_/A (sky130_fd_sc_hd__or3_2)
     3    0.008647    0.098783    0.506831    4.671116 v _276_/X (sky130_fd_sc_hd__or3_2)
                                                         _084_ (net)
                      0.098783    0.000000    4.671116 v _287_/A1 (sky130_fd_sc_hd__o31a_2)
     3    0.010671    0.073185    0.387957    5.059073 v _287_/X (sky130_fd_sc_hd__o31a_2)
                                                         _095_ (net)
                      0.073185    0.000000    5.059073 v _289_/A2 (sky130_fd_sc_hd__a211oi_2)
     2    0.004110    0.164201    0.226481    5.285554 ^ _289_/Y (sky130_fd_sc_hd__a211oi_2)
                                                         _097_ (net)
                      0.164201    0.000000    5.285554 ^ _307_/A1 (sky130_fd_sc_hd__o211a_2)
     2    0.006179    0.060811    0.210046    5.495600 ^ _307_/X (sky130_fd_sc_hd__o211a_2)
                                                         _115_ (net)
                      0.060811    0.000000    5.495600 ^ _321_/A1 (sky130_fd_sc_hd__o211ai_2)
     2    0.006544    0.077770    0.099270    5.594870 v _321_/Y (sky130_fd_sc_hd__o211ai_2)
                                                         _129_ (net)
                      0.077770    0.000000    5.594870 v _341_/A1 (sky130_fd_sc_hd__a211o_2)
     3    0.008029    0.063482    0.320617    5.915486 v _341_/X (sky130_fd_sc_hd__a211o_2)
                                                         _149_ (net)
                      0.063482    0.000000    5.915486 v _347_/A1 (sky130_fd_sc_hd__a21o_2)
     4    0.012782    0.059654    0.221622    6.137109 v _347_/X (sky130_fd_sc_hd__a21o_2)
                                                         _155_ (net)
                      0.059654    0.000000    6.137109 v _348_/A3 (sky130_fd_sc_hd__a31oi_2)
     1    0.008442    0.184288    0.220554    6.357663 ^ _348_/Y (sky130_fd_sc_hd__a31oi_2)
                                                         _156_ (net)
                      0.184288    0.000000    6.357663 ^ _350_/B (sky130_fd_sc_hd__xnor2_2)
     1    0.002005    0.091324    0.121299    6.478961 ^ _350_/Y (sky130_fd_sc_hd__xnor2_2)
                                                         adder.cla_blocks[7].block.sum[0] (net)
                      0.091324    0.000000    6.478961 ^ _460_/D (sky130_fd_sc_hd__dfrtp_2)
                                              6.478961   data arrival time

                      0.150000   20.000000   20.000000   clock clk (rise edge)
                                  0.000000   20.000000   clock network delay (ideal)
                                 -0.250000   19.750002   clock uncertainty
                                  0.000000   19.750002   clock reconvergence pessimism
                                             19.750002 ^ _460_/CLK (sky130_fd_sc_hd__dfrtp_2)
                                 -0.058061   19.691940   library setup time
                                             19.691940   data required time
---------------------------------------------------------------------------------------------
                                             19.691940   data required time
                                             -6.478961   data arrival time
---------------------------------------------------------------------------------------------
                                             13.212979   slack (MET)


Startpoint: data_in[6] (input port clocked by clk)
Endpoint: _458_ (rising edge-triggered flip-flop clocked by clk)
Path Group: clk
Path Type: max

Fanout         Cap        Slew       Delay        Time   Description
---------------------------------------------------------------------------------------------
                      0.150000    0.000000    0.000000   clock clk (rise edge)
                                  0.000000    0.000000   clock network delay (ideal)
                                  4.000000    4.000000 v input external delay
     3    0.016876    0.039655    0.027157    4.027157 v data_in[6] (in)
                                                         data_in[6] (net)
                      0.039655    0.000000    4.027157 v _272_/A (sky130_fd_sc_hd__xnor2_2)
     3    0.006982    0.066190    0.137129    4.164286 v _272_/Y (sky130_fd_sc_hd__xnor2_2)
                                                         _080_ (net)
                      0.066190    0.000000    4.164286 v _276_/A (sky130_fd_sc_hd__or3_2)
     3    0.008647    0.098783    0.506831    4.671116 v _276_/X (sky130_fd_sc_hd__or3_2)
                                                         _084_ (net)
                      0.098783    0.000000    4.671116 v _287_/A1 (sky130_fd_sc_hd__o31a_2)
     3    0.010671    0.073185    0.387957    5.059073 v _287_/X (sky130_fd_sc_hd__o31a_2)
                                                         _095_ (net)
                      0.073185    0.000000    5.059073 v _289_/A2 (sky130_fd_sc_hd__a211oi_2)
     2    0.004110    0.164201    0.226481    5.285554 ^ _289_/Y (sky130_fd_sc_hd__a211oi_2)
                                                         _097_ (net)
                      0.164201    0.000000    5.285554 ^ _307_/A1 (sky130_fd_sc_hd__o211a_2)
     2    0.006179    0.060811    0.210046    5.495600 ^ _307_/X (sky130_fd_sc_hd__o211a_2)
                                                         _115_ (net)
                      0.060811    0.000000    5.495600 ^ _321_/A1 (sky130_fd_sc_hd__o211ai_2)
     2    0.006544    0.077770    0.099270    5.594870 v _321_/Y (sky130_fd_sc_hd__o211ai_2)
                                                         _129_ (net)
                      0.077770    0.000000    5.594870 v _341_/A1 (sky130_fd_sc_hd__a211o_2)
     3    0.008029    0.063482    0.320617    5.915486 v _341_/X (sky130_fd_sc_hd__a211o_2)
                                                         _149_ (net)
                      0.063482    0.000000    5.915486 v _347_/A1 (sky130_fd_sc_hd__a21o_2)
     4    0.012782    0.059654    0.221622    6.137109 v _347_/X (sky130_fd_sc_hd__a21o_2)
                                                         _155_ (net)
                      0.059654    0.000000    6.137109 v _368_/B (sky130_fd_sc_hd__nand2_2)
     2    0.010920    0.076162    0.092089    6.229198 ^ _368_/Y (sky130_fd_sc_hd__nand2_2)
                                                         _171_ (net)
                      0.076162    0.000000    6.229198 ^ _370_/A2 (sky130_fd_sc_hd__a21bo_2)
     1    0.008442    0.060627    0.148679    6.377877 ^ _370_/X (sky130_fd_sc_hd__a21bo_2)
                                                         _172_ (net)
                      0.060627    0.000000    6.377877 ^ _372_/B (sky130_fd_sc_hd__xnor2_2)
     1    0.002005    0.091326    0.093916    6.471793 ^ _372_/Y (sky130_fd_sc_hd__xnor2_2)
                                                         adder.cla_blocks[6].block.sum[2] (net)
                      0.091326    0.000000    6.471793 ^ _458_/D (sky130_fd_sc_hd__dfrtp_2)
                                              6.471793   data arrival time

                      0.150000   20.000000   20.000000   clock clk (rise edge)
                                  0.000000   20.000000   clock network delay (ideal)
                                 -0.250000   19.750002   clock uncertainty
                                  0.000000   19.750002   clock reconvergence pessimism
                                             19.750002 ^ _458_/CLK (sky130_fd_sc_hd__dfrtp_2)
                                 -0.058061   19.691940   library setup time
                                             19.691940   data required time
---------------------------------------------------------------------------------------------
                                             19.691940   data required time
                                             -6.471793   data arrival time
---------------------------------------------------------------------------------------------
                                             13.220149   slack (MET)


Startpoint: data_in[6] (input port clocked by clk)
Endpoint: _457_ (rising edge-triggered flip-flop clocked by clk)
Path Group: clk
Path Type: max

Fanout         Cap        Slew       Delay        Time   Description
---------------------------------------------------------------------------------------------
                      0.150000    0.000000    0.000000   clock clk (rise edge)
                                  0.000000    0.000000   clock network delay (ideal)
                                  4.000000    4.000000 v input external delay
     3    0.016876    0.039655    0.027157    4.027157 v data_in[6] (in)
                                                         data_in[6] (net)
                      0.039655    0.000000    4.027157 v _272_/A (sky130_fd_sc_hd__xnor2_2)
     3    0.006982    0.066190    0.137129    4.164286 v _272_/Y (sky130_fd_sc_hd__xnor2_2)
                                                         _080_ (net)
                      0.066190    0.000000    4.164286 v _276_/A (sky130_fd_sc_hd__or3_2)
     3    0.008647    0.098783    0.506831    4.671116 v _276_/X (sky130_fd_sc_hd__or3_2)
                                                         _084_ (net)
                      0.098783    0.000000    4.671116 v _287_/A1 (sky130_fd_sc_hd__o31a_2)
     3    0.010671    0.073185    0.387957    5.059073 v _287_/X (sky130_fd_sc_hd__o31a_2)
                                                         _095_ (net)
                      0.073185    0.000000    5.059073 v _289_/A2 (sky130_fd_sc_hd__a211oi_2)
     2    0.004110    0.164201    0.226481    5.285554 ^ _289_/Y (sky130_fd_sc_hd__a211oi_2)
                                                         _097_ (net)
                      0.164201    0.000000    5.285554 ^ _307_/A1 (sky130_fd_sc_hd__o211a_2)
     2    0.006179    0.060811    0.210046    5.495600 ^ _307_/X (sky130_fd_sc_hd__o211a_2)
                                                         _115_ (net)
                      0.060811    0.000000    5.495600 ^ _321_/A1 (sky130_fd_sc_hd__o211ai_2)
     2    0.006544    0.077770    0.099270    5.594870 v _321_/Y (sky130_fd_sc_hd__o211ai_2)
                                                         _129_ (net)
                      0.077770    0.000000    5.594870 v _341_/A1 (sky130_fd_sc_hd__a211o_2)
     3    0.008029    0.063482    0.320617    5.915486 v _341_/X (sky130_fd_sc_hd__a211o_2)
                                                         _149_ (net)
                      0.063482    0.000000    5.915486 v _347_/A1 (sky130_fd_sc_hd__a21o_2)
     4    0.012782    0.059654    0.221622    6.137109 v _347_/X (sky130_fd_sc_hd__a21o_2)
                                                         _155_ (net)
                      0.059654    0.000000    6.137109 v _368_/B (sky130_fd_sc_hd__nand2_2)
     2    0.010920    0.076162    0.092089    6.229198 ^ _368_/Y (sky130_fd_sc_hd__nand2_2)
                                                         _171_ (net)
                      0.076162    0.000000    6.229198 ^ _369_/B (sky130_fd_sc_hd__xnor2_2)
     1    0.002005    0.091322    0.098280    6.327478 ^ _369_/Y (sky130_fd_sc_hd__xnor2_2)
                                                         adder.cla_blocks[6].block.sum[1] (net)
                      0.091322    0.000000    6.327478 ^ _457_/D (sky130_fd_sc_hd__dfrtp_2)
                                              6.327478   data arrival time

                      0.150000   20.000000   20.000000   clock clk (rise edge)
                                  0.000000   20.000000   clock network delay (ideal)
                                 -0.250000   19.750002   clock uncertainty
                                  0.000000   19.750002   clock reconvergence pessimism
                                             19.750002 ^ _457_/CLK (sky130_fd_sc_hd__dfrtp_2)
                                 -0.058060   19.691940   library setup time
                                             19.691940   data required time
---------------------------------------------------------------------------------------------
                                             19.691940   data required time
                                             -6.327478   data arrival time
---------------------------------------------------------------------------------------------
                                             13.364464   slack (MET)


Startpoint: data_in[6] (input port clocked by clk)
Endpoint: _455_ (rising edge-triggered flip-flop clocked by clk)
Path Group: clk
Path Type: max

Fanout         Cap        Slew       Delay        Time   Description
---------------------------------------------------------------------------------------------
                      0.150000    0.000000    0.000000   clock clk (rise edge)
                                  0.000000    0.000000   clock network delay (ideal)
                                  4.000000    4.000000 v input external delay
     3    0.016876    0.039655    0.027157    4.027157 v data_in[6] (in)
                                                         data_in[6] (net)
                      0.039655    0.000000    4.027157 v _272_/A (sky130_fd_sc_hd__xnor2_2)
     3    0.006982    0.066190    0.137129    4.164286 v _272_/Y (sky130_fd_sc_hd__xnor2_2)
                                                         _080_ (net)
                      0.066190    0.000000    4.164286 v _276_/A (sky130_fd_sc_hd__or3_2)
     3    0.008647    0.098783    0.506831    4.671116 v _276_/X (sky130_fd_sc_hd__or3_2)
                                                         _084_ (net)
                      0.098783    0.000000    4.671116 v _287_/A1 (sky130_fd_sc_hd__o31a_2)
     3    0.010671    0.073185    0.387957    5.059073 v _287_/X (sky130_fd_sc_hd__o31a_2)
                                                         _095_ (net)
                      0.073185    0.000000    5.059073 v _289_/A2 (sky130_fd_sc_hd__a211oi_2)
     2    0.004110    0.164201    0.226481    5.285554 ^ _289_/Y (sky130_fd_sc_hd__a211oi_2)
                                                         _097_ (net)
                      0.164201    0.000000    5.285554 ^ _307_/A1 (sky130_fd_sc_hd__o211a_2)
     2    0.006179    0.060811    0.210046    5.495600 ^ _307_/X (sky130_fd_sc_hd__o211a_2)
                                                         _115_ (net)
                      0.060811    0.000000    5.495600 ^ _321_/A1 (sky130_fd_sc_hd__o211ai_2)
     2    0.006544    0.077770    0.099270    5.594870 v _321_/Y (sky130_fd_sc_hd__o211ai_2)
                                                         _129_ (net)
                      0.077770    0.000000    5.594870 v _326_/A (sky130_fd_sc_hd__nand2_2)
     2    0.011521    0.079916    0.092997    5.687866 ^ _326_/Y (sky130_fd_sc_hd__nand2_2)
                                                         _134_ (net)
                      0.079916    0.000000    5.687866 ^ _376_/A1 (sky130_fd_sc_hd__a21bo_2)
     2    0.010920    0.072712    0.156893    5.844759 ^ _376_/X (sky130_fd_sc_hd__a21bo_2)
                                                         _175_ (net)
                      0.072712    0.000000    5.844759 ^ _378_/A2 (sky130_fd_sc_hd__a21bo_2)
     2    0.010920    0.072663    0.157744    6.002503 ^ _378_/X (sky130_fd_sc_hd__a21bo_2)
                                                         _176_ (net)
                      0.072663    0.000000    6.002503 ^ _380_/A2 (sky130_fd_sc_hd__a21bo_2)
     1    0.008442    0.060627    0.147597    6.150101 ^ _380_/X (sky130_fd_sc_hd__a21bo_2)
                                                         _177_ (net)
                      0.060627    0.000000    6.150101 ^ _381_/B (sky130_fd_sc_hd__xnor2_2)
     1    0.002005    0.091321    0.093916    6.244016 ^ _381_/Y (sky130_fd_sc_hd__xnor2_2)
                                                         adder.cla_blocks[5].block.sum[3] (net)
                      0.091321    0.000000    6.244016 ^ _455_/D (sky130_fd_sc_hd__dfrtp_2)
                                              6.244016   data arrival time

                      0.150000   20.000000   20.000000   clock clk (rise edge)
                                  0.000000   20.000000   clock network delay (ideal)
                                 -0.250000   19.750002   clock uncertainty
                                  0.000000   19.750002   clock reconvergence pessimism
                                             19.750002 ^ _455_/CLK (sky130_fd_sc_hd__dfrtp_2)
                                 -0.058060   19.691940   library setup time
                                             19.691940   data required time
---------------------------------------------------------------------------------------------
                                             19.691940   data required time
                                             -6.244016   data arrival time
---------------------------------------------------------------------------------------------
                                             13.447925   slack (MET)


Startpoint: data_in[6] (input port clocked by clk)
Endpoint: _451_ (rising edge-triggered flip-flop clocked by clk)
Path Group: clk
Path Type: max

Fanout         Cap        Slew       Delay        Time   Description
---------------------------------------------------------------------------------------------
                      0.150000    0.000000    0.000000   clock clk (rise edge)
                                  0.000000    0.000000   clock network delay (ideal)
                                  4.000000    4.000000 v input external delay
     3    0.016876    0.039655    0.027157    4.027157 v data_in[6] (in)
                                                         data_in[6] (net)
                      0.039655    0.000000    4.027157 v _272_/A (sky130_fd_sc_hd__xnor2_2)
     3    0.006982    0.066190    0.137129    4.164286 v _272_/Y (sky130_fd_sc_hd__xnor2_2)
                                                         _080_ (net)
                      0.066190    0.000000    4.164286 v _276_/A (sky130_fd_sc_hd__or3_2)
     3    0.008647    0.098783    0.506831    4.671116 v _276_/X (sky130_fd_sc_hd__or3_2)
                                                         _084_ (net)
                      0.098783    0.000000    4.671116 v _287_/A1 (sky130_fd_sc_hd__o31a_2)
     3    0.010671    0.073185    0.387957    5.059073 v _287_/X (sky130_fd_sc_hd__o31a_2)
                                                         _095_ (net)
                      0.073185    0.000000    5.059073 v _289_/A2 (sky130_fd_sc_hd__a211oi_2)
     2    0.004110    0.164201    0.226481    5.285554 ^ _289_/Y (sky130_fd_sc_hd__a211oi_2)
                                                         _097_ (net)
                      0.164201    0.000000    5.285554 ^ _307_/A1 (sky130_fd_sc_hd__o211a_2)
     2    0.006179    0.060811    0.210046    5.495600 ^ _307_/X (sky130_fd_sc_hd__o211a_2)
                                                         _115_ (net)
                      0.060811    0.000000    5.495600 ^ _310_/A (sky130_fd_sc_hd__or2_2)
     2    0.013933    0.082782    0.143410    5.639010 ^ _310_/X (sky130_fd_sc_hd__or2_2)
                                                         _118_ (net)
                      0.082782    0.000000    5.639010 ^ _382_/A (sky130_fd_sc_hd__nand2_2)
     2    0.006064    0.042124    0.056713    5.695723 v _382_/Y (sky130_fd_sc_hd__nand2_2)
                                                         _178_ (net)
                      0.042124    0.000000    5.695723 v _384_/A2 (sky130_fd_sc_hd__a21oi_2)
     2    0.007175    0.127152    0.154026    5.849749 ^ _384_/Y (sky130_fd_sc_hd__a21oi_2)
                                                         _179_ (net)
                      0.127152    0.000000    5.849749 ^ _387_/B1 (sky130_fd_sc_hd__a21o_2)
     2    0.010920    0.068715    0.135197    5.984946 ^ _387_/X (sky130_fd_sc_hd__a21o_2)
                                                         _181_ (net)
                      0.068715    0.000000    5.984946 ^ _389_/A2 (sky130_fd_sc_hd__a21bo_2)
     1    0.008442    0.060627    0.146377    6.131323 ^ _389_/X (sky130_fd_sc_hd__a21bo_2)
                                                         _182_ (net)
                      0.060627    0.000000    6.131323 ^ _390_/B (sky130_fd_sc_hd__xnor2_2)
     1    0.002005    0.091310    0.093916    6.225238 ^ _390_/Y (sky130_fd_sc_hd__xnor2_2)
                                                         adder.cla_blocks[4].block.sum[3] (net)
                      0.091310    0.000000    6.225238 ^ _451_/D (sky130_fd_sc_hd__dfrtp_2)
                                              6.225238   data arrival time

                      0.150000   20.000000   20.000000   clock clk (rise edge)
                                  0.000000   20.000000   clock network delay (ideal)
                                 -0.250000   19.750002   clock uncertainty
                                  0.000000   19.750002   clock reconvergence pessimism
                                             19.750002 ^ _451_/CLK (sky130_fd_sc_hd__dfrtp_2)
                                 -0.058057   19.691944   library setup time
                                             19.691944   data required time
---------------------------------------------------------------------------------------------
                                             19.691944   data required time
                                             -6.225238   data arrival time
---------------------------------------------------------------------------------------------
                                             13.466706   slack (MET)


Startpoint: data_in[6] (input port clocked by clk)
Endpoint: _456_ (rising edge-triggered flip-flop clocked by clk)
Path Group: clk
Path Type: max

Fanout         Cap        Slew       Delay        Time   Description
---------------------------------------------------------------------------------------------
                      0.150000    0.000000    0.000000   clock clk (rise edge)
                                  0.000000    0.000000   clock network delay (ideal)
                                  4.000000    4.000000 v input external delay
     3    0.016876    0.039655    0.027157    4.027157 v data_in[6] (in)
                                                         data_in[6] (net)
                      0.039655    0.000000    4.027157 v _272_/A (sky130_fd_sc_hd__xnor2_2)
     3    0.006982    0.066190    0.137129    4.164286 v _272_/Y (sky130_fd_sc_hd__xnor2_2)
                                                         _080_ (net)
                      0.066190    0.000000    4.164286 v _276_/A (sky130_fd_sc_hd__or3_2)
     3    0.008647    0.098783    0.506831    4.671116 v _276_/X (sky130_fd_sc_hd__or3_2)
                                                         _084_ (net)
                      0.098783    0.000000    4.671116 v _287_/A1 (sky130_fd_sc_hd__o31a_2)
     3    0.010671    0.073185    0.387957    5.059073 v _287_/X (sky130_fd_sc_hd__o31a_2)
                                                         _095_ (net)
                      0.073185    0.000000    5.059073 v _289_/A2 (sky130_fd_sc_hd__a211oi_2)
     2    0.004110    0.164201    0.226481    5.285554 ^ _289_/Y (sky130_fd_sc_hd__a211oi_2)
                                                         _097_ (net)
                      0.164201    0.000000    5.285554 ^ _307_/A1 (sky130_fd_sc_hd__o211a_2)
     2    0.006179    0.060811    0.210046    5.495600 ^ _307_/X (sky130_fd_sc_hd__o211a_2)
                                                         _115_ (net)
                      0.060811    0.000000    5.495600 ^ _321_/A1 (sky130_fd_sc_hd__o211ai_2)
     2    0.006544    0.077770    0.099270    5.594870 v _321_/Y (sky130_fd_sc_hd__o211ai_2)
                                                         _129_ (net)
                      0.077770    0.000000    5.594870 v _341_/A1 (sky130_fd_sc_hd__a211o_2)
     3    0.008029    0.063482    0.320617    5.915486 v _341_/X (sky130_fd_sc_hd__a211o_2)
                                                         _149_ (net)
                      0.063482    0.000000    5.915486 v _366_/B (sky130_fd_sc_hd__and3_2)
     1    0.004136    0.042555    0.201934    6.117420 v _366_/X (sky130_fd_sc_hd__and3_2)
                                                         _170_ (net)
                      0.042555    0.000000    6.117420 v _367_/B (sky130_fd_sc_hd__nor2_2)
     1    0.002005    0.054131    0.062066    6.179486 ^ _367_/Y (sky130_fd_sc_hd__nor2_2)
                                                         adder.cla_blocks[6].block.sum[0] (net)
                      0.054131    0.000000    6.179486 ^ _456_/D (sky130_fd_sc_hd__dfrtp_2)
                                              6.179486   data arrival time

                      0.150000   20.000000   20.000000   clock clk (rise edge)
                                  0.000000   20.000000   clock network delay (ideal)
                                 -0.250000   19.750002   clock uncertainty
                                  0.000000   19.750002   clock reconvergence pessimism
                                             19.750002 ^ _456_/CLK (sky130_fd_sc_hd__dfrtp_2)
                                 -0.049570   19.700432   library setup time
                                             19.700432   data required time
---------------------------------------------------------------------------------------------
                                             19.700432   data required time
                                             -6.179486   data arrival time
---------------------------------------------------------------------------------------------
                                             13.520947   slack (MET)


Startpoint: data_in[6] (input port clocked by clk)
Endpoint: _454_ (rising edge-triggered flip-flop clocked by clk)
Path Group: clk
Path Type: max

Fanout         Cap        Slew       Delay        Time   Description
---------------------------------------------------------------------------------------------
                      0.150000    0.000000    0.000000   clock clk (rise edge)
                                  0.000000    0.000000   clock network delay (ideal)
                                  4.000000    4.000000 v input external delay
     3    0.016876    0.039655    0.027157    4.027157 v data_in[6] (in)
                                                         data_in[6] (net)
                      0.039655    0.000000    4.027157 v _272_/A (sky130_fd_sc_hd__xnor2_2)
     3    0.006982    0.066190    0.137129    4.164286 v _272_/Y (sky130_fd_sc_hd__xnor2_2)
                                                         _080_ (net)
                      0.066190    0.000000    4.164286 v _276_/A (sky130_fd_sc_hd__or3_2)
     3    0.008647    0.098783    0.506831    4.671116 v _276_/X (sky130_fd_sc_hd__or3_2)
                                                         _084_ (net)
                      0.098783    0.000000    4.671116 v _287_/A1 (sky130_fd_sc_hd__o31a_2)
     3    0.010671    0.073185    0.387957    5.059073 v _287_/X (sky130_fd_sc_hd__o31a_2)
                                                         _095_ (net)
                      0.073185    0.000000    5.059073 v _289_/A2 (sky130_fd_sc_hd__a211oi_2)
     2    0.004110    0.164201    0.226481    5.285554 ^ _289_/Y (sky130_fd_sc_hd__a211oi_2)
                                                         _097_ (net)
                      0.164201    0.000000    5.285554 ^ _307_/A1 (sky130_fd_sc_hd__o211a_2)
     2    0.006179    0.060811    0.210046    5.495600 ^ _307_/X (sky130_fd_sc_hd__o211a_2)
                                                         _115_ (net)
                      0.060811    0.000000    5.495600 ^ _321_/A1 (sky130_fd_sc_hd__o211ai_2)
     2    0.006544    0.077770    0.099270    5.594870 v _321_/Y (sky130_fd_sc_hd__o211ai_2)
                                                         _129_ (net)
                      0.077770    0.000000    5.594870 v _326_/A (sky130_fd_sc_hd__nand2_2)
     2    0.011521    0.079916    0.092997    5.687866 ^ _326_/Y (sky130_fd_sc_hd__nand2_2)
                                                         _134_ (net)
                      0.079916    0.000000    5.687866 ^ _376_/A1 (sky130_fd_sc_hd__a21bo_2)
     2    0.010920    0.072712    0.156893    5.844759 ^ _376_/X (sky130_fd_sc_hd__a21bo_2)
                                                         _175_ (net)
                      0.072712    0.000000    5.844759 ^ _378_/A2 (sky130_fd_sc_hd__a21bo_2)
     2    0.010920    0.072663    0.157744    6.002503 ^ _378_/X (sky130_fd_sc_hd__a21bo_2)
                                                         _176_ (net)
                      0.072663    0.000000    6.002503 ^ _379_/B (sky130_fd_sc_hd__xnor2_2)
     1    0.002005    0.091321    0.097297    6.099801 ^ _379_/Y (sky130_fd_sc_hd__xnor2_2)
                                                         adder.cla_blocks[5].block.sum[2] (net)
                      0.091321    0.000000    6.099801 ^ _454_/D (sky130_fd_sc_hd__dfrtp_2)
                                              6.099801   data arrival time

                      0.150000   20.000000   20.000000   clock clk (rise edge)
                                  0.000000   20.000000   clock network delay (ideal)
                                 -0.250000   19.750002   clock uncertainty
                                  0.000000   19.750002   clock reconvergence pessimism
                                             19.750002 ^ _454_/CLK (sky130_fd_sc_hd__dfrtp_2)
                                 -0.058060   19.691940   library setup time
                                             19.691940   data required time
---------------------------------------------------------------------------------------------
                                             19.691940   data required time
                                             -6.099801   data arrival time
---------------------------------------------------------------------------------------------
                                             13.592141   slack (MET)


Startpoint: data_in[6] (input port clocked by clk)
Endpoint: _450_ (rising edge-triggered flip-flop clocked by clk)
Path Group: clk
Path Type: max

Fanout         Cap        Slew       Delay        Time   Description
---------------------------------------------------------------------------------------------
                      0.150000    0.000000    0.000000   clock clk (rise edge)
                                  0.000000    0.000000   clock network delay (ideal)
                                  4.000000    4.000000 v input external delay
     3    0.016876    0.039655    0.027157    4.027157 v data_in[6] (in)
                                                         data_in[6] (net)
                      0.039655    0.000000    4.027157 v _272_/A (sky130_fd_sc_hd__xnor2_2)
     3    0.006982    0.066190    0.137129    4.164286 v _272_/Y (sky130_fd_sc_hd__xnor2_2)
                                                         _080_ (net)
                      0.066190    0.000000    4.164286 v _276_/A (sky130_fd_sc_hd__or3_2)
     3    0.008647    0.098783    0.506831    4.671116 v _276_/X (sky130_fd_sc_hd__or3_2)
                                                         _084_ (net)
                      0.098783    0.000000    4.671116 v _287_/A1 (sky130_fd_sc_hd__o31a_2)
     3    0.010671    0.073185    0.387957    5.059073 v _287_/X (sky130_fd_sc_hd__o31a_2)
                                                         _095_ (net)
                      0.073185    0.000000    5.059073 v _289_/A2 (sky130_fd_sc_hd__a211oi_2)
     2    0.004110    0.164201    0.226481    5.285554 ^ _289_/Y (sky130_fd_sc_hd__a211oi_2)
                                                         _097_ (net)
                      0.164201    0.000000    5.285554 ^ _307_/A1 (sky130_fd_sc_hd__o211a_2)
     2    0.006179    0.060811    0.210046    5.495600 ^ _307_/X (sky130_fd_sc_hd__o211a_2)
                                                         _115_ (net)
                      0.060811    0.000000    5.495600 ^ _310_/A (sky130_fd_sc_hd__or2_2)
     2    0.013933    0.082782    0.143410    5.639010 ^ _310_/X (sky130_fd_sc_hd__or2_2)
                                                         _118_ (net)
                      0.082782    0.000000    5.639010 ^ _382_/A (sky130_fd_sc_hd__nand2_2)
     2    0.006064    0.042124    0.056713    5.695723 v _382_/Y (sky130_fd_sc_hd__nand2_2)
                                                         _178_ (net)
                      0.042124    0.000000    5.695723 v _384_/A2 (sky130_fd_sc_hd__a21oi_2)
     2    0.007175    0.127152    0.154026    5.849749 ^ _384_/Y (sky130_fd_sc_hd__a21oi_2)
                                                         _179_ (net)
                      0.127152    0.000000    5.849749 ^ _387_/B1 (sky130_fd_sc_hd__a21o_2)
     2    0.010920    0.068715    0.135197    5.984946 ^ _387_/X (sky130_fd_sc_hd__a21o_2)
                                                         _181_ (net)
                      0.068715    0.000000    5.984946 ^ _388_/B (sky130_fd_sc_hd__xnor2_2)
     1    0.002005    0.091323    0.096188    6.081133 ^ _388_/Y (sky130_fd_sc_hd__xnor2_2)
                                                         adder.cla_blocks[4].block.sum[2] (net)
                      0.091323    0.000000    6.081133 ^ _450_/D (sky130_fd_sc_hd__dfrtp_2)
                                              6.081133   data arrival time

                      0.150000   20.000000   20.000000   clock clk (rise edge)
                                  0.000000   20.000000   clock network delay (ideal)
                                 -0.250000   19.750002   clock uncertainty
                                  0.000000   19.750002   clock reconvergence pessimism
                                             19.750002 ^ _450_/CLK (sky130_fd_sc_hd__dfrtp_2)
                                 -0.058060   19.691940   library setup time
                                             19.691940   data required time
---------------------------------------------------------------------------------------------
                                             19.691940   data required time
                                             -6.081133   data arrival time
---------------------------------------------------------------------------------------------
                                             13.610808   slack (MET)


Startpoint: data_in[6] (input port clocked by clk)
Endpoint: _447_ (rising edge-triggered flip-flop clocked by clk)
Path Group: clk
Path Type: max

Fanout         Cap        Slew       Delay        Time   Description
---------------------------------------------------------------------------------------------
                      0.150000    0.000000    0.000000   clock clk (rise edge)
                                  0.000000    0.000000   clock network delay (ideal)
                                  4.000000    4.000000 v input external delay
     3    0.016876    0.039655    0.027157    4.027157 v data_in[6] (in)
                                                         data_in[6] (net)
                      0.039655    0.000000    4.027157 v _272_/A (sky130_fd_sc_hd__xnor2_2)
     3    0.006982    0.066190    0.137129    4.164286 v _272_/Y (sky130_fd_sc_hd__xnor2_2)
                                                         _080_ (net)
                      0.066190    0.000000    4.164286 v _276_/A (sky130_fd_sc_hd__or3_2)
     3    0.008647    0.098783    0.506831    4.671116 v _276_/X (sky130_fd_sc_hd__or3_2)
                                                         _084_ (net)
                      0.098783    0.000000    4.671116 v _287_/A1 (sky130_fd_sc_hd__o31a_2)
     3    0.010671    0.073185    0.387957    5.059073 v _287_/X (sky130_fd_sc_hd__o31a_2)
                                                         _095_ (net)
                      0.073185    0.000000    5.059073 v _289_/A2 (sky130_fd_sc_hd__a211oi_2)
     2    0.004110    0.164201    0.226481    5.285554 ^ _289_/Y (sky130_fd_sc_hd__a211oi_2)
                                                         _097_ (net)
                      0.164201    0.000000    5.285554 ^ _291_/A (sky130_fd_sc_hd__or2_2)
     2    0.011857    0.073351    0.170455    5.456009 ^ _291_/X (sky130_fd_sc_hd__or2_2)
                                                         _099_ (net)
                      0.073351    0.000000    5.456009 ^ _392_/A1 (sky130_fd_sc_hd__a21bo_2)
     2    0.010920    0.072702    0.154663    5.610672 ^ _392_/X (sky130_fd_sc_hd__a21bo_2)
                                                         _183_ (net)
                      0.072702    0.000000    5.610672 ^ _394_/A2 (sky130_fd_sc_hd__a21bo_2)
     2    0.010920    0.072663    0.157741    5.768414 ^ _394_/X (sky130_fd_sc_hd__a21bo_2)
                                                         _184_ (net)
                      0.072663    0.000000    5.768414 ^ _396_/A2 (sky130_fd_sc_hd__a21bo_2)
     1    0.008442    0.060627    0.147597    5.916010 ^ _396_/X (sky130_fd_sc_hd__a21bo_2)
                                                         _185_ (net)
                      0.060627    0.000000    5.916010 ^ _397_/B (sky130_fd_sc_hd__xnor2_2)
     1    0.002005    0.091324    0.093916    6.009926 ^ _397_/Y (sky130_fd_sc_hd__xnor2_2)
                                                         adder.cla_blocks[3].block.sum[3] (net)
                      0.091324    0.000000    6.009926 ^ _447_/D (sky130_fd_sc_hd__dfrtp_2)
                                              6.009926   data arrival time

                      0.150000   20.000000   20.000000   clock clk (rise edge)
                                  0.000000   20.000000   clock network delay (ideal)
                                 -0.250000   19.750002   clock uncertainty
                                  0.000000   19.750002   clock reconvergence pessimism
                                             19.750002 ^ _447_/CLK (sky130_fd_sc_hd__dfrtp_2)
                                 -0.058061   19.691940   library setup time
                                             19.691940   data required time
---------------------------------------------------------------------------------------------
                                             19.691940   data required time
                                             -6.009926   data arrival time
---------------------------------------------------------------------------------------------
                                             13.682015   slack (MET)


Startpoint: data_in[6] (input port clocked by clk)
Endpoint: _449_ (rising edge-triggered flip-flop clocked by clk)
Path Group: clk
Path Type: max

Fanout         Cap        Slew       Delay        Time   Description
---------------------------------------------------------------------------------------------
                      0.150000    0.000000    0.000000   clock clk (rise edge)
                                  0.000000    0.000000   clock network delay (ideal)
                                  4.000000    4.000000 v input external delay
     3    0.016876    0.039655    0.027157    4.027157 v data_in[6] (in)
                                                         data_in[6] (net)
                      0.039655    0.000000    4.027157 v _272_/A (sky130_fd_sc_hd__xnor2_2)
     3    0.006982    0.066190    0.137129    4.164286 v _272_/Y (sky130_fd_sc_hd__xnor2_2)
                                                         _080_ (net)
                      0.066190    0.000000    4.164286 v _276_/A (sky130_fd_sc_hd__or3_2)
     3    0.008647    0.098783    0.506831    4.671116 v _276_/X (sky130_fd_sc_hd__or3_2)
                                                         _084_ (net)
                      0.098783    0.000000    4.671116 v _287_/A1 (sky130_fd_sc_hd__o31a_2)
     3    0.010671    0.073185    0.387957    5.059073 v _287_/X (sky130_fd_sc_hd__o31a_2)
                                                         _095_ (net)
                      0.073185    0.000000    5.059073 v _289_/A2 (sky130_fd_sc_hd__a211oi_2)
     2    0.004110    0.164201    0.226481    5.285554 ^ _289_/Y (sky130_fd_sc_hd__a211oi_2)
                                                         _097_ (net)
                      0.164201    0.000000    5.285554 ^ _307_/A1 (sky130_fd_sc_hd__o211a_2)
     2    0.006179    0.060811    0.210046    5.495600 ^ _307_/X (sky130_fd_sc_hd__o211a_2)
                                                         _115_ (net)
                      0.060811    0.000000    5.495600 ^ _310_/A (sky130_fd_sc_hd__or2_2)
     2    0.013933    0.082782    0.143410    5.639010 ^ _310_/X (sky130_fd_sc_hd__or2_2)
                                                         _118_ (net)
                      0.082782    0.000000    5.639010 ^ _382_/A (sky130_fd_sc_hd__nand2_2)
     2    0.006064    0.042124    0.056713    5.695723 v _382_/Y (sky130_fd_sc_hd__nand2_2)
                                                         _178_ (net)
                      0.042124    0.000000    5.695723 v _385_/C (sky130_fd_sc_hd__and3_2)
     1    0.004136    0.042338    0.206477    5.902200 v _385_/X (sky130_fd_sc_hd__and3_2)
                                                         _180_ (net)
                      0.042338    0.000000    5.902200 v _386_/B (sky130_fd_sc_hd__nor2_2)
     1    0.002005    0.054138    0.061986    5.964185 ^ _386_/Y (sky130_fd_sc_hd__nor2_2)
                                                         adder.cla_blocks[4].block.sum[1] (net)
                      0.054138    0.000000    5.964185 ^ _449_/D (sky130_fd_sc_hd__dfrtp_2)
                                              5.964185   data arrival time

                      0.150000   20.000000   20.000000   clock clk (rise edge)
                                  0.000000   20.000000   clock network delay (ideal)
                                 -0.250000   19.750002   clock uncertainty
                                  0.000000   19.750002   clock reconvergence pessimism
                                             19.750002 ^ _449_/CLK (sky130_fd_sc_hd__dfrtp_2)
                                 -0.049572   19.700430   library setup time
                                             19.700430   data required time
---------------------------------------------------------------------------------------------
                                             19.700430   data required time
                                             -5.964185   data arrival time
---------------------------------------------------------------------------------------------
                                             13.736244   slack (MET)


Startpoint: data_in[6] (input port clocked by clk)
Endpoint: _453_ (rising edge-triggered flip-flop clocked by clk)
Path Group: clk
Path Type: max

Fanout         Cap        Slew       Delay        Time   Description
---------------------------------------------------------------------------------------------
                      0.150000    0.000000    0.000000   clock clk (rise edge)
                                  0.000000    0.000000   clock network delay (ideal)
                                  4.000000    4.000000 v input external delay
     3    0.016876    0.039655    0.027157    4.027157 v data_in[6] (in)
                                                         data_in[6] (net)
                      0.039655    0.000000    4.027157 v _272_/A (sky130_fd_sc_hd__xnor2_2)
     3    0.006982    0.066190    0.137129    4.164286 v _272_/Y (sky130_fd_sc_hd__xnor2_2)
                                                         _080_ (net)
                      0.066190    0.000000    4.164286 v _276_/A (sky130_fd_sc_hd__or3_2)
     3    0.008647    0.098783    0.506831    4.671116 v _276_/X (sky130_fd_sc_hd__or3_2)
                                                         _084_ (net)
                      0.098783    0.000000    4.671116 v _287_/A1 (sky130_fd_sc_hd__o31a_2)
     3    0.010671    0.073185    0.387957    5.059073 v _287_/X (sky130_fd_sc_hd__o31a_2)
                                                         _095_ (net)
                      0.073185    0.000000    5.059073 v _289_/A2 (sky130_fd_sc_hd__a211oi_2)
     2    0.004110    0.164201    0.226481    5.285554 ^ _289_/Y (sky130_fd_sc_hd__a211oi_2)
                                                         _097_ (net)
                      0.164201    0.000000    5.285554 ^ _307_/A1 (sky130_fd_sc_hd__o211a_2)
     2    0.006179    0.060811    0.210046    5.495600 ^ _307_/X (sky130_fd_sc_hd__o211a_2)
                                                         _115_ (net)
                      0.060811    0.000000    5.495600 ^ _321_/A1 (sky130_fd_sc_hd__o211ai_2)
     2    0.006544    0.077770    0.099270    5.594870 v _321_/Y (sky130_fd_sc_hd__o211ai_2)
                                                         _129_ (net)
                      0.077770    0.000000    5.594870 v _326_/A (sky130_fd_sc_hd__nand2_2)
     2    0.011521    0.079916    0.092997    5.687866 ^ _326_/Y (sky130_fd_sc_hd__nand2_2)
                                                         _134_ (net)
                      0.079916    0.000000    5.687866 ^ _376_/A1 (sky130_fd_sc_hd__a21bo_2)
     2    0.010920    0.072712    0.156893    5.844759 ^ _376_/X (sky130_fd_sc_hd__a21bo_2)
                                                         _175_ (net)
                      0.072712    0.000000    5.844759 ^ _377_/B (sky130_fd_sc_hd__xnor2_2)
     1    0.002005    0.091323    0.097311    5.942070 ^ _377_/Y (sky130_fd_sc_hd__xnor2_2)
                                                         adder.cla_blocks[5].block.sum[1] (net)
                      0.091323    0.000000    5.942070 ^ _453_/D (sky130_fd_sc_hd__dfrtp_2)
                                              5.942070   data arrival time

                      0.150000   20.000000   20.000000   clock clk (rise edge)
                                  0.000000   20.000000   clock network delay (ideal)
                                 -0.250000   19.750002   clock uncertainty
                                  0.000000   19.750002   clock reconvergence pessimism
                                             19.750002 ^ _453_/CLK (sky130_fd_sc_hd__dfrtp_2)
                                 -0.058060   19.691940   library setup time
                                             19.691940   data required time
---------------------------------------------------------------------------------------------
                                             19.691940   data required time
                                             -5.942070   data arrival time
---------------------------------------------------------------------------------------------
                                             13.749871   slack (MET)


Startpoint: data_in[6] (input port clocked by clk)
Endpoint: _446_ (rising edge-triggered flip-flop clocked by clk)
Path Group: clk
Path Type: max

Fanout         Cap        Slew       Delay        Time   Description
---------------------------------------------------------------------------------------------
                      0.150000    0.000000    0.000000   clock clk (rise edge)
                                  0.000000    0.000000   clock network delay (ideal)
                                  4.000000    4.000000 v input external delay
     3    0.016876    0.039655    0.027157    4.027157 v data_in[6] (in)
                                                         data_in[6] (net)
                      0.039655    0.000000    4.027157 v _272_/A (sky130_fd_sc_hd__xnor2_2)
     3    0.006982    0.066190    0.137129    4.164286 v _272_/Y (sky130_fd_sc_hd__xnor2_2)
                                                         _080_ (net)
                      0.066190    0.000000    4.164286 v _276_/A (sky130_fd_sc_hd__or3_2)
     3    0.008647    0.098783    0.506831    4.671116 v _276_/X (sky130_fd_sc_hd__or3_2)
                                                         _084_ (net)
                      0.098783    0.000000    4.671116 v _287_/A1 (sky130_fd_sc_hd__o31a_2)
     3    0.010671    0.073185    0.387957    5.059073 v _287_/X (sky130_fd_sc_hd__o31a_2)
                                                         _095_ (net)
                      0.073185    0.000000    5.059073 v _289_/A2 (sky130_fd_sc_hd__a211oi_2)
     2    0.004110    0.164201    0.226481    5.285554 ^ _289_/Y (sky130_fd_sc_hd__a211oi_2)
                                                         _097_ (net)
                      0.164201    0.000000    5.285554 ^ _291_/A (sky130_fd_sc_hd__or2_2)
     2    0.011857    0.073351    0.170455    5.456009 ^ _291_/X (sky130_fd_sc_hd__or2_2)
                                                         _099_ (net)
                      0.073351    0.000000    5.456009 ^ _392_/A1 (sky130_fd_sc_hd__a21bo_2)
     2    0.010920    0.072702    0.154663    5.610672 ^ _392_/X (sky130_fd_sc_hd__a21bo_2)
                                                         _183_ (net)
                      0.072702    0.000000    5.610672 ^ _394_/A2 (sky130_fd_sc_hd__a21bo_2)
     2    0.010920    0.072663    0.157741    5.768414 ^ _394_/X (sky130_fd_sc_hd__a21bo_2)
                                                         _184_ (net)
                      0.072663    0.000000    5.768414 ^ _395_/B (sky130_fd_sc_hd__xnor2_2)
     1    0.002005    0.091322    0.097297    5.865710 ^ _395_/Y (sky130_fd_sc_hd__xnor2_2)
                                                         adder.cla_blocks[3].block.sum[2] (net)
                      0.091322    0.000000    5.865710 ^ _446_/D (sky130_fd_sc_hd__dfrtp_2)
                                              5.865710   data arrival time

                      0.150000   20.000000   20.000000   clock clk (rise edge)
                                  0.000000   20.000000   clock network delay (ideal)
                                 -0.250000   19.750002   clock uncertainty
                                  0.000000   19.750002   clock reconvergence pessimism
                                             19.750002 ^ _446_/CLK (sky130_fd_sc_hd__dfrtp_2)
                                 -0.058060   19.691940   library setup time
                                             19.691940   data required time
---------------------------------------------------------------------------------------------
                                             19.691940   data required time
                                             -5.865710   data arrival time
---------------------------------------------------------------------------------------------
                                             13.826231   slack (MET)


Startpoint: data_in[6] (input port clocked by clk)
Endpoint: _452_ (rising edge-triggered flip-flop clocked by clk)
Path Group: clk
Path Type: max

Fanout         Cap        Slew       Delay        Time   Description
---------------------------------------------------------------------------------------------
                      0.150000    0.000000    0.000000   clock clk (rise edge)
                                  0.000000    0.000000   clock network delay (ideal)
                                  4.000000    4.000000 v input external delay
     3    0.016876    0.039655    0.027157    4.027157 v data_in[6] (in)
                                                         data_in[6] (net)
                      0.039655    0.000000    4.027157 v _272_/A (sky130_fd_sc_hd__xnor2_2)
     3    0.006982    0.066190    0.137129    4.164286 v _272_/Y (sky130_fd_sc_hd__xnor2_2)
                                                         _080_ (net)
                      0.066190    0.000000    4.164286 v _276_/A (sky130_fd_sc_hd__or3_2)
     3    0.008647    0.098783    0.506831    4.671116 v _276_/X (sky130_fd_sc_hd__or3_2)
                                                         _084_ (net)
                      0.098783    0.000000    4.671116 v _287_/A1 (sky130_fd_sc_hd__o31a_2)
     3    0.010671    0.073185    0.387957    5.059073 v _287_/X (sky130_fd_sc_hd__o31a_2)
                                                         _095_ (net)
                      0.073185    0.000000    5.059073 v _289_/A2 (sky130_fd_sc_hd__a211oi_2)
     2    0.004110    0.164201    0.226481    5.285554 ^ _289_/Y (sky130_fd_sc_hd__a211oi_2)
                                                         _097_ (net)
                      0.164201    0.000000    5.285554 ^ _307_/A1 (sky130_fd_sc_hd__o211a_2)
     2    0.006179    0.060811    0.210046    5.495600 ^ _307_/X (sky130_fd_sc_hd__o211a_2)
                                                         _115_ (net)
                      0.060811    0.000000    5.495600 ^ _321_/A1 (sky130_fd_sc_hd__o211ai_2)
     2    0.006544    0.077770    0.099270    5.594870 v _321_/Y (sky130_fd_sc_hd__o211ai_2)
                                                         _129_ (net)
                      0.077770    0.000000    5.594870 v _326_/A (sky130_fd_sc_hd__nand2_2)
     2    0.011521    0.079916    0.092997    5.687866 ^ _326_/Y (sky130_fd_sc_hd__nand2_2)
                                                         _134_ (net)
                      0.079916    0.000000    5.687866 ^ _375_/A (sky130_fd_sc_hd__xnor2_2)
     1    0.002005    0.091317    0.104123    5.791989 ^ _375_/Y (sky130_fd_sc_hd__xnor2_2)
                                                         adder.cla_blocks[5].block.sum[0] (net)
                      0.091317    0.000000    5.791989 ^ _452_/D (sky130_fd_sc_hd__dfrtp_2)
                                              5.791989   data arrival time

                      0.150000   20.000000   20.000000   clock clk (rise edge)
                                  0.000000   20.000000   clock network delay (ideal)
                                 -0.250000   19.750002   clock uncertainty
                                  0.000000   19.750002   clock reconvergence pessimism
                                             19.750002 ^ _452_/CLK (sky130_fd_sc_hd__dfrtp_2)
                                 -0.058059   19.691942   library setup time
                                             19.691942   data required time
---------------------------------------------------------------------------------------------
                                             19.691942   data required time
                                             -5.791989   data arrival time
---------------------------------------------------------------------------------------------
                                             13.899954   slack (MET)


Startpoint: data_in[6] (input port clocked by clk)
Endpoint: _443_ (rising edge-triggered flip-flop clocked by clk)
Path Group: clk
Path Type: max

Fanout         Cap        Slew       Delay        Time   Description
---------------------------------------------------------------------------------------------
                      0.150000    0.000000    0.000000   clock clk (rise edge)
                                  0.000000    0.000000   clock network delay (ideal)
                                  4.000000    4.000000 v input external delay
     3    0.016876    0.039655    0.027157    4.027157 v data_in[6] (in)
                                                         data_in[6] (net)
                      0.039655    0.000000    4.027157 v _272_/A (sky130_fd_sc_hd__xnor2_2)
     3    0.006982    0.066190    0.137129    4.164286 v _272_/Y (sky130_fd_sc_hd__xnor2_2)
                                                         _080_ (net)
                      0.066190    0.000000    4.164286 v _276_/A (sky130_fd_sc_hd__or3_2)
     3    0.008647    0.098783    0.506831    4.671116 v _276_/X (sky130_fd_sc_hd__or3_2)
                                                         _084_ (net)
                      0.098783    0.000000    4.671116 v _287_/A1 (sky130_fd_sc_hd__o31a_2)
     3    0.010671    0.073185    0.387957    5.059073 v _287_/X (sky130_fd_sc_hd__o31a_2)
                                                         _095_ (net)
                      0.073185    0.000000    5.059073 v _288_/A2 (sky130_fd_sc_hd__a21o_2)
     2    0.005633    0.042163    0.225133    5.284206 v _288_/X (sky130_fd_sc_hd__a21o_2)
                                                         _096_ (net)
                      0.042163    0.000000    5.284206 v _400_/B (sky130_fd_sc_hd__nand2_2)
     2    0.010920    0.075773    0.084267    5.368473 ^ _400_/Y (sky130_fd_sc_hd__nand2_2)
                                                         _187_ (net)
                      0.075773    0.000000    5.368473 ^ _402_/A2 (sky130_fd_sc_hd__a21bo_2)
     2    0.010920    0.072672    0.158688    5.527161 ^ _402_/X (sky130_fd_sc_hd__a21bo_2)
                                                         _188_ (net)
                      0.072672    0.000000    5.527161 ^ _404_/A2 (sky130_fd_sc_hd__a21bo_2)
     1    0.008442    0.060627    0.147600    5.674761 ^ _404_/X (sky130_fd_sc_hd__a21bo_2)
                                                         _189_ (net)
                      0.060627    0.000000    5.674761 ^ _405_/B (sky130_fd_sc_hd__xnor2_2)
     1    0.002005    0.091325    0.093916    5.768676 ^ _405_/Y (sky130_fd_sc_hd__xnor2_2)
                                                         adder.cla_blocks[2].block.sum[3] (net)
                      0.091325    0.000000    5.768676 ^ _443_/D (sky130_fd_sc_hd__dfrtp_2)
                                              5.768676   data arrival time

                      0.150000   20.000000   20.000000   clock clk (rise edge)
                                  0.000000   20.000000   clock network delay (ideal)
                                 -0.250000   19.750002   clock uncertainty
                                  0.000000   19.750002   clock reconvergence pessimism
                                             19.750002 ^ _443_/CLK (sky130_fd_sc_hd__dfrtp_2)
                                 -0.058061   19.691940   library setup time
                                             19.691940   data required time
---------------------------------------------------------------------------------------------
                                             19.691940   data required time
                                             -5.768676   data arrival time
---------------------------------------------------------------------------------------------
                                             13.923265   slack (MET)


Startpoint: data_in[6] (input port clocked by clk)
Endpoint: _448_ (rising edge-triggered flip-flop clocked by clk)
Path Group: clk
Path Type: max

Fanout         Cap        Slew       Delay        Time   Description
---------------------------------------------------------------------------------------------
                      0.150000    0.000000    0.000000   clock clk (rise edge)
                                  0.000000    0.000000   clock network delay (ideal)
                                  4.000000    4.000000 v input external delay
     3    0.016876    0.039655    0.027157    4.027157 v data_in[6] (in)
                                                         data_in[6] (net)
                      0.039655    0.000000    4.027157 v _272_/A (sky130_fd_sc_hd__xnor2_2)
     3    0.006982    0.066190    0.137129    4.164286 v _272_/Y (sky130_fd_sc_hd__xnor2_2)
                                                         _080_ (net)
                      0.066190    0.000000    4.164286 v _276_/A (sky130_fd_sc_hd__or3_2)
     3    0.008647    0.098783    0.506831    4.671116 v _276_/X (sky130_fd_sc_hd__or3_2)
                                                         _084_ (net)
                      0.098783    0.000000    4.671116 v _287_/A1 (sky130_fd_sc_hd__o31a_2)
     3    0.010671    0.073185    0.387957    5.059073 v _287_/X (sky130_fd_sc_hd__o31a_2)
                                                         _095_ (net)
                      0.073185    0.000000    5.059073 v _289_/A2 (sky130_fd_sc_hd__a211oi_2)
     2    0.004110    0.164201    0.226481    5.285554 ^ _289_/Y (sky130_fd_sc_hd__a211oi_2)
                                                         _097_ (net)
                      0.164201    0.000000    5.285554 ^ _307_/A1 (sky130_fd_sc_hd__o211a_2)
     2    0.006179    0.060811    0.210046    5.495600 ^ _307_/X (sky130_fd_sc_hd__o211a_2)
                                                         _115_ (net)
                      0.060811    0.000000    5.495600 ^ _310_/A (sky130_fd_sc_hd__or2_2)
     2    0.013933    0.082782    0.143410    5.639010 ^ _310_/X (sky130_fd_sc_hd__or2_2)
                                                         _118_ (net)
                      0.082782    0.000000    5.639010 ^ _383_/A (sky130_fd_sc_hd__xor2_2)
     1    0.002005    0.082913    0.107933    5.746943 ^ _383_/X (sky130_fd_sc_hd__xor2_2)
                                                         adder.cla_blocks[4].block.sum[0] (net)
                      0.082913    0.000000    5.746943 ^ _448_/D (sky130_fd_sc_hd__dfrtp_2)
                                              5.746943   data arrival time

                      0.150000   20.000000   20.000000   clock clk (rise edge)
                                  0.000000   20.000000   clock network delay (ideal)
                                 -0.250000   19.750002   clock uncertainty
                                  0.000000   19.750002   clock reconvergence pessimism
                                             19.750002 ^ _448_/CLK (sky130_fd_sc_hd__dfrtp_2)
                                 -0.056140   19.693861   library setup time
                                             19.693861   data required time
---------------------------------------------------------------------------------------------
                                             19.693861   data required time
                                             -5.746943   data arrival time
---------------------------------------------------------------------------------------------
                                             13.946918   slack (MET)


Startpoint: data_in[6] (input port clocked by clk)
Endpoint: _445_ (rising edge-triggered flip-flop clocked by clk)
Path Group: clk
Path Type: max

Fanout         Cap        Slew       Delay        Time   Description
---------------------------------------------------------------------------------------------
                      0.150000    0.000000    0.000000   clock clk (rise edge)
                                  0.000000    0.000000   clock network delay (ideal)
                                  4.000000    4.000000 v input external delay
     3    0.016876    0.039655    0.027157    4.027157 v data_in[6] (in)
                                                         data_in[6] (net)
                      0.039655    0.000000    4.027157 v _272_/A (sky130_fd_sc_hd__xnor2_2)
     3    0.006982    0.066190    0.137129    4.164286 v _272_/Y (sky130_fd_sc_hd__xnor2_2)
                                                         _080_ (net)
                      0.066190    0.000000    4.164286 v _276_/A (sky130_fd_sc_hd__or3_2)
     3    0.008647    0.098783    0.506831    4.671116 v _276_/X (sky130_fd_sc_hd__or3_2)
                                                         _084_ (net)
                      0.098783    0.000000    4.671116 v _287_/A1 (sky130_fd_sc_hd__o31a_2)
     3    0.010671    0.073185    0.387957    5.059073 v _287_/X (sky130_fd_sc_hd__o31a_2)
                                                         _095_ (net)
                      0.073185    0.000000    5.059073 v _289_/A2 (sky130_fd_sc_hd__a211oi_2)
     2    0.004110    0.164201    0.226481    5.285554 ^ _289_/Y (sky130_fd_sc_hd__a211oi_2)
                                                         _097_ (net)
                      0.164201    0.000000    5.285554 ^ _291_/A (sky130_fd_sc_hd__or2_2)
     2    0.011857    0.073351    0.170455    5.456009 ^ _291_/X (sky130_fd_sc_hd__or2_2)
                                                         _099_ (net)
                      0.073351    0.000000    5.456009 ^ _392_/A1 (sky130_fd_sc_hd__a21bo_2)
     2    0.010920    0.072702    0.154663    5.610672 ^ _392_/X (sky130_fd_sc_hd__a21bo_2)
                                                         _183_ (net)
                      0.072702    0.000000    5.610672 ^ _393_/B (sky130_fd_sc_hd__xnor2_2)
     1    0.002005    0.091322    0.097307    5.707980 ^ _393_/Y (sky130_fd_sc_hd__xnor2_2)
                                                         adder.cla_blocks[3].block.sum[1] (net)
                      0.091322    0.000000    5.707980 ^ _445_/D (sky130_fd_sc_hd__dfrtp_2)
                                              5.707980   data arrival time

                      0.150000   20.000000   20.000000   clock clk (rise edge)
                                  0.000000   20.000000   clock network delay (ideal)
                                 -0.250000   19.750002   clock uncertainty
                                  0.000000   19.750002   clock reconvergence pessimism
                                             19.750002 ^ _445_/CLK (sky130_fd_sc_hd__dfrtp_2)
                                 -0.058060   19.691940   library setup time
                                             19.691940   data required time
---------------------------------------------------------------------------------------------
                                             19.691940   data required time
                                             -5.707980   data arrival time
---------------------------------------------------------------------------------------------
                                             13.983961   slack (MET)


Startpoint: data_in[1] (input port clocked by clk)
Endpoint: _439_ (rising edge-triggered flip-flop clocked by clk)
Path Group: clk
Path Type: max

Fanout         Cap        Slew       Delay        Time   Description
---------------------------------------------------------------------------------------------
                      0.150000    0.000000    0.000000   clock clk (rise edge)
                                  0.000000    0.000000   clock network delay (ideal)
                                  4.000000    4.000000 ^ input external delay
     2    0.009168    0.048970    0.031275    4.031274 ^ data_in[1] (in)
                                                         data_in[1] (net)
                      0.048970    0.000000    4.031274 ^ _264_/A (sky130_fd_sc_hd__nor2_2)
     2    0.006362    0.053000    0.042339    4.073614 v _264_/Y (sky130_fd_sc_hd__nor2_2)
                                                         _072_ (net)
                      0.053000    0.000000    4.073614 v _267_/A1 (sky130_fd_sc_hd__o21a_2)
     2    0.006331    0.043642    0.218586    4.292201 v _267_/X (sky130_fd_sc_hd__o21a_2)
                                                         _075_ (net)
                      0.043642    0.000000    4.292201 v _268_/C (sky130_fd_sc_hd__nor3_2)
     4    0.018848    0.357278    0.275104    4.567305 ^ _268_/Y (sky130_fd_sc_hd__nor3_2)
                                                         _076_ (net)
                      0.357278    0.000000    4.567305 ^ _271_/B1 (sky130_fd_sc_hd__o22ai_2)
     2    0.005719    0.102426    0.145432    4.712736 v _271_/Y (sky130_fd_sc_hd__o22ai_2)
                                                         _079_ (net)
                      0.102426    0.000000    4.712736 v _406_/A (sky130_fd_sc_hd__or2_2)
     3    0.007906    0.070900    0.332505    5.045241 v _406_/X (sky130_fd_sc_hd__or2_2)
                                                         _190_ (net)
                      0.070900    0.000000    5.045241 v _409_/A2 (sky130_fd_sc_hd__a21o_2)
     3    0.007482    0.046566    0.230324    5.275566 v _409_/X (sky130_fd_sc_hd__a21o_2)
                                                         _192_ (net)
                      0.046566    0.000000    5.275566 v _412_/A2 (sky130_fd_sc_hd__a21oi_2)
     2    0.009318    0.149759    0.172681    5.448246 ^ _412_/Y (sky130_fd_sc_hd__a21oi_2)
                                                         _194_ (net)
                      0.149759    0.000000    5.448246 ^ _415_/B1 (sky130_fd_sc_hd__a21oi_2)
     1    0.008077    0.070912    0.061271    5.509518 v _415_/Y (sky130_fd_sc_hd__a21oi_2)
                                                         _196_ (net)
                      0.070912    0.000000    5.509518 v _416_/B (sky130_fd_sc_hd__xnor2_2)
     1    0.001949    0.040969    0.127346    5.636864 v _416_/Y (sky130_fd_sc_hd__xnor2_2)
                                                         adder.cla_blocks[1].block.sum[3] (net)
                      0.040969    0.000000    5.636864 v _439_/D (sky130_fd_sc_hd__dfrtp_2)
                                              5.636864   data arrival time

                      0.150000   20.000000   20.000000   clock clk (rise edge)
                                  0.000000   20.000000   clock network delay (ideal)
                                 -0.250000   19.750002   clock uncertainty
                                  0.000000   19.750002   clock reconvergence pessimism
                                             19.750002 ^ _439_/CLK (sky130_fd_sc_hd__dfrtp_2)
                                 -0.089449   19.660553   library setup time
                                             19.660553   data required time
---------------------------------------------------------------------------------------------
                                             19.660553   data required time
                                             -5.636864   data arrival time
---------------------------------------------------------------------------------------------
                                             14.023689   slack (MET)


Startpoint: data_in[6] (input port clocked by clk)
Endpoint: _442_ (rising edge-triggered flip-flop clocked by clk)
Path Group: clk
Path Type: max

Fanout         Cap        Slew       Delay        Time   Description
---------------------------------------------------------------------------------------------
                      0.150000    0.000000    0.000000   clock clk (rise edge)
                                  0.000000    0.000000   clock network delay (ideal)
                                  4.000000    4.000000 v input external delay
     3    0.016876    0.039655    0.027157    4.027157 v data_in[6] (in)
                                                         data_in[6] (net)
                      0.039655    0.000000    4.027157 v _272_/A (sky130_fd_sc_hd__xnor2_2)
     3    0.006982    0.066190    0.137129    4.164286 v _272_/Y (sky130_fd_sc_hd__xnor2_2)
                                                         _080_ (net)
                      0.066190    0.000000    4.164286 v _276_/A (sky130_fd_sc_hd__or3_2)
     3    0.008647    0.098783    0.506831    4.671116 v _276_/X (sky130_fd_sc_hd__or3_2)
                                                         _084_ (net)
                      0.098783    0.000000    4.671116 v _287_/A1 (sky130_fd_sc_hd__o31a_2)
     3    0.010671    0.073185    0.387957    5.059073 v _287_/X (sky130_fd_sc_hd__o31a_2)
                                                         _095_ (net)
                      0.073185    0.000000    5.059073 v _288_/A2 (sky130_fd_sc_hd__a21o_2)
     2    0.005633    0.042163    0.225133    5.284206 v _288_/X (sky130_fd_sc_hd__a21o_2)
                                                         _096_ (net)
                      0.042163    0.000000    5.284206 v _400_/B (sky130_fd_sc_hd__nand2_2)
     2    0.010920    0.075773    0.084267    5.368473 ^ _400_/Y (sky130_fd_sc_hd__nand2_2)
                                                         _187_ (net)
                      0.075773    0.000000    5.368473 ^ _402_/A2 (sky130_fd_sc_hd__a21bo_2)
     2    0.010920    0.072672    0.158688    5.527161 ^ _402_/X (sky130_fd_sc_hd__a21bo_2)
                                                         _188_ (net)
                      0.072672    0.000000    5.527161 ^ _403_/B (sky130_fd_sc_hd__xnor2_2)
     1    0.002005    0.091324    0.097299    5.624460 ^ _403_/Y (sky130_fd_sc_hd__xnor2_2)
                                                         adder.cla_blocks[2].block.sum[2] (net)
                      0.091324    0.000000    5.624460 ^ _442_/D (sky130_fd_sc_hd__dfrtp_2)
                                              5.624460   data arrival time

                      0.150000   20.000000   20.000000   clock clk (rise edge)
                                  0.000000   20.000000   clock network delay (ideal)
                                 -0.250000   19.750002   clock uncertainty
                                  0.000000   19.750002   clock reconvergence pessimism
                                             19.750002 ^ _442_/CLK (sky130_fd_sc_hd__dfrtp_2)
                                 -0.058061   19.691940   library setup time
                                             19.691940   data required time
---------------------------------------------------------------------------------------------
                                             19.691940   data required time
                                             -5.624460   data arrival time
---------------------------------------------------------------------------------------------
                                             14.067481   slack (MET)


Startpoint: data_in[6] (input port clocked by clk)
Endpoint: _444_ (rising edge-triggered flip-flop clocked by clk)
Path Group: clk
Path Type: max

Fanout         Cap        Slew       Delay        Time   Description
---------------------------------------------------------------------------------------------
                      0.150000    0.000000    0.000000   clock clk (rise edge)
                                  0.000000    0.000000   clock network delay (ideal)
                                  4.000000    4.000000 v input external delay
     3    0.016876    0.039655    0.027157    4.027157 v data_in[6] (in)
                                                         data_in[6] (net)
                      0.039655    0.000000    4.027157 v _272_/A (sky130_fd_sc_hd__xnor2_2)
     3    0.006982    0.066190    0.137129    4.164286 v _272_/Y (sky130_fd_sc_hd__xnor2_2)
                                                         _080_ (net)
                      0.066190    0.000000    4.164286 v _276_/A (sky130_fd_sc_hd__or3_2)
     3    0.008647    0.098783    0.506831    4.671116 v _276_/X (sky130_fd_sc_hd__or3_2)
                                                         _084_ (net)
                      0.098783    0.000000    4.671116 v _287_/A1 (sky130_fd_sc_hd__o31a_2)
     3    0.010671    0.073185    0.387957    5.059073 v _287_/X (sky130_fd_sc_hd__o31a_2)
                                                         _095_ (net)
                      0.073185    0.000000    5.059073 v _289_/A2 (sky130_fd_sc_hd__a211oi_2)
     2    0.004110    0.164201    0.226481    5.285554 ^ _289_/Y (sky130_fd_sc_hd__a211oi_2)
                                                         _097_ (net)
                      0.164201    0.000000    5.285554 ^ _291_/A (sky130_fd_sc_hd__or2_2)
     2    0.011857    0.073351    0.170455    5.456009 ^ _291_/X (sky130_fd_sc_hd__or2_2)
                                                         _099_ (net)
                      0.073351    0.000000    5.456009 ^ _391_/A (sky130_fd_sc_hd__xor2_2)
     1    0.002005    0.082886    0.105278    5.561287 ^ _391_/X (sky130_fd_sc_hd__xor2_2)
                                                         adder.cla_blocks[3].block.sum[0] (net)
                      0.082886    0.000000    5.561287 ^ _444_/D (sky130_fd_sc_hd__dfrtp_2)
                                              5.561287   data arrival time

                      0.150000   20.000000   20.000000   clock clk (rise edge)
                                  0.000000   20.000000   clock network delay (ideal)
                                 -0.250000   19.750002   clock uncertainty
                                  0.000000   19.750002   clock reconvergence pessimism
                                             19.750002 ^ _444_/CLK (sky130_fd_sc_hd__dfrtp_2)
                                 -0.056134   19.693867   library setup time
                                             19.693867   data required time
---------------------------------------------------------------------------------------------
                                             19.693867   data required time
                                             -5.561287   data arrival time
---------------------------------------------------------------------------------------------
                                             14.132580   slack (MET)


Startpoint: data_in[1] (input port clocked by clk)
Endpoint: _438_ (rising edge-triggered flip-flop clocked by clk)
Path Group: clk
Path Type: max

Fanout         Cap        Slew       Delay        Time   Description
---------------------------------------------------------------------------------------------
                      0.150000    0.000000    0.000000   clock clk (rise edge)
                                  0.000000    0.000000   clock network delay (ideal)
                                  4.000000    4.000000 ^ input external delay
     2    0.009168    0.048970    0.031275    4.031274 ^ data_in[1] (in)
                                                         data_in[1] (net)
                      0.048970    0.000000    4.031274 ^ _264_/A (sky130_fd_sc_hd__nor2_2)
     2    0.006362    0.053000    0.042339    4.073614 v _264_/Y (sky130_fd_sc_hd__nor2_2)
                                                         _072_ (net)
                      0.053000    0.000000    4.073614 v _267_/A1 (sky130_fd_sc_hd__o21a_2)
     2    0.006331    0.043642    0.218586    4.292201 v _267_/X (sky130_fd_sc_hd__o21a_2)
                                                         _075_ (net)
                      0.043642    0.000000    4.292201 v _268_/C (sky130_fd_sc_hd__nor3_2)
     4    0.018848    0.357278    0.275104    4.567305 ^ _268_/Y (sky130_fd_sc_hd__nor3_2)
                                                         _076_ (net)
                      0.357278    0.000000    4.567305 ^ _271_/B1 (sky130_fd_sc_hd__o22ai_2)
     2    0.005719    0.102426    0.145432    4.712736 v _271_/Y (sky130_fd_sc_hd__o22ai_2)
                                                         _079_ (net)
                      0.102426    0.000000    4.712736 v _406_/A (sky130_fd_sc_hd__or2_2)
     3    0.007906    0.070900    0.332505    5.045241 v _406_/X (sky130_fd_sc_hd__or2_2)
                                                         _190_ (net)
                      0.070900    0.000000    5.045241 v _409_/A2 (sky130_fd_sc_hd__a21o_2)
     3    0.007482    0.046566    0.230324    5.275566 v _409_/X (sky130_fd_sc_hd__a21o_2)
                                                         _192_ (net)
                      0.046566    0.000000    5.275566 v _413_/C (sky130_fd_sc_hd__and3_2)
     1    0.004136    0.042430    0.208385    5.483951 v _413_/X (sky130_fd_sc_hd__and3_2)
                                                         _195_ (net)
                      0.042430    0.000000    5.483951 v _414_/B (sky130_fd_sc_hd__nor2_2)
     1    0.002005    0.054197    0.062020    5.545970 ^ _414_/Y (sky130_fd_sc_hd__nor2_2)
                                                         adder.cla_blocks[1].block.sum[2] (net)
                      0.054197    0.000000    5.545970 ^ _438_/D (sky130_fd_sc_hd__dfrtp_2)
                                              5.545970   data arrival time

                      0.150000   20.000000   20.000000   clock clk (rise edge)
                                  0.000000   20.000000   clock network delay (ideal)
                                 -0.250000   19.750002   clock uncertainty
                                  0.000000   19.750002   clock reconvergence pessimism
                                             19.750002 ^ _438_/CLK (sky130_fd_sc_hd__dfrtp_2)
                                 -0.049585   19.700417   library setup time
                                             19.700417   data required time
---------------------------------------------------------------------------------------------
                                             19.700417   data required time
                                             -5.545970   data arrival time
---------------------------------------------------------------------------------------------
                                             14.154445   slack (MET)


Startpoint: data_in[6] (input port clocked by clk)
Endpoint: _440_ (rising edge-triggered flip-flop clocked by clk)
Path Group: clk
Path Type: max

Fanout         Cap        Slew       Delay        Time   Description
---------------------------------------------------------------------------------------------
                      0.150000    0.000000    0.000000   clock clk (rise edge)
                                  0.000000    0.000000   clock network delay (ideal)
                                  4.000000    4.000000 v input external delay
     3    0.016876    0.039655    0.027157    4.027157 v data_in[6] (in)
                                                         data_in[6] (net)
                      0.039655    0.000000    4.027157 v _272_/A (sky130_fd_sc_hd__xnor2_2)
     3    0.006982    0.066190    0.137129    4.164286 v _272_/Y (sky130_fd_sc_hd__xnor2_2)
                                                         _080_ (net)
                      0.066190    0.000000    4.164286 v _276_/A (sky130_fd_sc_hd__or3_2)
     3    0.008647    0.098783    0.506831    4.671116 v _276_/X (sky130_fd_sc_hd__or3_2)
                                                         _084_ (net)
                      0.098783    0.000000    4.671116 v _287_/A1 (sky130_fd_sc_hd__o31a_2)
     3    0.010671    0.073185    0.387957    5.059073 v _287_/X (sky130_fd_sc_hd__o31a_2)
                                                         _095_ (net)
                      0.073185    0.000000    5.059073 v _288_/A2 (sky130_fd_sc_hd__a21o_2)
     2    0.005633    0.042163    0.225133    5.284206 v _288_/X (sky130_fd_sc_hd__a21o_2)
                                                         _096_ (net)
                      0.042163    0.000000    5.284206 v _399_/A (sky130_fd_sc_hd__and2_2)
     1    0.001949    0.034527    0.157238    5.441444 v _399_/X (sky130_fd_sc_hd__and2_2)
                                                         adder.cla_blocks[2].block.sum[0] (net)
                      0.034527    0.000000    5.441444 v _440_/D (sky130_fd_sc_hd__dfrtp_2)
                                              5.441444   data arrival time

                      0.150000   20.000000   20.000000   clock clk (rise edge)
                                  0.000000   20.000000   clock network delay (ideal)
                                 -0.250000   19.750002   clock uncertainty
                                  0.000000   19.750002   clock reconvergence pessimism
                                             19.750002 ^ _440_/CLK (sky130_fd_sc_hd__dfrtp_2)
                                 -0.086639   19.663363   library setup time
                                             19.663363   data required time
---------------------------------------------------------------------------------------------
                                             19.663363   data required time
                                             -5.441444   data arrival time
---------------------------------------------------------------------------------------------
                                             14.221919   slack (MET)


Startpoint: data_in[6] (input port clocked by clk)
Endpoint: _441_ (rising edge-triggered flip-flop clocked by clk)
Path Group: clk
Path Type: max

Fanout         Cap        Slew       Delay        Time   Description
---------------------------------------------------------------------------------------------
                      0.150000    0.000000    0.000000   clock clk (rise edge)
                                  0.000000    0.000000   clock network delay (ideal)
                                  4.000000    4.000000 v input external delay
     3    0.016876    0.039655    0.027157    4.027157 v data_in[6] (in)
                                                         data_in[6] (net)
                      0.039655    0.000000    4.027157 v _272_/A (sky130_fd_sc_hd__xnor2_2)
     3    0.006982    0.066190    0.137129    4.164286 v _272_/Y (sky130_fd_sc_hd__xnor2_2)
                                                         _080_ (net)
                      0.066190    0.000000    4.164286 v _276_/A (sky130_fd_sc_hd__or3_2)
     3    0.008647    0.098783    0.506831    4.671116 v _276_/X (sky130_fd_sc_hd__or3_2)
                                                         _084_ (net)
                      0.098783    0.000000    4.671116 v _287_/A1 (sky130_fd_sc_hd__o31a_2)
     3    0.010671    0.073185    0.387957    5.059073 v _287_/X (sky130_fd_sc_hd__o31a_2)
                                                         _095_ (net)
                      0.073185    0.000000    5.059073 v _288_/A2 (sky130_fd_sc_hd__a21o_2)
     2    0.005633    0.042163    0.225133    5.284206 v _288_/X (sky130_fd_sc_hd__a21o_2)
                                                         _096_ (net)
                      0.042163    0.000000    5.284206 v _400_/B (sky130_fd_sc_hd__nand2_2)
     2    0.010920    0.075773    0.084267    5.368473 ^ _400_/Y (sky130_fd_sc_hd__nand2_2)
                                                         _187_ (net)
                      0.075773    0.000000    5.368473 ^ _401_/B (sky130_fd_sc_hd__xnor2_2)
     1    0.002005    0.091321    0.098170    5.466643 ^ _401_/Y (sky130_fd_sc_hd__xnor2_2)
                                                         adder.cla_blocks[2].block.sum[1] (net)
                      0.091321    0.000000    5.466643 ^ _441_/D (sky130_fd_sc_hd__dfrtp_2)
                                              5.466643   data arrival time

                      0.150000   20.000000   20.000000   clock clk (rise edge)
                                  0.000000   20.000000   clock network delay (ideal)
                                 -0.250000   19.750002   clock uncertainty
                                  0.000000   19.750002   clock reconvergence pessimism
                                             19.750002 ^ _441_/CLK (sky130_fd_sc_hd__dfrtp_2)
                                 -0.058060   19.691940   library setup time
                                             19.691940   data required time
---------------------------------------------------------------------------------------------
                                             19.691940   data required time
                                             -5.466643   data arrival time
---------------------------------------------------------------------------------------------
                                             14.225298   slack (MET)


Startpoint: data_in[1] (input port clocked by clk)
Endpoint: _437_ (rising edge-triggered flip-flop clocked by clk)
Path Group: clk
Path Type: max

Fanout         Cap        Slew       Delay        Time   Description
---------------------------------------------------------------------------------------------
                      0.150000    0.000000    0.000000   clock clk (rise edge)
                                  0.000000    0.000000   clock network delay (ideal)
                                  4.000000    4.000000 ^ input external delay
     2    0.009168    0.048970    0.031275    4.031274 ^ data_in[1] (in)
                                                         data_in[1] (net)
                      0.048970    0.000000    4.031274 ^ _264_/A (sky130_fd_sc_hd__nor2_2)
     2    0.006362    0.053000    0.042339    4.073614 v _264_/Y (sky130_fd_sc_hd__nor2_2)
                                                         _072_ (net)
                      0.053000    0.000000    4.073614 v _267_/A1 (sky130_fd_sc_hd__o21a_2)
     2    0.006331    0.043642    0.218586    4.292201 v _267_/X (sky130_fd_sc_hd__o21a_2)
                                                         _075_ (net)
                      0.043642    0.000000    4.292201 v _268_/C (sky130_fd_sc_hd__nor3_2)
     4    0.018848    0.357278    0.275104    4.567305 ^ _268_/Y (sky130_fd_sc_hd__nor3_2)
                                                         _076_ (net)
                      0.357278    0.000000    4.567305 ^ _271_/B1 (sky130_fd_sc_hd__o22ai_2)
     2    0.005719    0.102426    0.145432    4.712736 v _271_/Y (sky130_fd_sc_hd__o22ai_2)
                                                         _079_ (net)
                      0.102426    0.000000    4.712736 v _406_/A (sky130_fd_sc_hd__or2_2)
     3    0.007906    0.070900    0.332505    5.045241 v _406_/X (sky130_fd_sc_hd__or2_2)
                                                         _190_ (net)
                      0.070900    0.000000    5.045241 v _409_/A2 (sky130_fd_sc_hd__a21o_2)
     3    0.007482    0.046566    0.230324    5.275566 v _409_/X (sky130_fd_sc_hd__a21o_2)
                                                         _192_ (net)
                      0.046566    0.000000    5.275566 v _411_/A (sky130_fd_sc_hd__and2_2)
     1    0.001949    0.034550    0.159086    5.434651 v _411_/X (sky130_fd_sc_hd__and2_2)
                                                         adder.cla_blocks[1].block.sum[1] (net)
                      0.034550    0.000000    5.434651 v _437_/D (sky130_fd_sc_hd__dfrtp_2)
                                              5.434651   data arrival time

                      0.150000   20.000000   20.000000   clock clk (rise edge)
                                  0.000000   20.000000   clock network delay (ideal)
                                 -0.250000   19.750002   clock uncertainty
                                  0.000000   19.750002   clock reconvergence pessimism
                                             19.750002 ^ _437_/CLK (sky130_fd_sc_hd__dfrtp_2)
                                 -0.086649   19.663353   library setup time
                                             19.663353   data required time
---------------------------------------------------------------------------------------------
                                             19.663353   data required time
                                             -5.434651   data arrival time
---------------------------------------------------------------------------------------------
                                             14.228701   slack (MET)


Startpoint: data_in[1] (input port clocked by clk)
Endpoint: _436_ (rising edge-triggered flip-flop clocked by clk)
Path Group: clk
Path Type: max

Fanout         Cap        Slew       Delay        Time   Description
---------------------------------------------------------------------------------------------
                      0.150000    0.000000    0.000000   clock clk (rise edge)
                                  0.000000    0.000000   clock network delay (ideal)
                                  4.000000    4.000000 ^ input external delay
     2    0.009168    0.048970    0.031275    4.031274 ^ data_in[1] (in)
                                                         data_in[1] (net)
                      0.048970    0.000000    4.031274 ^ _264_/A (sky130_fd_sc_hd__nor2_2)
     2    0.006362    0.053000    0.042339    4.073614 v _264_/Y (sky130_fd_sc_hd__nor2_2)
                                                         _072_ (net)
                      0.053000    0.000000    4.073614 v _267_/A1 (sky130_fd_sc_hd__o21a_2)
     2    0.006331    0.043642    0.218586    4.292201 v _267_/X (sky130_fd_sc_hd__o21a_2)
                                                         _075_ (net)
                      0.043642    0.000000    4.292201 v _268_/C (sky130_fd_sc_hd__nor3_2)
     4    0.018848    0.357278    0.275104    4.567305 ^ _268_/Y (sky130_fd_sc_hd__nor3_2)
                                                         _076_ (net)
                      0.357278    0.000000    4.567305 ^ _271_/B1 (sky130_fd_sc_hd__o22ai_2)
     2    0.005719    0.102426    0.145432    4.712736 v _271_/Y (sky130_fd_sc_hd__o22ai_2)
                                                         _079_ (net)
                      0.102426    0.000000    4.712736 v _406_/A (sky130_fd_sc_hd__or2_2)
     3    0.007906    0.070900    0.332505    5.045241 v _406_/X (sky130_fd_sc_hd__or2_2)
                                                         _190_ (net)
                      0.070900    0.000000    5.045241 v _408_/A (sky130_fd_sc_hd__and2_2)
     1    0.001949    0.034555    0.169758    5.214999 v _408_/X (sky130_fd_sc_hd__and2_2)
                                                         adder.cla_blocks[1].block.sum[0] (net)
                      0.034555    0.000000    5.214999 v _436_/D (sky130_fd_sc_hd__dfrtp_2)
                                              5.214999   data arrival time

                      0.150000   20.000000   20.000000   clock clk (rise edge)
                                  0.000000   20.000000   clock network delay (ideal)
                                 -0.250000   19.750002   clock uncertainty
                                  0.000000   19.750002   clock reconvergence pessimism
                                             19.750002 ^ _436_/CLK (sky130_fd_sc_hd__dfrtp_2)
                                 -0.086651   19.663351   library setup time
                                             19.663351   data required time
---------------------------------------------------------------------------------------------
                                             19.663351   data required time
                                             -5.214999   data arrival time
---------------------------------------------------------------------------------------------
                                             14.448352   slack (MET)


Startpoint: data_in[1] (input port clocked by clk)
Endpoint: _435_ (rising edge-triggered flip-flop clocked by clk)
Path Group: clk
Path Type: max

Fanout         Cap        Slew       Delay        Time   Description
---------------------------------------------------------------------------------------------
                      0.150000    0.000000    0.000000   clock clk (rise edge)
                                  0.000000    0.000000   clock network delay (ideal)
                                  4.000000    4.000000 ^ input external delay
     2    0.009168    0.048970    0.031275    4.031274 ^ data_in[1] (in)
                                                         data_in[1] (net)
                      0.048970    0.000000    4.031274 ^ _264_/A (sky130_fd_sc_hd__nor2_2)
     2    0.006362    0.053000    0.042339    4.073614 v _264_/Y (sky130_fd_sc_hd__nor2_2)
                                                         _072_ (net)
                      0.053000    0.000000    4.073614 v _267_/A1 (sky130_fd_sc_hd__o21a_2)
     2    0.006331    0.043642    0.218586    4.292201 v _267_/X (sky130_fd_sc_hd__o21a_2)
                                                         _075_ (net)
                      0.043642    0.000000    4.292201 v _268_/C (sky130_fd_sc_hd__nor3_2)
     4    0.018848    0.357278    0.275104    4.567305 ^ _268_/Y (sky130_fd_sc_hd__nor3_2)
                                                         _076_ (net)
                      0.357278    0.000000    4.567305 ^ _420_/B (sky130_fd_sc_hd__nor2_2)
     1    0.008077    0.079298    0.080991    4.648296 v _420_/Y (sky130_fd_sc_hd__nor2_2)
                                                         _198_ (net)
                      0.079298    0.000000    4.648296 v _421_/B (sky130_fd_sc_hd__xnor2_2)
     1    0.001949    0.044521    0.130872    4.779168 v _421_/Y (sky130_fd_sc_hd__xnor2_2)
                                                         adder.cla_blocks[0].block.sum[3] (net)
                      0.044521    0.000000    4.779168 v _435_/D (sky130_fd_sc_hd__dfrtp_2)
                                              4.779168   data arrival time

                      0.150000   20.000000   20.000000   clock clk (rise edge)
                                  0.000000   20.000000   clock network delay (ideal)
                                 -0.250000   19.750002   clock uncertainty
                                  0.000000   19.750002   clock reconvergence pessimism
                                             19.750002 ^ _435_/CLK (sky130_fd_sc_hd__dfrtp_2)
                                 -0.090998   19.659004   library setup time
                                             19.659004   data required time
---------------------------------------------------------------------------------------------
                                             19.659004   data required time
                                             -4.779168   data arrival time
---------------------------------------------------------------------------------------------
                                             14.879836   slack (MET)


Startpoint: data_in[1] (input port clocked by clk)
Endpoint: _434_ (rising edge-triggered flip-flop clocked by clk)
Path Group: clk
Path Type: max

Fanout         Cap        Slew       Delay        Time   Description
---------------------------------------------------------------------------------------------
                      0.150000    0.000000    0.000000   clock clk (rise edge)
                                  0.000000    0.000000   clock network delay (ideal)
                                  4.000000    4.000000 ^ input external delay
     2    0.009168    0.048970    0.031275    4.031274 ^ data_in[1] (in)
                                                         data_in[1] (net)
                      0.048970    0.000000    4.031274 ^ _264_/A (sky130_fd_sc_hd__nor2_2)
     2    0.006362    0.053000    0.042339    4.073614 v _264_/Y (sky130_fd_sc_hd__nor2_2)
                                                         _072_ (net)
                      0.053000    0.000000    4.073614 v _267_/A1 (sky130_fd_sc_hd__o21a_2)
     2    0.006331    0.043642    0.218586    4.292201 v _267_/X (sky130_fd_sc_hd__o21a_2)
                                                         _075_ (net)
                      0.043642    0.000000    4.292201 v _268_/C (sky130_fd_sc_hd__nor3_2)
     4    0.018848    0.357278    0.275104    4.567305 ^ _268_/Y (sky130_fd_sc_hd__nor3_2)
                                                         _076_ (net)
                      0.357278    0.000000    4.567305 ^ _419_/A (sky130_fd_sc_hd__nor2_2)
     1    0.001949    0.059850    0.065686    4.632990 v _419_/Y (sky130_fd_sc_hd__nor2_2)
                                                         adder.cla_blocks[0].block.sum[2] (net)
                      0.059850    0.000000    4.632990 v _434_/D (sky130_fd_sc_hd__dfrtp_2)
                                              4.632990   data arrival time

                      0.150000   20.000000   20.000000   clock clk (rise edge)
                                  0.000000   20.000000   clock network delay (ideal)
                                 -0.250000   19.750002   clock uncertainty
                                  0.000000   19.750002   clock reconvergence pessimism
                                             19.750002 ^ _434_/CLK (sky130_fd_sc_hd__dfrtp_2)
                                 -0.097683   19.652317   library setup time
                                             19.652317   data required time
---------------------------------------------------------------------------------------------
                                             19.652317   data required time
                                             -4.632990   data arrival time
---------------------------------------------------------------------------------------------
                                             15.019328   slack (MET)


Startpoint: _435_ (rising edge-triggered flip-flop clocked by clk)
Endpoint: acc[3] (output port clocked by clk)
Path Group: clk
Path Type: max

Fanout         Cap        Slew       Delay        Time   Description
---------------------------------------------------------------------------------------------
                      0.150000    0.000000    0.000000   clock clk (rise edge)
                                  0.000000    0.000000   clock network delay (ideal)
                      0.150000    0.000000    0.000000 ^ _435_/CLK (sky130_fd_sc_hd__dfrtp_2)
     5    0.053589    0.262661    0.549521    0.549521 ^ _435_/Q (sky130_fd_sc_hd__dfrtp_2)
                                                         acc[3] (net)
                      0.262661    0.000000    0.549521 ^ acc[3] (out)
                                              0.549521   data arrival time

                      0.150000   20.000000   20.000000   clock clk (rise edge)
                                  0.000000   20.000000   clock network delay (ideal)
                                 -0.250000   19.750002   clock uncertainty
                                  0.000000   19.750002   clock reconvergence pessimism
                                 -4.000000   15.750001   output external delay
                                             15.750001   data required time
---------------------------------------------------------------------------------------------
                                             15.750001   data required time
                                             -0.549521   data arrival time
---------------------------------------------------------------------------------------------
                                             15.200480   slack (MET)


Startpoint: _438_ (rising edge-triggered flip-flop clocked by clk)
Endpoint: acc[6] (output port clocked by clk)
Path Group: clk
Path Type: max

Fanout         Cap        Slew       Delay        Time   Description
---------------------------------------------------------------------------------------------
                      0.150000    0.000000    0.000000   clock clk (rise edge)
                                  0.000000    0.000000   clock network delay (ideal)
                      0.150000    0.000000    0.000000 ^ _438_/CLK (sky130_fd_sc_hd__dfrtp_2)
     4    0.051988    0.255373    0.544384    0.544384 ^ _438_/Q (sky130_fd_sc_hd__dfrtp_2)
                                                         acc[6] (net)
                      0.255373    0.000000    0.544384 ^ acc[6] (out)
                                              0.544384   data arrival time

                      0.150000   20.000000   20.000000   clock clk (rise edge)
                                  0.000000   20.000000   clock network delay (ideal)
                                 -0.250000   19.750002   clock uncertainty
                                  0.000000   19.750002   clock reconvergence pessimism
                                 -4.000000   15.750001   output external delay
                                             15.750001   data required time
---------------------------------------------------------------------------------------------
                                             15.750001   data required time
                                             -0.544384   data arrival time
---------------------------------------------------------------------------------------------
                                             15.205617   slack (MET)


Startpoint: data_in[0] (input port clocked by clk)
Endpoint: _432_ (rising edge-triggered flip-flop clocked by clk)
Path Group: clk
Path Type: max

Fanout         Cap        Slew       Delay        Time   Description
---------------------------------------------------------------------------------------------
                      0.150000    0.000000    0.000000   clock clk (rise edge)
                                  0.000000    0.000000   clock network delay (ideal)
                                  4.000000    4.000000 v input external delay
     2    0.005719    0.015603    0.009230    4.009231 v data_in[0] (in)
                                                         data_in[0] (net)
                      0.015603    0.000000    4.009231 v _422_/A (sky130_fd_sc_hd__or2_2)
     1    0.001403    0.048863    0.267322    4.276553 v _422_/X (sky130_fd_sc_hd__or2_2)
                                                         _199_ (net)
                      0.048863    0.000000    4.276553 v _423_/B (sky130_fd_sc_hd__and2_2)
     1    0.001949    0.034536    0.179981    4.456534 v _423_/X (sky130_fd_sc_hd__and2_2)
                                                         adder.cla_blocks[0].block.p[0] (net)
                      0.034536    0.000000    4.456534 v _432_/D (sky130_fd_sc_hd__dfrtp_2)
                                              4.456534   data arrival time

                      0.150000   20.000000   20.000000   clock clk (rise edge)
                                  0.000000   20.000000   clock network delay (ideal)
                                 -0.250000   19.750002   clock uncertainty
                                  0.000000   19.750002   clock reconvergence pessimism
                                             19.750002 ^ _432_/CLK (sky130_fd_sc_hd__dfrtp_2)
                                 -0.086643   19.663357   library setup time
                                             19.663357   data required time
---------------------------------------------------------------------------------------------
                                             19.663357   data required time
                                             -4.456534   data arrival time
---------------------------------------------------------------------------------------------
                                             15.206823   slack (MET)


Startpoint: _451_ (rising edge-triggered flip-flop clocked by clk)
Endpoint: acc[19] (output port clocked by clk)
Path Group: clk
Path Type: max

Fanout         Cap        Slew       Delay        Time   Description
---------------------------------------------------------------------------------------------
                      0.150000    0.000000    0.000000   clock clk (rise edge)
                                  0.000000    0.000000   clock network delay (ideal)
                      0.150000    0.000000    0.000000 ^ _451_/CLK (sky130_fd_sc_hd__dfrtp_2)
     4    0.048965    0.241612    0.534685    0.534685 ^ _451_/Q (sky130_fd_sc_hd__dfrtp_2)
                                                         acc[19] (net)
                      0.241612    0.000000    0.534685 ^ acc[19] (out)
                                              0.534685   data arrival time

                      0.150000   20.000000   20.000000   clock clk (rise edge)
                                  0.000000   20.000000   clock network delay (ideal)
                                 -0.250000   19.750002   clock uncertainty
                                  0.000000   19.750002   clock reconvergence pessimism
                                 -4.000000   15.750001   output external delay
                                             15.750001   data required time
---------------------------------------------------------------------------------------------
                                             15.750001   data required time
                                             -0.534685   data arrival time
---------------------------------------------------------------------------------------------
                                             15.215316   slack (MET)


Startpoint: _459_ (rising edge-triggered flip-flop clocked by clk)
Endpoint: acc[27] (output port clocked by clk)
Path Group: clk
Path Type: max

Fanout         Cap        Slew       Delay        Time   Description
---------------------------------------------------------------------------------------------
                      0.150000    0.000000    0.000000   clock clk (rise edge)
                                  0.000000    0.000000   clock network delay (ideal)
                      0.150000    0.000000    0.000000 ^ _459_/CLK (sky130_fd_sc_hd__dfrtp_2)
     4    0.045915    0.136099    0.530043    0.530043 v _459_/Q (sky130_fd_sc_hd__dfrtp_2)
                                                         acc[27] (net)
                      0.136099    0.000000    0.530043 v acc[27] (out)
                                              0.530043   data arrival time

                      0.150000   20.000000   20.000000   clock clk (rise edge)
                                  0.000000   20.000000   clock network delay (ideal)
                                 -0.250000   19.750002   clock uncertainty
                                  0.000000   19.750002   clock reconvergence pessimism
                                 -4.000000   15.750001   output external delay
                                             15.750001   data required time
---------------------------------------------------------------------------------------------
                                             15.750001   data required time
                                             -0.530043   data arrival time
---------------------------------------------------------------------------------------------
                                             15.219957   slack (MET)


Startpoint: _449_ (rising edge-triggered flip-flop clocked by clk)
Endpoint: acc[17] (output port clocked by clk)
Path Group: clk
Path Type: max

Fanout         Cap        Slew       Delay        Time   Description
---------------------------------------------------------------------------------------------
                      0.150000    0.000000    0.000000   clock clk (rise edge)
                                  0.000000    0.000000   clock network delay (ideal)
                      0.150000    0.000000    0.000000 ^ _449_/CLK (sky130_fd_sc_hd__dfrtp_2)
     4    0.045201    0.134627    0.528739    0.528739 v _449_/Q (sky130_fd_sc_hd__dfrtp_2)
                                                         acc[17] (net)
                      0.134627    0.000000    0.528739 v acc[17] (out)
                                              0.528739   data arrival time

                      0.150000   20.000000   20.000000   clock clk (rise edge)
                                  0.000000   20.000000   clock network delay (ideal)
                                 -0.250000   19.750002   clock uncertainty
                                  0.000000   19.750002   clock reconvergence pessimism
                                 -4.000000   15.750001   output external delay
                                             15.750001   data required time
---------------------------------------------------------------------------------------------
                                             15.750001   data required time
                                             -0.528739   data arrival time
---------------------------------------------------------------------------------------------
                                             15.221261   slack (MET)


Startpoint: _443_ (rising edge-triggered flip-flop clocked by clk)
Endpoint: acc[11] (output port clocked by clk)
Path Group: clk
Path Type: max

Fanout         Cap        Slew       Delay        Time   Description
---------------------------------------------------------------------------------------------
                      0.150000    0.000000    0.000000   clock clk (rise edge)
                                  0.000000    0.000000   clock network delay (ideal)
                      0.150000    0.000000    0.000000 ^ _443_/CLK (sky130_fd_sc_hd__dfrtp_2)
     4    0.043114    0.130323    0.524927    0.524927 v _443_/Q (sky130_fd_sc_hd__dfrtp_2)
                                                         acc[11] (net)
                      0.130323    0.000000    0.524927 v acc[11] (out)
                                              0.524927   data arrival time

                      0.150000   20.000000   20.000000   clock clk (rise edge)
                                  0.000000   20.000000   clock network delay (ideal)
                                 -0.250000   19.750002   clock uncertainty
                                  0.000000   19.750002   clock reconvergence pessimism
                                 -4.000000   15.750001   output external delay
                                             15.750001   data required time
---------------------------------------------------------------------------------------------
                                             15.750001   data required time
                                             -0.524927   data arrival time
---------------------------------------------------------------------------------------------
                                             15.225073   slack (MET)


Startpoint: _447_ (rising edge-triggered flip-flop clocked by clk)
Endpoint: acc[15] (output port clocked by clk)
Path Group: clk
Path Type: max

Fanout         Cap        Slew       Delay        Time   Description
---------------------------------------------------------------------------------------------
                      0.150000    0.000000    0.000000   clock clk (rise edge)
                                  0.000000    0.000000   clock network delay (ideal)
                      0.150000    0.000000    0.000000 ^ _447_/CLK (sky130_fd_sc_hd__dfrtp_2)
     4    0.043114    0.130323    0.524927    0.524927 v _447_/Q (sky130_fd_sc_hd__dfrtp_2)
                                                         acc[15] (net)
                      0.130323    0.000000    0.524927 v acc[15] (out)
                                              0.524927   data arrival time

                      0.150000   20.000000   20.000000   clock clk (rise edge)
                                  0.000000   20.000000   clock network delay (ideal)
                                 -0.250000   19.750002   clock uncertainty
                                  0.000000   19.750002   clock reconvergence pessimism
                                 -4.000000   15.750001   output external delay
                                             15.750001   data required time
---------------------------------------------------------------------------------------------
                                             15.750001   data required time
                                             -0.524927   data arrival time
---------------------------------------------------------------------------------------------
                                             15.225073   slack (MET)


Startpoint: _433_ (rising edge-triggered flip-flop clocked by clk)
Endpoint: acc[1] (output port clocked by clk)
Path Group: clk
Path Type: max

Fanout         Cap        Slew       Delay        Time   Description
---------------------------------------------------------------------------------------------
                      0.150000    0.000000    0.000000   clock clk (rise edge)
                                  0.000000    0.000000   clock network delay (ideal)
                      0.150000    0.000000    0.000000 ^ _433_/CLK (sky130_fd_sc_hd__dfrtp_2)
     3    0.041793    0.127598    0.522514    0.522514 v _433_/Q (sky130_fd_sc_hd__dfrtp_2)
                                                         acc[1] (net)
                      0.127598    0.000000    0.522514 v acc[1] (out)
                                              0.522514   data arrival time

                      0.150000   20.000000   20.000000   clock clk (rise edge)
                                  0.000000   20.000000   clock network delay (ideal)
                                 -0.250000   19.750002   clock uncertainty
                                  0.000000   19.750002   clock reconvergence pessimism
                                 -4.000000   15.750001   output external delay
                                             15.750001   data required time
---------------------------------------------------------------------------------------------
                                             15.750001   data required time
                                             -0.522514   data arrival time
---------------------------------------------------------------------------------------------
                                             15.227486   slack (MET)


Startpoint: _461_ (rising edge-triggered flip-flop clocked by clk)
Endpoint: acc[29] (output port clocked by clk)
Path Group: clk
Path Type: max

Fanout         Cap        Slew       Delay        Time   Description
---------------------------------------------------------------------------------------------
                      0.150000    0.000000    0.000000   clock clk (rise edge)
                                  0.000000    0.000000   clock network delay (ideal)
                      0.150000    0.000000    0.000000 ^ _461_/CLK (sky130_fd_sc_hd__dfrtp_2)
     3    0.041793    0.127598    0.522514    0.522514 v _461_/Q (sky130_fd_sc_hd__dfrtp_2)
                                                         acc[29] (net)
                      0.127598    0.000000    0.522514 v acc[29] (out)
                                              0.522514   data arrival time

                      0.150000   20.000000   20.000000   clock clk (rise edge)
                                  0.000000   20.000000   clock network delay (ideal)
                                 -0.250000   19.750002   clock uncertainty
                                  0.000000   19.750002   clock reconvergence pessimism
                                 -4.000000   15.750001   output external delay
                                             15.750001   data required time
---------------------------------------------------------------------------------------------
                                             15.750001   data required time
                                             -0.522514   data arrival time
---------------------------------------------------------------------------------------------
                                             15.227486   slack (MET)


Startpoint: _462_ (rising edge-triggered flip-flop clocked by clk)
Endpoint: acc[30] (output port clocked by clk)
Path Group: clk
Path Type: max

Fanout         Cap        Slew       Delay        Time   Description
---------------------------------------------------------------------------------------------
                      0.150000    0.000000    0.000000   clock clk (rise edge)
                                  0.000000    0.000000   clock network delay (ideal)
                      0.150000    0.000000    0.000000 ^ _462_/CLK (sky130_fd_sc_hd__dfrtp_2)
     3    0.041793    0.127598    0.522514    0.522514 v _462_/Q (sky130_fd_sc_hd__dfrtp_2)
                                                         acc[30] (net)
                      0.127598    0.000000    0.522514 v acc[30] (out)
                                              0.522514   data arrival time

                      0.150000   20.000000   20.000000   clock clk (rise edge)
                                  0.000000   20.000000   clock network delay (ideal)
                                 -0.250000   19.750002   clock uncertainty
                                  0.000000   19.750002   clock reconvergence pessimism
                                 -4.000000   15.750001   output external delay
                                             15.750001   data required time
---------------------------------------------------------------------------------------------
                                             15.750001   data required time
                                             -0.522514   data arrival time
---------------------------------------------------------------------------------------------
                                             15.227486   slack (MET)


Startpoint: _463_ (rising edge-triggered flip-flop clocked by clk)
Endpoint: acc[31] (output port clocked by clk)
Path Group: clk
Path Type: max

Fanout         Cap        Slew       Delay        Time   Description
---------------------------------------------------------------------------------------------
                      0.150000    0.000000    0.000000   clock clk (rise edge)
                                  0.000000    0.000000   clock network delay (ideal)
                      0.150000    0.000000    0.000000 ^ _463_/CLK (sky130_fd_sc_hd__dfrtp_2)
     2    0.041519    0.127033    0.522014    0.522014 v _463_/Q (sky130_fd_sc_hd__dfrtp_2)
                                                         acc[31] (net)
                      0.127033    0.000000    0.522014 v acc[31] (out)
                                              0.522014   data arrival time

                      0.150000   20.000000   20.000000   clock clk (rise edge)
                                  0.000000   20.000000   clock network delay (ideal)
                                 -0.250000   19.750002   clock uncertainty
                                  0.000000   19.750002   clock reconvergence pessimism
                                 -4.000000   15.750001   output external delay
                                             15.750001   data required time
---------------------------------------------------------------------------------------------
                                             15.750001   data required time
                                             -0.522014   data arrival time
---------------------------------------------------------------------------------------------
                                             15.227986   slack (MET)


Startpoint: _450_ (rising edge-triggered flip-flop clocked by clk)
Endpoint: acc[18] (output port clocked by clk)
Path Group: clk
Path Type: max

Fanout         Cap        Slew       Delay        Time   Description
---------------------------------------------------------------------------------------------
                      0.150000    0.000000    0.000000   clock clk (rise edge)
                                  0.000000    0.000000   clock network delay (ideal)
                      0.150000    0.000000    0.000000 ^ _450_/CLK (sky130_fd_sc_hd__dfrtp_2)
     4    0.041297    0.126575    0.521609    0.521609 v _450_/Q (sky130_fd_sc_hd__dfrtp_2)
                                                         acc[18] (net)
                      0.126575    0.000000    0.521609 v acc[18] (out)
                                              0.521609   data arrival time

                      0.150000   20.000000   20.000000   clock clk (rise edge)
                                  0.000000   20.000000   clock network delay (ideal)
                                 -0.250000   19.750002   clock uncertainty
                                  0.000000   19.750002   clock reconvergence pessimism
                                 -4.000000   15.750001   output external delay
                                             15.750001   data required time
---------------------------------------------------------------------------------------------
                                             15.750001   data required time
                                             -0.521609   data arrival time
---------------------------------------------------------------------------------------------
                                             15.228392   slack (MET)


Startpoint: _458_ (rising edge-triggered flip-flop clocked by clk)
Endpoint: acc[26] (output port clocked by clk)
Path Group: clk
Path Type: max

Fanout         Cap        Slew       Delay        Time   Description
---------------------------------------------------------------------------------------------
                      0.150000    0.000000    0.000000   clock clk (rise edge)
                                  0.000000    0.000000   clock network delay (ideal)
                      0.150000    0.000000    0.000000 ^ _458_/CLK (sky130_fd_sc_hd__dfrtp_2)
     4    0.041297    0.126575    0.521609    0.521609 v _458_/Q (sky130_fd_sc_hd__dfrtp_2)
                                                         acc[26] (net)
                      0.126575    0.000000    0.521609 v acc[26] (out)
                                              0.521609   data arrival time

                      0.150000   20.000000   20.000000   clock clk (rise edge)
                                  0.000000   20.000000   clock network delay (ideal)
                                 -0.250000   19.750002   clock uncertainty
                                  0.000000   19.750002   clock reconvergence pessimism
                                 -4.000000   15.750001   output external delay
                                             15.750001   data required time
---------------------------------------------------------------------------------------------
                                             15.750001   data required time
                                             -0.521609   data arrival time
---------------------------------------------------------------------------------------------
                                             15.228392   slack (MET)


Startpoint: _444_ (rising edge-triggered flip-flop clocked by clk)
Endpoint: acc[12] (output port clocked by clk)
Path Group: clk
Path Type: max

Fanout         Cap        Slew       Delay        Time   Description
---------------------------------------------------------------------------------------------
                      0.150000    0.000000    0.000000   clock clk (rise edge)
                                  0.000000    0.000000   clock network delay (ideal)
                      0.150000    0.000000    0.000000 ^ _444_/CLK (sky130_fd_sc_hd__dfrtp_2)
     4    0.041230    0.126437    0.521486    0.521486 v _444_/Q (sky130_fd_sc_hd__dfrtp_2)
                                                         acc[12] (net)
                      0.126437    0.000000    0.521486 v acc[12] (out)
                                              0.521486   data arrival time

                      0.150000   20.000000   20.000000   clock clk (rise edge)
                                  0.000000   20.000000   clock network delay (ideal)
                                 -0.250000   19.750002   clock uncertainty
                                  0.000000   19.750002   clock reconvergence pessimism
                                 -4.000000   15.750001   output external delay
                                             15.750001   data required time
---------------------------------------------------------------------------------------------
                                             15.750001   data required time
                                             -0.521486   data arrival time
---------------------------------------------------------------------------------------------
                                             15.228514   slack (MET)


Startpoint: _448_ (rising edge-triggered flip-flop clocked by clk)
Endpoint: acc[16] (output port clocked by clk)
Path Group: clk
Path Type: max

Fanout         Cap        Slew       Delay        Time   Description
---------------------------------------------------------------------------------------------
                      0.150000    0.000000    0.000000   clock clk (rise edge)
                                  0.000000    0.000000   clock network delay (ideal)
                      0.150000    0.000000    0.000000 ^ _448_/CLK (sky130_fd_sc_hd__dfrtp_2)
     4    0.041230    0.126437    0.521486    0.521486 v _448_/Q (sky130_fd_sc_hd__dfrtp_2)
                                                         acc[16] (net)
                      0.126437    0.000000    0.521486 v acc[16] (out)
                                              0.521486   data arrival time

                      0.150000   20.000000   20.000000   clock clk (rise edge)
                                  0.000000   20.000000   clock network delay (ideal)
                                 -0.250000   19.750002   clock uncertainty
                                  0.000000   19.750002   clock reconvergence pessimism
                                 -4.000000   15.750001   output external delay
                                             15.750001   data required time
---------------------------------------------------------------------------------------------
                                             15.750001   data required time
                                             -0.521486   data arrival time
---------------------------------------------------------------------------------------------
                                             15.228514   slack (MET)


Startpoint: _432_ (rising edge-triggered flip-flop clocked by clk)
Endpoint: acc[0] (output port clocked by clk)
Path Group: clk
Path Type: max

Fanout         Cap        Slew       Delay        Time   Description
---------------------------------------------------------------------------------------------
                      0.150000    0.000000    0.000000   clock clk (rise edge)
                                  0.000000    0.000000   clock network delay (ideal)
                      0.150000    0.000000    0.000000 ^ _432_/CLK (sky130_fd_sc_hd__dfrtp_2)
     3    0.038978    0.121792    0.517373    0.517373 v _432_/Q (sky130_fd_sc_hd__dfrtp_2)
                                                         acc[0] (net)
                      0.121792    0.000000    0.517373 v acc[0] (out)
                                              0.517373   data arrival time

                      0.150000   20.000000   20.000000   clock clk (rise edge)
                                  0.000000   20.000000   clock network delay (ideal)
                                 -0.250000   19.750002   clock uncertainty
                                  0.000000   19.750002   clock reconvergence pessimism
                                 -4.000000   15.750001   output external delay
                                             15.750001   data required time
---------------------------------------------------------------------------------------------
                                             15.750001   data required time
                                             -0.517373   data arrival time
---------------------------------------------------------------------------------------------
                                             15.232628   slack (MET)


Startpoint: _442_ (rising edge-triggered flip-flop clocked by clk)
Endpoint: acc[10] (output port clocked by clk)
Path Group: clk
Path Type: max

Fanout         Cap        Slew       Delay        Time   Description
---------------------------------------------------------------------------------------------
                      0.150000    0.000000    0.000000   clock clk (rise edge)
                                  0.000000    0.000000   clock network delay (ideal)
                      0.150000    0.000000    0.000000 ^ _442_/CLK (sky130_fd_sc_hd__dfrtp_2)
     3    0.038978    0.121792    0.517373    0.517373 v _442_/Q (sky130_fd_sc_hd__dfrtp_2)
                                                         acc[10] (net)
                      0.121792    0.000000    0.517373 v acc[10] (out)
                                              0.517373   data arrival time

                      0.150000   20.000000   20.000000   clock clk (rise edge)
                                  0.000000   20.000000   clock network delay (ideal)
                                 -0.250000   19.750002   clock uncertainty
                                  0.000000   19.750002   clock reconvergence pessimism
                                 -4.000000   15.750001   output external delay
                                             15.750001   data required time
---------------------------------------------------------------------------------------------
                                             15.750001   data required time
                                             -0.517373   data arrival time
---------------------------------------------------------------------------------------------
                                             15.232628   slack (MET)


Startpoint: _445_ (rising edge-triggered flip-flop clocked by clk)
Endpoint: acc[13] (output port clocked by clk)
Path Group: clk
Path Type: max

Fanout         Cap        Slew       Delay        Time   Description
---------------------------------------------------------------------------------------------
                      0.150000    0.000000    0.000000   clock clk (rise edge)
                                  0.000000    0.000000   clock network delay (ideal)
                      0.150000    0.000000    0.000000 ^ _445_/CLK (sky130_fd_sc_hd__dfrtp_2)
     3    0.038978    0.121792    0.517373    0.517373 v _445_/Q (sky130_fd_sc_hd__dfrtp_2)
                                                         acc[13] (net)
                      0.121792    0.000000    0.517373 v acc[13] (out)
                                              0.517373   data arrival time

                      0.150000   20.000000   20.000000   clock clk (rise edge)
                                  0.000000   20.000000   clock network delay (ideal)
                                 -0.250000   19.750002   clock uncertainty
                                  0.000000   19.750002   clock reconvergence pessimism
                                 -4.000000   15.750001   output external delay
                                             15.750001   data required time
---------------------------------------------------------------------------------------------
                                             15.750001   data required time
                                             -0.517373   data arrival time
---------------------------------------------------------------------------------------------
                                             15.232628   slack (MET)


Startpoint: _446_ (rising edge-triggered flip-flop clocked by clk)
Endpoint: acc[14] (output port clocked by clk)
Path Group: clk
Path Type: max

Fanout         Cap        Slew       Delay        Time   Description
---------------------------------------------------------------------------------------------
                      0.150000    0.000000    0.000000   clock clk (rise edge)
                                  0.000000    0.000000   clock network delay (ideal)
                      0.150000    0.000000    0.000000 ^ _446_/CLK (sky130_fd_sc_hd__dfrtp_2)
     3    0.038978    0.121792    0.517373    0.517373 v _446_/Q (sky130_fd_sc_hd__dfrtp_2)
                                                         acc[14] (net)
                      0.121792    0.000000    0.517373 v acc[14] (out)
                                              0.517373   data arrival time

                      0.150000   20.000000   20.000000   clock clk (rise edge)
                                  0.000000   20.000000   clock network delay (ideal)
                                 -0.250000   19.750002   clock uncertainty
                                  0.000000   19.750002   clock reconvergence pessimism
                                 -4.000000   15.750001   output external delay
                                             15.750001   data required time
---------------------------------------------------------------------------------------------
                                             15.750001   data required time
                                             -0.517373   data arrival time
---------------------------------------------------------------------------------------------
                                             15.232628   slack (MET)


Startpoint: _452_ (rising edge-triggered flip-flop clocked by clk)
Endpoint: acc[20] (output port clocked by clk)
Path Group: clk
Path Type: max

Fanout         Cap        Slew       Delay        Time   Description
---------------------------------------------------------------------------------------------
                      0.150000    0.000000    0.000000   clock clk (rise edge)
                                  0.000000    0.000000   clock network delay (ideal)
                      0.150000    0.000000    0.000000 ^ _452_/CLK (sky130_fd_sc_hd__dfrtp_2)
     3    0.038978    0.121792    0.517373    0.517373 v _452_/Q (sky130_fd_sc_hd__dfrtp_2)
                                                         acc[20] (net)
                      0.121792    0.000000    0.517373 v acc[20] (out)
                                              0.517373   data arrival time

                      0.150000   20.000000   20.000000   clock clk (rise edge)
                                  0.000000   20.000000   clock network delay (ideal)
                                 -0.250000   19.750002   clock uncertainty
                                  0.000000   19.750002   clock reconvergence pessimism
                                 -4.000000   15.750001   output external delay
                                             15.750001   data required time
---------------------------------------------------------------------------------------------
                                             15.750001   data required time
                                             -0.517373   data arrival time
---------------------------------------------------------------------------------------------
                                             15.232628   slack (MET)


Startpoint: _453_ (rising edge-triggered flip-flop clocked by clk)
Endpoint: acc[21] (output port clocked by clk)
Path Group: clk
Path Type: max

Fanout         Cap        Slew       Delay        Time   Description
---------------------------------------------------------------------------------------------
                      0.150000    0.000000    0.000000   clock clk (rise edge)
                                  0.000000    0.000000   clock network delay (ideal)
                      0.150000    0.000000    0.000000 ^ _453_/CLK (sky130_fd_sc_hd__dfrtp_2)
     3    0.038978    0.121792    0.517373    0.517373 v _453_/Q (sky130_fd_sc_hd__dfrtp_2)
                                                         acc[21] (net)
                      0.121792    0.000000    0.517373 v acc[21] (out)
                                              0.517373   data arrival time

                      0.150000   20.000000   20.000000   clock clk (rise edge)
                                  0.000000   20.000000   clock network delay (ideal)
                                 -0.250000   19.750002   clock uncertainty
                                  0.000000   19.750002   clock reconvergence pessimism
                                 -4.000000   15.750001   output external delay
                                             15.750001   data required time
---------------------------------------------------------------------------------------------
                                             15.750001   data required time
                                             -0.517373   data arrival time
---------------------------------------------------------------------------------------------
                                             15.232628   slack (MET)


Startpoint: _454_ (rising edge-triggered flip-flop clocked by clk)
Endpoint: acc[22] (output port clocked by clk)
Path Group: clk
Path Type: max

Fanout         Cap        Slew       Delay        Time   Description
---------------------------------------------------------------------------------------------
                      0.150000    0.000000    0.000000   clock clk (rise edge)
                                  0.000000    0.000000   clock network delay (ideal)
                      0.150000    0.000000    0.000000 ^ _454_/CLK (sky130_fd_sc_hd__dfrtp_2)
     3    0.038978    0.121792    0.517373    0.517373 v _454_/Q (sky130_fd_sc_hd__dfrtp_2)
                                                         acc[22] (net)
                      0.121792    0.000000    0.517373 v acc[22] (out)
                                              0.517373   data arrival time

                      0.150000   20.000000   20.000000   clock clk (rise edge)
                                  0.000000   20.000000   clock network delay (ideal)
                                 -0.250000   19.750002   clock uncertainty
                                  0.000000   19.750002   clock reconvergence pessimism
                                 -4.000000   15.750001   output external delay
                                             15.750001   data required time
---------------------------------------------------------------------------------------------
                                             15.750001   data required time
                                             -0.517373   data arrival time
---------------------------------------------------------------------------------------------
                                             15.232628   slack (MET)


Startpoint: _455_ (rising edge-triggered flip-flop clocked by clk)
Endpoint: acc[23] (output port clocked by clk)
Path Group: clk
Path Type: max

Fanout         Cap        Slew       Delay        Time   Description
---------------------------------------------------------------------------------------------
                      0.150000    0.000000    0.000000   clock clk (rise edge)
                                  0.000000    0.000000   clock network delay (ideal)
                      0.150000    0.000000    0.000000 ^ _455_/CLK (sky130_fd_sc_hd__dfrtp_2)
     3    0.038978    0.121792    0.517373    0.517373 v _455_/Q (sky130_fd_sc_hd__dfrtp_2)
                                                         acc[23] (net)
                      0.121792    0.000000    0.517373 v acc[23] (out)
                                              0.517373   data arrival time

                      0.150000   20.000000   20.000000   clock clk (rise edge)
                                  0.000000   20.000000   clock network delay (ideal)
                                 -0.250000   19.750002   clock uncertainty
                                  0.000000   19.750002   clock reconvergence pessimism
                                 -4.000000   15.750001   output external delay
                                             15.750001   data required time
---------------------------------------------------------------------------------------------
                                             15.750001   data required time
                                             -0.517373   data arrival time
---------------------------------------------------------------------------------------------
                                             15.232628   slack (MET)


Startpoint: _456_ (rising edge-triggered flip-flop clocked by clk)
Endpoint: acc[24] (output port clocked by clk)
Path Group: clk
Path Type: max

Fanout         Cap        Slew       Delay        Time   Description
---------------------------------------------------------------------------------------------
                      0.150000    0.000000    0.000000   clock clk (rise edge)
                                  0.000000    0.000000   clock network delay (ideal)
                      0.150000    0.000000    0.000000 ^ _456_/CLK (sky130_fd_sc_hd__dfrtp_2)
     3    0.038978    0.121792    0.517373    0.517373 v _456_/Q (sky130_fd_sc_hd__dfrtp_2)
                                                         acc[24] (net)
                      0.121792    0.000000    0.517373 v acc[24] (out)
                                              0.517373   data arrival time

                      0.150000   20.000000   20.000000   clock clk (rise edge)
                                  0.000000   20.000000   clock network delay (ideal)
                                 -0.250000   19.750002   clock uncertainty
                                  0.000000   19.750002   clock reconvergence pessimism
                                 -4.000000   15.750001   output external delay
                                             15.750001   data required time
---------------------------------------------------------------------------------------------
                                             15.750001   data required time
                                             -0.517373   data arrival time
---------------------------------------------------------------------------------------------
                                             15.232628   slack (MET)


Startpoint: _457_ (rising edge-triggered flip-flop clocked by clk)
Endpoint: acc[25] (output port clocked by clk)
Path Group: clk
Path Type: max

Fanout         Cap        Slew       Delay        Time   Description
---------------------------------------------------------------------------------------------
                      0.150000    0.000000    0.000000   clock clk (rise edge)
                                  0.000000    0.000000   clock network delay (ideal)
                      0.150000    0.000000    0.000000 ^ _457_/CLK (sky130_fd_sc_hd__dfrtp_2)
     3    0.038978    0.121792    0.517373    0.517373 v _457_/Q (sky130_fd_sc_hd__dfrtp_2)
                                                         acc[25] (net)
                      0.121792    0.000000    0.517373 v acc[25] (out)
                                              0.517373   data arrival time

                      0.150000   20.000000   20.000000   clock clk (rise edge)
                                  0.000000   20.000000   clock network delay (ideal)
                                 -0.250000   19.750002   clock uncertainty
                                  0.000000   19.750002   clock reconvergence pessimism
                                 -4.000000   15.750001   output external delay
                                             15.750001   data required time
---------------------------------------------------------------------------------------------
                                             15.750001   data required time
                                             -0.517373   data arrival time
---------------------------------------------------------------------------------------------
                                             15.232628   slack (MET)


Startpoint: _460_ (rising edge-triggered flip-flop clocked by clk)
Endpoint: acc[28] (output port clocked by clk)
Path Group: clk
Path Type: max

Fanout         Cap        Slew       Delay        Time   Description
---------------------------------------------------------------------------------------------
                      0.150000    0.000000    0.000000   clock clk (rise edge)
                                  0.000000    0.000000   clock network delay (ideal)
                      0.150000    0.000000    0.000000 ^ _460_/CLK (sky130_fd_sc_hd__dfrtp_2)
     3    0.038978    0.121792    0.517373    0.517373 v _460_/Q (sky130_fd_sc_hd__dfrtp_2)
                                                         acc[28] (net)
                      0.121792    0.000000    0.517373 v acc[28] (out)
                                              0.517373   data arrival time

                      0.150000   20.000000   20.000000   clock clk (rise edge)
                                  0.000000   20.000000   clock network delay (ideal)
                                 -0.250000   19.750002   clock uncertainty
                                  0.000000   19.750002   clock reconvergence pessimism
                                 -4.000000   15.750001   output external delay
                                             15.750001   data required time
---------------------------------------------------------------------------------------------
                                             15.750001   data required time
                                             -0.517373   data arrival time
---------------------------------------------------------------------------------------------
                                             15.232628   slack (MET)


Startpoint: _434_ (rising edge-triggered flip-flop clocked by clk)
Endpoint: acc[2] (output port clocked by clk)
Path Group: clk
Path Type: max

Fanout         Cap        Slew       Delay        Time   Description
---------------------------------------------------------------------------------------------
                      0.150000    0.000000    0.000000   clock clk (rise edge)
                                  0.000000    0.000000   clock network delay (ideal)
                      0.150000    0.000000    0.000000 ^ _434_/CLK (sky130_fd_sc_hd__dfrtp_2)
     3    0.038981    0.121799    0.517378    0.517378 v _434_/Q (sky130_fd_sc_hd__dfrtp_2)
                                                         acc[2] (net)
                      0.121799    0.000000    0.517378 v acc[2] (out)
                                              0.517378   data arrival time

                      0.150000   20.000000   20.000000   clock clk (rise edge)
                                  0.000000   20.000000   clock network delay (ideal)
                                 -0.250000   19.750002   clock uncertainty
                                  0.000000   19.750002   clock reconvergence pessimism
                                 -4.000000   15.750001   output external delay
                                             15.750001   data required time
---------------------------------------------------------------------------------------------
                                             15.750001   data required time
                                             -0.517378   data arrival time
---------------------------------------------------------------------------------------------
                                             15.232623   slack (MET)


Startpoint: _436_ (rising edge-triggered flip-flop clocked by clk)
Endpoint: acc[4] (output port clocked by clk)
Path Group: clk
Path Type: max

Fanout         Cap        Slew       Delay        Time   Description
---------------------------------------------------------------------------------------------
                      0.150000    0.000000    0.000000   clock clk (rise edge)
                                  0.000000    0.000000   clock network delay (ideal)
                      0.150000    0.000000    0.000000 ^ _436_/CLK (sky130_fd_sc_hd__dfrtp_2)
     3    0.038978    0.121792    0.517373    0.517373 v _436_/Q (sky130_fd_sc_hd__dfrtp_2)
                                                         acc[4] (net)
                      0.121792    0.000000    0.517373 v acc[4] (out)
                                              0.517373   data arrival time

                      0.150000   20.000000   20.000000   clock clk (rise edge)
                                  0.000000   20.000000   clock network delay (ideal)
                                 -0.250000   19.750002   clock uncertainty
                                  0.000000   19.750002   clock reconvergence pessimism
                                 -4.000000   15.750001   output external delay
                                             15.750001   data required time
---------------------------------------------------------------------------------------------
                                             15.750001   data required time
                                             -0.517373   data arrival time
---------------------------------------------------------------------------------------------
                                             15.232628   slack (MET)


Startpoint: _437_ (rising edge-triggered flip-flop clocked by clk)
Endpoint: acc[5] (output port clocked by clk)
Path Group: clk
Path Type: max

Fanout         Cap        Slew       Delay        Time   Description
---------------------------------------------------------------------------------------------
                      0.150000    0.000000    0.000000   clock clk (rise edge)
                                  0.000000    0.000000   clock network delay (ideal)
                      0.150000    0.000000    0.000000 ^ _437_/CLK (sky130_fd_sc_hd__dfrtp_2)
     3    0.038978    0.121792    0.517373    0.517373 v _437_/Q (sky130_fd_sc_hd__dfrtp_2)
                                                         acc[5] (net)
                      0.121792    0.000000    0.517373 v acc[5] (out)
                                              0.517373   data arrival time

                      0.150000   20.000000   20.000000   clock clk (rise edge)
                                  0.000000   20.000000   clock network delay (ideal)
                                 -0.250000   19.750002   clock uncertainty
                                  0.000000   19.750002   clock reconvergence pessimism
                                 -4.000000   15.750001   output external delay
                                             15.750001   data required time
---------------------------------------------------------------------------------------------
                                             15.750001   data required time
                                             -0.517373   data arrival time
---------------------------------------------------------------------------------------------
                                             15.232628   slack (MET)


Startpoint: _439_ (rising edge-triggered flip-flop clocked by clk)
Endpoint: acc[7] (output port clocked by clk)
Path Group: clk
Path Type: max

Fanout         Cap        Slew       Delay        Time   Description
---------------------------------------------------------------------------------------------
                      0.150000    0.000000    0.000000   clock clk (rise edge)
                                  0.000000    0.000000   clock network delay (ideal)
                      0.150000    0.000000    0.000000 ^ _439_/CLK (sky130_fd_sc_hd__dfrtp_2)
     3    0.038981    0.121799    0.517378    0.517378 v _439_/Q (sky130_fd_sc_hd__dfrtp_2)
                                                         acc[7] (net)
                      0.121799    0.000000    0.517378 v acc[7] (out)
                                              0.517378   data arrival time

                      0.150000   20.000000   20.000000   clock clk (rise edge)
                                  0.000000   20.000000   clock network delay (ideal)
                                 -0.250000   19.750002   clock uncertainty
                                  0.000000   19.750002   clock reconvergence pessimism
                                 -4.000000   15.750001   output external delay
                                             15.750001   data required time
---------------------------------------------------------------------------------------------
                                             15.750001   data required time
                                             -0.517378   data arrival time
---------------------------------------------------------------------------------------------
                                             15.232623   slack (MET)


Startpoint: _440_ (rising edge-triggered flip-flop clocked by clk)
Endpoint: acc[8] (output port clocked by clk)
Path Group: clk
Path Type: max

Fanout         Cap        Slew       Delay        Time   Description
---------------------------------------------------------------------------------------------
                      0.150000    0.000000    0.000000   clock clk (rise edge)
                                  0.000000    0.000000   clock network delay (ideal)
                      0.150000    0.000000    0.000000 ^ _440_/CLK (sky130_fd_sc_hd__dfrtp_2)
     3    0.038978    0.121792    0.517373    0.517373 v _440_/Q (sky130_fd_sc_hd__dfrtp_2)
                                                         acc[8] (net)
                      0.121792    0.000000    0.517373 v acc[8] (out)
                                              0.517373   data arrival time

                      0.150000   20.000000   20.000000   clock clk (rise edge)
                                  0.000000   20.000000   clock network delay (ideal)
                                 -0.250000   19.750002   clock uncertainty
                                  0.000000   19.750002   clock reconvergence pessimism
                                 -4.000000   15.750001   output external delay
                                             15.750001   data required time
---------------------------------------------------------------------------------------------
                                             15.750001   data required time
                                             -0.517373   data arrival time
---------------------------------------------------------------------------------------------
                                             15.232628   slack (MET)


Startpoint: _441_ (rising edge-triggered flip-flop clocked by clk)
Endpoint: acc[9] (output port clocked by clk)
Path Group: clk
Path Type: max

Fanout         Cap        Slew       Delay        Time   Description
---------------------------------------------------------------------------------------------
                      0.150000    0.000000    0.000000   clock clk (rise edge)
                                  0.000000    0.000000   clock network delay (ideal)
                      0.150000    0.000000    0.000000 ^ _441_/CLK (sky130_fd_sc_hd__dfrtp_2)
     3    0.038978    0.121792    0.517373    0.517373 v _441_/Q (sky130_fd_sc_hd__dfrtp_2)
                                                         acc[9] (net)
                      0.121792    0.000000    0.517373 v acc[9] (out)
                                              0.517373   data arrival time

                      0.150000   20.000000   20.000000   clock clk (rise edge)
                                  0.000000   20.000000   clock network delay (ideal)
                                 -0.250000   19.750002   clock uncertainty
                                  0.000000   19.750002   clock reconvergence pessimism
                                 -4.000000   15.750001   output external delay
                                             15.750001   data required time
---------------------------------------------------------------------------------------------
                                             15.750001   data required time
                                             -0.517373   data arrival time
---------------------------------------------------------------------------------------------
                                             15.232628   slack (MET)


Startpoint: data_in[1] (input port clocked by clk)
Endpoint: _433_ (rising edge-triggered flip-flop clocked by clk)
Path Group: clk
Path Type: max

Fanout         Cap        Slew       Delay        Time   Description
---------------------------------------------------------------------------------------------
                      0.150000    0.000000    0.000000   clock clk (rise edge)
                                  0.000000    0.000000   clock network delay (ideal)
                                  4.000000    4.000000 v input external delay
     2    0.008494    0.021621    0.013724    4.013724 v data_in[1] (in)
                                                         data_in[1] (net)
                      0.021621    0.000000    4.013724 v _262_/A (sky130_fd_sc_hd__nand2_2)
     2    0.007135    0.065226    0.052909    4.066633 ^ _262_/Y (sky130_fd_sc_hd__nand2_2)
                                                         _070_ (net)
                      0.065226    0.000000    4.066633 ^ _263_/A (sky130_fd_sc_hd__inv_2)
     1    0.004190    0.021567    0.033915    4.100548 v _263_/Y (sky130_fd_sc_hd__inv_2)
                                                         _071_ (net)
                      0.021567    0.000000    4.100548 v _265_/A (sky130_fd_sc_hd__nor2_2)
     1    0.009040    0.125577    0.129289    4.229837 ^ _265_/Y (sky130_fd_sc_hd__nor2_2)
                                                         _073_ (net)
                      0.125577    0.000000    4.229837 ^ _417_/A (sky130_fd_sc_hd__xnor2_2)
     1    0.002005    0.091294    0.115840    4.345677 ^ _417_/Y (sky130_fd_sc_hd__xnor2_2)
                                                         adder.cla_blocks[0].block.sum[1] (net)
                      0.091294    0.000000    4.345677 ^ _433_/D (sky130_fd_sc_hd__dfrtp_2)
                                              4.345677   data arrival time

                      0.150000   20.000000   20.000000   clock clk (rise edge)
                                  0.000000   20.000000   clock network delay (ideal)
                                 -0.250000   19.750002   clock uncertainty
                                  0.000000   19.750002   clock reconvergence pessimism
                                             19.750002 ^ _433_/CLK (sky130_fd_sc_hd__dfrtp_2)
                                 -0.058054   19.691948   library setup time
                                             19.691948   data required time
---------------------------------------------------------------------------------------------
                                             19.691948   data required time
                                             -4.345677   data arrival time
---------------------------------------------------------------------------------------------
                                             15.346271   slack (MET)


Startpoint: rst (input port clocked by clk)
Endpoint: _432_ (recovery check against rising-edge clock clk)
Path Group: asynchronous
Path Type: max

Fanout         Cap        Slew       Delay        Time   Description
---------------------------------------------------------------------------------------------
                      0.150000    0.000000    0.000000   clock clk (rise edge)
                                  0.000000    0.000000   clock network delay (ideal)
                                  4.000000    4.000000 v input external delay
    32    0.136832    0.293093    0.220896    4.220896 v rst (in)
                                                         rst (net)
                      0.293093    0.000000    4.220896 v _223_/A (sky130_fd_sc_hd__inv_2)
     1    0.003612    0.070695    0.109047    4.329943 ^ _223_/Y (sky130_fd_sc_hd__inv_2)
                                                         _000_ (net)
                      0.070695    0.000000    4.329943 ^ _432_/RESET_B (sky130_fd_sc_hd__dfrtp_2)
                                              4.329943   data arrival time

                      0.150000   20.000000   20.000000   clock clk (rise edge)
                                  0.000000   20.000000   clock network delay (ideal)
                                 -0.250000   19.750002   clock uncertainty
                                  0.000000   19.750002   clock reconvergence pessimism
                                             19.750002 ^ _432_/CLK (sky130_fd_sc_hd__dfrtp_2)
                                  0.243882   19.993885   library recovery time
                                             19.993885   data required time
---------------------------------------------------------------------------------------------
                                             19.993885   data required time
                                             -4.329943   data arrival time
---------------------------------------------------------------------------------------------
                                             15.663941   slack (MET)


Startpoint: rst (input port clocked by clk)
Endpoint: _433_ (recovery check against rising-edge clock clk)
Path Group: asynchronous
Path Type: max

Fanout         Cap        Slew       Delay        Time   Description
---------------------------------------------------------------------------------------------
                      0.150000    0.000000    0.000000   clock clk (rise edge)
                                  0.000000    0.000000   clock network delay (ideal)
                                  4.000000    4.000000 v input external delay
    32    0.136832    0.293093    0.220896    4.220896 v rst (in)
                                                         rst (net)
                      0.293093    0.000000    4.220896 v _424_/A (sky130_fd_sc_hd__inv_2)
     1    0.003612    0.070695    0.109047    4.329943 ^ _424_/Y (sky130_fd_sc_hd__inv_2)
                                                         _001_ (net)
                      0.070695    0.000000    4.329943 ^ _433_/RESET_B (sky130_fd_sc_hd__dfrtp_2)
                                              4.329943   data arrival time

                      0.150000   20.000000   20.000000   clock clk (rise edge)
                                  0.000000   20.000000   clock network delay (ideal)
                                 -0.250000   19.750002   clock uncertainty
                                  0.000000   19.750002   clock reconvergence pessimism
                                             19.750002 ^ _433_/CLK (sky130_fd_sc_hd__dfrtp_2)
                                  0.243882   19.993885   library recovery time
                                             19.993885   data required time
---------------------------------------------------------------------------------------------
                                             19.993885   data required time
                                             -4.329943   data arrival time
---------------------------------------------------------------------------------------------
                                             15.663941   slack (MET)


Startpoint: rst (input port clocked by clk)
Endpoint: _434_ (recovery check against rising-edge clock clk)
Path Group: asynchronous
Path Type: max

Fanout         Cap        Slew       Delay        Time   Description
---------------------------------------------------------------------------------------------
                      0.150000    0.000000    0.000000   clock clk (rise edge)
                                  0.000000    0.000000   clock network delay (ideal)
                                  4.000000    4.000000 v input external delay
    32    0.136832    0.293093    0.220896    4.220896 v rst (in)
                                                         rst (net)
                      0.293093    0.000000    4.220896 v _425_/A (sky130_fd_sc_hd__inv_2)
     1    0.003612    0.070695    0.109047    4.329943 ^ _425_/Y (sky130_fd_sc_hd__inv_2)
                                                         _002_ (net)
                      0.070695    0.000000    4.329943 ^ _434_/RESET_B (sky130_fd_sc_hd__dfrtp_2)
                                              4.329943   data arrival time

                      0.150000   20.000000   20.000000   clock clk (rise edge)
                                  0.000000   20.000000   clock network delay (ideal)
                                 -0.250000   19.750002   clock uncertainty
                                  0.000000   19.750002   clock reconvergence pessimism
                                             19.750002 ^ _434_/CLK (sky130_fd_sc_hd__dfrtp_2)
                                  0.243882   19.993885   library recovery time
                                             19.993885   data required time
---------------------------------------------------------------------------------------------
                                             19.993885   data required time
                                             -4.329943   data arrival time
---------------------------------------------------------------------------------------------
                                             15.663941   slack (MET)


Startpoint: rst (input port clocked by clk)
Endpoint: _435_ (recovery check against rising-edge clock clk)
Path Group: asynchronous
Path Type: max

Fanout         Cap        Slew       Delay        Time   Description
---------------------------------------------------------------------------------------------
                      0.150000    0.000000    0.000000   clock clk (rise edge)
                                  0.000000    0.000000   clock network delay (ideal)
                                  4.000000    4.000000 v input external delay
    32    0.136832    0.293093    0.220896    4.220896 v rst (in)
                                                         rst (net)
                      0.293093    0.000000    4.220896 v _426_/A (sky130_fd_sc_hd__inv_2)
     1    0.003612    0.070695    0.109047    4.329943 ^ _426_/Y (sky130_fd_sc_hd__inv_2)
                                                         _003_ (net)
                      0.070695    0.000000    4.329943 ^ _435_/RESET_B (sky130_fd_sc_hd__dfrtp_2)
                                              4.329943   data arrival time

                      0.150000   20.000000   20.000000   clock clk (rise edge)
                                  0.000000   20.000000   clock network delay (ideal)
                                 -0.250000   19.750002   clock uncertainty
                                  0.000000   19.750002   clock reconvergence pessimism
                                             19.750002 ^ _435_/CLK (sky130_fd_sc_hd__dfrtp_2)
                                  0.243882   19.993885   library recovery time
                                             19.993885   data required time
---------------------------------------------------------------------------------------------
                                             19.993885   data required time
                                             -4.329943   data arrival time
---------------------------------------------------------------------------------------------
                                             15.663941   slack (MET)


Startpoint: rst (input port clocked by clk)
Endpoint: _436_ (recovery check against rising-edge clock clk)
Path Group: asynchronous
Path Type: max

Fanout         Cap        Slew       Delay        Time   Description
---------------------------------------------------------------------------------------------
                      0.150000    0.000000    0.000000   clock clk (rise edge)
                                  0.000000    0.000000   clock network delay (ideal)
                                  4.000000    4.000000 v input external delay
    32    0.136832    0.293093    0.220896    4.220896 v rst (in)
                                                         rst (net)
                      0.293093    0.000000    4.220896 v _427_/A (sky130_fd_sc_hd__inv_2)
     1    0.003612    0.070695    0.109047    4.329943 ^ _427_/Y (sky130_fd_sc_hd__inv_2)
                                                         _004_ (net)
                      0.070695    0.000000    4.329943 ^ _436_/RESET_B (sky130_fd_sc_hd__dfrtp_2)
                                              4.329943   data arrival time

                      0.150000   20.000000   20.000000   clock clk (rise edge)
                                  0.000000   20.000000   clock network delay (ideal)
                                 -0.250000   19.750002   clock uncertainty
                                  0.000000   19.750002   clock reconvergence pessimism
                                             19.750002 ^ _436_/CLK (sky130_fd_sc_hd__dfrtp_2)
                                  0.243882   19.993885   library recovery time
                                             19.993885   data required time
---------------------------------------------------------------------------------------------
                                             19.993885   data required time
                                             -4.329943   data arrival time
---------------------------------------------------------------------------------------------
                                             15.663941   slack (MET)


Startpoint: rst (input port clocked by clk)
Endpoint: _437_ (recovery check against rising-edge clock clk)
Path Group: asynchronous
Path Type: max

Fanout         Cap        Slew       Delay        Time   Description
---------------------------------------------------------------------------------------------
                      0.150000    0.000000    0.000000   clock clk (rise edge)
                                  0.000000    0.000000   clock network delay (ideal)
                                  4.000000    4.000000 v input external delay
    32    0.136832    0.293093    0.220896    4.220896 v rst (in)
                                                         rst (net)
                      0.293093    0.000000    4.220896 v _428_/A (sky130_fd_sc_hd__inv_2)
     1    0.003612    0.070695    0.109047    4.329943 ^ _428_/Y (sky130_fd_sc_hd__inv_2)
                                                         _005_ (net)
                      0.070695    0.000000    4.329943 ^ _437_/RESET_B (sky130_fd_sc_hd__dfrtp_2)
                                              4.329943   data arrival time

                      0.150000   20.000000   20.000000   clock clk (rise edge)
                                  0.000000   20.000000   clock network delay (ideal)
                                 -0.250000   19.750002   clock uncertainty
                                  0.000000   19.750002   clock reconvergence pessimism
                                             19.750002 ^ _437_/CLK (sky130_fd_sc_hd__dfrtp_2)
                                  0.243882   19.993885   library recovery time
                                             19.993885   data required time
---------------------------------------------------------------------------------------------
                                             19.993885   data required time
                                             -4.329943   data arrival time
---------------------------------------------------------------------------------------------
                                             15.663941   slack (MET)


Startpoint: rst (input port clocked by clk)
Endpoint: _438_ (recovery check against rising-edge clock clk)
Path Group: asynchronous
Path Type: max

Fanout         Cap        Slew       Delay        Time   Description
---------------------------------------------------------------------------------------------
                      0.150000    0.000000    0.000000   clock clk (rise edge)
                                  0.000000    0.000000   clock network delay (ideal)
                                  4.000000    4.000000 v input external delay
    32    0.136832    0.293093    0.220896    4.220896 v rst (in)
                                                         rst (net)
                      0.293093    0.000000    4.220896 v _429_/A (sky130_fd_sc_hd__inv_2)
     1    0.003612    0.070695    0.109047    4.329943 ^ _429_/Y (sky130_fd_sc_hd__inv_2)
                                                         _006_ (net)
                      0.070695    0.000000    4.329943 ^ _438_/RESET_B (sky130_fd_sc_hd__dfrtp_2)
                                              4.329943   data arrival time

                      0.150000   20.000000   20.000000   clock clk (rise edge)
                                  0.000000   20.000000   clock network delay (ideal)
                                 -0.250000   19.750002   clock uncertainty
                                  0.000000   19.750002   clock reconvergence pessimism
                                             19.750002 ^ _438_/CLK (sky130_fd_sc_hd__dfrtp_2)
                                  0.243882   19.993885   library recovery time
                                             19.993885   data required time
---------------------------------------------------------------------------------------------
                                             19.993885   data required time
                                             -4.329943   data arrival time
---------------------------------------------------------------------------------------------
                                             15.663941   slack (MET)


Startpoint: rst (input port clocked by clk)
Endpoint: _439_ (recovery check against rising-edge clock clk)
Path Group: asynchronous
Path Type: max

Fanout         Cap        Slew       Delay        Time   Description
---------------------------------------------------------------------------------------------
                      0.150000    0.000000    0.000000   clock clk (rise edge)
                                  0.000000    0.000000   clock network delay (ideal)
                                  4.000000    4.000000 v input external delay
    32    0.136832    0.293093    0.220896    4.220896 v rst (in)
                                                         rst (net)
                      0.293093    0.000000    4.220896 v _430_/A (sky130_fd_sc_hd__inv_2)
     1    0.003612    0.070695    0.109047    4.329943 ^ _430_/Y (sky130_fd_sc_hd__inv_2)
                                                         _007_ (net)
                      0.070695    0.000000    4.329943 ^ _439_/RESET_B (sky130_fd_sc_hd__dfrtp_2)
                                              4.329943   data arrival time

                      0.150000   20.000000   20.000000   clock clk (rise edge)
                                  0.000000   20.000000   clock network delay (ideal)
                                 -0.250000   19.750002   clock uncertainty
                                  0.000000   19.750002   clock reconvergence pessimism
                                             19.750002 ^ _439_/CLK (sky130_fd_sc_hd__dfrtp_2)
                                  0.243882   19.993885   library recovery time
                                             19.993885   data required time
---------------------------------------------------------------------------------------------
                                             19.993885   data required time
                                             -4.329943   data arrival time
---------------------------------------------------------------------------------------------
                                             15.663941   slack (MET)


Startpoint: rst (input port clocked by clk)
Endpoint: _440_ (recovery check against rising-edge clock clk)
Path Group: asynchronous
Path Type: max

Fanout         Cap        Slew       Delay        Time   Description
---------------------------------------------------------------------------------------------
                      0.150000    0.000000    0.000000   clock clk (rise edge)
                                  0.000000    0.000000   clock network delay (ideal)
                                  4.000000    4.000000 v input external delay
    32    0.136832    0.293093    0.220896    4.220896 v rst (in)
                                                         rst (net)
                      0.293093    0.000000    4.220896 v _431_/A (sky130_fd_sc_hd__inv_2)
     1    0.003612    0.070695    0.109047    4.329943 ^ _431_/Y (sky130_fd_sc_hd__inv_2)
                                                         _008_ (net)
                      0.070695    0.000000    4.329943 ^ _440_/RESET_B (sky130_fd_sc_hd__dfrtp_2)
                                              4.329943   data arrival time

                      0.150000   20.000000   20.000000   clock clk (rise edge)
                                  0.000000   20.000000   clock network delay (ideal)
                                 -0.250000   19.750002   clock uncertainty
                                  0.000000   19.750002   clock reconvergence pessimism
                                             19.750002 ^ _440_/CLK (sky130_fd_sc_hd__dfrtp_2)
                                  0.243882   19.993885   library recovery time
                                             19.993885   data required time
---------------------------------------------------------------------------------------------
                                             19.993885   data required time
                                             -4.329943   data arrival time
---------------------------------------------------------------------------------------------
                                             15.663941   slack (MET)


Startpoint: rst (input port clocked by clk)
Endpoint: _441_ (recovery check against rising-edge clock clk)
Path Group: asynchronous
Path Type: max

Fanout         Cap        Slew       Delay        Time   Description
---------------------------------------------------------------------------------------------
                      0.150000    0.000000    0.000000   clock clk (rise edge)
                                  0.000000    0.000000   clock network delay (ideal)
                                  4.000000    4.000000 v input external delay
    32    0.136832    0.293093    0.220896    4.220896 v rst (in)
                                                         rst (net)
                      0.293093    0.000000    4.220896 v _200_/A (sky130_fd_sc_hd__inv_2)
     1    0.003612    0.070695    0.109047    4.329943 ^ _200_/Y (sky130_fd_sc_hd__inv_2)
                                                         _009_ (net)
                      0.070695    0.000000    4.329943 ^ _441_/RESET_B (sky130_fd_sc_hd__dfrtp_2)
                                              4.329943   data arrival time

                      0.150000   20.000000   20.000000   clock clk (rise edge)
                                  0.000000   20.000000   clock network delay (ideal)
                                 -0.250000   19.750002   clock uncertainty
                                  0.000000   19.750002   clock reconvergence pessimism
                                             19.750002 ^ _441_/CLK (sky130_fd_sc_hd__dfrtp_2)
                                  0.243882   19.993885   library recovery time
                                             19.993885   data required time
---------------------------------------------------------------------------------------------
                                             19.993885   data required time
                                             -4.329943   data arrival time
---------------------------------------------------------------------------------------------
                                             15.663941   slack (MET)


Startpoint: rst (input port clocked by clk)
Endpoint: _442_ (recovery check against rising-edge clock clk)
Path Group: asynchronous
Path Type: max

Fanout         Cap        Slew       Delay        Time   Description
---------------------------------------------------------------------------------------------
                      0.150000    0.000000    0.000000   clock clk (rise edge)
                                  0.000000    0.000000   clock network delay (ideal)
                                  4.000000    4.000000 v input external delay
    32    0.136832    0.293093    0.220896    4.220896 v rst (in)
                                                         rst (net)
                      0.293093    0.000000    4.220896 v _201_/A (sky130_fd_sc_hd__inv_2)
     1    0.003612    0.070695    0.109047    4.329943 ^ _201_/Y (sky130_fd_sc_hd__inv_2)
                                                         _010_ (net)
                      0.070695    0.000000    4.329943 ^ _442_/RESET_B (sky130_fd_sc_hd__dfrtp_2)
                                              4.329943   data arrival time

                      0.150000   20.000000   20.000000   clock clk (rise edge)
                                  0.000000   20.000000   clock network delay (ideal)
                                 -0.250000   19.750002   clock uncertainty
                                  0.000000   19.750002   clock reconvergence pessimism
                                             19.750002 ^ _442_/CLK (sky130_fd_sc_hd__dfrtp_2)
                                  0.243882   19.993885   library recovery time
                                             19.993885   data required time
---------------------------------------------------------------------------------------------
                                             19.993885   data required time
                                             -4.329943   data arrival time
---------------------------------------------------------------------------------------------
                                             15.663941   slack (MET)


Startpoint: rst (input port clocked by clk)
Endpoint: _443_ (recovery check against rising-edge clock clk)
Path Group: asynchronous
Path Type: max

Fanout         Cap        Slew       Delay        Time   Description
---------------------------------------------------------------------------------------------
                      0.150000    0.000000    0.000000   clock clk (rise edge)
                                  0.000000    0.000000   clock network delay (ideal)
                                  4.000000    4.000000 v input external delay
    32    0.136832    0.293093    0.220896    4.220896 v rst (in)
                                                         rst (net)
                      0.293093    0.000000    4.220896 v _202_/A (sky130_fd_sc_hd__inv_2)
     1    0.003612    0.070695    0.109047    4.329943 ^ _202_/Y (sky130_fd_sc_hd__inv_2)
                                                         _011_ (net)
                      0.070695    0.000000    4.329943 ^ _443_/RESET_B (sky130_fd_sc_hd__dfrtp_2)
                                              4.329943   data arrival time

                      0.150000   20.000000   20.000000   clock clk (rise edge)
                                  0.000000   20.000000   clock network delay (ideal)
                                 -0.250000   19.750002   clock uncertainty
                                  0.000000   19.750002   clock reconvergence pessimism
                                             19.750002 ^ _443_/CLK (sky130_fd_sc_hd__dfrtp_2)
                                  0.243882   19.993885   library recovery time
                                             19.993885   data required time
---------------------------------------------------------------------------------------------
                                             19.993885   data required time
                                             -4.329943   data arrival time
---------------------------------------------------------------------------------------------
                                             15.663941   slack (MET)


Startpoint: rst (input port clocked by clk)
Endpoint: _444_ (recovery check against rising-edge clock clk)
Path Group: asynchronous
Path Type: max

Fanout         Cap        Slew       Delay        Time   Description
---------------------------------------------------------------------------------------------
                      0.150000    0.000000    0.000000   clock clk (rise edge)
                                  0.000000    0.000000   clock network delay (ideal)
                                  4.000000    4.000000 v input external delay
    32    0.136832    0.293093    0.220896    4.220896 v rst (in)
                                                         rst (net)
                      0.293093    0.000000    4.220896 v _203_/A (sky130_fd_sc_hd__inv_2)
     1    0.003612    0.070695    0.109047    4.329943 ^ _203_/Y (sky130_fd_sc_hd__inv_2)
                                                         _012_ (net)
                      0.070695    0.000000    4.329943 ^ _444_/RESET_B (sky130_fd_sc_hd__dfrtp_2)
                                              4.329943   data arrival time

                      0.150000   20.000000   20.000000   clock clk (rise edge)
                                  0.000000   20.000000   clock network delay (ideal)
                                 -0.250000   19.750002   clock uncertainty
                                  0.000000   19.750002   clock reconvergence pessimism
                                             19.750002 ^ _444_/CLK (sky130_fd_sc_hd__dfrtp_2)
                                  0.243882   19.993885   library recovery time
                                             19.993885   data required time
---------------------------------------------------------------------------------------------
                                             19.993885   data required time
                                             -4.329943   data arrival time
---------------------------------------------------------------------------------------------
                                             15.663941   slack (MET)


Startpoint: rst (input port clocked by clk)
Endpoint: _445_ (recovery check against rising-edge clock clk)
Path Group: asynchronous
Path Type: max

Fanout         Cap        Slew       Delay        Time   Description
---------------------------------------------------------------------------------------------
                      0.150000    0.000000    0.000000   clock clk (rise edge)
                                  0.000000    0.000000   clock network delay (ideal)
                                  4.000000    4.000000 v input external delay
    32    0.136832    0.293093    0.220896    4.220896 v rst (in)
                                                         rst (net)
                      0.293093    0.000000    4.220896 v _204_/A (sky130_fd_sc_hd__inv_2)
     1    0.003612    0.070695    0.109047    4.329943 ^ _204_/Y (sky130_fd_sc_hd__inv_2)
                                                         _013_ (net)
                      0.070695    0.000000    4.329943 ^ _445_/RESET_B (sky130_fd_sc_hd__dfrtp_2)
                                              4.329943   data arrival time

                      0.150000   20.000000   20.000000   clock clk (rise edge)
                                  0.000000   20.000000   clock network delay (ideal)
                                 -0.250000   19.750002   clock uncertainty
                                  0.000000   19.750002   clock reconvergence pessimism
                                             19.750002 ^ _445_/CLK (sky130_fd_sc_hd__dfrtp_2)
                                  0.243882   19.993885   library recovery time
                                             19.993885   data required time
---------------------------------------------------------------------------------------------
                                             19.993885   data required time
                                             -4.329943   data arrival time
---------------------------------------------------------------------------------------------
                                             15.663941   slack (MET)


Startpoint: rst (input port clocked by clk)
Endpoint: _446_ (recovery check against rising-edge clock clk)
Path Group: asynchronous
Path Type: max

Fanout         Cap        Slew       Delay        Time   Description
---------------------------------------------------------------------------------------------
                      0.150000    0.000000    0.000000   clock clk (rise edge)
                                  0.000000    0.000000   clock network delay (ideal)
                                  4.000000    4.000000 v input external delay
    32    0.136832    0.293093    0.220896    4.220896 v rst (in)
                                                         rst (net)
                      0.293093    0.000000    4.220896 v _205_/A (sky130_fd_sc_hd__inv_2)
     1    0.003612    0.070695    0.109047    4.329943 ^ _205_/Y (sky130_fd_sc_hd__inv_2)
                                                         _014_ (net)
                      0.070695    0.000000    4.329943 ^ _446_/RESET_B (sky130_fd_sc_hd__dfrtp_2)
                                              4.329943   data arrival time

                      0.150000   20.000000   20.000000   clock clk (rise edge)
                                  0.000000   20.000000   clock network delay (ideal)
                                 -0.250000   19.750002   clock uncertainty
                                  0.000000   19.750002   clock reconvergence pessimism
                                             19.750002 ^ _446_/CLK (sky130_fd_sc_hd__dfrtp_2)
                                  0.243882   19.993885   library recovery time
                                             19.993885   data required time
---------------------------------------------------------------------------------------------
                                             19.993885   data required time
                                             -4.329943   data arrival time
---------------------------------------------------------------------------------------------
                                             15.663941   slack (MET)


Startpoint: rst (input port clocked by clk)
Endpoint: _447_ (recovery check against rising-edge clock clk)
Path Group: asynchronous
Path Type: max

Fanout         Cap        Slew       Delay        Time   Description
---------------------------------------------------------------------------------------------
                      0.150000    0.000000    0.000000   clock clk (rise edge)
                                  0.000000    0.000000   clock network delay (ideal)
                                  4.000000    4.000000 v input external delay
    32    0.136832    0.293093    0.220896    4.220896 v rst (in)
                                                         rst (net)
                      0.293093    0.000000    4.220896 v _206_/A (sky130_fd_sc_hd__inv_2)
     1    0.003612    0.070695    0.109047    4.329943 ^ _206_/Y (sky130_fd_sc_hd__inv_2)
                                                         _015_ (net)
                      0.070695    0.000000    4.329943 ^ _447_/RESET_B (sky130_fd_sc_hd__dfrtp_2)
                                              4.329943   data arrival time

                      0.150000   20.000000   20.000000   clock clk (rise edge)
                                  0.000000   20.000000   clock network delay (ideal)
                                 -0.250000   19.750002   clock uncertainty
                                  0.000000   19.750002   clock reconvergence pessimism
                                             19.750002 ^ _447_/CLK (sky130_fd_sc_hd__dfrtp_2)
                                  0.243882   19.993885   library recovery time
                                             19.993885   data required time
---------------------------------------------------------------------------------------------
                                             19.993885   data required time
                                             -4.329943   data arrival time
---------------------------------------------------------------------------------------------
                                             15.663941   slack (MET)


Startpoint: rst (input port clocked by clk)
Endpoint: _448_ (recovery check against rising-edge clock clk)
Path Group: asynchronous
Path Type: max

Fanout         Cap        Slew       Delay        Time   Description
---------------------------------------------------------------------------------------------
                      0.150000    0.000000    0.000000   clock clk (rise edge)
                                  0.000000    0.000000   clock network delay (ideal)
                                  4.000000    4.000000 v input external delay
    32    0.136832    0.293093    0.220896    4.220896 v rst (in)
                                                         rst (net)
                      0.293093    0.000000    4.220896 v _207_/A (sky130_fd_sc_hd__inv_2)
     1    0.003612    0.070695    0.109047    4.329943 ^ _207_/Y (sky130_fd_sc_hd__inv_2)
                                                         _016_ (net)
                      0.070695    0.000000    4.329943 ^ _448_/RESET_B (sky130_fd_sc_hd__dfrtp_2)
                                              4.329943   data arrival time

                      0.150000   20.000000   20.000000   clock clk (rise edge)
                                  0.000000   20.000000   clock network delay (ideal)
                                 -0.250000   19.750002   clock uncertainty
                                  0.000000   19.750002   clock reconvergence pessimism
                                             19.750002 ^ _448_/CLK (sky130_fd_sc_hd__dfrtp_2)
                                  0.243882   19.993885   library recovery time
                                             19.993885   data required time
---------------------------------------------------------------------------------------------
                                             19.993885   data required time
                                             -4.329943   data arrival time
---------------------------------------------------------------------------------------------
                                             15.663941   slack (MET)


Startpoint: rst (input port clocked by clk)
Endpoint: _449_ (recovery check against rising-edge clock clk)
Path Group: asynchronous
Path Type: max

Fanout         Cap        Slew       Delay        Time   Description
---------------------------------------------------------------------------------------------
                      0.150000    0.000000    0.000000   clock clk (rise edge)
                                  0.000000    0.000000   clock network delay (ideal)
                                  4.000000    4.000000 v input external delay
    32    0.136832    0.293093    0.220896    4.220896 v rst (in)
                                                         rst (net)
                      0.293093    0.000000    4.220896 v _208_/A (sky130_fd_sc_hd__inv_2)
     1    0.003612    0.070695    0.109047    4.329943 ^ _208_/Y (sky130_fd_sc_hd__inv_2)
                                                         _017_ (net)
                      0.070695    0.000000    4.329943 ^ _449_/RESET_B (sky130_fd_sc_hd__dfrtp_2)
                                              4.329943   data arrival time

                      0.150000   20.000000   20.000000   clock clk (rise edge)
                                  0.000000   20.000000   clock network delay (ideal)
                                 -0.250000   19.750002   clock uncertainty
                                  0.000000   19.750002   clock reconvergence pessimism
                                             19.750002 ^ _449_/CLK (sky130_fd_sc_hd__dfrtp_2)
                                  0.243882   19.993885   library recovery time
                                             19.993885   data required time
---------------------------------------------------------------------------------------------
                                             19.993885   data required time
                                             -4.329943   data arrival time
---------------------------------------------------------------------------------------------
                                             15.663941   slack (MET)


Startpoint: rst (input port clocked by clk)
Endpoint: _450_ (recovery check against rising-edge clock clk)
Path Group: asynchronous
Path Type: max

Fanout         Cap        Slew       Delay        Time   Description
---------------------------------------------------------------------------------------------
                      0.150000    0.000000    0.000000   clock clk (rise edge)
                                  0.000000    0.000000   clock network delay (ideal)
                                  4.000000    4.000000 v input external delay
    32    0.136832    0.293093    0.220896    4.220896 v rst (in)
                                                         rst (net)
                      0.293093    0.000000    4.220896 v _209_/A (sky130_fd_sc_hd__inv_2)
     1    0.003612    0.070695    0.109047    4.329943 ^ _209_/Y (sky130_fd_sc_hd__inv_2)
                                                         _018_ (net)
                      0.070695    0.000000    4.329943 ^ _450_/RESET_B (sky130_fd_sc_hd__dfrtp_2)
                                              4.329943   data arrival time

                      0.150000   20.000000   20.000000   clock clk (rise edge)
                                  0.000000   20.000000   clock network delay (ideal)
                                 -0.250000   19.750002   clock uncertainty
                                  0.000000   19.750002   clock reconvergence pessimism
                                             19.750002 ^ _450_/CLK (sky130_fd_sc_hd__dfrtp_2)
                                  0.243882   19.993885   library recovery time
                                             19.993885   data required time
---------------------------------------------------------------------------------------------
                                             19.993885   data required time
                                             -4.329943   data arrival time
---------------------------------------------------------------------------------------------
                                             15.663941   slack (MET)


Startpoint: rst (input port clocked by clk)
Endpoint: _451_ (recovery check against rising-edge clock clk)
Path Group: asynchronous
Path Type: max

Fanout         Cap        Slew       Delay        Time   Description
---------------------------------------------------------------------------------------------
                      0.150000    0.000000    0.000000   clock clk (rise edge)
                                  0.000000    0.000000   clock network delay (ideal)
                                  4.000000    4.000000 v input external delay
    32    0.136832    0.293093    0.220896    4.220896 v rst (in)
                                                         rst (net)
                      0.293093    0.000000    4.220896 v _210_/A (sky130_fd_sc_hd__inv_2)
     1    0.003612    0.070695    0.109047    4.329943 ^ _210_/Y (sky130_fd_sc_hd__inv_2)
                                                         _019_ (net)
                      0.070695    0.000000    4.329943 ^ _451_/RESET_B (sky130_fd_sc_hd__dfrtp_2)
                                              4.329943   data arrival time

                      0.150000   20.000000   20.000000   clock clk (rise edge)
                                  0.000000   20.000000   clock network delay (ideal)
                                 -0.250000   19.750002   clock uncertainty
                                  0.000000   19.750002   clock reconvergence pessimism
                                             19.750002 ^ _451_/CLK (sky130_fd_sc_hd__dfrtp_2)
                                  0.243882   19.993885   library recovery time
                                             19.993885   data required time
---------------------------------------------------------------------------------------------
                                             19.993885   data required time
                                             -4.329943   data arrival time
---------------------------------------------------------------------------------------------
                                             15.663941   slack (MET)


Startpoint: rst (input port clocked by clk)
Endpoint: _452_ (recovery check against rising-edge clock clk)
Path Group: asynchronous
Path Type: max

Fanout         Cap        Slew       Delay        Time   Description
---------------------------------------------------------------------------------------------
                      0.150000    0.000000    0.000000   clock clk (rise edge)
                                  0.000000    0.000000   clock network delay (ideal)
                                  4.000000    4.000000 v input external delay
    32    0.136832    0.293093    0.220896    4.220896 v rst (in)
                                                         rst (net)
                      0.293093    0.000000    4.220896 v _211_/A (sky130_fd_sc_hd__inv_2)
     1    0.003612    0.070695    0.109047    4.329943 ^ _211_/Y (sky130_fd_sc_hd__inv_2)
                                                         _020_ (net)
                      0.070695    0.000000    4.329943 ^ _452_/RESET_B (sky130_fd_sc_hd__dfrtp_2)
                                              4.329943   data arrival time

                      0.150000   20.000000   20.000000   clock clk (rise edge)
                                  0.000000   20.000000   clock network delay (ideal)
                                 -0.250000   19.750002   clock uncertainty
                                  0.000000   19.750002   clock reconvergence pessimism
                                             19.750002 ^ _452_/CLK (sky130_fd_sc_hd__dfrtp_2)
                                  0.243882   19.993885   library recovery time
                                             19.993885   data required time
---------------------------------------------------------------------------------------------
                                             19.993885   data required time
                                             -4.329943   data arrival time
---------------------------------------------------------------------------------------------
                                             15.663941   slack (MET)


Startpoint: rst (input port clocked by clk)
Endpoint: _453_ (recovery check against rising-edge clock clk)
Path Group: asynchronous
Path Type: max

Fanout         Cap        Slew       Delay        Time   Description
---------------------------------------------------------------------------------------------
                      0.150000    0.000000    0.000000   clock clk (rise edge)
                                  0.000000    0.000000   clock network delay (ideal)
                                  4.000000    4.000000 v input external delay
    32    0.136832    0.293093    0.220896    4.220896 v rst (in)
                                                         rst (net)
                      0.293093    0.000000    4.220896 v _212_/A (sky130_fd_sc_hd__inv_2)
     1    0.003612    0.070695    0.109047    4.329943 ^ _212_/Y (sky130_fd_sc_hd__inv_2)
                                                         _021_ (net)
                      0.070695    0.000000    4.329943 ^ _453_/RESET_B (sky130_fd_sc_hd__dfrtp_2)
                                              4.329943   data arrival time

                      0.150000   20.000000   20.000000   clock clk (rise edge)
                                  0.000000   20.000000   clock network delay (ideal)
                                 -0.250000   19.750002   clock uncertainty
                                  0.000000   19.750002   clock reconvergence pessimism
                                             19.750002 ^ _453_/CLK (sky130_fd_sc_hd__dfrtp_2)
                                  0.243882   19.993885   library recovery time
                                             19.993885   data required time
---------------------------------------------------------------------------------------------
                                             19.993885   data required time
                                             -4.329943   data arrival time
---------------------------------------------------------------------------------------------
                                             15.663941   slack (MET)


Startpoint: rst (input port clocked by clk)
Endpoint: _454_ (recovery check against rising-edge clock clk)
Path Group: asynchronous
Path Type: max

Fanout         Cap        Slew       Delay        Time   Description
---------------------------------------------------------------------------------------------
                      0.150000    0.000000    0.000000   clock clk (rise edge)
                                  0.000000    0.000000   clock network delay (ideal)
                                  4.000000    4.000000 v input external delay
    32    0.136832    0.293093    0.220896    4.220896 v rst (in)
                                                         rst (net)
                      0.293093    0.000000    4.220896 v _213_/A (sky130_fd_sc_hd__inv_2)
     1    0.003612    0.070695    0.109047    4.329943 ^ _213_/Y (sky130_fd_sc_hd__inv_2)
                                                         _022_ (net)
                      0.070695    0.000000    4.329943 ^ _454_/RESET_B (sky130_fd_sc_hd__dfrtp_2)
                                              4.329943   data arrival time

                      0.150000   20.000000   20.000000   clock clk (rise edge)
                                  0.000000   20.000000   clock network delay (ideal)
                                 -0.250000   19.750002   clock uncertainty
                                  0.000000   19.750002   clock reconvergence pessimism
                                             19.750002 ^ _454_/CLK (sky130_fd_sc_hd__dfrtp_2)
                                  0.243882   19.993885   library recovery time
                                             19.993885   data required time
---------------------------------------------------------------------------------------------
                                             19.993885   data required time
                                             -4.329943   data arrival time
---------------------------------------------------------------------------------------------
                                             15.663941   slack (MET)


Startpoint: rst (input port clocked by clk)
Endpoint: _455_ (recovery check against rising-edge clock clk)
Path Group: asynchronous
Path Type: max

Fanout         Cap        Slew       Delay        Time   Description
---------------------------------------------------------------------------------------------
                      0.150000    0.000000    0.000000   clock clk (rise edge)
                                  0.000000    0.000000   clock network delay (ideal)
                                  4.000000    4.000000 v input external delay
    32    0.136832    0.293093    0.220896    4.220896 v rst (in)
                                                         rst (net)
                      0.293093    0.000000    4.220896 v _214_/A (sky130_fd_sc_hd__inv_2)
     1    0.003612    0.070695    0.109047    4.329943 ^ _214_/Y (sky130_fd_sc_hd__inv_2)
                                                         _023_ (net)
                      0.070695    0.000000    4.329943 ^ _455_/RESET_B (sky130_fd_sc_hd__dfrtp_2)
                                              4.329943   data arrival time

                      0.150000   20.000000   20.000000   clock clk (rise edge)
                                  0.000000   20.000000   clock network delay (ideal)
                                 -0.250000   19.750002   clock uncertainty
                                  0.000000   19.750002   clock reconvergence pessimism
                                             19.750002 ^ _455_/CLK (sky130_fd_sc_hd__dfrtp_2)
                                  0.243882   19.993885   library recovery time
                                             19.993885   data required time
---------------------------------------------------------------------------------------------
                                             19.993885   data required time
                                             -4.329943   data arrival time
---------------------------------------------------------------------------------------------
                                             15.663941   slack (MET)


Startpoint: rst (input port clocked by clk)
Endpoint: _456_ (recovery check against rising-edge clock clk)
Path Group: asynchronous
Path Type: max

Fanout         Cap        Slew       Delay        Time   Description
---------------------------------------------------------------------------------------------
                      0.150000    0.000000    0.000000   clock clk (rise edge)
                                  0.000000    0.000000   clock network delay (ideal)
                                  4.000000    4.000000 v input external delay
    32    0.136832    0.293093    0.220896    4.220896 v rst (in)
                                                         rst (net)
                      0.293093    0.000000    4.220896 v _215_/A (sky130_fd_sc_hd__inv_2)
     1    0.003612    0.070695    0.109047    4.329943 ^ _215_/Y (sky130_fd_sc_hd__inv_2)
                                                         _024_ (net)
                      0.070695    0.000000    4.329943 ^ _456_/RESET_B (sky130_fd_sc_hd__dfrtp_2)
                                              4.329943   data arrival time

                      0.150000   20.000000   20.000000   clock clk (rise edge)
                                  0.000000   20.000000   clock network delay (ideal)
                                 -0.250000   19.750002   clock uncertainty
                                  0.000000   19.750002   clock reconvergence pessimism
                                             19.750002 ^ _456_/CLK (sky130_fd_sc_hd__dfrtp_2)
                                  0.243882   19.993885   library recovery time
                                             19.993885   data required time
---------------------------------------------------------------------------------------------
                                             19.993885   data required time
                                             -4.329943   data arrival time
---------------------------------------------------------------------------------------------
                                             15.663941   slack (MET)


Startpoint: rst (input port clocked by clk)
Endpoint: _457_ (recovery check against rising-edge clock clk)
Path Group: asynchronous
Path Type: max

Fanout         Cap        Slew       Delay        Time   Description
---------------------------------------------------------------------------------------------
                      0.150000    0.000000    0.000000   clock clk (rise edge)
                                  0.000000    0.000000   clock network delay (ideal)
                                  4.000000    4.000000 v input external delay
    32    0.136832    0.293093    0.220896    4.220896 v rst (in)
                                                         rst (net)
                      0.293093    0.000000    4.220896 v _216_/A (sky130_fd_sc_hd__inv_2)
     1    0.003612    0.070695    0.109047    4.329943 ^ _216_/Y (sky130_fd_sc_hd__inv_2)
                                                         _025_ (net)
                      0.070695    0.000000    4.329943 ^ _457_/RESET_B (sky130_fd_sc_hd__dfrtp_2)
                                              4.329943   data arrival time

                      0.150000   20.000000   20.000000   clock clk (rise edge)
                                  0.000000   20.000000   clock network delay (ideal)
                                 -0.250000   19.750002   clock uncertainty
                                  0.000000   19.750002   clock reconvergence pessimism
                                             19.750002 ^ _457_/CLK (sky130_fd_sc_hd__dfrtp_2)
                                  0.243882   19.993885   library recovery time
                                             19.993885   data required time
---------------------------------------------------------------------------------------------
                                             19.993885   data required time
                                             -4.329943   data arrival time
---------------------------------------------------------------------------------------------
                                             15.663941   slack (MET)


Startpoint: rst (input port clocked by clk)
Endpoint: _458_ (recovery check against rising-edge clock clk)
Path Group: asynchronous
Path Type: max

Fanout         Cap        Slew       Delay        Time   Description
---------------------------------------------------------------------------------------------
                      0.150000    0.000000    0.000000   clock clk (rise edge)
                                  0.000000    0.000000   clock network delay (ideal)
                                  4.000000    4.000000 v input external delay
    32    0.136832    0.293093    0.220896    4.220896 v rst (in)
                                                         rst (net)
                      0.293093    0.000000    4.220896 v _217_/A (sky130_fd_sc_hd__inv_2)
     1    0.003612    0.070695    0.109047    4.329943 ^ _217_/Y (sky130_fd_sc_hd__inv_2)
                                                         _026_ (net)
                      0.070695    0.000000    4.329943 ^ _458_/RESET_B (sky130_fd_sc_hd__dfrtp_2)
                                              4.329943   data arrival time

                      0.150000   20.000000   20.000000   clock clk (rise edge)
                                  0.000000   20.000000   clock network delay (ideal)
                                 -0.250000   19.750002   clock uncertainty
                                  0.000000   19.750002   clock reconvergence pessimism
                                             19.750002 ^ _458_/CLK (sky130_fd_sc_hd__dfrtp_2)
                                  0.243882   19.993885   library recovery time
                                             19.993885   data required time
---------------------------------------------------------------------------------------------
                                             19.993885   data required time
                                             -4.329943   data arrival time
---------------------------------------------------------------------------------------------
                                             15.663941   slack (MET)


Startpoint: rst (input port clocked by clk)
Endpoint: _459_ (recovery check against rising-edge clock clk)
Path Group: asynchronous
Path Type: max

Fanout         Cap        Slew       Delay        Time   Description
---------------------------------------------------------------------------------------------
                      0.150000    0.000000    0.000000   clock clk (rise edge)
                                  0.000000    0.000000   clock network delay (ideal)
                                  4.000000    4.000000 v input external delay
    32    0.136832    0.293093    0.220896    4.220896 v rst (in)
                                                         rst (net)
                      0.293093    0.000000    4.220896 v _218_/A (sky130_fd_sc_hd__inv_2)
     1    0.003612    0.070695    0.109047    4.329943 ^ _218_/Y (sky130_fd_sc_hd__inv_2)
                                                         _027_ (net)
                      0.070695    0.000000    4.329943 ^ _459_/RESET_B (sky130_fd_sc_hd__dfrtp_2)
                                              4.329943   data arrival time

                      0.150000   20.000000   20.000000   clock clk (rise edge)
                                  0.000000   20.000000   clock network delay (ideal)
                                 -0.250000   19.750002   clock uncertainty
                                  0.000000   19.750002   clock reconvergence pessimism
                                             19.750002 ^ _459_/CLK (sky130_fd_sc_hd__dfrtp_2)
                                  0.243882   19.993885   library recovery time
                                             19.993885   data required time
---------------------------------------------------------------------------------------------
                                             19.993885   data required time
                                             -4.329943   data arrival time
---------------------------------------------------------------------------------------------
                                             15.663941   slack (MET)


Startpoint: rst (input port clocked by clk)
Endpoint: _460_ (recovery check against rising-edge clock clk)
Path Group: asynchronous
Path Type: max

Fanout         Cap        Slew       Delay        Time   Description
---------------------------------------------------------------------------------------------
                      0.150000    0.000000    0.000000   clock clk (rise edge)
                                  0.000000    0.000000   clock network delay (ideal)
                                  4.000000    4.000000 v input external delay
    32    0.136832    0.293093    0.220896    4.220896 v rst (in)
                                                         rst (net)
                      0.293093    0.000000    4.220896 v _219_/A (sky130_fd_sc_hd__inv_2)
     1    0.003612    0.070695    0.109047    4.329943 ^ _219_/Y (sky130_fd_sc_hd__inv_2)
                                                         _028_ (net)
                      0.070695    0.000000    4.329943 ^ _460_/RESET_B (sky130_fd_sc_hd__dfrtp_2)
                                              4.329943   data arrival time

                      0.150000   20.000000   20.000000   clock clk (rise edge)
                                  0.000000   20.000000   clock network delay (ideal)
                                 -0.250000   19.750002   clock uncertainty
                                  0.000000   19.750002   clock reconvergence pessimism
                                             19.750002 ^ _460_/CLK (sky130_fd_sc_hd__dfrtp_2)
                                  0.243882   19.993885   library recovery time
                                             19.993885   data required time
---------------------------------------------------------------------------------------------
                                             19.993885   data required time
                                             -4.329943   data arrival time
---------------------------------------------------------------------------------------------
                                             15.663941   slack (MET)


Startpoint: rst (input port clocked by clk)
Endpoint: _461_ (recovery check against rising-edge clock clk)
Path Group: asynchronous
Path Type: max

Fanout         Cap        Slew       Delay        Time   Description
---------------------------------------------------------------------------------------------
                      0.150000    0.000000    0.000000   clock clk (rise edge)
                                  0.000000    0.000000   clock network delay (ideal)
                                  4.000000    4.000000 v input external delay
    32    0.136832    0.293093    0.220896    4.220896 v rst (in)
                                                         rst (net)
                      0.293093    0.000000    4.220896 v _220_/A (sky130_fd_sc_hd__inv_2)
     1    0.003612    0.070695    0.109047    4.329943 ^ _220_/Y (sky130_fd_sc_hd__inv_2)
                                                         _029_ (net)
                      0.070695    0.000000    4.329943 ^ _461_/RESET_B (sky130_fd_sc_hd__dfrtp_2)
                                              4.329943   data arrival time

                      0.150000   20.000000   20.000000   clock clk (rise edge)
                                  0.000000   20.000000   clock network delay (ideal)
                                 -0.250000   19.750002   clock uncertainty
                                  0.000000   19.750002   clock reconvergence pessimism
                                             19.750002 ^ _461_/CLK (sky130_fd_sc_hd__dfrtp_2)
                                  0.243882   19.993885   library recovery time
                                             19.993885   data required time
---------------------------------------------------------------------------------------------
                                             19.993885   data required time
                                             -4.329943   data arrival time
---------------------------------------------------------------------------------------------
                                             15.663941   slack (MET)


Startpoint: rst (input port clocked by clk)
Endpoint: _462_ (recovery check against rising-edge clock clk)
Path Group: asynchronous
Path Type: max

Fanout         Cap        Slew       Delay        Time   Description
---------------------------------------------------------------------------------------------
                      0.150000    0.000000    0.000000   clock clk (rise edge)
                                  0.000000    0.000000   clock network delay (ideal)
                                  4.000000    4.000000 v input external delay
    32    0.136832    0.293093    0.220896    4.220896 v rst (in)
                                                         rst (net)
                      0.293093    0.000000    4.220896 v _221_/A (sky130_fd_sc_hd__inv_2)
     1    0.003612    0.070695    0.109047    4.329943 ^ _221_/Y (sky130_fd_sc_hd__inv_2)
                                                         _030_ (net)
                      0.070695    0.000000    4.329943 ^ _462_/RESET_B (sky130_fd_sc_hd__dfrtp_2)
                                              4.329943   data arrival time

                      0.150000   20.000000   20.000000   clock clk (rise edge)
                                  0.000000   20.000000   clock network delay (ideal)
                                 -0.250000   19.750002   clock uncertainty
                                  0.000000   19.750002   clock reconvergence pessimism
                                             19.750002 ^ _462_/CLK (sky130_fd_sc_hd__dfrtp_2)
                                  0.243882   19.993885   library recovery time
                                             19.993885   data required time
---------------------------------------------------------------------------------------------
                                             19.993885   data required time
                                             -4.329943   data arrival time
---------------------------------------------------------------------------------------------
                                             15.663941   slack (MET)


Startpoint: rst (input port clocked by clk)
Endpoint: _463_ (recovery check against rising-edge clock clk)
Path Group: asynchronous
Path Type: max

Fanout         Cap        Slew       Delay        Time   Description
---------------------------------------------------------------------------------------------
                      0.150000    0.000000    0.000000   clock clk (rise edge)
                                  0.000000    0.000000   clock network delay (ideal)
                                  4.000000    4.000000 v input external delay
    32    0.136832    0.293093    0.220896    4.220896 v rst (in)
                                                         rst (net)
                      0.293093    0.000000    4.220896 v _222_/A (sky130_fd_sc_hd__inv_2)
     1    0.003612    0.070695    0.109047    4.329943 ^ _222_/Y (sky130_fd_sc_hd__inv_2)
                                                         _031_ (net)
                      0.070695    0.000000    4.329943 ^ _463_/RESET_B (sky130_fd_sc_hd__dfrtp_2)
                                              4.329943   data arrival time

                      0.150000   20.000000   20.000000   clock clk (rise edge)
                                  0.000000   20.000000   clock network delay (ideal)
                                 -0.250000   19.750002   clock uncertainty
                                  0.000000   19.750002   clock reconvergence pessimism
                                             19.750002 ^ _463_/CLK (sky130_fd_sc_hd__dfrtp_2)
                                  0.243882   19.993885   library recovery time
                                             19.993885   data required time
---------------------------------------------------------------------------------------------
                                             19.993885   data required time
                                             -4.329943   data arrival time
---------------------------------------------------------------------------------------------
                                             15.663941   slack (MET)



%OL_END_REPORT
%OL_CREATE_REPORT checks.rpt

===========================================================================
report_checks -unconstrained
===========================================================================
======================= nom_tt_025C_1v80 Corner ===================================

Startpoint: rst (input port clocked by clk)
Endpoint: _432_ (recovery check against rising-edge clock clk)
Path Group: asynchronous
Path Type: max

Fanout         Cap        Slew       Delay        Time   Description
---------------------------------------------------------------------------------------------
                      0.150000    0.000000    0.000000   clock clk (rise edge)
                                  0.000000    0.000000   clock network delay (ideal)
                                  4.000000    4.000000 v input external delay
    32    0.136832    0.293093    0.220896    4.220896 v rst (in)
                                                         rst (net)
                      0.293093    0.000000    4.220896 v _223_/A (sky130_fd_sc_hd__inv_2)
     1    0.003612    0.070695    0.109047    4.329943 ^ _223_/Y (sky130_fd_sc_hd__inv_2)
                                                         _000_ (net)
                      0.070695    0.000000    4.329943 ^ _432_/RESET_B (sky130_fd_sc_hd__dfrtp_2)
                                              4.329943   data arrival time

                      0.150000   20.000000   20.000000   clock clk (rise edge)
                                  0.000000   20.000000   clock network delay (ideal)
                                 -0.250000   19.750002   clock uncertainty
                                  0.000000   19.750002   clock reconvergence pessimism
                                             19.750002 ^ _432_/CLK (sky130_fd_sc_hd__dfrtp_2)
                                  0.243882   19.993885   library recovery time
                                             19.993885   data required time
---------------------------------------------------------------------------------------------
                                             19.993885   data required time
                                             -4.329943   data arrival time
---------------------------------------------------------------------------------------------
                                             15.663941   slack (MET)


Startpoint: data_in[6] (input port clocked by clk)
Endpoint: _462_ (rising edge-triggered flip-flop clocked by clk)
Path Group: clk
Path Type: max

Fanout         Cap        Slew       Delay        Time   Description
---------------------------------------------------------------------------------------------
                      0.150000    0.000000    0.000000   clock clk (rise edge)
                                  0.000000    0.000000   clock network delay (ideal)
                                  4.000000    4.000000 v input external delay
     3    0.016876    0.039655    0.027157    4.027157 v data_in[6] (in)
                                                         data_in[6] (net)
                      0.039655    0.000000    4.027157 v _272_/A (sky130_fd_sc_hd__xnor2_2)
     3    0.006982    0.066190    0.137129    4.164286 v _272_/Y (sky130_fd_sc_hd__xnor2_2)
                                                         _080_ (net)
                      0.066190    0.000000    4.164286 v _276_/A (sky130_fd_sc_hd__or3_2)
     3    0.008647    0.098783    0.506831    4.671116 v _276_/X (sky130_fd_sc_hd__or3_2)
                                                         _084_ (net)
                      0.098783    0.000000    4.671116 v _287_/A1 (sky130_fd_sc_hd__o31a_2)
     3    0.010671    0.073185    0.387957    5.059073 v _287_/X (sky130_fd_sc_hd__o31a_2)
                                                         _095_ (net)
                      0.073185    0.000000    5.059073 v _289_/A2 (sky130_fd_sc_hd__a211oi_2)
     2    0.004110    0.164201    0.226481    5.285554 ^ _289_/Y (sky130_fd_sc_hd__a211oi_2)
                                                         _097_ (net)
                      0.164201    0.000000    5.285554 ^ _307_/A1 (sky130_fd_sc_hd__o211a_2)
     2    0.006179    0.060811    0.210046    5.495600 ^ _307_/X (sky130_fd_sc_hd__o211a_2)
                                                         _115_ (net)
                      0.060811    0.000000    5.495600 ^ _321_/A1 (sky130_fd_sc_hd__o211ai_2)
     2    0.006544    0.077770    0.099270    5.594870 v _321_/Y (sky130_fd_sc_hd__o211ai_2)
                                                         _129_ (net)
                      0.077770    0.000000    5.594870 v _341_/A1 (sky130_fd_sc_hd__a211o_2)
     3    0.008029    0.063482    0.320617    5.915486 v _341_/X (sky130_fd_sc_hd__a211o_2)
                                                         _149_ (net)
                      0.063482    0.000000    5.915486 v _347_/A1 (sky130_fd_sc_hd__a21o_2)
     4    0.012782    0.059654    0.221622    6.137109 v _347_/X (sky130_fd_sc_hd__a21o_2)
                                                         _155_ (net)
                      0.059654    0.000000    6.137109 v _349_/A3 (sky130_fd_sc_hd__a311o_2)
     3    0.010746    0.078100    0.417741    6.554850 v _349_/X (sky130_fd_sc_hd__a311o_2)
                                                         _157_ (net)
                      0.078100    0.000000    6.554850 v _359_/A2 (sky130_fd_sc_hd__a31o_2)
     1    0.008077    0.051181    0.257292    6.812142 v _359_/X (sky130_fd_sc_hd__a31o_2)
                                                         _165_ (net)
                      0.051181    0.000000    6.812142 v _360_/B (sky130_fd_sc_hd__xnor2_2)
     1    0.001949    0.039571    0.119083    6.931225 v _360_/Y (sky130_fd_sc_hd__xnor2_2)
                                                         adder.cla_blocks[7].block.sum[2] (net)
                      0.039571    0.000000    6.931225 v _462_/D (sky130_fd_sc_hd__dfrtp_2)
                                              6.931225   data arrival time

                      0.150000   20.000000   20.000000   clock clk (rise edge)
                                  0.000000   20.000000   clock network delay (ideal)
                                 -0.250000   19.750002   clock uncertainty
                                  0.000000   19.750002   clock reconvergence pessimism
                                             19.750002 ^ _462_/CLK (sky130_fd_sc_hd__dfrtp_2)
                                 -0.088839   19.661161   library setup time
                                             19.661161   data required time
---------------------------------------------------------------------------------------------
                                             19.661161   data required time
                                             -6.931225   data arrival time
---------------------------------------------------------------------------------------------
                                             12.729937   slack (MET)




===========================================================================
report_checks --slack_max -0.01
============================================================================
======================= nom_tt_025C_1v80 Corner ===================================

No paths found.


===========================================================================
 report_check_types -max_slew -max_cap -max_fanout -violators
============================================================================
======================= nom_tt_025C_1v80 Corner ===================================

max fanout

Pin                                   Limit Fanout  Slack
---------------------------------------------------------
rst                                      10     32    -22 (VIOLATED)



===========================================================================
report_parasitic_annotation -report_unannotated
============================================================================
Found 298 unannotated drivers.
 clk
 data_in[0]
 data_in[10]
 data_in[11]
 data_in[12]
 data_in[13]
 data_in[14]
 data_in[15]
 data_in[16]
 data_in[17]
 data_in[18]
 data_in[19]
 data_in[1]
 data_in[20]
 data_in[21]
 data_in[22]
 data_in[23]
 data_in[24]
 data_in[25]
 data_in[26]
 data_in[27]
 data_in[28]
 data_in[29]
 data_in[2]
 data_in[30]
 data_in[31]
 data_in[3]
 data_in[4]
 data_in[5]
 data_in[6]
 data_in[7]
 data_in[8]
 data_in[9]
 rst
 _200_/Y
 _201_/Y
 _202_/Y
 _203_/Y
 _204_/Y
 _205_/Y
 _206_/Y
 _207_/Y
 _208_/Y
 _209_/Y
 _210_/Y
 _211_/Y
 _212_/Y
 _213_/Y
 _214_/Y
 _215_/Y
 _216_/Y
 _217_/Y
 _218_/Y
 _219_/Y
 _220_/Y
 _221_/Y
 _222_/Y
 _223_/Y
 _224_/Y
 _225_/X
 _226_/Y
 _227_/Y
 _228_/X
 _229_/Y
 _230_/Y
 _231_/Y
 _232_/X
 _233_/Y
 _234_/X
 _235_/X
 _236_/Y
 _237_/X
 _238_/X
 _239_/Y
 _240_/X
 _241_/Y
 _242_/X
 _243_/Y
 _244_/Y
 _245_/Y
 _246_/X
 _247_/Y
 _248_/Y
 _249_/X
 _250_/Y
 _251_/Y
 _252_/X
 _253_/Y
 _254_/X
 _255_/X
 _256_/X
 _257_/Y
 _258_/X
 _259_/Y
 _260_/X
 _261_/Y
 _262_/Y
 _263_/Y
 _264_/Y
 _265_/Y
 _266_/Y
 _267_/X
 _268_/Y
 _269_/X
 _270_/X
 _271_/Y
 _272_/Y
 _273_/X
 _274_/Y
 _275_/Y
 _276_/X
 _277_/Y
 _278_/X
 _279_/Y
 _280_/Y
 _281_/X
 _282_/Y
 _283_/Y
 _284_/Y
 _285_/Y
 _286_/X
 _287_/X
 _288_/X
 _289_/Y
 _290_/Y
 _291_/X
 _292_/Y
 _293_/X
 _294_/Y
 _295_/X
 _296_/Y
 _297_/Y
 _298_/Y
 _299_/Y
 _300_/X
 _301_/Y
 _302_/X
 _303_/Y
 _304_/Y
 _305_/X
 _306_/X
 _307_/X
 _308_/Y
 _309_/X
 _310_/X
 _311_/Y
 _312_/X
 _313_/Y
 _314_/Y
 _315_/Y
 _316_/Y
 _317_/X
 _318_/Y
 _319_/X
 _320_/X
 _321_/Y
 _322_/X
 _323_/X
 _324_/X
 _325_/Y
 _326_/Y
 _327_/Y
 _328_/X
 _329_/Y
 _330_/X
 _331_/Y
 _332_/Y
 _333_/Y
 _334_/X
 _335_/Y
 _336_/Y
 _337_/Y
 _338_/Y
 _339_/X
 _340_/Y
 _341_/X
 _342_/X
 _343_/Y
 _344_/X
 _345_/X
 _346_/Y
 _347_/X
 _348_/Y
 _349_/X
 _350_/Y
 _351_/Y
 _352_/Y
 _353_/Y
 _354_/Y
 _355_/Y
 _356_/Y
 _357_/Y
 _358_/X
 _359_/X
 _360_/Y
 _361_/X
 _362_/X
 _363_/Y
 _364_/Y
 _365_/Y
 _366_/X
 _367_/Y
 _368_/Y
 _369_/Y
 _370_/X
 _371_/X
 _372_/Y
 _373_/X
 _374_/X
 _375_/Y
 _376_/X
 _377_/Y
 _378_/X
 _379_/Y
 _380_/X
 _381_/Y
 _382_/Y
 _383_/X
 _384_/Y
 _385_/X
 _386_/Y
 _387_/X
 _388_/Y
 _389_/X
 _390_/Y
 _391_/X
 _392_/X
 _393_/Y
 _394_/X
 _395_/Y
 _396_/X
 _397_/Y
 _398_/Y
 _399_/X
 _400_/Y
 _401_/Y
 _402_/X
 _403_/Y
 _404_/X
 _405_/Y
 _406_/X
 _407_/Y
 _408_/X
 _409_/X
 _410_/Y
 _411_/X
 _412_/Y
 _413_/X
 _414_/Y
 _415_/Y
 _416_/Y
 _417_/Y
 _418_/X
 _419_/Y
 _420_/Y
 _421_/Y
 _422_/X
 _423_/X
 _424_/Y
 _425_/Y
 _426_/Y
 _427_/Y
 _428_/Y
 _429_/Y
 _430_/Y
 _431_/Y
 _432_/Q
 _433_/Q
 _434_/Q
 _435_/Q
 _436_/Q
 _437_/Q
 _438_/Q
 _439_/Q
 _440_/Q
 _441_/Q
 _442_/Q
 _443_/Q
 _444_/Q
 _445_/Q
 _446_/Q
 _447_/Q
 _448_/Q
 _449_/Q
 _450_/Q
 _451_/Q
 _452_/Q
 _453_/Q
 _454_/Q
 _455_/Q
 _456_/Q
 _457_/Q
 _458_/Q
 _459_/Q
 _460_/Q
 _461_/Q
 _462_/Q
 _463_/Q
Found 0 partially unannotated drivers.

===========================================================================
max slew violation count 0
%OL_METRIC_I design__max_slew_violation__count__corner:nom_tt_025C_1v80 0
max fanout violation count 1
%OL_METRIC_I design__max_fanout_violation__count__corner:nom_tt_025C_1v80 1
max cap violation count 0
%OL_METRIC_I design__max_cap_violation__count__corner:nom_tt_025C_1v80 0
============================================================================

===========================================================================
check_setup -verbose -unconstrained_endpoints -multiple_clock -no_clock -no_input_delay -loops -generated_clocks
===========================================================================
%OL_END_REPORT
%OL_CREATE_REPORT power.rpt

===========================================================================
 report_power
============================================================================
======================= nom_tt_025C_1v80 Corner ===================================

Group                    Internal    Switching      Leakage        Total
                            Power        Power        Power        Power (Watts)
------------------------------------------------------------------------
Sequential           1.083419e-04 1.068507e-04 3.387639e-10 2.151929e-04  45.3%
Combinational        1.575305e-04 1.026358e-04 8.872442e-10 2.601672e-04  54.7%
Clock                0.000000e+00 0.000000e+00 0.000000e+00 0.000000e+00   0.0%
Macro                0.000000e+00 0.000000e+00 0.000000e+00 0.000000e+00   0.0%
Pad                  0.000000e+00 0.000000e+00 0.000000e+00 0.000000e+00   0.0%
------------------------------------------------------------------------
Total                2.658723e-04 2.094864e-04 1.226008e-09 4.753599e-04 100.0%
                            55.9%        44.1%         0.0%
%OL_METRIC_F power__internal__total 0.00026587230968289077
%OL_METRIC_F power__switching__total 0.0002094864030368626
%OL_METRIC_F power__leakage__total 1.2260081838633141e-9
%OL_METRIC_F power__total 0.00047535993508063257

%OL_END_REPORT
%OL_CREATE_REPORT skew.min.rpt

===========================================================================
Clock Skew (Hold)
============================================================================
%OL_METRIC_F clock__skew__worst_hold__corner:nom_tt_025C_1v80 -0.25
======================= nom_tt_025C_1v80 Corner ===================================

Clock clk
0.188625 source latency _432_/CLK ^
-0.188625 target latency _432_/CLK ^
-0.250000 clock uncertainty
0.000000 CRPR
--------------
-0.250000 hold skew

%OL_END_REPORT
%OL_CREATE_REPORT skew.max.rpt

===========================================================================
Clock Skew (Setup)
============================================================================
%OL_METRIC_F clock__skew__worst_setup__corner:nom_tt_025C_1v80 0.25
======================= nom_tt_025C_1v80 Corner ===================================

Clock clk
0.188625 source latency _432_/CLK ^
-0.188625 target latency _432_/CLK ^
0.250000 clock uncertainty
0.000000 CRPR
--------------
0.250000 setup skew

%OL_END_REPORT
%OL_CREATE_REPORT ws.min.rpt

===========================================================================
Worst Slack (Hold)
============================================================================
%OL_METRIC_F timing__hold__ws__corner:nom_tt_025C_1v80 0.4574835084691701
nom_tt_025C_1v80: 0.4574835084691701
%OL_END_REPORT
%OL_CREATE_REPORT ws.max.rpt

===========================================================================
Worst Slack (Setup)
============================================================================
%OL_METRIC_F timing__setup__ws__corner:nom_tt_025C_1v80 12.729936576287479
nom_tt_025C_1v80: 12.729936576287479
%OL_END_REPORT
%OL_CREATE_REPORT tns.min.rpt

===========================================================================
Total Negative Slack (Hold)
============================================================================
%OL_METRIC_F timing__hold__tns__corner:nom_tt_025C_1v80 0.0
nom_tt_025C_1v80: 0.0
%OL_END_REPORT
%OL_CREATE_REPORT tns.max.rpt

===========================================================================
Total Negative Slack (Setup)
============================================================================
%OL_METRIC_F timing__setup__tns__corner:nom_tt_025C_1v80 0.0
nom_tt_025C_1v80: 0.0
%OL_END_REPORT
%OL_CREATE_REPORT wns.min.rpt

===========================================================================
Worst Negative Slack (Hold)
============================================================================
%OL_METRIC_F timing__hold__wns__corner:nom_tt_025C_1v80 0
nom_tt_025C_1v80: 0
%OL_END_REPORT
%OL_CREATE_REPORT wns.max.rpt

===========================================================================
Worst Negative Slack (Setup)
============================================================================
%OL_METRIC_F timing__setup__wns__corner:nom_tt_025C_1v80 0.0
nom_tt_025C_1v80: 0.0
%OL_END_REPORT
%OL_CREATE_REPORT violator_list.rpt

===========================================================================
Violator List
============================================================================
%OL_METRIC_I timing__hold_vio__count__corner:nom_tt_025C_1v80 0
%OL_METRIC_F timing__hold_r2r__ws__corner:nom_tt_025C_1v80 0.457484
%OL_METRIC_I timing__hold_r2r_vio__count__corner:nom_tt_025C_1v80 0
%OL_METRIC_I timing__setup_vio__count__corner:nom_tt_025C_1v80 0
%OL_METRIC_F timing__setup_r2r__ws__corner:nom_tt_025C_1v80 inf
%OL_METRIC_I timing__setup_r2r_vio__count__corner:nom_tt_025C_1v80 0
%OL_END_REPORT
%OL_CREATE_REPORT unpropagated.rpt
clk
%OL_END_REPORT
%OL_CREATE_REPORT clock.rpt
Clock: clk
Sources: clk 
Generated: no
Virtual: no
Propagated: no
Period: 20.000000

===========================================================================
report_clock_properties
============================================================================
Clock                   Period          Waveform
----------------------------------------------------
clk                  20.000000    0.000000 10.000000

===========================================================================
report_clock_latency
============================================================================
Clock clk
rise -> rise
    min     max
0.000000 0.000000 source latency
0.188625         network latency _432_/CLK
        0.188625 network latency _432_/CLK
---------------
0.188625 0.188625 latency
        0.000000 skew

fall -> fall
    min     max
0.000000 0.000000 source latency
0.088300         network latency _432_/CLK
        0.088300 network latency _432_/CLK
---------------
0.088300 0.088300 latency
        0.000000 skew



===========================================================================
report_clock_min_period
============================================================================
clk period_min = 3.84 fmax = 260.67
%OL_END_REPORT
Writing SDF files for all corners…
