
===========================================================================
report_checks -path_delay min (Hold)
============================================================================
======================= max_ss_100C_1v60 Corner ===================================

Startpoint: _463_ (rising edge-triggered flip-flop clocked by clk)
Endpoint: _463_ (rising edge-triggered flip-flop clocked by clk)
Path Group: clk
Path Type: min

Fanout         Cap        Slew       Delay        Time   Description
---------------------------------------------------------------------------------------------
                                  0.000000    0.000000   clock clk (rise edge)
                                  0.000000    0.000000   clock source latency
     1    0.017988    0.136038    0.092443    0.092443 ^ clk (in)
                                                         clk (net)
                      0.136047    0.000000    0.092443 ^ clkbuf_0_clk/A (sky130_fd_sc_hd__clkbuf_16)
     4    0.039389    0.093892    0.278225    0.370668 ^ clkbuf_0_clk/X (sky130_fd_sc_hd__clkbuf_16)
                                                         clknet_0_clk (net)
                      0.093962    0.002336    0.373004 ^ clkbuf_2_3__f_clk/A (sky130_fd_sc_hd__clkbuf_16)
     8    0.026298    0.075454    0.241160    0.614164 ^ clkbuf_2_3__f_clk/X (sky130_fd_sc_hd__clkbuf_16)
                                                         clknet_2_3__leaf_clk (net)
                      0.075471    0.001043    0.615207 ^ _463_/CLK (sky130_fd_sc_hd__dfrtp_1)
     2    0.007593    0.135789    0.693243    1.308450 ^ _463_/Q (sky130_fd_sc_hd__dfrtp_1)
                                                         net58 (net)
                      0.135789    0.000514    1.308964 ^ _364_/B (sky130_fd_sc_hd__xnor2_1)
     1    0.005882    0.117974    0.177906    1.486871 v _364_/Y (sky130_fd_sc_hd__xnor2_1)
                                                         _169_ (net)
                      0.117974    0.000428    1.487299 v _365_/B (sky130_fd_sc_hd__xnor2_1)
     1    0.002178    0.066241    0.214981    1.702279 ^ _365_/Y (sky130_fd_sc_hd__xnor2_1)
                                                         adder.cla_blocks[7].block.sum[3] (net)
                      0.066253    0.000158    1.702438 ^ _463_/D (sky130_fd_sc_hd__dfrtp_1)
                                              1.702438   data arrival time

                                  0.000000    0.000000   clock clk (rise edge)
                                  0.000000    0.000000   clock source latency
     1    0.017988    0.136038    0.092443    0.092443 ^ clk (in)
                                                         clk (net)
                      0.136047    0.000000    0.092443 ^ clkbuf_0_clk/A (sky130_fd_sc_hd__clkbuf_16)
     4    0.039389    0.093892    0.278225    0.370668 ^ clkbuf_0_clk/X (sky130_fd_sc_hd__clkbuf_16)
                                                         clknet_0_clk (net)
                      0.093962    0.002336    0.373004 ^ clkbuf_2_3__f_clk/A (sky130_fd_sc_hd__clkbuf_16)
     8    0.026298    0.075454    0.241160    0.614164 ^ clkbuf_2_3__f_clk/X (sky130_fd_sc_hd__clkbuf_16)
                                                         clknet_2_3__leaf_clk (net)
                      0.075471    0.001043    0.615207 ^ _463_/CLK (sky130_fd_sc_hd__dfrtp_1)
                                  0.250000    0.865207   clock uncertainty
                                  0.000000    0.865207   clock reconvergence pessimism
                                 -0.075187    0.790020   library hold time
                                              0.790020   data required time
---------------------------------------------------------------------------------------------
                                              0.790020   data required time
                                             -1.702438   data arrival time
---------------------------------------------------------------------------------------------
                                              0.912418   slack (MET)


Startpoint: _432_ (rising edge-triggered flip-flop clocked by clk)
Endpoint: _432_ (rising edge-triggered flip-flop clocked by clk)
Path Group: clk
Path Type: min

Fanout         Cap        Slew       Delay        Time   Description
---------------------------------------------------------------------------------------------
                                  0.000000    0.000000   clock clk (rise edge)
                                  0.000000    0.000000   clock source latency
     1    0.017988    0.136038    0.092443    0.092443 ^ clk (in)
                                                         clk (net)
                      0.136047    0.000000    0.092443 ^ clkbuf_0_clk/A (sky130_fd_sc_hd__clkbuf_16)
     4    0.039389    0.093892    0.278225    0.370668 ^ clkbuf_0_clk/X (sky130_fd_sc_hd__clkbuf_16)
                                                         clknet_0_clk (net)
                      0.093962    0.002336    0.373004 ^ clkbuf_2_3__f_clk/A (sky130_fd_sc_hd__clkbuf_16)
     8    0.026298    0.075454    0.241160    0.614164 ^ clkbuf_2_3__f_clk/X (sky130_fd_sc_hd__clkbuf_16)
                                                         clknet_2_3__leaf_clk (net)
                      0.075464    0.000855    0.615019 ^ _432_/CLK (sky130_fd_sc_hd__dfrtp_1)
     3    0.010645    0.173724    0.725357    1.340376 ^ _432_/Q (sky130_fd_sc_hd__dfrtp_1)
                                                         net34 (net)
                      0.173724    0.000495    1.340871 ^ _422_/B (sky130_fd_sc_hd__or2_1)
     1    0.001691    0.051824    0.193185    1.534056 ^ _422_/X (sky130_fd_sc_hd__or2_1)
                                                         _199_ (net)
                      0.051824    0.000078    1.534134 ^ _423_/B (sky130_fd_sc_hd__and2_1)
     1    0.002437    0.074792    0.214121    1.748255 ^ _423_/X (sky130_fd_sc_hd__and2_1)
                                                         adder.cla_blocks[0].block.p[0] (net)
                      0.074792    0.000162    1.748417 ^ _432_/D (sky130_fd_sc_hd__dfrtp_1)
                                              1.748417   data arrival time

                                  0.000000    0.000000   clock clk (rise edge)
                                  0.000000    0.000000   clock source latency
     1    0.017988    0.136038    0.092443    0.092443 ^ clk (in)
                                                         clk (net)
                      0.136047    0.000000    0.092443 ^ clkbuf_0_clk/A (sky130_fd_sc_hd__clkbuf_16)
     4    0.039389    0.093892    0.278225    0.370668 ^ clkbuf_0_clk/X (sky130_fd_sc_hd__clkbuf_16)
                                                         clknet_0_clk (net)
                      0.093962    0.002336    0.373004 ^ clkbuf_2_3__f_clk/A (sky130_fd_sc_hd__clkbuf_16)
     8    0.026298    0.075454    0.241160    0.614164 ^ clkbuf_2_3__f_clk/X (sky130_fd_sc_hd__clkbuf_16)
                                                         clknet_2_3__leaf_clk (net)
                      0.075464    0.000855    0.615019 ^ _432_/CLK (sky130_fd_sc_hd__dfrtp_1)
                                  0.250000    0.865019   clock uncertainty
                                  0.000000    0.865019   clock reconvergence pessimism
                                 -0.077137    0.787882   library hold time
                                              0.787882   data required time
---------------------------------------------------------------------------------------------
                                              0.787882   data required time
                                             -1.748417   data arrival time
---------------------------------------------------------------------------------------------
                                              0.960536   slack (MET)


Startpoint: _438_ (rising edge-triggered flip-flop clocked by clk)
Endpoint: _439_ (rising edge-triggered flip-flop clocked by clk)
Path Group: clk
Path Type: min

Fanout         Cap        Slew       Delay        Time   Description
---------------------------------------------------------------------------------------------
                                  0.000000    0.000000   clock clk (rise edge)
                                  0.000000    0.000000   clock source latency
     1    0.017988    0.136038    0.092443    0.092443 ^ clk (in)
                                                         clk (net)
                      0.136047    0.000000    0.092443 ^ clkbuf_0_clk/A (sky130_fd_sc_hd__clkbuf_16)
     4    0.039389    0.093892    0.278225    0.370668 ^ clkbuf_0_clk/X (sky130_fd_sc_hd__clkbuf_16)
                                                         clknet_0_clk (net)
                      0.093961    0.002315    0.372983 ^ clkbuf_2_0__f_clk/A (sky130_fd_sc_hd__clkbuf_16)
     9    0.030455    0.081108    0.246804    0.619787 ^ clkbuf_2_0__f_clk/X (sky130_fd_sc_hd__clkbuf_16)
                                                         clknet_2_0__leaf_clk (net)
                      0.081118    0.000980    0.620768 ^ _438_/CLK (sky130_fd_sc_hd__dfrtp_1)
     4    0.013548    0.207331    0.758662    1.379429 ^ _438_/Q (sky130_fd_sc_hd__dfrtp_1)
                                                         net62 (net)
                      0.207331    0.000417    1.379846 ^ _415_/A2 (sky130_fd_sc_hd__a21oi_1)
     1    0.004844    0.088566    0.206608    1.586455 v _415_/Y (sky130_fd_sc_hd__a21oi_1)
                                                         _196_ (net)
                      0.088566    0.000231    1.586686 v _416_/B (sky130_fd_sc_hd__xnor2_1)
     1    0.002373    0.068781    0.207496    1.794182 ^ _416_/Y (sky130_fd_sc_hd__xnor2_1)
                                                         adder.cla_blocks[1].block.sum[3] (net)
                      0.068781    0.000107    1.794290 ^ _439_/D (sky130_fd_sc_hd__dfrtp_1)
                                              1.794290   data arrival time

                                  0.000000    0.000000   clock clk (rise edge)
                                  0.000000    0.000000   clock source latency
     1    0.017988    0.136038    0.092443    0.092443 ^ clk (in)
                                                         clk (net)
                      0.136047    0.000000    0.092443 ^ clkbuf_0_clk/A (sky130_fd_sc_hd__clkbuf_16)
     4    0.039389    0.093892    0.278225    0.370668 ^ clkbuf_0_clk/X (sky130_fd_sc_hd__clkbuf_16)
                                                         clknet_0_clk (net)
                      0.093960    0.002310    0.372978 ^ clkbuf_2_1__f_clk/A (sky130_fd_sc_hd__clkbuf_16)
     9    0.026406    0.075600    0.241287    0.614265 ^ clkbuf_2_1__f_clk/X (sky130_fd_sc_hd__clkbuf_16)
                                                         clknet_2_1__leaf_clk (net)
                      0.075610    0.000877    0.615142 ^ _439_/CLK (sky130_fd_sc_hd__dfrtp_1)
                                  0.250000    0.865142   clock uncertainty
                                  0.000000    0.865142   clock reconvergence pessimism
                                 -0.075741    0.789401   library hold time
                                              0.789401   data required time
---------------------------------------------------------------------------------------------
                                              0.789401   data required time
                                             -1.794290   data arrival time
---------------------------------------------------------------------------------------------
                                              1.004889   slack (MET)


Startpoint: _432_ (rising edge-triggered flip-flop clocked by clk)
Endpoint: _433_ (rising edge-triggered flip-flop clocked by clk)
Path Group: clk
Path Type: min

Fanout         Cap        Slew       Delay        Time   Description
---------------------------------------------------------------------------------------------
                                  0.000000    0.000000   clock clk (rise edge)
                                  0.000000    0.000000   clock source latency
     1    0.017988    0.136038    0.092443    0.092443 ^ clk (in)
                                                         clk (net)
                      0.136047    0.000000    0.092443 ^ clkbuf_0_clk/A (sky130_fd_sc_hd__clkbuf_16)
     4    0.039389    0.093892    0.278225    0.370668 ^ clkbuf_0_clk/X (sky130_fd_sc_hd__clkbuf_16)
                                                         clknet_0_clk (net)
                      0.093962    0.002336    0.373004 ^ clkbuf_2_3__f_clk/A (sky130_fd_sc_hd__clkbuf_16)
     8    0.026298    0.075454    0.241160    0.614164 ^ clkbuf_2_3__f_clk/X (sky130_fd_sc_hd__clkbuf_16)
                                                         clknet_2_3__leaf_clk (net)
                      0.075464    0.000855    0.615019 ^ _432_/CLK (sky130_fd_sc_hd__dfrtp_1)
     3    0.010200    0.140129    0.807268    1.422287 v _432_/Q (sky130_fd_sc_hd__dfrtp_1)
                                                         net34 (net)
                      0.140129    0.000519    1.422806 v _266_/B (sky130_fd_sc_hd__nand2_1)
     3    0.011170    0.175561    0.216574    1.639380 ^ _266_/Y (sky130_fd_sc_hd__nand2_1)
                                                         _074_ (net)
                      0.175565    0.000734    1.640114 ^ _417_/B (sky130_fd_sc_hd__xnor2_1)
     1    0.002544    0.071598    0.152827    1.792941 v _417_/Y (sky130_fd_sc_hd__xnor2_1)
                                                         adder.cla_blocks[0].block.sum[1] (net)
                      0.071598    0.000174    1.793116 v _433_/D (sky130_fd_sc_hd__dfrtp_1)
                                              1.793116   data arrival time

                                  0.000000    0.000000   clock clk (rise edge)
                                  0.000000    0.000000   clock source latency
     1    0.017988    0.136038    0.092443    0.092443 ^ clk (in)
                                                         clk (net)
                      0.136047    0.000000    0.092443 ^ clkbuf_0_clk/A (sky130_fd_sc_hd__clkbuf_16)
     4    0.039389    0.093892    0.278225    0.370668 ^ clkbuf_0_clk/X (sky130_fd_sc_hd__clkbuf_16)
                                                         clknet_0_clk (net)
                      0.093960    0.002310    0.372978 ^ clkbuf_2_1__f_clk/A (sky130_fd_sc_hd__clkbuf_16)
     9    0.026406    0.075600    0.241287    0.614265 ^ clkbuf_2_1__f_clk/X (sky130_fd_sc_hd__clkbuf_16)
                                                         clknet_2_1__leaf_clk (net)
                      0.075626    0.001247    0.615512 ^ _433_/CLK (sky130_fd_sc_hd__dfrtp_1)
                                  0.250000    0.865512   clock uncertainty
                                  0.000000    0.865512   clock reconvergence pessimism
                                 -0.096458    0.769054   library hold time
                                              0.769054   data required time
---------------------------------------------------------------------------------------------
                                              0.769054   data required time
                                             -1.793116   data arrival time
---------------------------------------------------------------------------------------------
                                              1.024061   slack (MET)


Startpoint: _449_ (rising edge-triggered flip-flop clocked by clk)
Endpoint: _450_ (rising edge-triggered flip-flop clocked by clk)
Path Group: clk
Path Type: min

Fanout         Cap        Slew       Delay        Time   Description
---------------------------------------------------------------------------------------------
                                  0.000000    0.000000   clock clk (rise edge)
                                  0.000000    0.000000   clock source latency
     1    0.017988    0.136038    0.092443    0.092443 ^ clk (in)
                                                         clk (net)
                      0.136047    0.000000    0.092443 ^ clkbuf_0_clk/A (sky130_fd_sc_hd__clkbuf_16)
     4    0.039389    0.093892    0.278225    0.370668 ^ clkbuf_0_clk/X (sky130_fd_sc_hd__clkbuf_16)
                                                         clknet_0_clk (net)
                      0.093961    0.002315    0.372983 ^ clkbuf_2_0__f_clk/A (sky130_fd_sc_hd__clkbuf_16)
     9    0.030455    0.081108    0.246804    0.619787 ^ clkbuf_2_0__f_clk/X (sky130_fd_sc_hd__clkbuf_16)
                                                         clknet_2_0__leaf_clk (net)
                      0.081166    0.001919    0.621707 ^ _449_/CLK (sky130_fd_sc_hd__dfrtp_1)
     4    0.012370    0.195482    0.746098    1.367804 ^ _449_/Q (sky130_fd_sc_hd__dfrtp_1)
                                                         net42 (net)
                      0.195483    0.000788    1.368592 ^ _387_/A2 (sky130_fd_sc_hd__a21o_1)
     2    0.008743    0.132566    0.318615    1.687207 ^ _387_/X (sky130_fd_sc_hd__a21o_1)
                                                         _181_ (net)
                      0.132566    0.000601    1.687808 ^ _388_/B (sky130_fd_sc_hd__xnor2_1)
     1    0.002249    0.066171    0.133091    1.820900 v _388_/Y (sky130_fd_sc_hd__xnor2_1)
                                                         adder.cla_blocks[4].block.sum[2] (net)
                      0.066171    0.000106    1.821006 v _450_/D (sky130_fd_sc_hd__dfrtp_1)
                                              1.821006   data arrival time

                                  0.000000    0.000000   clock clk (rise edge)
                                  0.000000    0.000000   clock source latency
     1    0.017988    0.136038    0.092443    0.092443 ^ clk (in)
                                                         clk (net)
                      0.136047    0.000000    0.092443 ^ clkbuf_0_clk/A (sky130_fd_sc_hd__clkbuf_16)
     4    0.039389    0.093892    0.278225    0.370668 ^ clkbuf_0_clk/X (sky130_fd_sc_hd__clkbuf_16)
                                                         clknet_0_clk (net)
                      0.093986    0.002651    0.373319 ^ clkbuf_2_2__f_clk/A (sky130_fd_sc_hd__clkbuf_16)
     9    0.028119    0.077914    0.243547    0.616866 ^ clkbuf_2_2__f_clk/X (sky130_fd_sc_hd__clkbuf_16)
                                                         clknet_2_2__leaf_clk (net)
                      0.077941    0.001342    0.618208 ^ _450_/CLK (sky130_fd_sc_hd__dfrtp_1)
                                  0.250000    0.868208   clock uncertainty
                                  0.000000    0.868208   clock reconvergence pessimism
                                 -0.093880    0.774328   library hold time
                                              0.774328   data required time
---------------------------------------------------------------------------------------------
                                              0.774328   data required time
                                             -1.821006   data arrival time
---------------------------------------------------------------------------------------------
                                              1.046678   slack (MET)


Startpoint: _457_ (rising edge-triggered flip-flop clocked by clk)
Endpoint: _457_ (rising edge-triggered flip-flop clocked by clk)
Path Group: clk
Path Type: min

Fanout         Cap        Slew       Delay        Time   Description
---------------------------------------------------------------------------------------------
                                  0.000000    0.000000   clock clk (rise edge)
                                  0.000000    0.000000   clock source latency
     1    0.017988    0.136038    0.092443    0.092443 ^ clk (in)
                                                         clk (net)
                      0.136047    0.000000    0.092443 ^ clkbuf_0_clk/A (sky130_fd_sc_hd__clkbuf_16)
     4    0.039389    0.093892    0.278225    0.370668 ^ clkbuf_0_clk/X (sky130_fd_sc_hd__clkbuf_16)
                                                         clknet_0_clk (net)
                      0.093986    0.002651    0.373319 ^ clkbuf_2_2__f_clk/A (sky130_fd_sc_hd__clkbuf_16)
     9    0.028119    0.077914    0.243547    0.616866 ^ clkbuf_2_2__f_clk/X (sky130_fd_sc_hd__clkbuf_16)
                                                         clknet_2_2__leaf_clk (net)
                      0.077950    0.001507    0.618373 ^ _457_/CLK (sky130_fd_sc_hd__dfrtp_1)
     3    0.007986    0.140573    0.698605    1.316978 ^ _457_/Q (sky130_fd_sc_hd__dfrtp_1)
                                                         net51 (net)
                      0.140573    0.000328    1.317305 ^ _227_/B (sky130_fd_sc_hd__nand2_1)
     3    0.006973    0.133325    0.181904    1.499209 v _227_/Y (sky130_fd_sc_hd__nand2_1)
                                                         _035_ (net)
                      0.133325    0.000263    1.499472 v _229_/A (sky130_fd_sc_hd__nand2_1)
     2    0.007208    0.124223    0.162953    1.662425 ^ _229_/Y (sky130_fd_sc_hd__nand2_1)
                                                         _037_ (net)
                      0.124223    0.000519    1.662944 ^ _369_/A (sky130_fd_sc_hd__xnor2_1)
     1    0.003034    0.077447    0.158106    1.821049 v _369_/Y (sky130_fd_sc_hd__xnor2_1)
                                                         adder.cla_blocks[6].block.sum[1] (net)
                      0.077447    0.000129    1.821178 v _457_/D (sky130_fd_sc_hd__dfrtp_1)
                                              1.821178   data arrival time

                                  0.000000    0.000000   clock clk (rise edge)
                                  0.000000    0.000000   clock source latency
     1    0.017988    0.136038    0.092443    0.092443 ^ clk (in)
                                                         clk (net)
                      0.136047    0.000000    0.092443 ^ clkbuf_0_clk/A (sky130_fd_sc_hd__clkbuf_16)
     4    0.039389    0.093892    0.278225    0.370668 ^ clkbuf_0_clk/X (sky130_fd_sc_hd__clkbuf_16)
                                                         clknet_0_clk (net)
                      0.093986    0.002651    0.373319 ^ clkbuf_2_2__f_clk/A (sky130_fd_sc_hd__clkbuf_16)
     9    0.028119    0.077914    0.243547    0.616866 ^ clkbuf_2_2__f_clk/X (sky130_fd_sc_hd__clkbuf_16)
                                                         clknet_2_2__leaf_clk (net)
                      0.077950    0.001507    0.618373 ^ _457_/CLK (sky130_fd_sc_hd__dfrtp_1)
                                  0.250000    0.868373   clock uncertainty
                                  0.000000    0.868373   clock reconvergence pessimism
                                 -0.098065    0.770308   library hold time
                                              0.770308   data required time
---------------------------------------------------------------------------------------------
                                              0.770308   data required time
                                             -1.821178   data arrival time
---------------------------------------------------------------------------------------------
                                              1.050870   slack (MET)


Startpoint: _453_ (rising edge-triggered flip-flop clocked by clk)
Endpoint: _453_ (rising edge-triggered flip-flop clocked by clk)
Path Group: clk
Path Type: min

Fanout         Cap        Slew       Delay        Time   Description
---------------------------------------------------------------------------------------------
                                  0.000000    0.000000   clock clk (rise edge)
                                  0.000000    0.000000   clock source latency
     1    0.017988    0.136038    0.092443    0.092443 ^ clk (in)
                                                         clk (net)
                      0.136047    0.000000    0.092443 ^ clkbuf_0_clk/A (sky130_fd_sc_hd__clkbuf_16)
     4    0.039389    0.093892    0.278225    0.370668 ^ clkbuf_0_clk/X (sky130_fd_sc_hd__clkbuf_16)
                                                         clknet_0_clk (net)
                      0.093986    0.002651    0.373319 ^ clkbuf_2_2__f_clk/A (sky130_fd_sc_hd__clkbuf_16)
     9    0.028119    0.077914    0.243547    0.616866 ^ clkbuf_2_2__f_clk/X (sky130_fd_sc_hd__clkbuf_16)
                                                         clknet_2_2__leaf_clk (net)
                      0.077941    0.001345    0.618210 ^ _453_/CLK (sky130_fd_sc_hd__dfrtp_1)
     3    0.007906    0.139584    0.697750    1.315961 ^ _453_/Q (sky130_fd_sc_hd__dfrtp_1)
                                                         net47 (net)
                      0.139584    0.000401    1.316362 ^ _327_/B (sky130_fd_sc_hd__nand2_1)
     3    0.007185    0.136549    0.184010    1.500372 v _327_/Y (sky130_fd_sc_hd__nand2_1)
                                                         _135_ (net)
                      0.136549    0.000241    1.500613 v _329_/A (sky130_fd_sc_hd__nand2_1)
     2    0.008357    0.139570    0.176020    1.676634 ^ _329_/Y (sky130_fd_sc_hd__nand2_1)
                                                         _137_ (net)
                      0.139570    0.000567    1.677200 ^ _377_/A (sky130_fd_sc_hd__xnor2_1)
     1    0.002168    0.064470    0.152998    1.830199 v _377_/Y (sky130_fd_sc_hd__xnor2_1)
                                                         adder.cla_blocks[5].block.sum[1] (net)
                      0.064470    0.000154    1.830352 v _453_/D (sky130_fd_sc_hd__dfrtp_1)
                                              1.830352   data arrival time

                                  0.000000    0.000000   clock clk (rise edge)
                                  0.000000    0.000000   clock source latency
     1    0.017988    0.136038    0.092443    0.092443 ^ clk (in)
                                                         clk (net)
                      0.136047    0.000000    0.092443 ^ clkbuf_0_clk/A (sky130_fd_sc_hd__clkbuf_16)
     4    0.039389    0.093892    0.278225    0.370668 ^ clkbuf_0_clk/X (sky130_fd_sc_hd__clkbuf_16)
                                                         clknet_0_clk (net)
                      0.093986    0.002651    0.373319 ^ clkbuf_2_2__f_clk/A (sky130_fd_sc_hd__clkbuf_16)
     9    0.028119    0.077914    0.243547    0.616866 ^ clkbuf_2_2__f_clk/X (sky130_fd_sc_hd__clkbuf_16)
                                                         clknet_2_2__leaf_clk (net)
                      0.077941    0.001345    0.618210 ^ _453_/CLK (sky130_fd_sc_hd__dfrtp_1)
                                  0.250000    0.868210   clock uncertainty
                                  0.000000    0.868210   clock reconvergence pessimism
                                 -0.093249    0.774962   library hold time
                                              0.774962   data required time
---------------------------------------------------------------------------------------------
                                              0.774962   data required time
                                             -1.830352   data arrival time
---------------------------------------------------------------------------------------------
                                              1.055391   slack (MET)


Startpoint: _447_ (rising edge-triggered flip-flop clocked by clk)
Endpoint: _447_ (rising edge-triggered flip-flop clocked by clk)
Path Group: clk
Path Type: min

Fanout         Cap        Slew       Delay        Time   Description
---------------------------------------------------------------------------------------------
                                  0.000000    0.000000   clock clk (rise edge)
                                  0.000000    0.000000   clock source latency
     1    0.017988    0.136038    0.092443    0.092443 ^ clk (in)
                                                         clk (net)
                      0.136047    0.000000    0.092443 ^ clkbuf_0_clk/A (sky130_fd_sc_hd__clkbuf_16)
     4    0.039389    0.093892    0.278225    0.370668 ^ clkbuf_0_clk/X (sky130_fd_sc_hd__clkbuf_16)
                                                         clknet_0_clk (net)
                      0.093961    0.002315    0.372983 ^ clkbuf_2_0__f_clk/A (sky130_fd_sc_hd__clkbuf_16)
     9    0.030455    0.081108    0.246804    0.619787 ^ clkbuf_2_0__f_clk/X (sky130_fd_sc_hd__clkbuf_16)
                                                         clknet_2_0__leaf_clk (net)
                      0.081168    0.001953    0.621740 ^ _447_/CLK (sky130_fd_sc_hd__dfrtp_1)
     4    0.010836    0.176093    0.730004    1.351745 ^ _447_/Q (sky130_fd_sc_hd__dfrtp_1)
                                                         net40 (net)
                      0.176093    0.000592    1.352337 ^ _298_/B (sky130_fd_sc_hd__nand2_1)
     2    0.005589    0.113599    0.179114    1.531451 v _298_/Y (sky130_fd_sc_hd__nand2_1)
                                                         _106_ (net)
                      0.113599    0.000189    1.531639 v _301_/A (sky130_fd_sc_hd__nand2_1)
     2    0.008547    0.140736    0.167306    1.698945 ^ _301_/Y (sky130_fd_sc_hd__nand2_1)
                                                         _109_ (net)
                      0.140784    0.000430    1.699376 ^ _397_/A (sky130_fd_sc_hd__xnor2_1)
     1    0.002610    0.069032    0.159077    1.858452 v _397_/Y (sky130_fd_sc_hd__xnor2_1)
                                                         adder.cla_blocks[3].block.sum[3] (net)
                      0.069032    0.000168    1.858620 v _447_/D (sky130_fd_sc_hd__dfrtp_1)
                                              1.858620   data arrival time

                                  0.000000    0.000000   clock clk (rise edge)
                                  0.000000    0.000000   clock source latency
     1    0.017988    0.136038    0.092443    0.092443 ^ clk (in)
                                                         clk (net)
                      0.136047    0.000000    0.092443 ^ clkbuf_0_clk/A (sky130_fd_sc_hd__clkbuf_16)
     4    0.039389    0.093892    0.278225    0.370668 ^ clkbuf_0_clk/X (sky130_fd_sc_hd__clkbuf_16)
                                                         clknet_0_clk (net)
                      0.093961    0.002315    0.372983 ^ clkbuf_2_0__f_clk/A (sky130_fd_sc_hd__clkbuf_16)
     9    0.030455    0.081108    0.246804    0.619787 ^ clkbuf_2_0__f_clk/X (sky130_fd_sc_hd__clkbuf_16)
                                                         clknet_2_0__leaf_clk (net)
                      0.081168    0.001953    0.621740 ^ _447_/CLK (sky130_fd_sc_hd__dfrtp_1)
                                  0.250000    0.871740   clock uncertainty
                                  0.000000    0.871740   clock reconvergence pessimism
                                 -0.094158    0.777583   library hold time
                                              0.777583   data required time
---------------------------------------------------------------------------------------------
                                              0.777583   data required time
                                             -1.858620   data arrival time
---------------------------------------------------------------------------------------------
                                              1.081038   slack (MET)


Startpoint: _441_ (rising edge-triggered flip-flop clocked by clk)
Endpoint: _441_ (rising edge-triggered flip-flop clocked by clk)
Path Group: clk
Path Type: min

Fanout         Cap        Slew       Delay        Time   Description
---------------------------------------------------------------------------------------------
                                  0.000000    0.000000   clock clk (rise edge)
                                  0.000000    0.000000   clock source latency
     1    0.017988    0.136038    0.092443    0.092443 ^ clk (in)
                                                         clk (net)
                      0.136047    0.000000    0.092443 ^ clkbuf_0_clk/A (sky130_fd_sc_hd__clkbuf_16)
     4    0.039389    0.093892    0.278225    0.370668 ^ clkbuf_0_clk/X (sky130_fd_sc_hd__clkbuf_16)
                                                         clknet_0_clk (net)
                      0.093960    0.002310    0.372978 ^ clkbuf_2_1__f_clk/A (sky130_fd_sc_hd__clkbuf_16)
     9    0.026406    0.075600    0.241287    0.614265 ^ clkbuf_2_1__f_clk/X (sky130_fd_sc_hd__clkbuf_16)
                                                         clknet_2_1__leaf_clk (net)
                      0.075616    0.001018    0.615283 ^ _441_/CLK (sky130_fd_sc_hd__dfrtp_1)
     3    0.008109    0.142117    0.698767    1.314050 ^ _441_/Q (sky130_fd_sc_hd__dfrtp_1)
                                                         net65 (net)
                      0.142117    0.000448    1.314499 ^ _251_/B (sky130_fd_sc_hd__nand2_1)
     3    0.007746    0.145232    0.191452    1.505950 v _251_/Y (sky130_fd_sc_hd__nand2_1)
                                                         _059_ (net)
                      0.145232    0.000469    1.506420 v _253_/A (sky130_fd_sc_hd__nand2_1)
     2    0.007422    0.127881    0.170787    1.677207 ^ _253_/Y (sky130_fd_sc_hd__nand2_1)
                                                         _061_ (net)
                      0.127881    0.000299    1.677507 ^ _401_/A (sky130_fd_sc_hd__xnor2_1)
     1    0.003721    0.087057    0.167957    1.845463 v _401_/Y (sky130_fd_sc_hd__xnor2_1)
                                                         adder.cla_blocks[2].block.sum[1] (net)
                      0.087057    0.000145    1.845609 v _441_/D (sky130_fd_sc_hd__dfrtp_1)
                                              1.845609   data arrival time

                                  0.000000    0.000000   clock clk (rise edge)
                                  0.000000    0.000000   clock source latency
     1    0.017988    0.136038    0.092443    0.092443 ^ clk (in)
                                                         clk (net)
                      0.136047    0.000000    0.092443 ^ clkbuf_0_clk/A (sky130_fd_sc_hd__clkbuf_16)
     4    0.039389    0.093892    0.278225    0.370668 ^ clkbuf_0_clk/X (sky130_fd_sc_hd__clkbuf_16)
                                                         clknet_0_clk (net)
                      0.093960    0.002310    0.372978 ^ clkbuf_2_1__f_clk/A (sky130_fd_sc_hd__clkbuf_16)
     9    0.026406    0.075600    0.241287    0.614265 ^ clkbuf_2_1__f_clk/X (sky130_fd_sc_hd__clkbuf_16)
                                                         clknet_2_1__leaf_clk (net)
                      0.075616    0.001018    0.615283 ^ _441_/CLK (sky130_fd_sc_hd__dfrtp_1)
                                  0.250000    0.865283   clock uncertainty
                                  0.000000    0.865283   clock reconvergence pessimism
                                 -0.102200    0.763083   library hold time
                                              0.763083   data required time
---------------------------------------------------------------------------------------------
                                              0.763083   data required time
                                             -1.845609   data arrival time
---------------------------------------------------------------------------------------------
                                              1.082525   slack (MET)


Startpoint: _458_ (rising edge-triggered flip-flop clocked by clk)
Endpoint: _458_ (rising edge-triggered flip-flop clocked by clk)
Path Group: clk
Path Type: min

Fanout         Cap        Slew       Delay        Time   Description
---------------------------------------------------------------------------------------------
                                  0.000000    0.000000   clock clk (rise edge)
                                  0.000000    0.000000   clock source latency
     1    0.017988    0.136038    0.092443    0.092443 ^ clk (in)
                                                         clk (net)
                      0.136047    0.000000    0.092443 ^ clkbuf_0_clk/A (sky130_fd_sc_hd__clkbuf_16)
     4    0.039389    0.093892    0.278225    0.370668 ^ clkbuf_0_clk/X (sky130_fd_sc_hd__clkbuf_16)
                                                         clknet_0_clk (net)
                      0.093986    0.002651    0.373319 ^ clkbuf_2_2__f_clk/A (sky130_fd_sc_hd__clkbuf_16)
     9    0.028119    0.077914    0.243547    0.616866 ^ clkbuf_2_2__f_clk/X (sky130_fd_sc_hd__clkbuf_16)
                                                         clknet_2_2__leaf_clk (net)
                      0.077973    0.001852    0.618718 ^ _458_/CLK (sky130_fd_sc_hd__dfrtp_1)
     4    0.010379    0.170349    0.723752    1.342470 ^ _458_/Q (sky130_fd_sc_hd__dfrtp_1)
                                                         net52 (net)
                      0.170349    0.000567    1.343037 ^ _231_/B (sky130_fd_sc_hd__nand2_1)
     2    0.004909    0.103316    0.168823    1.511860 v _231_/Y (sky130_fd_sc_hd__nand2_1)
                                                         _039_ (net)
                      0.103316    0.000292    1.512152 v _233_/A (sky130_fd_sc_hd__nand2_1)
     3    0.011258    0.177264    0.189793    1.701945 ^ _233_/Y (sky130_fd_sc_hd__nand2_1)
                                                         _041_ (net)
                      0.177266    0.000490    1.702434 ^ _372_/A (sky130_fd_sc_hd__xnor2_1)
     1    0.002401    0.066211    0.170404    1.872838 v _372_/Y (sky130_fd_sc_hd__xnor2_1)
                                                         adder.cla_blocks[6].block.sum[2] (net)
                      0.066211    0.000163    1.873001 v _458_/D (sky130_fd_sc_hd__dfrtp_1)
                                              1.873001   data arrival time

                                  0.000000    0.000000   clock clk (rise edge)
                                  0.000000    0.000000   clock source latency
     1    0.017988    0.136038    0.092443    0.092443 ^ clk (in)
                                                         clk (net)
                      0.136047    0.000000    0.092443 ^ clkbuf_0_clk/A (sky130_fd_sc_hd__clkbuf_16)
     4    0.039389    0.093892    0.278225    0.370668 ^ clkbuf_0_clk/X (sky130_fd_sc_hd__clkbuf_16)
                                                         clknet_0_clk (net)
                      0.093986    0.002651    0.373319 ^ clkbuf_2_2__f_clk/A (sky130_fd_sc_hd__clkbuf_16)
     9    0.028119    0.077914    0.243547    0.616866 ^ clkbuf_2_2__f_clk/X (sky130_fd_sc_hd__clkbuf_16)
                                                         clknet_2_2__leaf_clk (net)
                      0.077973    0.001852    0.618718 ^ _458_/CLK (sky130_fd_sc_hd__dfrtp_1)
                                  0.250000    0.868718   clock uncertainty
                                  0.000000    0.868718   clock reconvergence pessimism
                                 -0.093887    0.774830   library hold time
                                              0.774830   data required time
---------------------------------------------------------------------------------------------
                                              0.774830   data required time
                                             -1.873001   data arrival time
---------------------------------------------------------------------------------------------
                                              1.098171   slack (MET)


Startpoint: _452_ (rising edge-triggered flip-flop clocked by clk)
Endpoint: _452_ (rising edge-triggered flip-flop clocked by clk)
Path Group: clk
Path Type: min

Fanout         Cap        Slew       Delay        Time   Description
---------------------------------------------------------------------------------------------
                                  0.000000    0.000000   clock clk (rise edge)
                                  0.000000    0.000000   clock source latency
     1    0.017988    0.136038    0.092443    0.092443 ^ clk (in)
                                                         clk (net)
                      0.136047    0.000000    0.092443 ^ clkbuf_0_clk/A (sky130_fd_sc_hd__clkbuf_16)
     4    0.039389    0.093892    0.278225    0.370668 ^ clkbuf_0_clk/X (sky130_fd_sc_hd__clkbuf_16)
                                                         clknet_0_clk (net)
                      0.093986    0.002651    0.373319 ^ clkbuf_2_2__f_clk/A (sky130_fd_sc_hd__clkbuf_16)
     9    0.028119    0.077914    0.243547    0.616866 ^ clkbuf_2_2__f_clk/X (sky130_fd_sc_hd__clkbuf_16)
                                                         clknet_2_2__leaf_clk (net)
                      0.077939    0.001292    0.618158 ^ _452_/CLK (sky130_fd_sc_hd__dfrtp_1)
     3    0.010386    0.170426    0.723833    1.341990 ^ _452_/Q (sky130_fd_sc_hd__dfrtp_1)
                                                         net46 (net)
                      0.170426    0.000438    1.342429 ^ _338_/B (sky130_fd_sc_hd__nand2_1)
     3    0.008565    0.158265    0.212113    1.554542 v _338_/Y (sky130_fd_sc_hd__nand2_1)
                                                         _146_ (net)
                      0.158265    0.000516    1.555058 v _340_/A (sky130_fd_sc_hd__nand2_1)
     2    0.008129    0.137930    0.183954    1.739012 ^ _340_/Y (sky130_fd_sc_hd__nand2_1)
                                                         _148_ (net)
                      0.137930    0.000483    1.739495 ^ _375_/B (sky130_fd_sc_hd__xnor2_1)
     1    0.002209    0.065895    0.134551    1.874046 v _375_/Y (sky130_fd_sc_hd__xnor2_1)
                                                         adder.cla_blocks[5].block.sum[0] (net)
                      0.065895    0.000104    1.874150 v _452_/D (sky130_fd_sc_hd__dfrtp_1)
                                              1.874150   data arrival time

                                  0.000000    0.000000   clock clk (rise edge)
                                  0.000000    0.000000   clock source latency
     1    0.017988    0.136038    0.092443    0.092443 ^ clk (in)
                                                         clk (net)
                      0.136047    0.000000    0.092443 ^ clkbuf_0_clk/A (sky130_fd_sc_hd__clkbuf_16)
     4    0.039389    0.093892    0.278225    0.370668 ^ clkbuf_0_clk/X (sky130_fd_sc_hd__clkbuf_16)
                                                         clknet_0_clk (net)
                      0.093986    0.002651    0.373319 ^ clkbuf_2_2__f_clk/A (sky130_fd_sc_hd__clkbuf_16)
     9    0.028119    0.077914    0.243547    0.616866 ^ clkbuf_2_2__f_clk/X (sky130_fd_sc_hd__clkbuf_16)
                                                         clknet_2_2__leaf_clk (net)
                      0.077939    0.001292    0.618158 ^ _452_/CLK (sky130_fd_sc_hd__dfrtp_1)
                                  0.250000    0.868157   clock uncertainty
                                  0.000000    0.868157   clock reconvergence pessimism
                                 -0.093779    0.774379   library hold time
                                              0.774379   data required time
---------------------------------------------------------------------------------------------
                                              0.774379   data required time
                                             -1.874150   data arrival time
---------------------------------------------------------------------------------------------
                                              1.099771   slack (MET)


Startpoint: _434_ (rising edge-triggered flip-flop clocked by clk)
Endpoint: _434_ (rising edge-triggered flip-flop clocked by clk)
Path Group: clk
Path Type: min

Fanout         Cap        Slew       Delay        Time   Description
---------------------------------------------------------------------------------------------
                                  0.000000    0.000000   clock clk (rise edge)
                                  0.000000    0.000000   clock source latency
     1    0.017988    0.136038    0.092443    0.092443 ^ clk (in)
                                                         clk (net)
                      0.136047    0.000000    0.092443 ^ clkbuf_0_clk/A (sky130_fd_sc_hd__clkbuf_16)
     4    0.039389    0.093892    0.278225    0.370668 ^ clkbuf_0_clk/X (sky130_fd_sc_hd__clkbuf_16)
                                                         clknet_0_clk (net)
                      0.093962    0.002336    0.373004 ^ clkbuf_2_3__f_clk/A (sky130_fd_sc_hd__clkbuf_16)
     8    0.026298    0.075454    0.241160    0.614164 ^ clkbuf_2_3__f_clk/X (sky130_fd_sc_hd__clkbuf_16)
                                                         clknet_2_3__leaf_clk (net)
                      0.075467    0.000939    0.615102 ^ _434_/CLK (sky130_fd_sc_hd__dfrtp_1)
     3    0.007716    0.137256    0.694641    1.309744 ^ _434_/Q (sky130_fd_sc_hd__dfrtp_1)
                                                         net56 (net)
                      0.137256    0.000258    1.310001 ^ _261_/B (sky130_fd_sc_hd__nor2_1)
     2    0.008589    0.088659    0.136610    1.446612 v _261_/Y (sky130_fd_sc_hd__nor2_1)
                                                         _069_ (net)
                      0.088661    0.000573    1.447185 v _418_/A2 (sky130_fd_sc_hd__o21a_1)
     1    0.002453    0.054278    0.308824    1.756008 v _418_/X (sky130_fd_sc_hd__o21a_1)
                                                         _197_ (net)
                      0.054278    0.000114    1.756122 v _419_/B (sky130_fd_sc_hd__nor2_1)
     1    0.002363    0.116648    0.125924    1.882046 ^ _419_/Y (sky130_fd_sc_hd__nor2_1)
                                                         adder.cla_blocks[0].block.sum[2] (net)
                      0.116648    0.000159    1.882205 ^ _434_/D (sky130_fd_sc_hd__dfrtp_1)
                                              1.882205   data arrival time

                                  0.000000    0.000000   clock clk (rise edge)
                                  0.000000    0.000000   clock source latency
     1    0.017988    0.136038    0.092443    0.092443 ^ clk (in)
                                                         clk (net)
                      0.136047    0.000000    0.092443 ^ clkbuf_0_clk/A (sky130_fd_sc_hd__clkbuf_16)
     4    0.039389    0.093892    0.278225    0.370668 ^ clkbuf_0_clk/X (sky130_fd_sc_hd__clkbuf_16)
                                                         clknet_0_clk (net)
                      0.093962    0.002336    0.373004 ^ clkbuf_2_3__f_clk/A (sky130_fd_sc_hd__clkbuf_16)
     8    0.026298    0.075454    0.241160    0.614164 ^ clkbuf_2_3__f_clk/X (sky130_fd_sc_hd__clkbuf_16)
                                                         clknet_2_3__leaf_clk (net)
                      0.075467    0.000939    0.615102 ^ _434_/CLK (sky130_fd_sc_hd__dfrtp_1)
                                  0.250000    0.865102   clock uncertainty
                                  0.000000    0.865102   clock reconvergence pessimism
                                 -0.086690    0.778413   library hold time
                                              0.778413   data required time
---------------------------------------------------------------------------------------------
                                              0.778413   data required time
                                             -1.882205   data arrival time
---------------------------------------------------------------------------------------------
                                              1.103792   slack (MET)


Startpoint: _446_ (rising edge-triggered flip-flop clocked by clk)
Endpoint: _446_ (rising edge-triggered flip-flop clocked by clk)
Path Group: clk
Path Type: min

Fanout         Cap        Slew       Delay        Time   Description
---------------------------------------------------------------------------------------------
                                  0.000000    0.000000   clock clk (rise edge)
                                  0.000000    0.000000   clock source latency
     1    0.017988    0.136038    0.092443    0.092443 ^ clk (in)
                                                         clk (net)
                      0.136047    0.000000    0.092443 ^ clkbuf_0_clk/A (sky130_fd_sc_hd__clkbuf_16)
     4    0.039389    0.093892    0.278225    0.370668 ^ clkbuf_0_clk/X (sky130_fd_sc_hd__clkbuf_16)
                                                         clknet_0_clk (net)
                      0.093961    0.002315    0.372983 ^ clkbuf_2_0__f_clk/A (sky130_fd_sc_hd__clkbuf_16)
     9    0.030455    0.081108    0.246804    0.619787 ^ clkbuf_2_0__f_clk/X (sky130_fd_sc_hd__clkbuf_16)
                                                         clknet_2_0__leaf_clk (net)
                      0.081174    0.002031    0.621818 ^ _446_/CLK (sky130_fd_sc_hd__dfrtp_1)
     3    0.007790    0.138171    0.698016    1.319834 ^ _446_/Q (sky130_fd_sc_hd__dfrtp_1)
                                                         net39 (net)
                      0.138171    0.000420    1.320254 ^ _296_/B (sky130_fd_sc_hd__nand2_1)
     3    0.008651    0.159007    0.200678    1.520932 v _296_/Y (sky130_fd_sc_hd__nand2_1)
                                                         _104_ (net)
                      0.159007    0.000454    1.521386 v _297_/B (sky130_fd_sc_hd__nand2_1)
     2    0.008184    0.136192    0.195869    1.717255 ^ _297_/Y (sky130_fd_sc_hd__nand2_1)
                                                         _105_ (net)
                      0.136240    0.000515    1.717769 ^ _395_/A (sky130_fd_sc_hd__xnor2_1)
     1    0.003223    0.079309    0.165116    1.882885 v _395_/Y (sky130_fd_sc_hd__xnor2_1)
                                                         adder.cla_blocks[3].block.sum[2] (net)
                      0.079309    0.000199    1.883085 v _446_/D (sky130_fd_sc_hd__dfrtp_1)
                                              1.883085   data arrival time

                                  0.000000    0.000000   clock clk (rise edge)
                                  0.000000    0.000000   clock source latency
     1    0.017988    0.136038    0.092443    0.092443 ^ clk (in)
                                                         clk (net)
                      0.136047    0.000000    0.092443 ^ clkbuf_0_clk/A (sky130_fd_sc_hd__clkbuf_16)
     4    0.039389    0.093892    0.278225    0.370668 ^ clkbuf_0_clk/X (sky130_fd_sc_hd__clkbuf_16)
                                                         clknet_0_clk (net)
                      0.093961    0.002315    0.372983 ^ clkbuf_2_0__f_clk/A (sky130_fd_sc_hd__clkbuf_16)
     9    0.030455    0.081108    0.246804    0.619787 ^ clkbuf_2_0__f_clk/X (sky130_fd_sc_hd__clkbuf_16)
                                                         clknet_2_0__leaf_clk (net)
                      0.081174    0.002031    0.621818 ^ _446_/CLK (sky130_fd_sc_hd__dfrtp_1)
                                  0.250000    0.871818   clock uncertainty
                                  0.000000    0.871818   clock reconvergence pessimism
                                 -0.097972    0.773847   library hold time
                                              0.773847   data required time
---------------------------------------------------------------------------------------------
                                              0.773847   data required time
                                             -1.883085   data arrival time
---------------------------------------------------------------------------------------------
                                              1.109238   slack (MET)


Startpoint: _454_ (rising edge-triggered flip-flop clocked by clk)
Endpoint: _455_ (rising edge-triggered flip-flop clocked by clk)
Path Group: clk
Path Type: min

Fanout         Cap        Slew       Delay        Time   Description
---------------------------------------------------------------------------------------------
                                  0.000000    0.000000   clock clk (rise edge)
                                  0.000000    0.000000   clock source latency
     1    0.017988    0.136038    0.092443    0.092443 ^ clk (in)
                                                         clk (net)
                      0.136047    0.000000    0.092443 ^ clkbuf_0_clk/A (sky130_fd_sc_hd__clkbuf_16)
     4    0.039389    0.093892    0.278225    0.370668 ^ clkbuf_0_clk/X (sky130_fd_sc_hd__clkbuf_16)
                                                         clknet_0_clk (net)
                      0.093986    0.002651    0.373319 ^ clkbuf_2_2__f_clk/A (sky130_fd_sc_hd__clkbuf_16)
     9    0.028119    0.077914    0.243547    0.616866 ^ clkbuf_2_2__f_clk/X (sky130_fd_sc_hd__clkbuf_16)
                                                         clknet_2_2__leaf_clk (net)
                      0.077974    0.001868    0.618734 ^ _454_/CLK (sky130_fd_sc_hd__dfrtp_1)
     3    0.007834    0.138741    0.696915    1.315649 ^ _454_/Q (sky130_fd_sc_hd__dfrtp_1)
                                                         net48 (net)
                      0.138741    0.000573    1.316222 ^ _330_/B (sky130_fd_sc_hd__or2_1)
     2    0.005630    0.102927    0.219647    1.535869 ^ _330_/X (sky130_fd_sc_hd__or2_1)
                                                         _138_ (net)
                      0.102927    0.000202    1.536071 ^ _380_/A1 (sky130_fd_sc_hd__a21bo_1)
     1    0.004816    0.082553    0.231309    1.767380 ^ _380_/X (sky130_fd_sc_hd__a21bo_1)
                                                         _177_ (net)
                      0.082553    0.000361    1.767741 ^ _381_/B (sky130_fd_sc_hd__xnor2_1)
     1    0.002647    0.069366    0.119494    1.887235 v _381_/Y (sky130_fd_sc_hd__xnor2_1)
                                                         adder.cla_blocks[5].block.sum[3] (net)
                      0.069366    0.000194    1.887429 v _455_/D (sky130_fd_sc_hd__dfrtp_1)
                                              1.887429   data arrival time

                                  0.000000    0.000000   clock clk (rise edge)
                                  0.000000    0.000000   clock source latency
     1    0.017988    0.136038    0.092443    0.092443 ^ clk (in)
                                                         clk (net)
                      0.136047    0.000000    0.092443 ^ clkbuf_0_clk/A (sky130_fd_sc_hd__clkbuf_16)
     4    0.039389    0.093892    0.278225    0.370668 ^ clkbuf_0_clk/X (sky130_fd_sc_hd__clkbuf_16)
                                                         clknet_0_clk (net)
                      0.093986    0.002651    0.373319 ^ clkbuf_2_2__f_clk/A (sky130_fd_sc_hd__clkbuf_16)
     9    0.028119    0.077914    0.243547    0.616866 ^ clkbuf_2_2__f_clk/X (sky130_fd_sc_hd__clkbuf_16)
                                                         clknet_2_2__leaf_clk (net)
                      0.077972    0.001833    0.618698 ^ _455_/CLK (sky130_fd_sc_hd__dfrtp_1)
                                  0.250000    0.868698   clock uncertainty
                                  0.000000    0.868698   clock reconvergence pessimism
                                 -0.095059    0.773639   library hold time
                                              0.773639   data required time
---------------------------------------------------------------------------------------------
                                              0.773639   data required time
                                             -1.887429   data arrival time
---------------------------------------------------------------------------------------------
                                              1.113789   slack (MET)


Startpoint: _461_ (rising edge-triggered flip-flop clocked by clk)
Endpoint: _461_ (rising edge-triggered flip-flop clocked by clk)
Path Group: clk
Path Type: min

Fanout         Cap        Slew       Delay        Time   Description
---------------------------------------------------------------------------------------------
                                  0.000000    0.000000   clock clk (rise edge)
                                  0.000000    0.000000   clock source latency
     1    0.017988    0.136038    0.092443    0.092443 ^ clk (in)
                                                         clk (net)
                      0.136047    0.000000    0.092443 ^ clkbuf_0_clk/A (sky130_fd_sc_hd__clkbuf_16)
     4    0.039389    0.093892    0.278225    0.370668 ^ clkbuf_0_clk/X (sky130_fd_sc_hd__clkbuf_16)
                                                         clknet_0_clk (net)
                      0.093962    0.002336    0.373004 ^ clkbuf_2_3__f_clk/A (sky130_fd_sc_hd__clkbuf_16)
     8    0.026298    0.075454    0.241160    0.614164 ^ clkbuf_2_3__f_clk/X (sky130_fd_sc_hd__clkbuf_16)
                                                         clknet_2_3__leaf_clk (net)
                      0.075463    0.000818    0.614982 ^ _461_/CLK (sky130_fd_sc_hd__dfrtp_1)
     3    0.010016    0.165833    0.718739    1.333721 ^ _461_/Q (sky130_fd_sc_hd__dfrtp_1)
                                                         net55 (net)
                      0.165833    0.000559    1.334280 ^ _352_/B (sky130_fd_sc_hd__nand2_1)
     3    0.009361    0.170305    0.219777    1.554057 v _352_/Y (sky130_fd_sc_hd__nand2_1)
                                                         _159_ (net)
                      0.170305    0.000305    1.554362 v _353_/B (sky130_fd_sc_hd__nand2b_1)
     1    0.005710    0.116467    0.184550    1.738912 ^ _353_/Y (sky130_fd_sc_hd__nand2b_1)
                                                         _160_ (net)
                      0.116467    0.000454    1.739365 ^ _355_/A (sky130_fd_sc_hd__xnor2_1)
     1    0.002477    0.068646    0.148077    1.887442 v _355_/Y (sky130_fd_sc_hd__xnor2_1)
                                                         adder.cla_blocks[7].block.sum[1] (net)
                      0.068646    0.000105    1.887547 v _461_/D (sky130_fd_sc_hd__dfrtp_1)
                                              1.887547   data arrival time

                                  0.000000    0.000000   clock clk (rise edge)
                                  0.000000    0.000000   clock source latency
     1    0.017988    0.136038    0.092443    0.092443 ^ clk (in)
                                                         clk (net)
                      0.136047    0.000000    0.092443 ^ clkbuf_0_clk/A (sky130_fd_sc_hd__clkbuf_16)
     4    0.039389    0.093892    0.278225    0.370668 ^ clkbuf_0_clk/X (sky130_fd_sc_hd__clkbuf_16)
                                                         clknet_0_clk (net)
                      0.093962    0.002336    0.373004 ^ clkbuf_2_3__f_clk/A (sky130_fd_sc_hd__clkbuf_16)
     8    0.026298    0.075454    0.241160    0.614164 ^ clkbuf_2_3__f_clk/X (sky130_fd_sc_hd__clkbuf_16)
                                                         clknet_2_3__leaf_clk (net)
                      0.075463    0.000818    0.614982 ^ _461_/CLK (sky130_fd_sc_hd__dfrtp_1)
                                  0.250000    0.864982   clock uncertainty
                                  0.000000    0.864982   clock reconvergence pessimism
                                 -0.095402    0.769580   library hold time
                                              0.769580   data required time
---------------------------------------------------------------------------------------------
                                              0.769580   data required time
                                             -1.887547   data arrival time
---------------------------------------------------------------------------------------------
                                              1.117967   slack (MET)


Startpoint: _451_ (rising edge-triggered flip-flop clocked by clk)
Endpoint: _451_ (rising edge-triggered flip-flop clocked by clk)
Path Group: clk
Path Type: min

Fanout         Cap        Slew       Delay        Time   Description
---------------------------------------------------------------------------------------------
                                  0.000000    0.000000   clock clk (rise edge)
                                  0.000000    0.000000   clock source latency
     1    0.017988    0.136038    0.092443    0.092443 ^ clk (in)
                                                         clk (net)
                      0.136047    0.000000    0.092443 ^ clkbuf_0_clk/A (sky130_fd_sc_hd__clkbuf_16)
     4    0.039389    0.093892    0.278225    0.370668 ^ clkbuf_0_clk/X (sky130_fd_sc_hd__clkbuf_16)
                                                         clknet_0_clk (net)
                      0.093986    0.002651    0.373319 ^ clkbuf_2_2__f_clk/A (sky130_fd_sc_hd__clkbuf_16)
     9    0.028119    0.077914    0.243547    0.616866 ^ clkbuf_2_2__f_clk/X (sky130_fd_sc_hd__clkbuf_16)
                                                         clknet_2_2__leaf_clk (net)
                      0.077939    0.001293    0.618158 ^ _451_/CLK (sky130_fd_sc_hd__dfrtp_1)
     4    0.015769    0.235503    0.777986    1.396144 ^ _451_/Q (sky130_fd_sc_hd__dfrtp_1)
                                                         net44 (net)
                      0.235503    0.001008    1.397153 ^ _315_/B (sky130_fd_sc_hd__xnor2_1)
     2    0.008938    0.159145    0.326484    1.723637 ^ _315_/Y (sky130_fd_sc_hd__xnor2_1)
                                                         _123_ (net)
                      0.159145    0.000544    1.724181 ^ _390_/A (sky130_fd_sc_hd__xnor2_1)
     1    0.003044    0.075416    0.171692    1.895873 v _390_/Y (sky130_fd_sc_hd__xnor2_1)
                                                         adder.cla_blocks[4].block.sum[3] (net)
                      0.075416    0.000127    1.896000 v _451_/D (sky130_fd_sc_hd__dfrtp_1)
                                              1.896000   data arrival time

                                  0.000000    0.000000   clock clk (rise edge)
                                  0.000000    0.000000   clock source latency
     1    0.017988    0.136038    0.092443    0.092443 ^ clk (in)
                                                         clk (net)
                      0.136047    0.000000    0.092443 ^ clkbuf_0_clk/A (sky130_fd_sc_hd__clkbuf_16)
     4    0.039389    0.093892    0.278225    0.370668 ^ clkbuf_0_clk/X (sky130_fd_sc_hd__clkbuf_16)
                                                         clknet_0_clk (net)
                      0.093986    0.002651    0.373319 ^ clkbuf_2_2__f_clk/A (sky130_fd_sc_hd__clkbuf_16)
     9    0.028119    0.077914    0.243547    0.616866 ^ clkbuf_2_2__f_clk/X (sky130_fd_sc_hd__clkbuf_16)
                                                         clknet_2_2__leaf_clk (net)
                      0.077939    0.001293    0.618158 ^ _451_/CLK (sky130_fd_sc_hd__dfrtp_1)
                                  0.250000    0.868158   clock uncertainty
                                  0.000000    0.868158   clock reconvergence pessimism
                                 -0.097313    0.770845   library hold time
                                              0.770845   data required time
---------------------------------------------------------------------------------------------
                                              0.770845   data required time
                                             -1.896000   data arrival time
---------------------------------------------------------------------------------------------
                                              1.125155   slack (MET)


Startpoint: _454_ (rising edge-triggered flip-flop clocked by clk)
Endpoint: _454_ (rising edge-triggered flip-flop clocked by clk)
Path Group: clk
Path Type: min

Fanout         Cap        Slew       Delay        Time   Description
---------------------------------------------------------------------------------------------
                                  0.000000    0.000000   clock clk (rise edge)
                                  0.000000    0.000000   clock source latency
     1    0.017988    0.136038    0.092443    0.092443 ^ clk (in)
                                                         clk (net)
                      0.136047    0.000000    0.092443 ^ clkbuf_0_clk/A (sky130_fd_sc_hd__clkbuf_16)
     4    0.039389    0.093892    0.278225    0.370668 ^ clkbuf_0_clk/X (sky130_fd_sc_hd__clkbuf_16)
                                                         clknet_0_clk (net)
                      0.093986    0.002651    0.373319 ^ clkbuf_2_2__f_clk/A (sky130_fd_sc_hd__clkbuf_16)
     9    0.028119    0.077914    0.243547    0.616866 ^ clkbuf_2_2__f_clk/X (sky130_fd_sc_hd__clkbuf_16)
                                                         clknet_2_2__leaf_clk (net)
                      0.077974    0.001868    0.618734 ^ _454_/CLK (sky130_fd_sc_hd__dfrtp_1)
     3    0.007834    0.138741    0.696915    1.315649 ^ _454_/Q (sky130_fd_sc_hd__dfrtp_1)
                                                         net48 (net)
                      0.138741    0.000535    1.316183 ^ _331_/B (sky130_fd_sc_hd__nand2_1)
     3    0.007307    0.138427    0.185025    1.501209 v _331_/Y (sky130_fd_sc_hd__nand2_1)
                                                         _139_ (net)
                      0.138427    0.000459    1.501667 v _332_/B (sky130_fd_sc_hd__nand2_1)
     3    0.012007    0.187624    0.224225    1.725892 ^ _332_/Y (sky130_fd_sc_hd__nand2_1)
                                                         _140_ (net)
                      0.187625    0.000447    1.726339 ^ _379_/A (sky130_fd_sc_hd__xnor2_1)
     1    0.002622    0.071963    0.177225    1.903564 v _379_/Y (sky130_fd_sc_hd__xnor2_1)
                                                         adder.cla_blocks[5].block.sum[2] (net)
                      0.071963    0.000172    1.903736 v _454_/D (sky130_fd_sc_hd__dfrtp_1)
                                              1.903736   data arrival time

                                  0.000000    0.000000   clock clk (rise edge)
                                  0.000000    0.000000   clock source latency
     1    0.017988    0.136038    0.092443    0.092443 ^ clk (in)
                                                         clk (net)
                      0.136047    0.000000    0.092443 ^ clkbuf_0_clk/A (sky130_fd_sc_hd__clkbuf_16)
     4    0.039389    0.093892    0.278225    0.370668 ^ clkbuf_0_clk/X (sky130_fd_sc_hd__clkbuf_16)
                                                         clknet_0_clk (net)
                      0.093986    0.002651    0.373319 ^ clkbuf_2_2__f_clk/A (sky130_fd_sc_hd__clkbuf_16)
     9    0.028119    0.077914    0.243547    0.616866 ^ clkbuf_2_2__f_clk/X (sky130_fd_sc_hd__clkbuf_16)
                                                         clknet_2_2__leaf_clk (net)
                      0.077974    0.001868    0.618734 ^ _454_/CLK (sky130_fd_sc_hd__dfrtp_1)
                                  0.250000    0.868734   clock uncertainty
                                  0.000000    0.868734   clock reconvergence pessimism
                                 -0.096023    0.772711   library hold time
                                              0.772711   data required time
---------------------------------------------------------------------------------------------
                                              0.772711   data required time
                                             -1.903736   data arrival time
---------------------------------------------------------------------------------------------
                                              1.131024   slack (MET)


Startpoint: _445_ (rising edge-triggered flip-flop clocked by clk)
Endpoint: _445_ (rising edge-triggered flip-flop clocked by clk)
Path Group: clk
Path Type: min

Fanout         Cap        Slew       Delay        Time   Description
---------------------------------------------------------------------------------------------
                                  0.000000    0.000000   clock clk (rise edge)
                                  0.000000    0.000000   clock source latency
     1    0.017988    0.136038    0.092443    0.092443 ^ clk (in)
                                                         clk (net)
                      0.136047    0.000000    0.092443 ^ clkbuf_0_clk/A (sky130_fd_sc_hd__clkbuf_16)
     4    0.039389    0.093892    0.278225    0.370668 ^ clkbuf_0_clk/X (sky130_fd_sc_hd__clkbuf_16)
                                                         clknet_0_clk (net)
                      0.093961    0.002315    0.372983 ^ clkbuf_2_0__f_clk/A (sky130_fd_sc_hd__clkbuf_16)
     9    0.030455    0.081108    0.246804    0.619787 ^ clkbuf_2_0__f_clk/X (sky130_fd_sc_hd__clkbuf_16)
                                                         clknet_2_0__leaf_clk (net)
                      0.081160    0.001837    0.621624 ^ _445_/CLK (sky130_fd_sc_hd__dfrtp_1)
     3    0.010057    0.166285    0.721899    1.343524 ^ _445_/Q (sky130_fd_sc_hd__dfrtp_1)
                                                         net38 (net)
                      0.166285    0.000466    1.343990 ^ _292_/B (sky130_fd_sc_hd__nand2_1)
     3    0.009014    0.165038    0.215775    1.559764 v _292_/Y (sky130_fd_sc_hd__nand2_1)
                                                         _100_ (net)
                      0.165038    0.000655    1.560419 v _294_/A (sky130_fd_sc_hd__nand2_1)
     2    0.008524    0.143423    0.191042    1.751462 ^ _294_/Y (sky130_fd_sc_hd__nand2_1)
                                                         _102_ (net)
                      0.143423    0.000546    1.752008 ^ _393_/A (sky130_fd_sc_hd__xnor2_1)
     1    0.002607    0.071294    0.160066    1.912074 v _393_/Y (sky130_fd_sc_hd__xnor2_1)
                                                         adder.cla_blocks[3].block.sum[1] (net)
                      0.071294    0.000109    1.912183 v _445_/D (sky130_fd_sc_hd__dfrtp_1)
                                              1.912183   data arrival time

                                  0.000000    0.000000   clock clk (rise edge)
                                  0.000000    0.000000   clock source latency
     1    0.017988    0.136038    0.092443    0.092443 ^ clk (in)
                                                         clk (net)
                      0.136047    0.000000    0.092443 ^ clkbuf_0_clk/A (sky130_fd_sc_hd__clkbuf_16)
     4    0.039389    0.093892    0.278225    0.370668 ^ clkbuf_0_clk/X (sky130_fd_sc_hd__clkbuf_16)
                                                         clknet_0_clk (net)
                      0.093961    0.002315    0.372983 ^ clkbuf_2_0__f_clk/A (sky130_fd_sc_hd__clkbuf_16)
     9    0.030455    0.081108    0.246804    0.619787 ^ clkbuf_2_0__f_clk/X (sky130_fd_sc_hd__clkbuf_16)
                                                         clknet_2_0__leaf_clk (net)
                      0.081160    0.001837    0.621624 ^ _445_/CLK (sky130_fd_sc_hd__dfrtp_1)
                                  0.250000    0.871624   clock uncertainty
                                  0.000000    0.871624   clock reconvergence pessimism
                                 -0.095000    0.776625   library hold time
                                              0.776625   data required time
---------------------------------------------------------------------------------------------
                                              0.776625   data required time
                                             -1.912183   data arrival time
---------------------------------------------------------------------------------------------
                                              1.135559   slack (MET)


Startpoint: _442_ (rising edge-triggered flip-flop clocked by clk)
Endpoint: _443_ (rising edge-triggered flip-flop clocked by clk)
Path Group: clk
Path Type: min

Fanout         Cap        Slew       Delay        Time   Description
---------------------------------------------------------------------------------------------
                                  0.000000    0.000000   clock clk (rise edge)
                                  0.000000    0.000000   clock source latency
     1    0.017988    0.136038    0.092443    0.092443 ^ clk (in)
                                                         clk (net)
                      0.136047    0.000000    0.092443 ^ clkbuf_0_clk/A (sky130_fd_sc_hd__clkbuf_16)
     4    0.039389    0.093892    0.278225    0.370668 ^ clkbuf_0_clk/X (sky130_fd_sc_hd__clkbuf_16)
                                                         clknet_0_clk (net)
                      0.093961    0.002315    0.372983 ^ clkbuf_2_0__f_clk/A (sky130_fd_sc_hd__clkbuf_16)
     9    0.030455    0.081108    0.246804    0.619787 ^ clkbuf_2_0__f_clk/X (sky130_fd_sc_hd__clkbuf_16)
                                                         clknet_2_0__leaf_clk (net)
                      0.081145    0.001600    0.621388 ^ _442_/CLK (sky130_fd_sc_hd__dfrtp_1)
     3    0.007632    0.136238    0.696330    1.317718 ^ _442_/Q (sky130_fd_sc_hd__dfrtp_1)
                                                         net35 (net)
                      0.136238    0.000436    1.318154 ^ _249_/B (sky130_fd_sc_hd__or2_1)
     2    0.006088    0.109200    0.223119    1.541273 ^ _249_/X (sky130_fd_sc_hd__or2_1)
                                                         _057_ (net)
                      0.109200    0.000392    1.541665 ^ _404_/A1 (sky130_fd_sc_hd__a21bo_1)
     1    0.006618    0.104440    0.250782    1.792447 ^ _404_/X (sky130_fd_sc_hd__a21bo_1)
                                                         _189_ (net)
                      0.104440    0.000484    1.792931 ^ _405_/B (sky130_fd_sc_hd__xnor2_1)
     1    0.002262    0.064973    0.122860    1.915790 v _405_/Y (sky130_fd_sc_hd__xnor2_1)
                                                         adder.cla_blocks[2].block.sum[3] (net)
                      0.064974    0.000161    1.915951 v _443_/D (sky130_fd_sc_hd__dfrtp_1)
                                              1.915951   data arrival time

                                  0.000000    0.000000   clock clk (rise edge)
                                  0.000000    0.000000   clock source latency
     1    0.017988    0.136038    0.092443    0.092443 ^ clk (in)
                                                         clk (net)
                      0.136047    0.000000    0.092443 ^ clkbuf_0_clk/A (sky130_fd_sc_hd__clkbuf_16)
     4    0.039389    0.093892    0.278225    0.370668 ^ clkbuf_0_clk/X (sky130_fd_sc_hd__clkbuf_16)
                                                         clknet_0_clk (net)
                      0.093961    0.002315    0.372983 ^ clkbuf_2_0__f_clk/A (sky130_fd_sc_hd__clkbuf_16)
     9    0.030455    0.081108    0.246804    0.619787 ^ clkbuf_2_0__f_clk/X (sky130_fd_sc_hd__clkbuf_16)
                                                         clknet_2_0__leaf_clk (net)
                      0.081157    0.001790    0.621578 ^ _443_/CLK (sky130_fd_sc_hd__dfrtp_1)
                                  0.250000    0.871578   clock uncertainty
                                  0.000000    0.871578   clock reconvergence pessimism
                                 -0.092654    0.778924   library hold time
                                              0.778924   data required time
---------------------------------------------------------------------------------------------
                                              0.778924   data required time
                                             -1.915951   data arrival time
---------------------------------------------------------------------------------------------
                                              1.137028   slack (MET)


Startpoint: _459_ (rising edge-triggered flip-flop clocked by clk)
Endpoint: _459_ (rising edge-triggered flip-flop clocked by clk)
Path Group: clk
Path Type: min

Fanout         Cap        Slew       Delay        Time   Description
---------------------------------------------------------------------------------------------
                                  0.000000    0.000000   clock clk (rise edge)
                                  0.000000    0.000000   clock source latency
     1    0.017988    0.136038    0.092443    0.092443 ^ clk (in)
                                                         clk (net)
                      0.136047    0.000000    0.092443 ^ clkbuf_0_clk/A (sky130_fd_sc_hd__clkbuf_16)
     4    0.039389    0.093892    0.278225    0.370668 ^ clkbuf_0_clk/X (sky130_fd_sc_hd__clkbuf_16)
                                                         clknet_0_clk (net)
                      0.093962    0.002336    0.373004 ^ clkbuf_2_3__f_clk/A (sky130_fd_sc_hd__clkbuf_16)
     8    0.026298    0.075454    0.241160    0.614164 ^ clkbuf_2_3__f_clk/X (sky130_fd_sc_hd__clkbuf_16)
                                                         clknet_2_3__leaf_clk (net)
                      0.075483    0.001295    0.615459 ^ _459_/CLK (sky130_fd_sc_hd__dfrtp_1)
     4    0.015146    0.227412    0.771291    1.386750 ^ _459_/Q (sky130_fd_sc_hd__dfrtp_1)
                                                         net53 (net)
                      0.227412    0.000676    1.387426 ^ _230_/B (sky130_fd_sc_hd__xnor2_1)
     3    0.011848    0.201937    0.354500    1.741926 ^ _230_/Y (sky130_fd_sc_hd__xnor2_1)
                                                         _038_ (net)
                      0.201937    0.000781    1.742707 ^ _374_/A (sky130_fd_sc_hd__xor2_1)
     1    0.002575    0.065960    0.174437    1.917144 v _374_/X (sky130_fd_sc_hd__xor2_1)
                                                         adder.cla_blocks[6].block.sum[3] (net)
                      0.065960    0.000170    1.917314 v _459_/D (sky130_fd_sc_hd__dfrtp_1)
                                              1.917314   data arrival time

                                  0.000000    0.000000   clock clk (rise edge)
                                  0.000000    0.000000   clock source latency
     1    0.017988    0.136038    0.092443    0.092443 ^ clk (in)
                                                         clk (net)
                      0.136047    0.000000    0.092443 ^ clkbuf_0_clk/A (sky130_fd_sc_hd__clkbuf_16)
     4    0.039389    0.093892    0.278225    0.370668 ^ clkbuf_0_clk/X (sky130_fd_sc_hd__clkbuf_16)
                                                         clknet_0_clk (net)
                      0.093962    0.002336    0.373004 ^ clkbuf_2_3__f_clk/A (sky130_fd_sc_hd__clkbuf_16)
     8    0.026298    0.075454    0.241160    0.614164 ^ clkbuf_2_3__f_clk/X (sky130_fd_sc_hd__clkbuf_16)
                                                         clknet_2_3__leaf_clk (net)
                      0.075483    0.001295    0.615459 ^ _459_/CLK (sky130_fd_sc_hd__dfrtp_1)
                                  0.250000    0.865459   clock uncertainty
                                  0.000000    0.865459   clock reconvergence pessimism
                                 -0.094400    0.771059   library hold time
                                              0.771059   data required time
---------------------------------------------------------------------------------------------
                                              0.771059   data required time
                                             -1.917314   data arrival time
---------------------------------------------------------------------------------------------
                                              1.146255   slack (MET)


Startpoint: _435_ (rising edge-triggered flip-flop clocked by clk)
Endpoint: _435_ (rising edge-triggered flip-flop clocked by clk)
Path Group: clk
Path Type: min

Fanout         Cap        Slew       Delay        Time   Description
---------------------------------------------------------------------------------------------
                                  0.000000    0.000000   clock clk (rise edge)
                                  0.000000    0.000000   clock source latency
     1    0.017988    0.136038    0.092443    0.092443 ^ clk (in)
                                                         clk (net)
                      0.136047    0.000000    0.092443 ^ clkbuf_0_clk/A (sky130_fd_sc_hd__clkbuf_16)
     4    0.039389    0.093892    0.278225    0.370668 ^ clkbuf_0_clk/X (sky130_fd_sc_hd__clkbuf_16)
                                                         clknet_0_clk (net)
                      0.093960    0.002310    0.372978 ^ clkbuf_2_1__f_clk/A (sky130_fd_sc_hd__clkbuf_16)
     9    0.026406    0.075600    0.241287    0.614265 ^ clkbuf_2_1__f_clk/X (sky130_fd_sc_hd__clkbuf_16)
                                                         clknet_2_1__leaf_clk (net)
                      0.075623    0.001172    0.615437 ^ _435_/CLK (sky130_fd_sc_hd__dfrtp_4)
     5    0.027450    0.185718    0.908720    1.524157 ^ _435_/Q (sky130_fd_sc_hd__dfrtp_4)
                                                         net59 (net)
                      0.185841    0.002171    1.526328 ^ _270_/B (sky130_fd_sc_hd__xor2_1)
     1    0.004839    0.082511    0.189027    1.715355 v _270_/X (sky130_fd_sc_hd__xor2_1)
                                                         _078_ (net)
                      0.082545    0.000357    1.715712 v _421_/A (sky130_fd_sc_hd__xnor2_1)
     1    0.002160    0.066504    0.209191    1.924903 v _421_/Y (sky130_fd_sc_hd__xnor2_1)
                                                         adder.cla_blocks[0].block.sum[3] (net)
                      0.066504    0.000157    1.925061 v _435_/D (sky130_fd_sc_hd__dfrtp_4)
                                              1.925061   data arrival time

                                  0.000000    0.000000   clock clk (rise edge)
                                  0.000000    0.000000   clock source latency
     1    0.017988    0.136038    0.092443    0.092443 ^ clk (in)
                                                         clk (net)
                      0.136047    0.000000    0.092443 ^ clkbuf_0_clk/A (sky130_fd_sc_hd__clkbuf_16)
     4    0.039389    0.093892    0.278225    0.370668 ^ clkbuf_0_clk/X (sky130_fd_sc_hd__clkbuf_16)
                                                         clknet_0_clk (net)
                      0.093960    0.002310    0.372978 ^ clkbuf_2_1__f_clk/A (sky130_fd_sc_hd__clkbuf_16)
     9    0.026406    0.075600    0.241287    0.614265 ^ clkbuf_2_1__f_clk/X (sky130_fd_sc_hd__clkbuf_16)
                                                         clknet_2_1__leaf_clk (net)
                      0.075623    0.001172    0.615437 ^ _435_/CLK (sky130_fd_sc_hd__dfrtp_4)
                                  0.250000    0.865437   clock uncertainty
                                  0.000000    0.865437   clock reconvergence pessimism
                                 -0.088878    0.776559   library hold time
                                              0.776559   data required time
---------------------------------------------------------------------------------------------
                                              0.776559   data required time
                                             -1.925061   data arrival time
---------------------------------------------------------------------------------------------
                                              1.148502   slack (MET)


Startpoint: _442_ (rising edge-triggered flip-flop clocked by clk)
Endpoint: _442_ (rising edge-triggered flip-flop clocked by clk)
Path Group: clk
Path Type: min

Fanout         Cap        Slew       Delay        Time   Description
---------------------------------------------------------------------------------------------
                                  0.000000    0.000000   clock clk (rise edge)
                                  0.000000    0.000000   clock source latency
     1    0.017988    0.136038    0.092443    0.092443 ^ clk (in)
                                                         clk (net)
                      0.136047    0.000000    0.092443 ^ clkbuf_0_clk/A (sky130_fd_sc_hd__clkbuf_16)
     4    0.039389    0.093892    0.278225    0.370668 ^ clkbuf_0_clk/X (sky130_fd_sc_hd__clkbuf_16)
                                                         clknet_0_clk (net)
                      0.093961    0.002315    0.372983 ^ clkbuf_2_0__f_clk/A (sky130_fd_sc_hd__clkbuf_16)
     9    0.030455    0.081108    0.246804    0.619787 ^ clkbuf_2_0__f_clk/X (sky130_fd_sc_hd__clkbuf_16)
                                                         clknet_2_0__leaf_clk (net)
                      0.081145    0.001600    0.621388 ^ _442_/CLK (sky130_fd_sc_hd__dfrtp_1)
     3    0.007632    0.136238    0.696330    1.317718 ^ _442_/Q (sky130_fd_sc_hd__dfrtp_1)
                                                         net35 (net)
                      0.136238    0.000449    1.318167 ^ _248_/B (sky130_fd_sc_hd__nand2_1)
     3    0.009098    0.165826    0.205265    1.523432 v _248_/Y (sky130_fd_sc_hd__nand2_1)
                                                         _056_ (net)
                      0.165826    0.000501    1.523933 v _250_/A (sky130_fd_sc_hd__nand2_1)
     3    0.011793    0.185590    0.224359    1.748292 ^ _250_/Y (sky130_fd_sc_hd__nand2_1)
                                                         _058_ (net)
                      0.185651    0.000751    1.749043 ^ _403_/A (sky130_fd_sc_hd__xnor2_1)
     1    0.003333    0.080735    0.185624    1.934667 v _403_/Y (sky130_fd_sc_hd__xnor2_1)
                                                         adder.cla_blocks[2].block.sum[2] (net)
                      0.080735    0.000131    1.934798 v _442_/D (sky130_fd_sc_hd__dfrtp_1)
                                              1.934798   data arrival time

                                  0.000000    0.000000   clock clk (rise edge)
                                  0.000000    0.000000   clock source latency
     1    0.017988    0.136038    0.092443    0.092443 ^ clk (in)
                                                         clk (net)
                      0.136047    0.000000    0.092443 ^ clkbuf_0_clk/A (sky130_fd_sc_hd__clkbuf_16)
     4    0.039389    0.093892    0.278225    0.370668 ^ clkbuf_0_clk/X (sky130_fd_sc_hd__clkbuf_16)
                                                         clknet_0_clk (net)
                      0.093961    0.002315    0.372983 ^ clkbuf_2_0__f_clk/A (sky130_fd_sc_hd__clkbuf_16)
     9    0.030455    0.081108    0.246804    0.619787 ^ clkbuf_2_0__f_clk/X (sky130_fd_sc_hd__clkbuf_16)
                                                         clknet_2_0__leaf_clk (net)
                      0.081145    0.001600    0.621388 ^ _442_/CLK (sky130_fd_sc_hd__dfrtp_1)
                                  0.250000    0.871388   clock uncertainty
                                  0.000000    0.871388   clock reconvergence pessimism
                                 -0.098508    0.772880   library hold time
                                              0.772880   data required time
---------------------------------------------------------------------------------------------
                                              0.772880   data required time
                                             -1.934798   data arrival time
---------------------------------------------------------------------------------------------
                                              1.161919   slack (MET)


Startpoint: _449_ (rising edge-triggered flip-flop clocked by clk)
Endpoint: _449_ (rising edge-triggered flip-flop clocked by clk)
Path Group: clk
Path Type: min

Fanout         Cap        Slew       Delay        Time   Description
---------------------------------------------------------------------------------------------
                                  0.000000    0.000000   clock clk (rise edge)
                                  0.000000    0.000000   clock source latency
     1    0.017988    0.136038    0.092443    0.092443 ^ clk (in)
                                                         clk (net)
                      0.136047    0.000000    0.092443 ^ clkbuf_0_clk/A (sky130_fd_sc_hd__clkbuf_16)
     4    0.039389    0.093892    0.278225    0.370668 ^ clkbuf_0_clk/X (sky130_fd_sc_hd__clkbuf_16)
                                                         clknet_0_clk (net)
                      0.093961    0.002315    0.372983 ^ clkbuf_2_0__f_clk/A (sky130_fd_sc_hd__clkbuf_16)
     9    0.030455    0.081108    0.246804    0.619787 ^ clkbuf_2_0__f_clk/X (sky130_fd_sc_hd__clkbuf_16)
                                                         clknet_2_0__leaf_clk (net)
                      0.081166    0.001919    0.621707 ^ _449_/CLK (sky130_fd_sc_hd__dfrtp_1)
     4    0.012370    0.195482    0.746098    1.367804 ^ _449_/Q (sky130_fd_sc_hd__dfrtp_1)
                                                         net42 (net)
                      0.195482    0.000690    1.368495 ^ _311_/B (sky130_fd_sc_hd__xnor2_1)
     3    0.007974    0.145549    0.300365    1.668860 ^ _311_/Y (sky130_fd_sc_hd__xnor2_1)
                                                         _119_ (net)
                      0.145549    0.000380    1.669240 ^ _384_/B1 (sky130_fd_sc_hd__a21oi_1)
     2    0.005950    0.079171    0.122424    1.791664 v _384_/Y (sky130_fd_sc_hd__a21oi_1)
                                                         _179_ (net)
                      0.079171    0.000202    1.791866 v _386_/A (sky130_fd_sc_hd__nor2_1)
     1    0.002699    0.125361    0.167207    1.959073 ^ _386_/Y (sky130_fd_sc_hd__nor2_1)
                                                         adder.cla_blocks[4].block.sum[1] (net)
                      0.125361    0.000197    1.959270 ^ _449_/D (sky130_fd_sc_hd__dfrtp_1)
                                              1.959270   data arrival time

                                  0.000000    0.000000   clock clk (rise edge)
                                  0.000000    0.000000   clock source latency
     1    0.017988    0.136038    0.092443    0.092443 ^ clk (in)
                                                         clk (net)
                      0.136047    0.000000    0.092443 ^ clkbuf_0_clk/A (sky130_fd_sc_hd__clkbuf_16)
     4    0.039389    0.093892    0.278225    0.370668 ^ clkbuf_0_clk/X (sky130_fd_sc_hd__clkbuf_16)
                                                         clknet_0_clk (net)
                      0.093961    0.002315    0.372983 ^ clkbuf_2_0__f_clk/A (sky130_fd_sc_hd__clkbuf_16)
     9    0.030455    0.081108    0.246804    0.619787 ^ clkbuf_2_0__f_clk/X (sky130_fd_sc_hd__clkbuf_16)
                                                         clknet_2_0__leaf_clk (net)
                      0.081166    0.001919    0.621707 ^ _449_/CLK (sky130_fd_sc_hd__dfrtp_1)
                                  0.250000    0.871707   clock uncertainty
                                  0.000000    0.871707   clock reconvergence pessimism
                                 -0.087742    0.783965   library hold time
                                              0.783965   data required time
---------------------------------------------------------------------------------------------
                                              0.783965   data required time
                                             -1.959270   data arrival time
---------------------------------------------------------------------------------------------
                                              1.175305   slack (MET)


Startpoint: _438_ (rising edge-triggered flip-flop clocked by clk)
Endpoint: _438_ (rising edge-triggered flip-flop clocked by clk)
Path Group: clk
Path Type: min

Fanout         Cap        Slew       Delay        Time   Description
---------------------------------------------------------------------------------------------
                                  0.000000    0.000000   clock clk (rise edge)
                                  0.000000    0.000000   clock source latency
     1    0.017988    0.136038    0.092443    0.092443 ^ clk (in)
                                                         clk (net)
                      0.136047    0.000000    0.092443 ^ clkbuf_0_clk/A (sky130_fd_sc_hd__clkbuf_16)
     4    0.039389    0.093892    0.278225    0.370668 ^ clkbuf_0_clk/X (sky130_fd_sc_hd__clkbuf_16)
                                                         clknet_0_clk (net)
                      0.093961    0.002315    0.372983 ^ clkbuf_2_0__f_clk/A (sky130_fd_sc_hd__clkbuf_16)
     9    0.030455    0.081108    0.246804    0.619787 ^ clkbuf_2_0__f_clk/X (sky130_fd_sc_hd__clkbuf_16)
                                                         clknet_2_0__leaf_clk (net)
                      0.081118    0.000980    0.620768 ^ _438_/CLK (sky130_fd_sc_hd__dfrtp_1)
     4    0.013548    0.207331    0.758662    1.379429 ^ _438_/Q (sky130_fd_sc_hd__dfrtp_1)
                                                         net62 (net)
                      0.207331    0.000437    1.379866 ^ _272_/B (sky130_fd_sc_hd__xnor2_1)
     3    0.007166    0.134443    0.296387    1.676253 ^ _272_/Y (sky130_fd_sc_hd__xnor2_1)
                                                         _080_ (net)
                      0.134443    0.000474    1.676727 ^ _412_/B1 (sky130_fd_sc_hd__a21oi_1)
     2    0.005627    0.075228    0.115329    1.792056 v _412_/Y (sky130_fd_sc_hd__a21oi_1)
                                                         _194_ (net)
                      0.075229    0.000306    1.792362 v _414_/A (sky130_fd_sc_hd__nor2_1)
     1    0.003512    0.146852    0.182645    1.975008 ^ _414_/Y (sky130_fd_sc_hd__nor2_1)
                                                         adder.cla_blocks[1].block.sum[2] (net)
                      0.146852    0.000247    1.975255 ^ _438_/D (sky130_fd_sc_hd__dfrtp_1)
                                              1.975255   data arrival time

                                  0.000000    0.000000   clock clk (rise edge)
                                  0.000000    0.000000   clock source latency
     1    0.017988    0.136038    0.092443    0.092443 ^ clk (in)
                                                         clk (net)
                      0.136047    0.000000    0.092443 ^ clkbuf_0_clk/A (sky130_fd_sc_hd__clkbuf_16)
     4    0.039389    0.093892    0.278225    0.370668 ^ clkbuf_0_clk/X (sky130_fd_sc_hd__clkbuf_16)
                                                         clknet_0_clk (net)
                      0.093961    0.002315    0.372983 ^ clkbuf_2_0__f_clk/A (sky130_fd_sc_hd__clkbuf_16)
     9    0.030455    0.081108    0.246804    0.619787 ^ clkbuf_2_0__f_clk/X (sky130_fd_sc_hd__clkbuf_16)
                                                         clknet_2_0__leaf_clk (net)
                      0.081118    0.000980    0.620768 ^ _438_/CLK (sky130_fd_sc_hd__dfrtp_1)
                                  0.250000    0.870768   clock uncertainty
                                  0.000000    0.870768   clock reconvergence pessimism
                                 -0.092655    0.778113   library hold time
                                              0.778113   data required time
---------------------------------------------------------------------------------------------
                                              0.778113   data required time
                                             -1.975255   data arrival time
---------------------------------------------------------------------------------------------
                                              1.197142   slack (MET)


Startpoint: _460_ (rising edge-triggered flip-flop clocked by clk)
Endpoint: _460_ (rising edge-triggered flip-flop clocked by clk)
Path Group: clk
Path Type: min

Fanout         Cap        Slew       Delay        Time   Description
---------------------------------------------------------------------------------------------
                                  0.000000    0.000000   clock clk (rise edge)
                                  0.000000    0.000000   clock source latency
     1    0.017988    0.136038    0.092443    0.092443 ^ clk (in)
                                                         clk (net)
                      0.136047    0.000000    0.092443 ^ clkbuf_0_clk/A (sky130_fd_sc_hd__clkbuf_16)
     4    0.039389    0.093892    0.278225    0.370668 ^ clkbuf_0_clk/X (sky130_fd_sc_hd__clkbuf_16)
                                                         clknet_0_clk (net)
                      0.093962    0.002336    0.373004 ^ clkbuf_2_3__f_clk/A (sky130_fd_sc_hd__clkbuf_16)
     8    0.026298    0.075454    0.241160    0.614164 ^ clkbuf_2_3__f_clk/X (sky130_fd_sc_hd__clkbuf_16)
                                                         clknet_2_3__leaf_clk (net)
                      0.075466    0.000906    0.615070 ^ _460_/CLK (sky130_fd_sc_hd__dfrtp_1)
     3    0.010917    0.177199    0.728115    1.343184 ^ _460_/Q (sky130_fd_sc_hd__dfrtp_1)
                                                         net54 (net)
                      0.177199    0.000652    1.343837 ^ _225_/B (sky130_fd_sc_hd__or2_1)
     1    0.003256    0.071502    0.211821    1.555658 ^ _225_/X (sky130_fd_sc_hd__or2_1)
                                                         _033_ (net)
                      0.071502    0.000218    1.555876 ^ _226_/B (sky130_fd_sc_hd__nand2_1)
     2    0.008391    0.153851    0.171640    1.727516 v _226_/Y (sky130_fd_sc_hd__nand2_1)
                                                         _034_ (net)
                      0.153854    0.000625    1.728141 v _350_/A (sky130_fd_sc_hd__xnor2_1)
     1    0.002253    0.067117    0.262370    1.990510 ^ _350_/Y (sky130_fd_sc_hd__xnor2_1)
                                                         adder.cla_blocks[7].block.sum[0] (net)
                      0.067131    0.000155    1.990666 ^ _460_/D (sky130_fd_sc_hd__dfrtp_1)
                                              1.990666   data arrival time

                                  0.000000    0.000000   clock clk (rise edge)
                                  0.000000    0.000000   clock source latency
     1    0.017988    0.136038    0.092443    0.092443 ^ clk (in)
                                                         clk (net)
                      0.136047    0.000000    0.092443 ^ clkbuf_0_clk/A (sky130_fd_sc_hd__clkbuf_16)
     4    0.039389    0.093892    0.278225    0.370668 ^ clkbuf_0_clk/X (sky130_fd_sc_hd__clkbuf_16)
                                                         clknet_0_clk (net)
                      0.093962    0.002336    0.373004 ^ clkbuf_2_3__f_clk/A (sky130_fd_sc_hd__clkbuf_16)
     8    0.026298    0.075454    0.241160    0.614164 ^ clkbuf_2_3__f_clk/X (sky130_fd_sc_hd__clkbuf_16)
                                                         clknet_2_3__leaf_clk (net)
                      0.075466    0.000906    0.615070 ^ _460_/CLK (sky130_fd_sc_hd__dfrtp_1)
                                  0.250000    0.865070   clock uncertainty
                                  0.000000    0.865070   clock reconvergence pessimism
                                 -0.075388    0.789681   library hold time
                                              0.789681   data required time
---------------------------------------------------------------------------------------------
                                              0.789681   data required time
                                             -1.990666   data arrival time
---------------------------------------------------------------------------------------------
                                              1.200985   slack (MET)


Startpoint: _462_ (rising edge-triggered flip-flop clocked by clk)
Endpoint: _462_ (rising edge-triggered flip-flop clocked by clk)
Path Group: clk
Path Type: min

Fanout         Cap        Slew       Delay        Time   Description
---------------------------------------------------------------------------------------------
                                  0.000000    0.000000   clock clk (rise edge)
                                  0.000000    0.000000   clock source latency
     1    0.017988    0.136038    0.092443    0.092443 ^ clk (in)
                                                         clk (net)
                      0.136047    0.000000    0.092443 ^ clkbuf_0_clk/A (sky130_fd_sc_hd__clkbuf_16)
     4    0.039389    0.093892    0.278225    0.370668 ^ clkbuf_0_clk/X (sky130_fd_sc_hd__clkbuf_16)
                                                         clknet_0_clk (net)
                      0.093962    0.002336    0.373004 ^ clkbuf_2_3__f_clk/A (sky130_fd_sc_hd__clkbuf_16)
     8    0.026298    0.075454    0.241160    0.614164 ^ clkbuf_2_3__f_clk/X (sky130_fd_sc_hd__clkbuf_16)
                                                         clknet_2_3__leaf_clk (net)
                      0.075480    0.001239    0.615403 ^ _462_/CLK (sky130_fd_sc_hd__dfrtp_1)
     3    0.009090    0.154273    0.709007    1.324410 ^ _462_/Q (sky130_fd_sc_hd__dfrtp_1)
                                                         net57 (net)
                      0.154273    0.000588    1.324997 ^ _356_/B (sky130_fd_sc_hd__nor2_1)
     3    0.007487    0.082686    0.136950    1.461947 v _356_/Y (sky130_fd_sc_hd__nor2_1)
                                                         _162_ (net)
                      0.082686    0.000234    1.462182 v _358_/A_N (sky130_fd_sc_hd__and2b_1)
     1    0.004830    0.096314    0.393417    1.855599 ^ _358_/X (sky130_fd_sc_hd__and2b_1)
                                                         _164_ (net)
                      0.096314    0.000363    1.855962 ^ _360_/A (sky130_fd_sc_hd__xnor2_1)
     1    0.002335    0.066749    0.138559    1.994521 v _360_/Y (sky130_fd_sc_hd__xnor2_1)
                                                         adder.cla_blocks[7].block.sum[2] (net)
                      0.066749    0.000103    1.994624 v _462_/D (sky130_fd_sc_hd__dfrtp_1)
                                              1.994624   data arrival time

                                  0.000000    0.000000   clock clk (rise edge)
                                  0.000000    0.000000   clock source latency
     1    0.017988    0.136038    0.092443    0.092443 ^ clk (in)
                                                         clk (net)
                      0.136047    0.000000    0.092443 ^ clkbuf_0_clk/A (sky130_fd_sc_hd__clkbuf_16)
     4    0.039389    0.093892    0.278225    0.370668 ^ clkbuf_0_clk/X (sky130_fd_sc_hd__clkbuf_16)
                                                         clknet_0_clk (net)
                      0.093962    0.002336    0.373004 ^ clkbuf_2_3__f_clk/A (sky130_fd_sc_hd__clkbuf_16)
     8    0.026298    0.075454    0.241160    0.614164 ^ clkbuf_2_3__f_clk/X (sky130_fd_sc_hd__clkbuf_16)
                                                         clknet_2_3__leaf_clk (net)
                      0.075480    0.001239    0.615403 ^ _462_/CLK (sky130_fd_sc_hd__dfrtp_1)
                                  0.250000    0.865403   clock uncertainty
                                  0.000000    0.865403   clock reconvergence pessimism
                                 -0.094693    0.770709   library hold time
                                              0.770709   data required time
---------------------------------------------------------------------------------------------
                                              0.770709   data required time
                                             -1.994624   data arrival time
---------------------------------------------------------------------------------------------
                                              1.223915   slack (MET)


Startpoint: _436_ (rising edge-triggered flip-flop clocked by clk)
Endpoint: _437_ (rising edge-triggered flip-flop clocked by clk)
Path Group: clk
Path Type: min

Fanout         Cap        Slew       Delay        Time   Description
---------------------------------------------------------------------------------------------
                                  0.000000    0.000000   clock clk (rise edge)
                                  0.000000    0.000000   clock source latency
     1    0.017988    0.136038    0.092443    0.092443 ^ clk (in)
                                                         clk (net)
                      0.136047    0.000000    0.092443 ^ clkbuf_0_clk/A (sky130_fd_sc_hd__clkbuf_16)
     4    0.039389    0.093892    0.278225    0.370668 ^ clkbuf_0_clk/X (sky130_fd_sc_hd__clkbuf_16)
                                                         clknet_0_clk (net)
                      0.093960    0.002310    0.372978 ^ clkbuf_2_1__f_clk/A (sky130_fd_sc_hd__clkbuf_16)
     9    0.026406    0.075600    0.241287    0.614265 ^ clkbuf_2_1__f_clk/X (sky130_fd_sc_hd__clkbuf_16)
                                                         clknet_2_1__leaf_clk (net)
                      0.075605    0.000709    0.614974 ^ _436_/CLK (sky130_fd_sc_hd__dfrtp_1)
     3    0.007066    0.129342    0.687786    1.302760 ^ _436_/Q (sky130_fd_sc_hd__dfrtp_1)
                                                         net60 (net)
                      0.129342    0.000422    1.303181 ^ _280_/B (sky130_fd_sc_hd__nand2_1)
     4    0.015278    0.261055    0.274701    1.577882 v _280_/Y (sky130_fd_sc_hd__nand2_1)
                                                         _088_ (net)
                      0.261061    0.001133    1.579015 v _410_/B (sky130_fd_sc_hd__nand3_1)
     1    0.002611    0.095138    0.209126    1.788141 ^ _410_/Y (sky130_fd_sc_hd__nand3_1)
                                                         _193_ (net)
                      0.095138    0.000155    1.788296 ^ _411_/B (sky130_fd_sc_hd__and2_1)
     1    0.002239    0.072412    0.228513    2.016808 ^ _411_/X (sky130_fd_sc_hd__and2_1)
                                                         adder.cla_blocks[1].block.sum[1] (net)
                      0.072412    0.000156    2.016965 ^ _437_/D (sky130_fd_sc_hd__dfrtp_1)
                                              2.016965   data arrival time

                                  0.000000    0.000000   clock clk (rise edge)
                                  0.000000    0.000000   clock source latency
     1    0.017988    0.136038    0.092443    0.092443 ^ clk (in)
                                                         clk (net)
                      0.136047    0.000000    0.092443 ^ clkbuf_0_clk/A (sky130_fd_sc_hd__clkbuf_16)
     4    0.039389    0.093892    0.278225    0.370668 ^ clkbuf_0_clk/X (sky130_fd_sc_hd__clkbuf_16)
                                                         clknet_0_clk (net)
                      0.093960    0.002310    0.372978 ^ clkbuf_2_1__f_clk/A (sky130_fd_sc_hd__clkbuf_16)
     9    0.026406    0.075600    0.241287    0.614265 ^ clkbuf_2_1__f_clk/X (sky130_fd_sc_hd__clkbuf_16)
                                                         clknet_2_1__leaf_clk (net)
                      0.075609    0.000832    0.615097 ^ _437_/CLK (sky130_fd_sc_hd__dfrtp_1)
                                  0.250000    0.865097   clock uncertainty
                                  0.000000    0.865097   clock reconvergence pessimism
                                 -0.076570    0.788527   library hold time
                                              0.788527   data required time
---------------------------------------------------------------------------------------------
                                              0.788527   data required time
                                             -2.016965   data arrival time
---------------------------------------------------------------------------------------------
                                              1.228438   slack (MET)


Startpoint: _436_ (rising edge-triggered flip-flop clocked by clk)
Endpoint: _436_ (rising edge-triggered flip-flop clocked by clk)
Path Group: clk
Path Type: min

Fanout         Cap        Slew       Delay        Time   Description
---------------------------------------------------------------------------------------------
                                  0.000000    0.000000   clock clk (rise edge)
                                  0.000000    0.000000   clock source latency
     1    0.017988    0.136038    0.092443    0.092443 ^ clk (in)
                                                         clk (net)
                      0.136047    0.000000    0.092443 ^ clkbuf_0_clk/A (sky130_fd_sc_hd__clkbuf_16)
     4    0.039389    0.093892    0.278225    0.370668 ^ clkbuf_0_clk/X (sky130_fd_sc_hd__clkbuf_16)
                                                         clknet_0_clk (net)
                      0.093960    0.002310    0.372978 ^ clkbuf_2_1__f_clk/A (sky130_fd_sc_hd__clkbuf_16)
     9    0.026406    0.075600    0.241287    0.614265 ^ clkbuf_2_1__f_clk/X (sky130_fd_sc_hd__clkbuf_16)
                                                         clknet_2_1__leaf_clk (net)
                      0.075605    0.000709    0.614974 ^ _436_/CLK (sky130_fd_sc_hd__dfrtp_1)
     3    0.007066    0.129342    0.687786    1.302760 ^ _436_/Q (sky130_fd_sc_hd__dfrtp_1)
                                                         net60 (net)
                      0.129342    0.000344    1.303104 ^ _281_/B (sky130_fd_sc_hd__or2_1)
     1    0.002990    0.067832    0.187363    1.490467 ^ _281_/X (sky130_fd_sc_hd__or2_1)
                                                         _089_ (net)
                      0.067832    0.000207    1.490673 ^ _282_/B (sky130_fd_sc_hd__nand2_1)
     3    0.009924    0.177830    0.188236    1.678910 v _282_/Y (sky130_fd_sc_hd__nand2_1)
                                                         _090_ (net)
                      0.177832    0.000543    1.679453 v _407_/B (sky130_fd_sc_hd__nand2_1)
     1    0.002478    0.064123    0.145421    1.824874 ^ _407_/Y (sky130_fd_sc_hd__nand2_1)
                                                         _191_ (net)
                      0.064123    0.000147    1.825021 ^ _408_/B (sky130_fd_sc_hd__and2_1)
     1    0.002288    0.072959    0.217153    2.042174 ^ _408_/X (sky130_fd_sc_hd__and2_1)
                                                         adder.cla_blocks[1].block.sum[0] (net)
                      0.072972    0.000157    2.042331 ^ _436_/D (sky130_fd_sc_hd__dfrtp_1)
                                              2.042331   data arrival time

                                  0.000000    0.000000   clock clk (rise edge)
                                  0.000000    0.000000   clock source latency
     1    0.017988    0.136038    0.092443    0.092443 ^ clk (in)
                                                         clk (net)
                      0.136047    0.000000    0.092443 ^ clkbuf_0_clk/A (sky130_fd_sc_hd__clkbuf_16)
     4    0.039389    0.093892    0.278225    0.370668 ^ clkbuf_0_clk/X (sky130_fd_sc_hd__clkbuf_16)
                                                         clknet_0_clk (net)
                      0.093960    0.002310    0.372978 ^ clkbuf_2_1__f_clk/A (sky130_fd_sc_hd__clkbuf_16)
     9    0.026406    0.075600    0.241287    0.614265 ^ clkbuf_2_1__f_clk/X (sky130_fd_sc_hd__clkbuf_16)
                                                         clknet_2_1__leaf_clk (net)
                      0.075605    0.000709    0.614974 ^ _436_/CLK (sky130_fd_sc_hd__dfrtp_1)
                                  0.250000    0.864974   clock uncertainty
                                  0.000000    0.864974   clock reconvergence pessimism
                                 -0.076699    0.788275   library hold time
                                              0.788275   data required time
---------------------------------------------------------------------------------------------
                                              0.788275   data required time
                                             -2.042331   data arrival time
---------------------------------------------------------------------------------------------
                                              1.254055   slack (MET)


Startpoint: _440_ (rising edge-triggered flip-flop clocked by clk)
Endpoint: _440_ (rising edge-triggered flip-flop clocked by clk)
Path Group: clk
Path Type: min

Fanout         Cap        Slew       Delay        Time   Description
---------------------------------------------------------------------------------------------
                                  0.000000    0.000000   clock clk (rise edge)
                                  0.000000    0.000000   clock source latency
     1    0.017988    0.136038    0.092443    0.092443 ^ clk (in)
                                                         clk (net)
                      0.136047    0.000000    0.092443 ^ clkbuf_0_clk/A (sky130_fd_sc_hd__clkbuf_16)
     4    0.039389    0.093892    0.278225    0.370668 ^ clkbuf_0_clk/X (sky130_fd_sc_hd__clkbuf_16)
                                                         clknet_0_clk (net)
                      0.093960    0.002310    0.372978 ^ clkbuf_2_1__f_clk/A (sky130_fd_sc_hd__clkbuf_16)
     9    0.026406    0.075600    0.241287    0.614265 ^ clkbuf_2_1__f_clk/X (sky130_fd_sc_hd__clkbuf_16)
                                                         clknet_2_1__leaf_clk (net)
                      0.075631    0.001330    0.615595 ^ _440_/CLK (sky130_fd_sc_hd__dfrtp_1)
     3    0.008807    0.150752    0.706118    1.321713 ^ _440_/Q (sky130_fd_sc_hd__dfrtp_1)
                                                         net64 (net)
                      0.150752    0.000462    1.322175 ^ _258_/B (sky130_fd_sc_hd__or2_1)
     1    0.002746    0.064884    0.194330    1.516505 ^ _258_/X (sky130_fd_sc_hd__or2_1)
                                                         _066_ (net)
                      0.064884    0.000199    1.516705 ^ _259_/B (sky130_fd_sc_hd__nand2_1)
     3    0.008533    0.155990    0.170780    1.687485 v _259_/Y (sky130_fd_sc_hd__nand2_1)
                                                         _067_ (net)
                      0.155991    0.000381    1.687866 v _398_/A (sky130_fd_sc_hd__nand3_1)
     1    0.002448    0.083733    0.137541    1.825407 ^ _398_/Y (sky130_fd_sc_hd__nand3_1)
                                                         _186_ (net)
                      0.083733    0.000148    1.825555 ^ _399_/B (sky130_fd_sc_hd__and2_1)
     1    0.002746    0.078695    0.230672    2.056227 ^ _399_/X (sky130_fd_sc_hd__and2_1)
                                                         adder.cla_blocks[2].block.sum[0] (net)
                      0.078695    0.000189    2.056416 ^ _440_/D (sky130_fd_sc_hd__dfrtp_1)
                                              2.056416   data arrival time

                                  0.000000    0.000000   clock clk (rise edge)
                                  0.000000    0.000000   clock source latency
     1    0.017988    0.136038    0.092443    0.092443 ^ clk (in)
                                                         clk (net)
                      0.136047    0.000000    0.092443 ^ clkbuf_0_clk/A (sky130_fd_sc_hd__clkbuf_16)
     4    0.039389    0.093892    0.278225    0.370668 ^ clkbuf_0_clk/X (sky130_fd_sc_hd__clkbuf_16)
                                                         clknet_0_clk (net)
                      0.093960    0.002310    0.372978 ^ clkbuf_2_1__f_clk/A (sky130_fd_sc_hd__clkbuf_16)
     9    0.026406    0.075600    0.241287    0.614265 ^ clkbuf_2_1__f_clk/X (sky130_fd_sc_hd__clkbuf_16)
                                                         clknet_2_1__leaf_clk (net)
                      0.075631    0.001330    0.615595 ^ _440_/CLK (sky130_fd_sc_hd__dfrtp_1)
                                  0.250000    0.865595   clock uncertainty
                                  0.000000    0.865595   clock reconvergence pessimism
                                 -0.078001    0.787594   library hold time
                                              0.787594   data required time
---------------------------------------------------------------------------------------------
                                              0.787594   data required time
                                             -2.056416   data arrival time
---------------------------------------------------------------------------------------------
                                              1.268822   slack (MET)


Startpoint: _448_ (rising edge-triggered flip-flop clocked by clk)
Endpoint: _448_ (rising edge-triggered flip-flop clocked by clk)
Path Group: clk
Path Type: min

Fanout         Cap        Slew       Delay        Time   Description
---------------------------------------------------------------------------------------------
                                  0.000000    0.000000   clock clk (rise edge)
                                  0.000000    0.000000   clock source latency
     1    0.017988    0.136038    0.092443    0.092443 ^ clk (in)
                                                         clk (net)
                      0.136047    0.000000    0.092443 ^ clkbuf_0_clk/A (sky130_fd_sc_hd__clkbuf_16)
     4    0.039389    0.093892    0.278225    0.370668 ^ clkbuf_0_clk/X (sky130_fd_sc_hd__clkbuf_16)
                                                         clknet_0_clk (net)
                      0.093961    0.002315    0.372983 ^ clkbuf_2_0__f_clk/A (sky130_fd_sc_hd__clkbuf_16)
     9    0.030455    0.081108    0.246804    0.619787 ^ clkbuf_2_0__f_clk/X (sky130_fd_sc_hd__clkbuf_16)
                                                         clknet_2_0__leaf_clk (net)
                      0.081117    0.000947    0.620735 ^ _448_/CLK (sky130_fd_sc_hd__dfrtp_1)
     4    0.011999    0.190827    0.742079    1.362814 ^ _448_/Q (sky130_fd_sc_hd__dfrtp_1)
                                                         net41 (net)
                      0.190827    0.000724    1.363537 ^ _319_/B (sky130_fd_sc_hd__or2_1)
     1    0.001747    0.052714    0.201502    1.565040 ^ _319_/X (sky130_fd_sc_hd__or2_1)
                                                         _127_ (net)
                      0.052714    0.000081    1.565121 ^ _320_/B (sky130_fd_sc_hd__and2_1)
     3    0.010984    0.192562    0.311488    1.876609 ^ _320_/X (sky130_fd_sc_hd__and2_1)
                                                         _128_ (net)
                      0.192562    0.000600    1.877209 ^ _383_/B (sky130_fd_sc_hd__xor2_1)
     1    0.002846    0.068178    0.169805    2.047014 v _383_/X (sky130_fd_sc_hd__xor2_1)
                                                         adder.cla_blocks[4].block.sum[0] (net)
                      0.068178    0.000115    2.047129 v _448_/D (sky130_fd_sc_hd__dfrtp_1)
                                              2.047129   data arrival time

                                  0.000000    0.000000   clock clk (rise edge)
                                  0.000000    0.000000   clock source latency
     1    0.017988    0.136038    0.092443    0.092443 ^ clk (in)
                                                         clk (net)
                      0.136047    0.000000    0.092443 ^ clkbuf_0_clk/A (sky130_fd_sc_hd__clkbuf_16)
     4    0.039389    0.093892    0.278225    0.370668 ^ clkbuf_0_clk/X (sky130_fd_sc_hd__clkbuf_16)
                                                         clknet_0_clk (net)
                      0.093961    0.002315    0.372983 ^ clkbuf_2_0__f_clk/A (sky130_fd_sc_hd__clkbuf_16)
     9    0.030455    0.081108    0.246804    0.619787 ^ clkbuf_2_0__f_clk/X (sky130_fd_sc_hd__clkbuf_16)
                                                         clknet_2_0__leaf_clk (net)
                      0.081117    0.000947    0.620735 ^ _448_/CLK (sky130_fd_sc_hd__dfrtp_1)
                                  0.250000    0.870735   clock uncertainty
                                  0.000000    0.870735   clock reconvergence pessimism
                                 -0.093853    0.776882   library hold time
                                              0.776882   data required time
---------------------------------------------------------------------------------------------
                                              0.776882   data required time
                                             -2.047129   data arrival time
---------------------------------------------------------------------------------------------
                                              1.270247   slack (MET)


Startpoint: _456_ (rising edge-triggered flip-flop clocked by clk)
Endpoint: _456_ (rising edge-triggered flip-flop clocked by clk)
Path Group: clk
Path Type: min

Fanout         Cap        Slew       Delay        Time   Description
---------------------------------------------------------------------------------------------
                                  0.000000    0.000000   clock clk (rise edge)
                                  0.000000    0.000000   clock source latency
     1    0.017988    0.136038    0.092443    0.092443 ^ clk (in)
                                                         clk (net)
                      0.136047    0.000000    0.092443 ^ clkbuf_0_clk/A (sky130_fd_sc_hd__clkbuf_16)
     4    0.039389    0.093892    0.278225    0.370668 ^ clkbuf_0_clk/X (sky130_fd_sc_hd__clkbuf_16)
                                                         clknet_0_clk (net)
                      0.093986    0.002651    0.373319 ^ clkbuf_2_2__f_clk/A (sky130_fd_sc_hd__clkbuf_16)
     9    0.028119    0.077914    0.243547    0.616866 ^ clkbuf_2_2__f_clk/X (sky130_fd_sc_hd__clkbuf_16)
                                                         clknet_2_2__leaf_clk (net)
                      0.077922    0.000848    0.617714 ^ _456_/CLK (sky130_fd_sc_hd__dfrtp_1)
     3    0.009767    0.162683    0.717312    1.335026 ^ _456_/Q (sky130_fd_sc_hd__dfrtp_1)
                                                         net50 (net)
                      0.162683    0.000328    1.335353 ^ _242_/B (sky130_fd_sc_hd__or2_1)
     1    0.002527    0.062231    0.197333    1.532686 ^ _242_/X (sky130_fd_sc_hd__or2_1)
                                                         _050_ (net)
                      0.062232    0.000117    1.532803 ^ _243_/B (sky130_fd_sc_hd__nand2_1)
     3    0.009357    0.168881    0.179253    1.712057 v _243_/Y (sky130_fd_sc_hd__nand2_1)
                                                         _051_ (net)
                      0.168883    0.000525    1.712582 v _346_/B1 (sky130_fd_sc_hd__a21oi_1)
     1    0.004349    0.191214    0.258668    1.971250 ^ _346_/Y (sky130_fd_sc_hd__a21oi_1)
                                                         _154_ (net)
                      0.191214    0.000307    1.971557 ^ _367_/A (sky130_fd_sc_hd__nor2_1)
     1    0.002638    0.037214    0.128971    2.100528 v _367_/Y (sky130_fd_sc_hd__nor2_1)
                                                         adder.cla_blocks[6].block.sum[0] (net)
                      0.037219    0.000180    2.100708 v _456_/D (sky130_fd_sc_hd__dfrtp_1)
                                              2.100708   data arrival time

                                  0.000000    0.000000   clock clk (rise edge)
                                  0.000000    0.000000   clock source latency
     1    0.017988    0.136038    0.092443    0.092443 ^ clk (in)
                                                         clk (net)
                      0.136047    0.000000    0.092443 ^ clkbuf_0_clk/A (sky130_fd_sc_hd__clkbuf_16)
     4    0.039389    0.093892    0.278225    0.370668 ^ clkbuf_0_clk/X (sky130_fd_sc_hd__clkbuf_16)
                                                         clknet_0_clk (net)
                      0.093986    0.002651    0.373319 ^ clkbuf_2_2__f_clk/A (sky130_fd_sc_hd__clkbuf_16)
     9    0.028119    0.077914    0.243547    0.616866 ^ clkbuf_2_2__f_clk/X (sky130_fd_sc_hd__clkbuf_16)
                                                         clknet_2_2__leaf_clk (net)
                      0.077922    0.000848    0.617714 ^ _456_/CLK (sky130_fd_sc_hd__dfrtp_1)
                                  0.250000    0.867714   clock uncertainty
                                  0.000000    0.867714   clock reconvergence pessimism
                                 -0.083137    0.784578   library hold time
                                              0.784578   data required time
---------------------------------------------------------------------------------------------
                                              0.784578   data required time
                                             -2.100708   data arrival time
---------------------------------------------------------------------------------------------
                                              1.316130   slack (MET)


Startpoint: _444_ (rising edge-triggered flip-flop clocked by clk)
Endpoint: _444_ (rising edge-triggered flip-flop clocked by clk)
Path Group: clk
Path Type: min

Fanout         Cap        Slew       Delay        Time   Description
---------------------------------------------------------------------------------------------
                                  0.000000    0.000000   clock clk (rise edge)
                                  0.000000    0.000000   clock source latency
     1    0.017988    0.136038    0.092443    0.092443 ^ clk (in)
                                                         clk (net)
                      0.136047    0.000000    0.092443 ^ clkbuf_0_clk/A (sky130_fd_sc_hd__clkbuf_16)
     4    0.039389    0.093892    0.278225    0.370668 ^ clkbuf_0_clk/X (sky130_fd_sc_hd__clkbuf_16)
                                                         clknet_0_clk (net)
                      0.093960    0.002310    0.372978 ^ clkbuf_2_1__f_clk/A (sky130_fd_sc_hd__clkbuf_16)
     9    0.026406    0.075600    0.241287    0.614265 ^ clkbuf_2_1__f_clk/X (sky130_fd_sc_hd__clkbuf_16)
                                                         clknet_2_1__leaf_clk (net)
                      0.075626    0.001248    0.615513 ^ _444_/CLK (sky130_fd_sc_hd__dfrtp_1)
     4    0.015089    0.226710    0.770710    1.386224 ^ _444_/Q (sky130_fd_sc_hd__dfrtp_1)
                                                         net37 (net)
                      0.226710    0.000797    1.387020 ^ _305_/B (sky130_fd_sc_hd__or2_1)
     1    0.002495    0.062205    0.225421    1.612441 ^ _305_/X (sky130_fd_sc_hd__or2_1)
                                                         _113_ (net)
                      0.062223    0.000156    1.612597 ^ _306_/B (sky130_fd_sc_hd__and2_1)
     3    0.011705    0.202889    0.323298    1.935895 ^ _306_/X (sky130_fd_sc_hd__and2_1)
                                                         _114_ (net)
                      0.202889    0.000393    1.936288 ^ _391_/B (sky130_fd_sc_hd__xor2_1)
     1    0.003667    0.074658    0.183512    2.119800 v _391_/X (sky130_fd_sc_hd__xor2_1)
                                                         adder.cla_blocks[3].block.sum[0] (net)
                      0.074658    0.000282    2.120082 v _444_/D (sky130_fd_sc_hd__dfrtp_1)
                                              2.120082   data arrival time

                                  0.000000    0.000000   clock clk (rise edge)
                                  0.000000    0.000000   clock source latency
     1    0.017988    0.136038    0.092443    0.092443 ^ clk (in)
                                                         clk (net)
                      0.136047    0.000000    0.092443 ^ clkbuf_0_clk/A (sky130_fd_sc_hd__clkbuf_16)
     4    0.039389    0.093892    0.278225    0.370668 ^ clkbuf_0_clk/X (sky130_fd_sc_hd__clkbuf_16)
                                                         clknet_0_clk (net)
                      0.093960    0.002310    0.372978 ^ clkbuf_2_1__f_clk/A (sky130_fd_sc_hd__clkbuf_16)
     9    0.026406    0.075600    0.241287    0.614265 ^ clkbuf_2_1__f_clk/X (sky130_fd_sc_hd__clkbuf_16)
                                                         clknet_2_1__leaf_clk (net)
                      0.075626    0.001248    0.615513 ^ _444_/CLK (sky130_fd_sc_hd__dfrtp_1)
                                  0.250000    0.865513   clock uncertainty
                                  0.000000    0.865513   clock reconvergence pessimism
                                 -0.097594    0.767919   library hold time
                                              0.767919   data required time
---------------------------------------------------------------------------------------------
                                              0.767919   data required time
                                             -2.120082   data arrival time
---------------------------------------------------------------------------------------------
                                              1.352163   slack (MET)


Startpoint: rst (input port clocked by clk)
Endpoint: _445_ (removal check against rising-edge clock clk)
Path Group: asynchronous
Path Type: min

Fanout         Cap        Slew       Delay        Time   Description
---------------------------------------------------------------------------------------------
                                  0.000000    0.000000   clock clk (rise edge)
                                  0.000000    0.000000   clock network delay (propagated)
                                  4.000000    4.000000 v input external delay
     1    0.002482    0.017254    0.008270    4.008270 v rst (in)
                                                         rst (net)
                      0.017254    0.000000    4.008270 v input33/A (sky130_fd_sc_hd__dlymetal6s2s_1)
     4    0.025243    0.254642    0.412310    4.420579 v input33/X (sky130_fd_sc_hd__dlymetal6s2s_1)
                                                         net33 (net)
                      0.254646    0.001560    4.422139 v fanout66/A (sky130_fd_sc_hd__buf_4)
    10    0.064918    0.163768    0.442618    4.864757 v fanout66/X (sky130_fd_sc_hd__buf_4)
                                                         net66 (net)
                      0.163790    0.001969    4.866725 v _204_/A (sky130_fd_sc_hd__inv_2)
     1    0.003462    0.057079    0.104465    4.971190 ^ _204_/Y (sky130_fd_sc_hd__inv_2)
                                                         _013_ (net)
                      0.057079    0.000182    4.971372 ^ _445_/RESET_B (sky130_fd_sc_hd__dfrtp_1)
                                              4.971372   data arrival time

                                  0.000000    0.000000   clock clk (rise edge)
                                  0.000000    0.000000   clock source latency
     1    0.017988    0.136038    0.092443    0.092443 ^ clk (in)
                                                         clk (net)
                      0.136047    0.000000    0.092443 ^ clkbuf_0_clk/A (sky130_fd_sc_hd__clkbuf_16)
     4    0.039389    0.093892    0.278225    0.370668 ^ clkbuf_0_clk/X (sky130_fd_sc_hd__clkbuf_16)
                                                         clknet_0_clk (net)
                      0.093961    0.002315    0.372983 ^ clkbuf_2_0__f_clk/A (sky130_fd_sc_hd__clkbuf_16)
     9    0.030455    0.081108    0.246804    0.619787 ^ clkbuf_2_0__f_clk/X (sky130_fd_sc_hd__clkbuf_16)
                                                         clknet_2_0__leaf_clk (net)
                      0.081160    0.001837    0.621624 ^ _445_/CLK (sky130_fd_sc_hd__dfrtp_1)
                                  0.250000    0.871624   clock uncertainty
                                  0.000000    0.871624   clock reconvergence pessimism
                                  0.656854    1.528478   library removal time
                                              1.528478   data required time
---------------------------------------------------------------------------------------------
                                              1.528478   data required time
                                             -4.971372   data arrival time
---------------------------------------------------------------------------------------------
                                              3.442894   slack (MET)


Startpoint: rst (input port clocked by clk)
Endpoint: _460_ (removal check against rising-edge clock clk)
Path Group: asynchronous
Path Type: min

Fanout         Cap        Slew       Delay        Time   Description
---------------------------------------------------------------------------------------------
                                  0.000000    0.000000   clock clk (rise edge)
                                  0.000000    0.000000   clock network delay (propagated)
                                  4.000000    4.000000 v input external delay
     1    0.002482    0.017254    0.008270    4.008270 v rst (in)
                                                         rst (net)
                      0.017254    0.000000    4.008270 v input33/A (sky130_fd_sc_hd__dlymetal6s2s_1)
     4    0.025243    0.254642    0.412310    4.420579 v input33/X (sky130_fd_sc_hd__dlymetal6s2s_1)
                                                         net33 (net)
                      0.254700    0.003761    4.424341 v fanout69/A (sky130_fd_sc_hd__buf_2)
     6    0.034281    0.166683    0.432072    4.856413 v fanout69/X (sky130_fd_sc_hd__buf_2)
                                                         net69 (net)
                      0.166693    0.001550    4.857963 v _219_/A (sky130_fd_sc_hd__inv_2)
     1    0.003470    0.057706    0.105569    4.963532 ^ _219_/Y (sky130_fd_sc_hd__inv_2)
                                                         _028_ (net)
                      0.057706    0.000183    4.963716 ^ _460_/RESET_B (sky130_fd_sc_hd__dfrtp_1)
                                              4.963716   data arrival time

                                  0.000000    0.000000   clock clk (rise edge)
                                  0.000000    0.000000   clock source latency
     1    0.017988    0.136038    0.092443    0.092443 ^ clk (in)
                                                         clk (net)
                      0.136047    0.000000    0.092443 ^ clkbuf_0_clk/A (sky130_fd_sc_hd__clkbuf_16)
     4    0.039389    0.093892    0.278225    0.370668 ^ clkbuf_0_clk/X (sky130_fd_sc_hd__clkbuf_16)
                                                         clknet_0_clk (net)
                      0.093962    0.002336    0.373004 ^ clkbuf_2_3__f_clk/A (sky130_fd_sc_hd__clkbuf_16)
     8    0.026298    0.075454    0.241160    0.614164 ^ clkbuf_2_3__f_clk/X (sky130_fd_sc_hd__clkbuf_16)
                                                         clknet_2_3__leaf_clk (net)
                      0.075466    0.000906    0.615070 ^ _460_/CLK (sky130_fd_sc_hd__dfrtp_1)
                                  0.250000    0.865070   clock uncertainty
                                  0.000000    0.865070   clock reconvergence pessimism
                                  0.655328    1.520397   library removal time
                                              1.520397   data required time
---------------------------------------------------------------------------------------------
                                              1.520397   data required time
                                             -4.963716   data arrival time
---------------------------------------------------------------------------------------------
                                              3.443318   slack (MET)


Startpoint: rst (input port clocked by clk)
Endpoint: _434_ (removal check against rising-edge clock clk)
Path Group: asynchronous
Path Type: min

Fanout         Cap        Slew       Delay        Time   Description
---------------------------------------------------------------------------------------------
                                  0.000000    0.000000   clock clk (rise edge)
                                  0.000000    0.000000   clock network delay (propagated)
                                  4.000000    4.000000 v input external delay
     1    0.002482    0.017254    0.008270    4.008270 v rst (in)
                                                         rst (net)
                      0.017254    0.000000    4.008270 v input33/A (sky130_fd_sc_hd__dlymetal6s2s_1)
     4    0.025243    0.254642    0.412310    4.420579 v input33/X (sky130_fd_sc_hd__dlymetal6s2s_1)
                                                         net33 (net)
                      0.254700    0.003761    4.424341 v fanout69/A (sky130_fd_sc_hd__buf_2)
     6    0.034281    0.166683    0.432072    4.856413 v fanout69/X (sky130_fd_sc_hd__buf_2)
                                                         net69 (net)
                      0.166684    0.000906    4.857319 v _425_/A (sky130_fd_sc_hd__inv_2)
     1    0.003622    0.058544    0.106748    4.964067 ^ _425_/Y (sky130_fd_sc_hd__inv_2)
                                                         _002_ (net)
                      0.058544    0.000193    4.964260 ^ _434_/RESET_B (sky130_fd_sc_hd__dfrtp_1)
                                              4.964260   data arrival time

                                  0.000000    0.000000   clock clk (rise edge)
                                  0.000000    0.000000   clock source latency
     1    0.017988    0.136038    0.092443    0.092443 ^ clk (in)
                                                         clk (net)
                      0.136047    0.000000    0.092443 ^ clkbuf_0_clk/A (sky130_fd_sc_hd__clkbuf_16)
     4    0.039389    0.093892    0.278225    0.370668 ^ clkbuf_0_clk/X (sky130_fd_sc_hd__clkbuf_16)
                                                         clknet_0_clk (net)
                      0.093962    0.002336    0.373004 ^ clkbuf_2_3__f_clk/A (sky130_fd_sc_hd__clkbuf_16)
     8    0.026298    0.075454    0.241160    0.614164 ^ clkbuf_2_3__f_clk/X (sky130_fd_sc_hd__clkbuf_16)
                                                         clknet_2_3__leaf_clk (net)
                      0.075467    0.000939    0.615102 ^ _434_/CLK (sky130_fd_sc_hd__dfrtp_1)
                                  0.250000    0.865102   clock uncertainty
                                  0.000000    0.865102   clock reconvergence pessimism
                                  0.655586    1.520688   library removal time
                                              1.520688   data required time
---------------------------------------------------------------------------------------------
                                              1.520688   data required time
                                             -4.964260   data arrival time
---------------------------------------------------------------------------------------------
                                              3.443572   slack (MET)


Startpoint: rst (input port clocked by clk)
Endpoint: _446_ (removal check against rising-edge clock clk)
Path Group: asynchronous
Path Type: min

Fanout         Cap        Slew       Delay        Time   Description
---------------------------------------------------------------------------------------------
                                  0.000000    0.000000   clock clk (rise edge)
                                  0.000000    0.000000   clock network delay (propagated)
                                  4.000000    4.000000 v input external delay
     1    0.002482    0.017254    0.008270    4.008270 v rst (in)
                                                         rst (net)
                      0.017254    0.000000    4.008270 v input33/A (sky130_fd_sc_hd__dlymetal6s2s_1)
     4    0.025243    0.254642    0.412310    4.420579 v input33/X (sky130_fd_sc_hd__dlymetal6s2s_1)
                                                         net33 (net)
                      0.254646    0.001560    4.422139 v fanout66/A (sky130_fd_sc_hd__buf_4)
    10    0.064918    0.163768    0.442618    4.864757 v fanout66/X (sky130_fd_sc_hd__buf_4)
                                                         net66 (net)
                      0.163817    0.002742    4.867498 v _205_/A (sky130_fd_sc_hd__inv_2)
     1    0.003559    0.057617    0.105226    4.972725 ^ _205_/Y (sky130_fd_sc_hd__inv_2)
                                                         _014_ (net)
                      0.057617    0.000187    4.972912 ^ _446_/RESET_B (sky130_fd_sc_hd__dfrtp_1)
                                              4.972912   data arrival time

                                  0.000000    0.000000   clock clk (rise edge)
                                  0.000000    0.000000   clock source latency
     1    0.017988    0.136038    0.092443    0.092443 ^ clk (in)
                                                         clk (net)
                      0.136047    0.000000    0.092443 ^ clkbuf_0_clk/A (sky130_fd_sc_hd__clkbuf_16)
     4    0.039389    0.093892    0.278225    0.370668 ^ clkbuf_0_clk/X (sky130_fd_sc_hd__clkbuf_16)
                                                         clknet_0_clk (net)
                      0.093961    0.002315    0.372983 ^ clkbuf_2_0__f_clk/A (sky130_fd_sc_hd__clkbuf_16)
     9    0.030455    0.081108    0.246804    0.619787 ^ clkbuf_2_0__f_clk/X (sky130_fd_sc_hd__clkbuf_16)
                                                         clknet_2_0__leaf_clk (net)
                      0.081174    0.002031    0.621818 ^ _446_/CLK (sky130_fd_sc_hd__dfrtp_1)
                                  0.250000    0.871818   clock uncertainty
                                  0.000000    0.871818   clock reconvergence pessimism
                                  0.657023    1.528841   library removal time
                                              1.528841   data required time
---------------------------------------------------------------------------------------------
                                              1.528841   data required time
                                             -4.972912   data arrival time
---------------------------------------------------------------------------------------------
                                              3.444071   slack (MET)


Startpoint: rst (input port clocked by clk)
Endpoint: _461_ (removal check against rising-edge clock clk)
Path Group: asynchronous
Path Type: min

Fanout         Cap        Slew       Delay        Time   Description
---------------------------------------------------------------------------------------------
                                  0.000000    0.000000   clock clk (rise edge)
                                  0.000000    0.000000   clock network delay (propagated)
                                  4.000000    4.000000 v input external delay
     1    0.002482    0.017254    0.008270    4.008270 v rst (in)
                                                         rst (net)
                      0.017254    0.000000    4.008270 v input33/A (sky130_fd_sc_hd__dlymetal6s2s_1)
     4    0.025243    0.254642    0.412310    4.420579 v input33/X (sky130_fd_sc_hd__dlymetal6s2s_1)
                                                         net33 (net)
                      0.254700    0.003761    4.424341 v fanout69/A (sky130_fd_sc_hd__buf_2)
     6    0.034281    0.166683    0.432072    4.856413 v fanout69/X (sky130_fd_sc_hd__buf_2)
                                                         net69 (net)
                      0.166700    0.001844    4.858257 v _220_/A (sky130_fd_sc_hd__inv_2)
     1    0.003839    0.059786    0.108452    4.966709 ^ _220_/Y (sky130_fd_sc_hd__inv_2)
                                                         _029_ (net)
                      0.059786    0.000200    4.966908 ^ _461_/RESET_B (sky130_fd_sc_hd__dfrtp_1)
                                              4.966908   data arrival time

                                  0.000000    0.000000   clock clk (rise edge)
                                  0.000000    0.000000   clock source latency
     1    0.017988    0.136038    0.092443    0.092443 ^ clk (in)
                                                         clk (net)
                      0.136047    0.000000    0.092443 ^ clkbuf_0_clk/A (sky130_fd_sc_hd__clkbuf_16)
     4    0.039389    0.093892    0.278225    0.370668 ^ clkbuf_0_clk/X (sky130_fd_sc_hd__clkbuf_16)
                                                         clknet_0_clk (net)
                      0.093962    0.002336    0.373004 ^ clkbuf_2_3__f_clk/A (sky130_fd_sc_hd__clkbuf_16)
     8    0.026298    0.075454    0.241160    0.614164 ^ clkbuf_2_3__f_clk/X (sky130_fd_sc_hd__clkbuf_16)
                                                         clknet_2_3__leaf_clk (net)
                      0.075463    0.000818    0.614982 ^ _461_/CLK (sky130_fd_sc_hd__dfrtp_1)
                                  0.250000    0.864982   clock uncertainty
                                  0.000000    0.864982   clock reconvergence pessimism
                                  0.655966    1.520948   library removal time
                                              1.520948   data required time
---------------------------------------------------------------------------------------------
                                              1.520948   data required time
                                             -4.966908   data arrival time
---------------------------------------------------------------------------------------------
                                              3.445961   slack (MET)


Startpoint: rst (input port clocked by clk)
Endpoint: _443_ (removal check against rising-edge clock clk)
Path Group: asynchronous
Path Type: min

Fanout         Cap        Slew       Delay        Time   Description
---------------------------------------------------------------------------------------------
                                  0.000000    0.000000   clock clk (rise edge)
                                  0.000000    0.000000   clock network delay (propagated)
                                  4.000000    4.000000 v input external delay
     1    0.002482    0.017254    0.008270    4.008270 v rst (in)
                                                         rst (net)
                      0.017254    0.000000    4.008270 v input33/A (sky130_fd_sc_hd__dlymetal6s2s_1)
     4    0.025243    0.254642    0.412310    4.420579 v input33/X (sky130_fd_sc_hd__dlymetal6s2s_1)
                                                         net33 (net)
                      0.254646    0.001560    4.422139 v fanout66/A (sky130_fd_sc_hd__buf_4)
    10    0.064918    0.163768    0.442618    4.864757 v fanout66/X (sky130_fd_sc_hd__buf_4)
                                                         net66 (net)
                      0.163898    0.004191    4.868948 v _202_/A (sky130_fd_sc_hd__inv_2)
     1    0.003615    0.057944    0.105683    4.974631 ^ _202_/Y (sky130_fd_sc_hd__inv_2)
                                                         _011_ (net)
                      0.057944    0.000191    4.974821 ^ _443_/RESET_B (sky130_fd_sc_hd__dfrtp_1)
                                              4.974821   data arrival time

                                  0.000000    0.000000   clock clk (rise edge)
                                  0.000000    0.000000   clock source latency
     1    0.017988    0.136038    0.092443    0.092443 ^ clk (in)
                                                         clk (net)
                      0.136047    0.000000    0.092443 ^ clkbuf_0_clk/A (sky130_fd_sc_hd__clkbuf_16)
     4    0.039389    0.093892    0.278225    0.370668 ^ clkbuf_0_clk/X (sky130_fd_sc_hd__clkbuf_16)
                                                         clknet_0_clk (net)
                      0.093961    0.002315    0.372983 ^ clkbuf_2_0__f_clk/A (sky130_fd_sc_hd__clkbuf_16)
     9    0.030455    0.081108    0.246804    0.619787 ^ clkbuf_2_0__f_clk/X (sky130_fd_sc_hd__clkbuf_16)
                                                         clknet_2_0__leaf_clk (net)
                      0.081157    0.001790    0.621578 ^ _443_/CLK (sky130_fd_sc_hd__dfrtp_1)
                                  0.250000    0.871578   clock uncertainty
                                  0.000000    0.871578   clock reconvergence pessimism
                                  0.657119    1.528696   library removal time
                                              1.528696   data required time
---------------------------------------------------------------------------------------------
                                              1.528696   data required time
                                             -4.974821   data arrival time
---------------------------------------------------------------------------------------------
                                              3.446125   slack (MET)


Startpoint: rst (input port clocked by clk)
Endpoint: _432_ (removal check against rising-edge clock clk)
Path Group: asynchronous
Path Type: min

Fanout         Cap        Slew       Delay        Time   Description
---------------------------------------------------------------------------------------------
                                  0.000000    0.000000   clock clk (rise edge)
                                  0.000000    0.000000   clock network delay (propagated)
                                  4.000000    4.000000 v input external delay
     1    0.002482    0.017254    0.008270    4.008270 v rst (in)
                                                         rst (net)
                      0.017254    0.000000    4.008270 v input33/A (sky130_fd_sc_hd__dlymetal6s2s_1)
     4    0.025243    0.254642    0.412310    4.420579 v input33/X (sky130_fd_sc_hd__dlymetal6s2s_1)
                                                         net33 (net)
                      0.254700    0.003761    4.424341 v fanout69/A (sky130_fd_sc_hd__buf_2)
     6    0.034281    0.166683    0.432072    4.856413 v fanout69/X (sky130_fd_sc_hd__buf_2)
                                                         net69 (net)
                      0.166725    0.002608    4.859020 v _223_/A (sky130_fd_sc_hd__inv_2)
     1    0.003817    0.059666    0.108286    4.967307 ^ _223_/Y (sky130_fd_sc_hd__inv_2)
                                                         _000_ (net)
                      0.059666    0.000203    4.967510 ^ _432_/RESET_B (sky130_fd_sc_hd__dfrtp_1)
                                              4.967510   data arrival time

                                  0.000000    0.000000   clock clk (rise edge)
                                  0.000000    0.000000   clock source latency
     1    0.017988    0.136038    0.092443    0.092443 ^ clk (in)
                                                         clk (net)
                      0.136047    0.000000    0.092443 ^ clkbuf_0_clk/A (sky130_fd_sc_hd__clkbuf_16)
     4    0.039389    0.093892    0.278225    0.370668 ^ clkbuf_0_clk/X (sky130_fd_sc_hd__clkbuf_16)
                                                         clknet_0_clk (net)
                      0.093962    0.002336    0.373004 ^ clkbuf_2_3__f_clk/A (sky130_fd_sc_hd__clkbuf_16)
     8    0.026298    0.075454    0.241160    0.614164 ^ clkbuf_2_3__f_clk/X (sky130_fd_sc_hd__clkbuf_16)
                                                         clknet_2_3__leaf_clk (net)
                      0.075464    0.000855    0.615019 ^ _432_/CLK (sky130_fd_sc_hd__dfrtp_1)
                                  0.250000    0.865019   clock uncertainty
                                  0.000000    0.865019   clock reconvergence pessimism
                                  0.655929    1.520948   library removal time
                                              1.520948   data required time
---------------------------------------------------------------------------------------------
                                              1.520948   data required time
                                             -4.967510   data arrival time
---------------------------------------------------------------------------------------------
                                              3.446562   slack (MET)


Startpoint: rst (input port clocked by clk)
Endpoint: _449_ (removal check against rising-edge clock clk)
Path Group: asynchronous
Path Type: min

Fanout         Cap        Slew       Delay        Time   Description
---------------------------------------------------------------------------------------------
                                  0.000000    0.000000   clock clk (rise edge)
                                  0.000000    0.000000   clock network delay (propagated)
                                  4.000000    4.000000 v input external delay
     1    0.002482    0.017254    0.008270    4.008270 v rst (in)
                                                         rst (net)
                      0.017254    0.000000    4.008270 v input33/A (sky130_fd_sc_hd__dlymetal6s2s_1)
     4    0.025243    0.254642    0.412310    4.420579 v input33/X (sky130_fd_sc_hd__dlymetal6s2s_1)
                                                         net33 (net)
                      0.254646    0.001560    4.422139 v fanout66/A (sky130_fd_sc_hd__buf_4)
    10    0.064918    0.163768    0.442618    4.864757 v fanout66/X (sky130_fd_sc_hd__buf_4)
                                                         net66 (net)
                      0.163792    0.002041    4.866797 v _208_/A (sky130_fd_sc_hd__inv_2)
     1    0.004164    0.061102    0.109914    4.976712 ^ _208_/Y (sky130_fd_sc_hd__inv_2)
                                                         _017_ (net)
                      0.061102    0.000109    4.976820 ^ _449_/RESET_B (sky130_fd_sc_hd__dfrtp_1)
                                              4.976820   data arrival time

                                  0.000000    0.000000   clock clk (rise edge)
                                  0.000000    0.000000   clock source latency
     1    0.017988    0.136038    0.092443    0.092443 ^ clk (in)
                                                         clk (net)
                      0.136047    0.000000    0.092443 ^ clkbuf_0_clk/A (sky130_fd_sc_hd__clkbuf_16)
     4    0.039389    0.093892    0.278225    0.370668 ^ clkbuf_0_clk/X (sky130_fd_sc_hd__clkbuf_16)
                                                         clknet_0_clk (net)
                      0.093961    0.002315    0.372983 ^ clkbuf_2_0__f_clk/A (sky130_fd_sc_hd__clkbuf_16)
     9    0.030455    0.081108    0.246804    0.619787 ^ clkbuf_2_0__f_clk/X (sky130_fd_sc_hd__clkbuf_16)
                                                         clknet_2_0__leaf_clk (net)
                      0.081166    0.001919    0.621707 ^ _449_/CLK (sky130_fd_sc_hd__dfrtp_1)
                                  0.250000    0.871707   clock uncertainty
                                  0.000000    0.871707   clock reconvergence pessimism
                                  0.658092    1.529798   library removal time
                                              1.529798   data required time
---------------------------------------------------------------------------------------------
                                              1.529798   data required time
                                             -4.976820   data arrival time
---------------------------------------------------------------------------------------------
                                              3.447022   slack (MET)


Startpoint: rst (input port clocked by clk)
Endpoint: _463_ (removal check against rising-edge clock clk)
Path Group: asynchronous
Path Type: min

Fanout         Cap        Slew       Delay        Time   Description
---------------------------------------------------------------------------------------------
                                  0.000000    0.000000   clock clk (rise edge)
                                  0.000000    0.000000   clock network delay (propagated)
                                  4.000000    4.000000 v input external delay
     1    0.002482    0.017254    0.008270    4.008270 v rst (in)
                                                         rst (net)
                      0.017254    0.000000    4.008270 v input33/A (sky130_fd_sc_hd__dlymetal6s2s_1)
     4    0.025243    0.254642    0.412310    4.420579 v input33/X (sky130_fd_sc_hd__dlymetal6s2s_1)
                                                         net33 (net)
                      0.254700    0.003761    4.424341 v fanout69/A (sky130_fd_sc_hd__buf_2)
     6    0.034281    0.166683    0.432072    4.856413 v fanout69/X (sky130_fd_sc_hd__buf_2)
                                                         net69 (net)
                      0.166744    0.003029    4.859441 v _222_/A (sky130_fd_sc_hd__inv_2)
     1    0.003875    0.059999    0.108742    4.968184 ^ _222_/Y (sky130_fd_sc_hd__inv_2)
                                                         _031_ (net)
                      0.059999    0.000201    4.968385 ^ _463_/RESET_B (sky130_fd_sc_hd__dfrtp_1)
                                              4.968385   data arrival time

                                  0.000000    0.000000   clock clk (rise edge)
                                  0.000000    0.000000   clock source latency
     1    0.017988    0.136038    0.092443    0.092443 ^ clk (in)
                                                         clk (net)
                      0.136047    0.000000    0.092443 ^ clkbuf_0_clk/A (sky130_fd_sc_hd__clkbuf_16)
     4    0.039389    0.093892    0.278225    0.370668 ^ clkbuf_0_clk/X (sky130_fd_sc_hd__clkbuf_16)
                                                         clknet_0_clk (net)
                      0.093962    0.002336    0.373004 ^ clkbuf_2_3__f_clk/A (sky130_fd_sc_hd__clkbuf_16)
     8    0.026298    0.075454    0.241160    0.614164 ^ clkbuf_2_3__f_clk/X (sky130_fd_sc_hd__clkbuf_16)
                                                         clknet_2_3__leaf_clk (net)
                      0.075471    0.001043    0.615207 ^ _463_/CLK (sky130_fd_sc_hd__dfrtp_1)
                                  0.250000    0.865207   clock uncertainty
                                  0.000000    0.865207   clock reconvergence pessimism
                                  0.656034    1.521241   library removal time
                                              1.521241   data required time
---------------------------------------------------------------------------------------------
                                              1.521241   data required time
                                             -4.968385   data arrival time
---------------------------------------------------------------------------------------------
                                              3.447143   slack (MET)


Startpoint: rst (input port clocked by clk)
Endpoint: _448_ (removal check against rising-edge clock clk)
Path Group: asynchronous
Path Type: min

Fanout         Cap        Slew       Delay        Time   Description
---------------------------------------------------------------------------------------------
                                  0.000000    0.000000   clock clk (rise edge)
                                  0.000000    0.000000   clock network delay (propagated)
                                  4.000000    4.000000 v input external delay
     1    0.002482    0.017254    0.008270    4.008270 v rst (in)
                                                         rst (net)
                      0.017254    0.000000    4.008270 v input33/A (sky130_fd_sc_hd__dlymetal6s2s_1)
     4    0.025243    0.254642    0.412310    4.420579 v input33/X (sky130_fd_sc_hd__dlymetal6s2s_1)
                                                         net33 (net)
                      0.254646    0.001560    4.422139 v fanout66/A (sky130_fd_sc_hd__buf_4)
    10    0.064918    0.163768    0.442618    4.864757 v fanout66/X (sky130_fd_sc_hd__buf_4)
                                                         net66 (net)
                      0.163925    0.004550    4.869307 v _207_/A (sky130_fd_sc_hd__inv_2)
     1    0.003675    0.058288    0.106160    4.975466 ^ _207_/Y (sky130_fd_sc_hd__inv_2)
                                                         _016_ (net)
                      0.058288    0.000192    4.975659 ^ _448_/RESET_B (sky130_fd_sc_hd__dfrtp_1)
                                              4.975659   data arrival time

                                  0.000000    0.000000   clock clk (rise edge)
                                  0.000000    0.000000   clock source latency
     1    0.017988    0.136038    0.092443    0.092443 ^ clk (in)
                                                         clk (net)
                      0.136047    0.000000    0.092443 ^ clkbuf_0_clk/A (sky130_fd_sc_hd__clkbuf_16)
     4    0.039389    0.093892    0.278225    0.370668 ^ clkbuf_0_clk/X (sky130_fd_sc_hd__clkbuf_16)
                                                         clknet_0_clk (net)
                      0.093961    0.002315    0.372983 ^ clkbuf_2_0__f_clk/A (sky130_fd_sc_hd__clkbuf_16)
     9    0.030455    0.081108    0.246804    0.619787 ^ clkbuf_2_0__f_clk/X (sky130_fd_sc_hd__clkbuf_16)
                                                         clknet_2_0__leaf_clk (net)
                      0.081117    0.000947    0.620735 ^ _448_/CLK (sky130_fd_sc_hd__dfrtp_1)
                                  0.250000    0.870735   clock uncertainty
                                  0.000000    0.870735   clock reconvergence pessimism
                                  0.657212    1.527947   library removal time
                                              1.527947   data required time
---------------------------------------------------------------------------------------------
                                              1.527947   data required time
                                             -4.975659   data arrival time
---------------------------------------------------------------------------------------------
                                              3.447711   slack (MET)


Startpoint: rst (input port clocked by clk)
Endpoint: _442_ (removal check against rising-edge clock clk)
Path Group: asynchronous
Path Type: min

Fanout         Cap        Slew       Delay        Time   Description
---------------------------------------------------------------------------------------------
                                  0.000000    0.000000   clock clk (rise edge)
                                  0.000000    0.000000   clock network delay (propagated)
                                  4.000000    4.000000 v input external delay
     1    0.002482    0.017254    0.008270    4.008270 v rst (in)
                                                         rst (net)
                      0.017254    0.000000    4.008270 v input33/A (sky130_fd_sc_hd__dlymetal6s2s_1)
     4    0.025243    0.254642    0.412310    4.420579 v input33/X (sky130_fd_sc_hd__dlymetal6s2s_1)
                                                         net33 (net)
                      0.254646    0.001560    4.422139 v fanout66/A (sky130_fd_sc_hd__buf_4)
    10    0.064918    0.163768    0.442618    4.864757 v fanout66/X (sky130_fd_sc_hd__buf_4)
                                                         net66 (net)
                      0.163871    0.003779    4.868536 v _201_/A (sky130_fd_sc_hd__inv_2)
     1    0.003949    0.059852    0.108249    4.976785 ^ _201_/Y (sky130_fd_sc_hd__inv_2)
                                                         _010_ (net)
                      0.059852    0.000207    4.976991 ^ _442_/RESET_B (sky130_fd_sc_hd__dfrtp_1)
                                              4.976991   data arrival time

                                  0.000000    0.000000   clock clk (rise edge)
                                  0.000000    0.000000   clock source latency
     1    0.017988    0.136038    0.092443    0.092443 ^ clk (in)
                                                         clk (net)
                      0.136047    0.000000    0.092443 ^ clkbuf_0_clk/A (sky130_fd_sc_hd__clkbuf_16)
     4    0.039389    0.093892    0.278225    0.370668 ^ clkbuf_0_clk/X (sky130_fd_sc_hd__clkbuf_16)
                                                         clknet_0_clk (net)
                      0.093961    0.002315    0.372983 ^ clkbuf_2_0__f_clk/A (sky130_fd_sc_hd__clkbuf_16)
     9    0.030455    0.081108    0.246804    0.619787 ^ clkbuf_2_0__f_clk/X (sky130_fd_sc_hd__clkbuf_16)
                                                         clknet_2_0__leaf_clk (net)
                      0.081145    0.001600    0.621388 ^ _442_/CLK (sky130_fd_sc_hd__dfrtp_1)
                                  0.250000    0.871388   clock uncertainty
                                  0.000000    0.871388   clock reconvergence pessimism
                                  0.657701    1.529089   library removal time
                                              1.529089   data required time
---------------------------------------------------------------------------------------------
                                              1.529089   data required time
                                             -4.976991   data arrival time
---------------------------------------------------------------------------------------------
                                              3.447902   slack (MET)


Startpoint: rst (input port clocked by clk)
Endpoint: _462_ (removal check against rising-edge clock clk)
Path Group: asynchronous
Path Type: min

Fanout         Cap        Slew       Delay        Time   Description
---------------------------------------------------------------------------------------------
                                  0.000000    0.000000   clock clk (rise edge)
                                  0.000000    0.000000   clock network delay (propagated)
                                  4.000000    4.000000 v input external delay
     1    0.002482    0.017254    0.008270    4.008270 v rst (in)
                                                         rst (net)
                      0.017254    0.000000    4.008270 v input33/A (sky130_fd_sc_hd__dlymetal6s2s_1)
     4    0.025243    0.254642    0.412310    4.420579 v input33/X (sky130_fd_sc_hd__dlymetal6s2s_1)
                                                         net33 (net)
                      0.254700    0.003761    4.424341 v fanout69/A (sky130_fd_sc_hd__buf_2)
     6    0.034281    0.166683    0.432072    4.856413 v fanout69/X (sky130_fd_sc_hd__buf_2)
                                                         net69 (net)
                      0.166761    0.003369    4.859782 v _221_/A (sky130_fd_sc_hd__inv_2)
     1    0.003988    0.060667    0.109628    4.969409 ^ _221_/Y (sky130_fd_sc_hd__inv_2)
                                                         _030_ (net)
                      0.060667    0.000212    4.969621 ^ _462_/RESET_B (sky130_fd_sc_hd__dfrtp_1)
                                              4.969621   data arrival time

                                  0.000000    0.000000   clock clk (rise edge)
                                  0.000000    0.000000   clock source latency
     1    0.017988    0.136038    0.092443    0.092443 ^ clk (in)
                                                         clk (net)
                      0.136047    0.000000    0.092443 ^ clkbuf_0_clk/A (sky130_fd_sc_hd__clkbuf_16)
     4    0.039389    0.093892    0.278225    0.370668 ^ clkbuf_0_clk/X (sky130_fd_sc_hd__clkbuf_16)
                                                         clknet_0_clk (net)
                      0.093962    0.002336    0.373004 ^ clkbuf_2_3__f_clk/A (sky130_fd_sc_hd__clkbuf_16)
     8    0.026298    0.075454    0.241160    0.614164 ^ clkbuf_2_3__f_clk/X (sky130_fd_sc_hd__clkbuf_16)
                                                         clknet_2_3__leaf_clk (net)
                      0.075480    0.001239    0.615403 ^ _462_/CLK (sky130_fd_sc_hd__dfrtp_1)
                                  0.250000    0.865403   clock uncertainty
                                  0.000000    0.865403   clock reconvergence pessimism
                                  0.656242    1.521644   library removal time
                                              1.521644   data required time
---------------------------------------------------------------------------------------------
                                              1.521644   data required time
                                             -4.969621   data arrival time
---------------------------------------------------------------------------------------------
                                              3.447977   slack (MET)


Startpoint: rst (input port clocked by clk)
Endpoint: _447_ (removal check against rising-edge clock clk)
Path Group: asynchronous
Path Type: min

Fanout         Cap        Slew       Delay        Time   Description
---------------------------------------------------------------------------------------------
                                  0.000000    0.000000   clock clk (rise edge)
                                  0.000000    0.000000   clock network delay (propagated)
                                  4.000000    4.000000 v input external delay
     1    0.002482    0.017254    0.008270    4.008270 v rst (in)
                                                         rst (net)
                      0.017254    0.000000    4.008270 v input33/A (sky130_fd_sc_hd__dlymetal6s2s_1)
     4    0.025243    0.254642    0.412310    4.420579 v input33/X (sky130_fd_sc_hd__dlymetal6s2s_1)
                                                         net33 (net)
                      0.254646    0.001560    4.422139 v fanout66/A (sky130_fd_sc_hd__buf_4)
    10    0.064918    0.163768    0.442618    4.864757 v fanout66/X (sky130_fd_sc_hd__buf_4)
                                                         net66 (net)
                      0.163898    0.004187    4.868944 v _206_/A (sky130_fd_sc_hd__inv_2)
     1    0.004452    0.062878    0.112170    4.981114 ^ _206_/Y (sky130_fd_sc_hd__inv_2)
                                                         _015_ (net)
                      0.062878    0.000125    4.981239 ^ _447_/RESET_B (sky130_fd_sc_hd__dfrtp_1)
                                              4.981239   data arrival time

                                  0.000000    0.000000   clock clk (rise edge)
                                  0.000000    0.000000   clock source latency
     1    0.017988    0.136038    0.092443    0.092443 ^ clk (in)
                                                         clk (net)
                      0.136047    0.000000    0.092443 ^ clkbuf_0_clk/A (sky130_fd_sc_hd__clkbuf_16)
     4    0.039389    0.093892    0.278225    0.370668 ^ clkbuf_0_clk/X (sky130_fd_sc_hd__clkbuf_16)
                                                         clknet_0_clk (net)
                      0.093961    0.002315    0.372983 ^ clkbuf_2_0__f_clk/A (sky130_fd_sc_hd__clkbuf_16)
     9    0.030455    0.081108    0.246804    0.619787 ^ clkbuf_2_0__f_clk/X (sky130_fd_sc_hd__clkbuf_16)
                                                         clknet_2_0__leaf_clk (net)
                      0.081168    0.001953    0.621740 ^ _447_/CLK (sky130_fd_sc_hd__dfrtp_1)
                                  0.250000    0.871740   clock uncertainty
                                  0.000000    0.871740   clock reconvergence pessimism
                                  0.658638    1.530378   library removal time
                                              1.530378   data required time
---------------------------------------------------------------------------------------------
                                              1.530378   data required time
                                             -4.981239   data arrival time
---------------------------------------------------------------------------------------------
                                              3.450861   slack (MET)


Startpoint: rst (input port clocked by clk)
Endpoint: _450_ (removal check against rising-edge clock clk)
Path Group: asynchronous
Path Type: min

Fanout         Cap        Slew       Delay        Time   Description
---------------------------------------------------------------------------------------------
                                  0.000000    0.000000   clock clk (rise edge)
                                  0.000000    0.000000   clock network delay (propagated)
                                  4.000000    4.000000 v input external delay
     1    0.002482    0.017254    0.008270    4.008270 v rst (in)
                                                         rst (net)
                      0.017254    0.000000    4.008270 v input33/A (sky130_fd_sc_hd__dlymetal6s2s_1)
     4    0.025243    0.254642    0.412310    4.420579 v input33/X (sky130_fd_sc_hd__dlymetal6s2s_1)
                                                         net33 (net)
                      0.254692    0.003542    4.424122 v fanout68/A (sky130_fd_sc_hd__buf_4)
    10    0.065047    0.164270    0.441902    4.866024 v fanout68/X (sky130_fd_sc_hd__buf_4)
                                                         net68 (net)
                      0.164318    0.002740    4.868764 v _209_/A (sky130_fd_sc_hd__inv_2)
     1    0.003718    0.058607    0.106632    4.975396 ^ _209_/Y (sky130_fd_sc_hd__inv_2)
                                                         _018_ (net)
                      0.058607    0.000194    4.975589 ^ _450_/RESET_B (sky130_fd_sc_hd__dfrtp_1)
                                              4.975589   data arrival time

                                  0.000000    0.000000   clock clk (rise edge)
                                  0.000000    0.000000   clock source latency
     1    0.017988    0.136038    0.092443    0.092443 ^ clk (in)
                                                         clk (net)
                      0.136047    0.000000    0.092443 ^ clkbuf_0_clk/A (sky130_fd_sc_hd__clkbuf_16)
     4    0.039389    0.093892    0.278225    0.370668 ^ clkbuf_0_clk/X (sky130_fd_sc_hd__clkbuf_16)
                                                         clknet_0_clk (net)
                      0.093986    0.002651    0.373319 ^ clkbuf_2_2__f_clk/A (sky130_fd_sc_hd__clkbuf_16)
     9    0.028119    0.077914    0.243547    0.616866 ^ clkbuf_2_2__f_clk/X (sky130_fd_sc_hd__clkbuf_16)
                                                         clknet_2_2__leaf_clk (net)
                      0.077941    0.001342    0.618208 ^ _450_/CLK (sky130_fd_sc_hd__dfrtp_1)
                                  0.250000    0.868208   clock uncertainty
                                  0.000000    0.868208   clock reconvergence pessimism
                                  0.656352    1.524560   library removal time
                                              1.524560   data required time
---------------------------------------------------------------------------------------------
                                              1.524560   data required time
                                             -4.975589   data arrival time
---------------------------------------------------------------------------------------------
                                              3.451030   slack (MET)


Startpoint: rst (input port clocked by clk)
Endpoint: _451_ (removal check against rising-edge clock clk)
Path Group: asynchronous
Path Type: min

Fanout         Cap        Slew       Delay        Time   Description
---------------------------------------------------------------------------------------------
                                  0.000000    0.000000   clock clk (rise edge)
                                  0.000000    0.000000   clock network delay (propagated)
                                  4.000000    4.000000 v input external delay
     1    0.002482    0.017254    0.008270    4.008270 v rst (in)
                                                         rst (net)
                      0.017254    0.000000    4.008270 v input33/A (sky130_fd_sc_hd__dlymetal6s2s_1)
     4    0.025243    0.254642    0.412310    4.420579 v input33/X (sky130_fd_sc_hd__dlymetal6s2s_1)
                                                         net33 (net)
                      0.254692    0.003542    4.424122 v fanout68/A (sky130_fd_sc_hd__buf_4)
    10    0.065047    0.164270    0.441902    4.866024 v fanout68/X (sky130_fd_sc_hd__buf_4)
                                                         net68 (net)
                      0.164323    0.002851    4.868875 v _210_/A (sky130_fd_sc_hd__inv_2)
     1    0.003727    0.058662    0.106701    4.975575 ^ _210_/Y (sky130_fd_sc_hd__inv_2)
                                                         _019_ (net)
                      0.058662    0.000199    4.975775 ^ _451_/RESET_B (sky130_fd_sc_hd__dfrtp_1)
                                              4.975775   data arrival time

                                  0.000000    0.000000   clock clk (rise edge)
                                  0.000000    0.000000   clock source latency
     1    0.017988    0.136038    0.092443    0.092443 ^ clk (in)
                                                         clk (net)
                      0.136047    0.000000    0.092443 ^ clkbuf_0_clk/A (sky130_fd_sc_hd__clkbuf_16)
     4    0.039389    0.093892    0.278225    0.370668 ^ clkbuf_0_clk/X (sky130_fd_sc_hd__clkbuf_16)
                                                         clknet_0_clk (net)
                      0.093986    0.002651    0.373319 ^ clkbuf_2_2__f_clk/A (sky130_fd_sc_hd__clkbuf_16)
     9    0.028119    0.077914    0.243547    0.616866 ^ clkbuf_2_2__f_clk/X (sky130_fd_sc_hd__clkbuf_16)
                                                         clknet_2_2__leaf_clk (net)
                      0.077939    0.001293    0.618158 ^ _451_/CLK (sky130_fd_sc_hd__dfrtp_1)
                                  0.250000    0.868158   clock uncertainty
                                  0.000000    0.868158   clock reconvergence pessimism
                                  0.656368    1.524526   library removal time
                                              1.524526   data required time
---------------------------------------------------------------------------------------------
                                              1.524526   data required time
                                             -4.975775   data arrival time
---------------------------------------------------------------------------------------------
                                              3.451249   slack (MET)


Startpoint: rst (input port clocked by clk)
Endpoint: _438_ (removal check against rising-edge clock clk)
Path Group: asynchronous
Path Type: min

Fanout         Cap        Slew       Delay        Time   Description
---------------------------------------------------------------------------------------------
                                  0.000000    0.000000   clock clk (rise edge)
                                  0.000000    0.000000   clock network delay (propagated)
                                  4.000000    4.000000 v input external delay
     1    0.002482    0.017254    0.008270    4.008270 v rst (in)
                                                         rst (net)
                      0.017254    0.000000    4.008270 v input33/A (sky130_fd_sc_hd__dlymetal6s2s_1)
     4    0.025243    0.254642    0.412310    4.420579 v input33/X (sky130_fd_sc_hd__dlymetal6s2s_1)
                                                         net33 (net)
                      0.254711    0.004027    4.424606 v fanout67/A (sky130_fd_sc_hd__buf_2)
     6    0.037513    0.179119    0.441273    4.865879 v fanout67/X (sky130_fd_sc_hd__buf_2)
                                                         net67 (net)
                      0.179146    0.002268    4.868146 v _429_/A (sky130_fd_sc_hd__inv_2)
     1    0.003727    0.061657    0.112141    4.980288 ^ _429_/Y (sky130_fd_sc_hd__inv_2)
                                                         _006_ (net)
                      0.061657    0.000195    4.980482 ^ _438_/RESET_B (sky130_fd_sc_hd__dfrtp_1)
                                              4.980482   data arrival time

                                  0.000000    0.000000   clock clk (rise edge)
                                  0.000000    0.000000   clock source latency
     1    0.017988    0.136038    0.092443    0.092443 ^ clk (in)
                                                         clk (net)
                      0.136047    0.000000    0.092443 ^ clkbuf_0_clk/A (sky130_fd_sc_hd__clkbuf_16)
     4    0.039389    0.093892    0.278225    0.370668 ^ clkbuf_0_clk/X (sky130_fd_sc_hd__clkbuf_16)
                                                         clknet_0_clk (net)
                      0.093961    0.002315    0.372983 ^ clkbuf_2_0__f_clk/A (sky130_fd_sc_hd__clkbuf_16)
     9    0.030455    0.081108    0.246804    0.619787 ^ clkbuf_2_0__f_clk/X (sky130_fd_sc_hd__clkbuf_16)
                                                         clknet_2_0__leaf_clk (net)
                      0.081118    0.000980    0.620768 ^ _438_/CLK (sky130_fd_sc_hd__dfrtp_1)
                                  0.250000    0.870768   clock uncertainty
                                  0.000000    0.870768   clock reconvergence pessimism
                                  0.658248    1.529015   library removal time
                                              1.529015   data required time
---------------------------------------------------------------------------------------------
                                              1.529015   data required time
                                             -4.980482   data arrival time
---------------------------------------------------------------------------------------------
                                              3.451467   slack (MET)


Startpoint: rst (input port clocked by clk)
Endpoint: _454_ (removal check against rising-edge clock clk)
Path Group: asynchronous
Path Type: min

Fanout         Cap        Slew       Delay        Time   Description
---------------------------------------------------------------------------------------------
                                  0.000000    0.000000   clock clk (rise edge)
                                  0.000000    0.000000   clock network delay (propagated)
                                  4.000000    4.000000 v input external delay
     1    0.002482    0.017254    0.008270    4.008270 v rst (in)
                                                         rst (net)
                      0.017254    0.000000    4.008270 v input33/A (sky130_fd_sc_hd__dlymetal6s2s_1)
     4    0.025243    0.254642    0.412310    4.420579 v input33/X (sky130_fd_sc_hd__dlymetal6s2s_1)
                                                         net33 (net)
                      0.254692    0.003542    4.424122 v fanout68/A (sky130_fd_sc_hd__buf_4)
    10    0.065047    0.164270    0.441902    4.866024 v fanout68/X (sky130_fd_sc_hd__buf_4)
                                                         net68 (net)
                      0.164420    0.004505    4.870529 v _213_/A (sky130_fd_sc_hd__inv_2)
     1    0.003647    0.058227    0.106117    4.976646 ^ _213_/Y (sky130_fd_sc_hd__inv_2)
                                                         _022_ (net)
                      0.058227    0.000193    4.976839 ^ _454_/RESET_B (sky130_fd_sc_hd__dfrtp_1)
                                              4.976839   data arrival time

                                  0.000000    0.000000   clock clk (rise edge)
                                  0.000000    0.000000   clock source latency
     1    0.017988    0.136038    0.092443    0.092443 ^ clk (in)
                                                         clk (net)
                      0.136047    0.000000    0.092443 ^ clkbuf_0_clk/A (sky130_fd_sc_hd__clkbuf_16)
     4    0.039389    0.093892    0.278225    0.370668 ^ clkbuf_0_clk/X (sky130_fd_sc_hd__clkbuf_16)
                                                         clknet_0_clk (net)
                      0.093986    0.002651    0.373319 ^ clkbuf_2_2__f_clk/A (sky130_fd_sc_hd__clkbuf_16)
     9    0.028119    0.077914    0.243547    0.616866 ^ clkbuf_2_2__f_clk/X (sky130_fd_sc_hd__clkbuf_16)
                                                         clknet_2_2__leaf_clk (net)
                      0.077974    0.001868    0.618734 ^ _454_/CLK (sky130_fd_sc_hd__dfrtp_1)
                                  0.250000    0.868734   clock uncertainty
                                  0.000000    0.868734   clock reconvergence pessimism
                                  0.656245    1.524979   library removal time
                                              1.524979   data required time
---------------------------------------------------------------------------------------------
                                              1.524979   data required time
                                             -4.976839   data arrival time
---------------------------------------------------------------------------------------------
                                              3.451860   slack (MET)


Startpoint: rst (input port clocked by clk)
Endpoint: _453_ (removal check against rising-edge clock clk)
Path Group: asynchronous
Path Type: min

Fanout         Cap        Slew       Delay        Time   Description
---------------------------------------------------------------------------------------------
                                  0.000000    0.000000   clock clk (rise edge)
                                  0.000000    0.000000   clock network delay (propagated)
                                  4.000000    4.000000 v input external delay
     1    0.002482    0.017254    0.008270    4.008270 v rst (in)
                                                         rst (net)
                      0.017254    0.000000    4.008270 v input33/A (sky130_fd_sc_hd__dlymetal6s2s_1)
     4    0.025243    0.254642    0.412310    4.420579 v input33/X (sky130_fd_sc_hd__dlymetal6s2s_1)
                                                         net33 (net)
                      0.254692    0.003542    4.424122 v fanout68/A (sky130_fd_sc_hd__buf_4)
    10    0.065047    0.164270    0.441902    4.866024 v fanout68/X (sky130_fd_sc_hd__buf_4)
                                                         net68 (net)
                      0.164437    0.004724    4.870748 v _212_/A (sky130_fd_sc_hd__inv_2)
     1    0.003523    0.057540    0.105171    4.975919 ^ _212_/Y (sky130_fd_sc_hd__inv_2)
                                                         _021_ (net)
                      0.057544    0.000187    4.976105 ^ _453_/RESET_B (sky130_fd_sc_hd__dfrtp_1)
                                              4.976105   data arrival time

                                  0.000000    0.000000   clock clk (rise edge)
                                  0.000000    0.000000   clock source latency
     1    0.017988    0.136038    0.092443    0.092443 ^ clk (in)
                                                         clk (net)
                      0.136047    0.000000    0.092443 ^ clkbuf_0_clk/A (sky130_fd_sc_hd__clkbuf_16)
     4    0.039389    0.093892    0.278225    0.370668 ^ clkbuf_0_clk/X (sky130_fd_sc_hd__clkbuf_16)
                                                         clknet_0_clk (net)
                      0.093986    0.002651    0.373319 ^ clkbuf_2_2__f_clk/A (sky130_fd_sc_hd__clkbuf_16)
     9    0.028119    0.077914    0.243547    0.616866 ^ clkbuf_2_2__f_clk/X (sky130_fd_sc_hd__clkbuf_16)
                                                         clknet_2_2__leaf_clk (net)
                      0.077941    0.001345    0.618210 ^ _453_/CLK (sky130_fd_sc_hd__dfrtp_1)
                                  0.250000    0.868210   clock uncertainty
                                  0.000000    0.868210   clock reconvergence pessimism
                                  0.656025    1.524236   library removal time
                                              1.524236   data required time
---------------------------------------------------------------------------------------------
                                              1.524236   data required time
                                             -4.976105   data arrival time
---------------------------------------------------------------------------------------------
                                              3.451870   slack (MET)


Startpoint: rst (input port clocked by clk)
Endpoint: _455_ (removal check against rising-edge clock clk)
Path Group: asynchronous
Path Type: min

Fanout         Cap        Slew       Delay        Time   Description
---------------------------------------------------------------------------------------------
                                  0.000000    0.000000   clock clk (rise edge)
                                  0.000000    0.000000   clock network delay (propagated)
                                  4.000000    4.000000 v input external delay
     1    0.002482    0.017254    0.008270    4.008270 v rst (in)
                                                         rst (net)
                      0.017254    0.000000    4.008270 v input33/A (sky130_fd_sc_hd__dlymetal6s2s_1)
     4    0.025243    0.254642    0.412310    4.420579 v input33/X (sky130_fd_sc_hd__dlymetal6s2s_1)
                                                         net33 (net)
                      0.254692    0.003542    4.424122 v fanout68/A (sky130_fd_sc_hd__buf_4)
    10    0.065047    0.164270    0.441902    4.866024 v fanout68/X (sky130_fd_sc_hd__buf_4)
                                                         net68 (net)
                      0.164433    0.004670    4.870694 v _214_/A (sky130_fd_sc_hd__inv_2)
     1    0.003833    0.059293    0.107563    4.978257 ^ _214_/Y (sky130_fd_sc_hd__inv_2)
                                                         _023_ (net)
                      0.059293    0.000202    4.978459 ^ _455_/RESET_B (sky130_fd_sc_hd__dfrtp_1)
                                              4.978459   data arrival time

                                  0.000000    0.000000   clock clk (rise edge)
                                  0.000000    0.000000   clock source latency
     1    0.017988    0.136038    0.092443    0.092443 ^ clk (in)
                                                         clk (net)
                      0.136047    0.000000    0.092443 ^ clkbuf_0_clk/A (sky130_fd_sc_hd__clkbuf_16)
     4    0.039389    0.093892    0.278225    0.370668 ^ clkbuf_0_clk/X (sky130_fd_sc_hd__clkbuf_16)
                                                         clknet_0_clk (net)
                      0.093986    0.002651    0.373319 ^ clkbuf_2_2__f_clk/A (sky130_fd_sc_hd__clkbuf_16)
     9    0.028119    0.077914    0.243547    0.616866 ^ clkbuf_2_2__f_clk/X (sky130_fd_sc_hd__clkbuf_16)
                                                         clknet_2_2__leaf_clk (net)
                      0.077972    0.001833    0.618698 ^ _455_/CLK (sky130_fd_sc_hd__dfrtp_1)
                                  0.250000    0.868698   clock uncertainty
                                  0.000000    0.868698   clock reconvergence pessimism
                                  0.656572    1.525270   library removal time
                                              1.525270   data required time
---------------------------------------------------------------------------------------------
                                              1.525270   data required time
                                             -4.978459   data arrival time
---------------------------------------------------------------------------------------------
                                              3.453188   slack (MET)


Startpoint: rst (input port clocked by clk)
Endpoint: _458_ (removal check against rising-edge clock clk)
Path Group: asynchronous
Path Type: min

Fanout         Cap        Slew       Delay        Time   Description
---------------------------------------------------------------------------------------------
                                  0.000000    0.000000   clock clk (rise edge)
                                  0.000000    0.000000   clock network delay (propagated)
                                  4.000000    4.000000 v input external delay
     1    0.002482    0.017254    0.008270    4.008270 v rst (in)
                                                         rst (net)
                      0.017254    0.000000    4.008270 v input33/A (sky130_fd_sc_hd__dlymetal6s2s_1)
     4    0.025243    0.254642    0.412310    4.420579 v input33/X (sky130_fd_sc_hd__dlymetal6s2s_1)
                                                         net33 (net)
                      0.254692    0.003542    4.424122 v fanout68/A (sky130_fd_sc_hd__buf_4)
    10    0.065047    0.164270    0.441902    4.866024 v fanout68/X (sky130_fd_sc_hd__buf_4)
                                                         net68 (net)
                      0.164528    0.005748    4.871772 v _217_/A (sky130_fd_sc_hd__inv_2)
     1    0.003656    0.058300    0.106225    4.977997 ^ _217_/Y (sky130_fd_sc_hd__inv_2)
                                                         _026_ (net)
                      0.058300    0.000195    4.978192 ^ _458_/RESET_B (sky130_fd_sc_hd__dfrtp_1)
                                              4.978192   data arrival time

                                  0.000000    0.000000   clock clk (rise edge)
                                  0.000000    0.000000   clock source latency
     1    0.017988    0.136038    0.092443    0.092443 ^ clk (in)
                                                         clk (net)
                      0.136047    0.000000    0.092443 ^ clkbuf_0_clk/A (sky130_fd_sc_hd__clkbuf_16)
     4    0.039389    0.093892    0.278225    0.370668 ^ clkbuf_0_clk/X (sky130_fd_sc_hd__clkbuf_16)
                                                         clknet_0_clk (net)
                      0.093986    0.002651    0.373319 ^ clkbuf_2_2__f_clk/A (sky130_fd_sc_hd__clkbuf_16)
     9    0.028119    0.077914    0.243547    0.616866 ^ clkbuf_2_2__f_clk/X (sky130_fd_sc_hd__clkbuf_16)
                                                         clknet_2_2__leaf_clk (net)
                      0.077973    0.001852    0.618718 ^ _458_/CLK (sky130_fd_sc_hd__dfrtp_1)
                                  0.250000    0.868718   clock uncertainty
                                  0.000000    0.868718   clock reconvergence pessimism
                                  0.656267    1.524985   library removal time
                                              1.524985   data required time
---------------------------------------------------------------------------------------------
                                              1.524985   data required time
                                             -4.978192   data arrival time
---------------------------------------------------------------------------------------------
                                              3.453207   slack (MET)


Startpoint: rst (input port clocked by clk)
Endpoint: _457_ (removal check against rising-edge clock clk)
Path Group: asynchronous
Path Type: min

Fanout         Cap        Slew       Delay        Time   Description
---------------------------------------------------------------------------------------------
                                  0.000000    0.000000   clock clk (rise edge)
                                  0.000000    0.000000   clock network delay (propagated)
                                  4.000000    4.000000 v input external delay
     1    0.002482    0.017254    0.008270    4.008270 v rst (in)
                                                         rst (net)
                      0.017254    0.000000    4.008270 v input33/A (sky130_fd_sc_hd__dlymetal6s2s_1)
     4    0.025243    0.254642    0.412310    4.420579 v input33/X (sky130_fd_sc_hd__dlymetal6s2s_1)
                                                         net33 (net)
                      0.254692    0.003542    4.424122 v fanout68/A (sky130_fd_sc_hd__buf_4)
    10    0.065047    0.164270    0.441902    4.866024 v fanout68/X (sky130_fd_sc_hd__buf_4)
                                                         net68 (net)
                      0.164548    0.005951    4.871974 v _216_/A (sky130_fd_sc_hd__inv_2)
     1    0.003599    0.057977    0.105838    4.977812 ^ _216_/Y (sky130_fd_sc_hd__inv_2)
                                                         _025_ (net)
                      0.057977    0.000089    4.977901 ^ _457_/RESET_B (sky130_fd_sc_hd__dfrtp_1)
                                              4.977901   data arrival time

                                  0.000000    0.000000   clock clk (rise edge)
                                  0.000000    0.000000   clock source latency
     1    0.017988    0.136038    0.092443    0.092443 ^ clk (in)
                                                         clk (net)
                      0.136047    0.000000    0.092443 ^ clkbuf_0_clk/A (sky130_fd_sc_hd__clkbuf_16)
     4    0.039389    0.093892    0.278225    0.370668 ^ clkbuf_0_clk/X (sky130_fd_sc_hd__clkbuf_16)
                                                         clknet_0_clk (net)
                      0.093986    0.002651    0.373319 ^ clkbuf_2_2__f_clk/A (sky130_fd_sc_hd__clkbuf_16)
     9    0.028119    0.077914    0.243547    0.616866 ^ clkbuf_2_2__f_clk/X (sky130_fd_sc_hd__clkbuf_16)
                                                         clknet_2_2__leaf_clk (net)
                      0.077950    0.001507    0.618373 ^ _457_/CLK (sky130_fd_sc_hd__dfrtp_1)
                                  0.250000    0.868373   clock uncertainty
                                  0.000000    0.868373   clock reconvergence pessimism
                                  0.656161    1.524534   library removal time
                                              1.524534   data required time
---------------------------------------------------------------------------------------------
                                              1.524534   data required time
                                             -4.977901   data arrival time
---------------------------------------------------------------------------------------------
                                              3.453368   slack (MET)


Startpoint: rst (input port clocked by clk)
Endpoint: _452_ (removal check against rising-edge clock clk)
Path Group: asynchronous
Path Type: min

Fanout         Cap        Slew       Delay        Time   Description
---------------------------------------------------------------------------------------------
                                  0.000000    0.000000   clock clk (rise edge)
                                  0.000000    0.000000   clock network delay (propagated)
                                  4.000000    4.000000 v input external delay
     1    0.002482    0.017254    0.008270    4.008270 v rst (in)
                                                         rst (net)
                      0.017254    0.000000    4.008270 v input33/A (sky130_fd_sc_hd__dlymetal6s2s_1)
     4    0.025243    0.254642    0.412310    4.420579 v input33/X (sky130_fd_sc_hd__dlymetal6s2s_1)
                                                         net33 (net)
                      0.254692    0.003542    4.424122 v fanout68/A (sky130_fd_sc_hd__buf_4)
    10    0.065047    0.164270    0.441902    4.866024 v fanout68/X (sky130_fd_sc_hd__buf_4)
                                                         net68 (net)
                      0.164592    0.006363    4.872387 v _211_/A (sky130_fd_sc_hd__inv_2)
     1    0.003554    0.057736    0.105507    4.977894 ^ _211_/Y (sky130_fd_sc_hd__inv_2)
                                                         _020_ (net)
                      0.057736    0.000087    4.977982 ^ _452_/RESET_B (sky130_fd_sc_hd__dfrtp_1)
                                              4.977982   data arrival time

                                  0.000000    0.000000   clock clk (rise edge)
                                  0.000000    0.000000   clock source latency
     1    0.017988    0.136038    0.092443    0.092443 ^ clk (in)
                                                         clk (net)
                      0.136047    0.000000    0.092443 ^ clkbuf_0_clk/A (sky130_fd_sc_hd__clkbuf_16)
     4    0.039389    0.093892    0.278225    0.370668 ^ clkbuf_0_clk/X (sky130_fd_sc_hd__clkbuf_16)
                                                         clknet_0_clk (net)
                      0.093986    0.002651    0.373319 ^ clkbuf_2_2__f_clk/A (sky130_fd_sc_hd__clkbuf_16)
     9    0.028119    0.077914    0.243547    0.616866 ^ clkbuf_2_2__f_clk/X (sky130_fd_sc_hd__clkbuf_16)
                                                         clknet_2_2__leaf_clk (net)
                      0.077939    0.001292    0.618158 ^ _452_/CLK (sky130_fd_sc_hd__dfrtp_1)
                                  0.250000    0.868157   clock uncertainty
                                  0.000000    0.868157   clock reconvergence pessimism
                                  0.656084    1.524241   library removal time
                                              1.524241   data required time
---------------------------------------------------------------------------------------------
                                              1.524241   data required time
                                             -4.977982   data arrival time
---------------------------------------------------------------------------------------------
                                              3.453741   slack (MET)


Startpoint: rst (input port clocked by clk)
Endpoint: _433_ (removal check against rising-edge clock clk)
Path Group: asynchronous
Path Type: min

Fanout         Cap        Slew       Delay        Time   Description
---------------------------------------------------------------------------------------------
                                  0.000000    0.000000   clock clk (rise edge)
                                  0.000000    0.000000   clock network delay (propagated)
                                  4.000000    4.000000 v input external delay
     1    0.002482    0.017254    0.008270    4.008270 v rst (in)
                                                         rst (net)
                      0.017254    0.000000    4.008270 v input33/A (sky130_fd_sc_hd__dlymetal6s2s_1)
     4    0.025243    0.254642    0.412310    4.420579 v input33/X (sky130_fd_sc_hd__dlymetal6s2s_1)
                                                         net33 (net)
                      0.254646    0.001560    4.422139 v fanout66/A (sky130_fd_sc_hd__buf_4)
    10    0.064918    0.163768    0.442618    4.864757 v fanout66/X (sky130_fd_sc_hd__buf_4)
                                                         net66 (net)
                      0.163952    0.004891    4.869648 v _424_/A (sky130_fd_sc_hd__inv_2)
     1    0.003506    0.057347    0.104860    4.974508 ^ _424_/Y (sky130_fd_sc_hd__inv_2)
                                                         _001_ (net)
                      0.057348    0.000185    4.974693 ^ _433_/RESET_B (sky130_fd_sc_hd__dfrtp_1)
                                              4.974693   data arrival time

                                  0.000000    0.000000   clock clk (rise edge)
                                  0.000000    0.000000   clock source latency
     1    0.017988    0.136038    0.092443    0.092443 ^ clk (in)
                                                         clk (net)
                      0.136047    0.000000    0.092443 ^ clkbuf_0_clk/A (sky130_fd_sc_hd__clkbuf_16)
     4    0.039389    0.093892    0.278225    0.370668 ^ clkbuf_0_clk/X (sky130_fd_sc_hd__clkbuf_16)
                                                         clknet_0_clk (net)
                      0.093960    0.002310    0.372978 ^ clkbuf_2_1__f_clk/A (sky130_fd_sc_hd__clkbuf_16)
     9    0.026406    0.075600    0.241287    0.614265 ^ clkbuf_2_1__f_clk/X (sky130_fd_sc_hd__clkbuf_16)
                                                         clknet_2_1__leaf_clk (net)
                      0.075626    0.001247    0.615512 ^ _433_/CLK (sky130_fd_sc_hd__dfrtp_1)
                                  0.250000    0.865512   clock uncertainty
                                  0.000000    0.865512   clock reconvergence pessimism
                                  0.655266    1.520779   library removal time
                                              1.520779   data required time
---------------------------------------------------------------------------------------------
                                              1.520779   data required time
                                             -4.974693   data arrival time
---------------------------------------------------------------------------------------------
                                              3.453914   slack (MET)


Startpoint: rst (input port clocked by clk)
Endpoint: _456_ (removal check against rising-edge clock clk)
Path Group: asynchronous
Path Type: min

Fanout         Cap        Slew       Delay        Time   Description
---------------------------------------------------------------------------------------------
                                  0.000000    0.000000   clock clk (rise edge)
                                  0.000000    0.000000   clock network delay (propagated)
                                  4.000000    4.000000 v input external delay
     1    0.002482    0.017254    0.008270    4.008270 v rst (in)
                                                         rst (net)
                      0.017254    0.000000    4.008270 v input33/A (sky130_fd_sc_hd__dlymetal6s2s_1)
     4    0.025243    0.254642    0.412310    4.420579 v input33/X (sky130_fd_sc_hd__dlymetal6s2s_1)
                                                         net33 (net)
                      0.254692    0.003542    4.424122 v fanout68/A (sky130_fd_sc_hd__buf_4)
    10    0.065047    0.164270    0.441902    4.866024 v fanout68/X (sky130_fd_sc_hd__buf_4)
                                                         net68 (net)
                      0.164585    0.006303    4.872326 v _215_/A (sky130_fd_sc_hd__inv_2)
     1    0.003626    0.058136    0.106063    4.978389 ^ _215_/Y (sky130_fd_sc_hd__inv_2)
                                                         _024_ (net)
                      0.058136    0.000088    4.978478 ^ _456_/RESET_B (sky130_fd_sc_hd__dfrtp_1)
                                              4.978478   data arrival time

                                  0.000000    0.000000   clock clk (rise edge)
                                  0.000000    0.000000   clock source latency
     1    0.017988    0.136038    0.092443    0.092443 ^ clk (in)
                                                         clk (net)
                      0.136047    0.000000    0.092443 ^ clkbuf_0_clk/A (sky130_fd_sc_hd__clkbuf_16)
     4    0.039389    0.093892    0.278225    0.370668 ^ clkbuf_0_clk/X (sky130_fd_sc_hd__clkbuf_16)
                                                         clknet_0_clk (net)
                      0.093986    0.002651    0.373319 ^ clkbuf_2_2__f_clk/A (sky130_fd_sc_hd__clkbuf_16)
     9    0.028119    0.077914    0.243547    0.616866 ^ clkbuf_2_2__f_clk/X (sky130_fd_sc_hd__clkbuf_16)
                                                         clknet_2_2__leaf_clk (net)
                      0.077922    0.000848    0.617714 ^ _456_/CLK (sky130_fd_sc_hd__dfrtp_1)
                                  0.250000    0.867714   clock uncertainty
                                  0.000000    0.867714   clock reconvergence pessimism
                                  0.656201    1.523915   library removal time
                                              1.523915   data required time
---------------------------------------------------------------------------------------------
                                              1.523915   data required time
                                             -4.978478   data arrival time
---------------------------------------------------------------------------------------------
                                              3.454562   slack (MET)


Startpoint: rst (input port clocked by clk)
Endpoint: _441_ (removal check against rising-edge clock clk)
Path Group: asynchronous
Path Type: min

Fanout         Cap        Slew       Delay        Time   Description
---------------------------------------------------------------------------------------------
                                  0.000000    0.000000   clock clk (rise edge)
                                  0.000000    0.000000   clock network delay (propagated)
                                  4.000000    4.000000 v input external delay
     1    0.002482    0.017254    0.008270    4.008270 v rst (in)
                                                         rst (net)
                      0.017254    0.000000    4.008270 v input33/A (sky130_fd_sc_hd__dlymetal6s2s_1)
     4    0.025243    0.254642    0.412310    4.420579 v input33/X (sky130_fd_sc_hd__dlymetal6s2s_1)
                                                         net33 (net)
                      0.254646    0.001560    4.422139 v fanout66/A (sky130_fd_sc_hd__buf_4)
    10    0.064918    0.163768    0.442618    4.864757 v fanout66/X (sky130_fd_sc_hd__buf_4)
                                                         net66 (net)
                      0.163907    0.004311    4.869068 v _200_/A (sky130_fd_sc_hd__inv_2)
     1    0.003798    0.058980    0.107093    4.976161 ^ _200_/Y (sky130_fd_sc_hd__inv_2)
                                                         _009_ (net)
                      0.058980    0.000200    4.976361 ^ _441_/RESET_B (sky130_fd_sc_hd__dfrtp_1)
                                              4.976361   data arrival time

                                  0.000000    0.000000   clock clk (rise edge)
                                  0.000000    0.000000   clock source latency
     1    0.017988    0.136038    0.092443    0.092443 ^ clk (in)
                                                         clk (net)
                      0.136047    0.000000    0.092443 ^ clkbuf_0_clk/A (sky130_fd_sc_hd__clkbuf_16)
     4    0.039389    0.093892    0.278225    0.370668 ^ clkbuf_0_clk/X (sky130_fd_sc_hd__clkbuf_16)
                                                         clknet_0_clk (net)
                      0.093960    0.002310    0.372978 ^ clkbuf_2_1__f_clk/A (sky130_fd_sc_hd__clkbuf_16)
     9    0.026406    0.075600    0.241287    0.614265 ^ clkbuf_2_1__f_clk/X (sky130_fd_sc_hd__clkbuf_16)
                                                         clknet_2_1__leaf_clk (net)
                      0.075616    0.001018    0.615283 ^ _441_/CLK (sky130_fd_sc_hd__dfrtp_1)
                                  0.250000    0.865283   clock uncertainty
                                  0.000000    0.865283   clock reconvergence pessimism
                                  0.655765    1.521048   library removal time
                                              1.521048   data required time
---------------------------------------------------------------------------------------------
                                              1.521048   data required time
                                             -4.976361   data arrival time
---------------------------------------------------------------------------------------------
                                              3.455313   slack (MET)


Startpoint: rst (input port clocked by clk)
Endpoint: _444_ (removal check against rising-edge clock clk)
Path Group: asynchronous
Path Type: min

Fanout         Cap        Slew       Delay        Time   Description
---------------------------------------------------------------------------------------------
                                  0.000000    0.000000   clock clk (rise edge)
                                  0.000000    0.000000   clock network delay (propagated)
                                  4.000000    4.000000 v input external delay
     1    0.002482    0.017254    0.008270    4.008270 v rst (in)
                                                         rst (net)
                      0.017254    0.000000    4.008270 v input33/A (sky130_fd_sc_hd__dlymetal6s2s_1)
     4    0.025243    0.254642    0.412310    4.420579 v input33/X (sky130_fd_sc_hd__dlymetal6s2s_1)
                                                         net33 (net)
                      0.254646    0.001560    4.422139 v fanout66/A (sky130_fd_sc_hd__buf_4)
    10    0.064918    0.163768    0.442618    4.864757 v fanout66/X (sky130_fd_sc_hd__buf_4)
                                                         net66 (net)
                      0.163915    0.004428    4.869185 v _203_/A (sky130_fd_sc_hd__inv_2)
     1    0.003964    0.059949    0.108380    4.977565 ^ _203_/Y (sky130_fd_sc_hd__inv_2)
                                                         _012_ (net)
                      0.059949    0.000207    4.977773 ^ _444_/RESET_B (sky130_fd_sc_hd__dfrtp_1)
                                              4.977773   data arrival time

                                  0.000000    0.000000   clock clk (rise edge)
                                  0.000000    0.000000   clock source latency
     1    0.017988    0.136038    0.092443    0.092443 ^ clk (in)
                                                         clk (net)
                      0.136047    0.000000    0.092443 ^ clkbuf_0_clk/A (sky130_fd_sc_hd__clkbuf_16)
     4    0.039389    0.093892    0.278225    0.370668 ^ clkbuf_0_clk/X (sky130_fd_sc_hd__clkbuf_16)
                                                         clknet_0_clk (net)
                      0.093960    0.002310    0.372978 ^ clkbuf_2_1__f_clk/A (sky130_fd_sc_hd__clkbuf_16)
     9    0.026406    0.075600    0.241287    0.614265 ^ clkbuf_2_1__f_clk/X (sky130_fd_sc_hd__clkbuf_16)
                                                         clknet_2_1__leaf_clk (net)
                      0.075626    0.001248    0.615513 ^ _444_/CLK (sky130_fd_sc_hd__dfrtp_1)
                                  0.250000    0.865513   clock uncertainty
                                  0.000000    0.865513   clock reconvergence pessimism
                                  0.656065    1.521579   library removal time
                                              1.521579   data required time
---------------------------------------------------------------------------------------------
                                              1.521579   data required time
                                             -4.977773   data arrival time
---------------------------------------------------------------------------------------------
                                              3.456194   slack (MET)


Startpoint: rst (input port clocked by clk)
Endpoint: _435_ (removal check against rising-edge clock clk)
Path Group: asynchronous
Path Type: min

Fanout         Cap        Slew       Delay        Time   Description
---------------------------------------------------------------------------------------------
                                  0.000000    0.000000   clock clk (rise edge)
                                  0.000000    0.000000   clock network delay (propagated)
                                  4.000000    4.000000 v input external delay
     1    0.002482    0.017254    0.008270    4.008270 v rst (in)
                                                         rst (net)
                      0.017254    0.000000    4.008270 v input33/A (sky130_fd_sc_hd__dlymetal6s2s_1)
     4    0.025243    0.254642    0.412310    4.420579 v input33/X (sky130_fd_sc_hd__dlymetal6s2s_1)
                                                         net33 (net)
                      0.254711    0.004027    4.424606 v fanout67/A (sky130_fd_sc_hd__buf_2)
     6    0.037513    0.179119    0.441273    4.865879 v fanout67/X (sky130_fd_sc_hd__buf_2)
                                                         net67 (net)
                      0.179284    0.004891    4.870770 v _426_/A (sky130_fd_sc_hd__inv_2)
     1    0.003496    0.060380    0.110306    4.981076 ^ _426_/Y (sky130_fd_sc_hd__inv_2)
                                                         _003_ (net)
                      0.060383    0.000185    4.981261 ^ _435_/RESET_B (sky130_fd_sc_hd__dfrtp_4)
                                              4.981261   data arrival time

                                  0.000000    0.000000   clock clk (rise edge)
                                  0.000000    0.000000   clock source latency
     1    0.017988    0.136038    0.092443    0.092443 ^ clk (in)
                                                         clk (net)
                      0.136047    0.000000    0.092443 ^ clkbuf_0_clk/A (sky130_fd_sc_hd__clkbuf_16)
     4    0.039389    0.093892    0.278225    0.370668 ^ clkbuf_0_clk/X (sky130_fd_sc_hd__clkbuf_16)
                                                         clknet_0_clk (net)
                      0.093960    0.002310    0.372978 ^ clkbuf_2_1__f_clk/A (sky130_fd_sc_hd__clkbuf_16)
     9    0.026406    0.075600    0.241287    0.614265 ^ clkbuf_2_1__f_clk/X (sky130_fd_sc_hd__clkbuf_16)
                                                         clknet_2_1__leaf_clk (net)
                      0.075623    0.001172    0.615437 ^ _435_/CLK (sky130_fd_sc_hd__dfrtp_4)
                                  0.250000    0.865437   clock uncertainty
                                  0.000000    0.865437   clock reconvergence pessimism
                                  0.657945    1.523382   library removal time
                                              1.523382   data required time
---------------------------------------------------------------------------------------------
                                              1.523382   data required time
                                             -4.981261   data arrival time
---------------------------------------------------------------------------------------------
                                              3.457879   slack (MET)


Startpoint: rst (input port clocked by clk)
Endpoint: _459_ (removal check against rising-edge clock clk)
Path Group: asynchronous
Path Type: min

Fanout         Cap        Slew       Delay        Time   Description
---------------------------------------------------------------------------------------------
                                  0.000000    0.000000   clock clk (rise edge)
                                  0.000000    0.000000   clock network delay (propagated)
                                  4.000000    4.000000 v input external delay
     1    0.002482    0.017254    0.008270    4.008270 v rst (in)
                                                         rst (net)
                      0.017254    0.000000    4.008270 v input33/A (sky130_fd_sc_hd__dlymetal6s2s_1)
     4    0.025243    0.254642    0.412310    4.420579 v input33/X (sky130_fd_sc_hd__dlymetal6s2s_1)
                                                         net33 (net)
                      0.254692    0.003542    4.424122 v fanout68/A (sky130_fd_sc_hd__buf_4)
    10    0.065047    0.164270    0.441902    4.866024 v fanout68/X (sky130_fd_sc_hd__buf_4)
                                                         net68 (net)
                      0.164551    0.005983    4.872006 v _218_/A (sky130_fd_sc_hd__inv_2)
     1    0.003776    0.058987    0.107165    4.979171 ^ _218_/Y (sky130_fd_sc_hd__inv_2)
                                                         _027_ (net)
                      0.058987    0.000198    4.979369 ^ _459_/RESET_B (sky130_fd_sc_hd__dfrtp_1)
                                              4.979369   data arrival time

                                  0.000000    0.000000   clock clk (rise edge)
                                  0.000000    0.000000   clock source latency
     1    0.017988    0.136038    0.092443    0.092443 ^ clk (in)
                                                         clk (net)
                      0.136047    0.000000    0.092443 ^ clkbuf_0_clk/A (sky130_fd_sc_hd__clkbuf_16)
     4    0.039389    0.093892    0.278225    0.370668 ^ clkbuf_0_clk/X (sky130_fd_sc_hd__clkbuf_16)
                                                         clknet_0_clk (net)
                      0.093962    0.002336    0.373004 ^ clkbuf_2_3__f_clk/A (sky130_fd_sc_hd__clkbuf_16)
     8    0.026298    0.075454    0.241160    0.614164 ^ clkbuf_2_3__f_clk/X (sky130_fd_sc_hd__clkbuf_16)
                                                         clknet_2_3__leaf_clk (net)
                      0.075483    0.001295    0.615459 ^ _459_/CLK (sky130_fd_sc_hd__dfrtp_1)
                                  0.250000    0.865459   clock uncertainty
                                  0.000000    0.865459   clock reconvergence pessimism
                                  0.655727    1.521186   library removal time
                                              1.521186   data required time
---------------------------------------------------------------------------------------------
                                              1.521186   data required time
                                             -4.979369   data arrival time
---------------------------------------------------------------------------------------------
                                              3.458183   slack (MET)


Startpoint: rst (input port clocked by clk)
Endpoint: _440_ (removal check against rising-edge clock clk)
Path Group: asynchronous
Path Type: min

Fanout         Cap        Slew       Delay        Time   Description
---------------------------------------------------------------------------------------------
                                  0.000000    0.000000   clock clk (rise edge)
                                  0.000000    0.000000   clock network delay (propagated)
                                  4.000000    4.000000 v input external delay
     1    0.002482    0.017254    0.008270    4.008270 v rst (in)
                                                         rst (net)
                      0.017254    0.000000    4.008270 v input33/A (sky130_fd_sc_hd__dlymetal6s2s_1)
     4    0.025243    0.254642    0.412310    4.420579 v input33/X (sky130_fd_sc_hd__dlymetal6s2s_1)
                                                         net33 (net)
                      0.254711    0.004027    4.424606 v fanout67/A (sky130_fd_sc_hd__buf_2)
     6    0.037513    0.179119    0.441273    4.865879 v fanout67/X (sky130_fd_sc_hd__buf_2)
                                                         net67 (net)
                      0.179180    0.003165    4.869044 v _431_/A (sky130_fd_sc_hd__inv_2)
     1    0.003624    0.061067    0.111357    4.980401 ^ _431_/Y (sky130_fd_sc_hd__inv_2)
                                                         _008_ (net)
                      0.061067    0.000089    4.980490 ^ _440_/RESET_B (sky130_fd_sc_hd__dfrtp_1)
                                              4.980490   data arrival time

                                  0.000000    0.000000   clock clk (rise edge)
                                  0.000000    0.000000   clock source latency
     1    0.017988    0.136038    0.092443    0.092443 ^ clk (in)
                                                         clk (net)
                      0.136047    0.000000    0.092443 ^ clkbuf_0_clk/A (sky130_fd_sc_hd__clkbuf_16)
     4    0.039389    0.093892    0.278225    0.370668 ^ clkbuf_0_clk/X (sky130_fd_sc_hd__clkbuf_16)
                                                         clknet_0_clk (net)
                      0.093960    0.002310    0.372978 ^ clkbuf_2_1__f_clk/A (sky130_fd_sc_hd__clkbuf_16)
     9    0.026406    0.075600    0.241287    0.614265 ^ clkbuf_2_1__f_clk/X (sky130_fd_sc_hd__clkbuf_16)
                                                         clknet_2_1__leaf_clk (net)
                      0.075631    0.001330    0.615595 ^ _440_/CLK (sky130_fd_sc_hd__dfrtp_1)
                                  0.250000    0.865595   clock uncertainty
                                  0.000000    0.865595   clock reconvergence pessimism
                                  0.656410    1.522005   library removal time
                                              1.522005   data required time
---------------------------------------------------------------------------------------------
                                              1.522005   data required time
                                             -4.980490   data arrival time
---------------------------------------------------------------------------------------------
                                              3.458485   slack (MET)


Startpoint: rst (input port clocked by clk)
Endpoint: _439_ (removal check against rising-edge clock clk)
Path Group: asynchronous
Path Type: min

Fanout         Cap        Slew       Delay        Time   Description
---------------------------------------------------------------------------------------------
                                  0.000000    0.000000   clock clk (rise edge)
                                  0.000000    0.000000   clock network delay (propagated)
                                  4.000000    4.000000 v input external delay
     1    0.002482    0.017254    0.008270    4.008270 v rst (in)
                                                         rst (net)
                      0.017254    0.000000    4.008270 v input33/A (sky130_fd_sc_hd__dlymetal6s2s_1)
     4    0.025243    0.254642    0.412310    4.420579 v input33/X (sky130_fd_sc_hd__dlymetal6s2s_1)
                                                         net33 (net)
                      0.254711    0.004027    4.424606 v fanout67/A (sky130_fd_sc_hd__buf_2)
     6    0.037513    0.179119    0.441273    4.865879 v fanout67/X (sky130_fd_sc_hd__buf_2)
                                                         net67 (net)
                      0.179265    0.004641    4.870520 v _430_/A (sky130_fd_sc_hd__inv_2)
     1    0.003643    0.061188    0.111537    4.982057 ^ _430_/Y (sky130_fd_sc_hd__inv_2)
                                                         _007_ (net)
                      0.061188    0.000090    4.982147 ^ _439_/RESET_B (sky130_fd_sc_hd__dfrtp_1)
                                              4.982147   data arrival time

                                  0.000000    0.000000   clock clk (rise edge)
                                  0.000000    0.000000   clock source latency
     1    0.017988    0.136038    0.092443    0.092443 ^ clk (in)
                                                         clk (net)
                      0.136047    0.000000    0.092443 ^ clkbuf_0_clk/A (sky130_fd_sc_hd__clkbuf_16)
     4    0.039389    0.093892    0.278225    0.370668 ^ clkbuf_0_clk/X (sky130_fd_sc_hd__clkbuf_16)
                                                         clknet_0_clk (net)
                      0.093960    0.002310    0.372978 ^ clkbuf_2_1__f_clk/A (sky130_fd_sc_hd__clkbuf_16)
     9    0.026406    0.075600    0.241287    0.614265 ^ clkbuf_2_1__f_clk/X (sky130_fd_sc_hd__clkbuf_16)
                                                         clknet_2_1__leaf_clk (net)
                      0.075610    0.000877    0.615142 ^ _439_/CLK (sky130_fd_sc_hd__dfrtp_1)
                                  0.250000    0.865142   clock uncertainty
                                  0.000000    0.865142   clock reconvergence pessimism
                                  0.656441    1.521583   library removal time
                                              1.521583   data required time
---------------------------------------------------------------------------------------------
                                              1.521583   data required time
                                             -4.982147   data arrival time
---------------------------------------------------------------------------------------------
                                              3.460564   slack (MET)


Startpoint: rst (input port clocked by clk)
Endpoint: _437_ (removal check against rising-edge clock clk)
Path Group: asynchronous
Path Type: min

Fanout         Cap        Slew       Delay        Time   Description
---------------------------------------------------------------------------------------------
                                  0.000000    0.000000   clock clk (rise edge)
                                  0.000000    0.000000   clock network delay (propagated)
                                  4.000000    4.000000 v input external delay
     1    0.002482    0.017254    0.008270    4.008270 v rst (in)
                                                         rst (net)
                      0.017254    0.000000    4.008270 v input33/A (sky130_fd_sc_hd__dlymetal6s2s_1)
     4    0.025243    0.254642    0.412310    4.420579 v input33/X (sky130_fd_sc_hd__dlymetal6s2s_1)
                                                         net33 (net)
                      0.254711    0.004027    4.424606 v fanout67/A (sky130_fd_sc_hd__buf_2)
     6    0.037513    0.179119    0.441273    4.865879 v fanout67/X (sky130_fd_sc_hd__buf_2)
                                                         net67 (net)
                      0.179252    0.004453    4.870332 v _428_/A (sky130_fd_sc_hd__inv_2)
     1    0.003694    0.061489    0.111909    4.982241 ^ _428_/Y (sky130_fd_sc_hd__inv_2)
                                                         _005_ (net)
                      0.061489    0.000195    4.982436 ^ _437_/RESET_B (sky130_fd_sc_hd__dfrtp_1)
                                              4.982436   data arrival time

                                  0.000000    0.000000   clock clk (rise edge)
                                  0.000000    0.000000   clock source latency
     1    0.017988    0.136038    0.092443    0.092443 ^ clk (in)
                                                         clk (net)
                      0.136047    0.000000    0.092443 ^ clkbuf_0_clk/A (sky130_fd_sc_hd__clkbuf_16)
     4    0.039389    0.093892    0.278225    0.370668 ^ clkbuf_0_clk/X (sky130_fd_sc_hd__clkbuf_16)
                                                         clknet_0_clk (net)
                      0.093960    0.002310    0.372978 ^ clkbuf_2_1__f_clk/A (sky130_fd_sc_hd__clkbuf_16)
     9    0.026406    0.075600    0.241287    0.614265 ^ clkbuf_2_1__f_clk/X (sky130_fd_sc_hd__clkbuf_16)
                                                         clknet_2_1__leaf_clk (net)
                      0.075609    0.000832    0.615097 ^ _437_/CLK (sky130_fd_sc_hd__dfrtp_1)
                                  0.250000    0.865097   clock uncertainty
                                  0.000000    0.865097   clock reconvergence pessimism
                                  0.656533    1.521630   library removal time
                                              1.521630   data required time
---------------------------------------------------------------------------------------------
                                              1.521630   data required time
                                             -4.982436   data arrival time
---------------------------------------------------------------------------------------------
                                              3.460805   slack (MET)


Startpoint: rst (input port clocked by clk)
Endpoint: _436_ (removal check against rising-edge clock clk)
Path Group: asynchronous
Path Type: min

Fanout         Cap        Slew       Delay        Time   Description
---------------------------------------------------------------------------------------------
                                  0.000000    0.000000   clock clk (rise edge)
                                  0.000000    0.000000   clock network delay (propagated)
                                  4.000000    4.000000 v input external delay
     1    0.002482    0.017254    0.008270    4.008270 v rst (in)
                                                         rst (net)
                      0.017254    0.000000    4.008270 v input33/A (sky130_fd_sc_hd__dlymetal6s2s_1)
     4    0.025243    0.254642    0.412310    4.420579 v input33/X (sky130_fd_sc_hd__dlymetal6s2s_1)
                                                         net33 (net)
                      0.254711    0.004027    4.424606 v fanout67/A (sky130_fd_sc_hd__buf_2)
     6    0.037513    0.179119    0.441273    4.865879 v fanout67/X (sky130_fd_sc_hd__buf_2)
                                                         net67 (net)
                      0.179275    0.004779    4.870658 v _427_/A (sky130_fd_sc_hd__inv_2)
     1    0.003772    0.061945    0.112556    4.983213 ^ _427_/Y (sky130_fd_sc_hd__inv_2)
                                                         _004_ (net)
                      0.061945    0.000200    4.983413 ^ _436_/RESET_B (sky130_fd_sc_hd__dfrtp_1)
                                              4.983413   data arrival time

                                  0.000000    0.000000   clock clk (rise edge)
                                  0.000000    0.000000   clock source latency
     1    0.017988    0.136038    0.092443    0.092443 ^ clk (in)
                                                         clk (net)
                      0.136047    0.000000    0.092443 ^ clkbuf_0_clk/A (sky130_fd_sc_hd__clkbuf_16)
     4    0.039389    0.093892    0.278225    0.370668 ^ clkbuf_0_clk/X (sky130_fd_sc_hd__clkbuf_16)
                                                         clknet_0_clk (net)
                      0.093960    0.002310    0.372978 ^ clkbuf_2_1__f_clk/A (sky130_fd_sc_hd__clkbuf_16)
     9    0.026406    0.075600    0.241287    0.614265 ^ clkbuf_2_1__f_clk/X (sky130_fd_sc_hd__clkbuf_16)
                                                         clknet_2_1__leaf_clk (net)
                      0.075605    0.000709    0.614974 ^ _436_/CLK (sky130_fd_sc_hd__dfrtp_1)
                                  0.250000    0.864974   clock uncertainty
                                  0.000000    0.864974   clock reconvergence pessimism
                                  0.656672    1.521646   library removal time
                                              1.521646   data required time
---------------------------------------------------------------------------------------------
                                              1.521646   data required time
                                             -4.983413   data arrival time
---------------------------------------------------------------------------------------------
                                              3.461767   slack (MET)


Startpoint: _437_ (rising edge-triggered flip-flop clocked by clk)
Endpoint: acc[5] (output port clocked by clk)
Path Group: clk
Path Type: min

Fanout         Cap        Slew       Delay        Time   Description
---------------------------------------------------------------------------------------------
                                  0.000000    0.000000   clock clk (rise edge)
                                  0.000000    0.000000   clock source latency
     1    0.017988    0.136038    0.092443    0.092443 ^ clk (in)
                                                         clk (net)
                      0.136047    0.000000    0.092443 ^ clkbuf_0_clk/A (sky130_fd_sc_hd__clkbuf_16)
     4    0.039389    0.093892    0.278225    0.370668 ^ clkbuf_0_clk/X (sky130_fd_sc_hd__clkbuf_16)
                                                         clknet_0_clk (net)
                      0.093960    0.002310    0.372978 ^ clkbuf_2_1__f_clk/A (sky130_fd_sc_hd__clkbuf_16)
     9    0.026406    0.075600    0.241287    0.614265 ^ clkbuf_2_1__f_clk/X (sky130_fd_sc_hd__clkbuf_16)
                                                         clknet_2_1__leaf_clk (net)
                      0.075609    0.000832    0.615097 ^ _437_/CLK (sky130_fd_sc_hd__dfrtp_1)
     3    0.006665    0.124372    0.683598    1.298695 ^ _437_/Q (sky130_fd_sc_hd__dfrtp_1)
                                                         net61 (net)
                      0.124480    0.000355    1.299050 ^ output61/A (sky130_fd_sc_hd__buf_2)
     1    0.034235    0.272192    0.368106    1.667156 ^ output61/X (sky130_fd_sc_hd__buf_2)
                                                         acc[5] (net)
                      0.272197    0.001622    1.668778 ^ acc[5] (out)
                                              1.668778   data arrival time

                                  0.000000    0.000000   clock clk (rise edge)
                                  0.000000    0.000000   clock network delay (propagated)
                                  0.250000    0.250000   clock uncertainty
                                  0.000000    0.250000   clock reconvergence pessimism
                                 -4.000000   -3.750000   output external delay
                                             -3.750000   data required time
---------------------------------------------------------------------------------------------
                                             -3.750000   data required time
                                             -1.668778   data arrival time
---------------------------------------------------------------------------------------------
                                              5.418778   slack (MET)


Startpoint: _436_ (rising edge-triggered flip-flop clocked by clk)
Endpoint: acc[4] (output port clocked by clk)
Path Group: clk
Path Type: min

Fanout         Cap        Slew       Delay        Time   Description
---------------------------------------------------------------------------------------------
                                  0.000000    0.000000   clock clk (rise edge)
                                  0.000000    0.000000   clock source latency
     1    0.017988    0.136038    0.092443    0.092443 ^ clk (in)
                                                         clk (net)
                      0.136047    0.000000    0.092443 ^ clkbuf_0_clk/A (sky130_fd_sc_hd__clkbuf_16)
     4    0.039389    0.093892    0.278225    0.370668 ^ clkbuf_0_clk/X (sky130_fd_sc_hd__clkbuf_16)
                                                         clknet_0_clk (net)
                      0.093960    0.002310    0.372978 ^ clkbuf_2_1__f_clk/A (sky130_fd_sc_hd__clkbuf_16)
     9    0.026406    0.075600    0.241287    0.614265 ^ clkbuf_2_1__f_clk/X (sky130_fd_sc_hd__clkbuf_16)
                                                         clknet_2_1__leaf_clk (net)
                      0.075605    0.000709    0.614974 ^ _436_/CLK (sky130_fd_sc_hd__dfrtp_1)
     3    0.007066    0.129342    0.687786    1.302760 ^ _436_/Q (sky130_fd_sc_hd__dfrtp_1)
                                                         net60 (net)
                      0.129342    0.000410    1.303169 ^ output60/A (sky130_fd_sc_hd__buf_2)
     1    0.034805    0.276464    0.373306    1.676475 ^ output60/X (sky130_fd_sc_hd__buf_2)
                                                         acc[4] (net)
                      0.276471    0.001765    1.678240 ^ acc[4] (out)
                                              1.678240   data arrival time

                                  0.000000    0.000000   clock clk (rise edge)
                                  0.000000    0.000000   clock network delay (propagated)
                                  0.250000    0.250000   clock uncertainty
                                  0.000000    0.250000   clock reconvergence pessimism
                                 -4.000000   -3.750000   output external delay
                                             -3.750000   data required time
---------------------------------------------------------------------------------------------
                                             -3.750000   data required time
                                             -1.678240   data arrival time
---------------------------------------------------------------------------------------------
                                              5.428240   slack (MET)


Startpoint: _463_ (rising edge-triggered flip-flop clocked by clk)
Endpoint: acc[31] (output port clocked by clk)
Path Group: clk
Path Type: min

Fanout         Cap        Slew       Delay        Time   Description
---------------------------------------------------------------------------------------------
                                  0.000000    0.000000   clock clk (rise edge)
                                  0.000000    0.000000   clock source latency
     1    0.017988    0.136038    0.092443    0.092443 ^ clk (in)
                                                         clk (net)
                      0.136047    0.000000    0.092443 ^ clkbuf_0_clk/A (sky130_fd_sc_hd__clkbuf_16)
     4    0.039389    0.093892    0.278225    0.370668 ^ clkbuf_0_clk/X (sky130_fd_sc_hd__clkbuf_16)
                                                         clknet_0_clk (net)
                      0.093962    0.002336    0.373004 ^ clkbuf_2_3__f_clk/A (sky130_fd_sc_hd__clkbuf_16)
     8    0.026298    0.075454    0.241160    0.614164 ^ clkbuf_2_3__f_clk/X (sky130_fd_sc_hd__clkbuf_16)
                                                         clknet_2_3__leaf_clk (net)
                      0.075471    0.001043    0.615207 ^ _463_/CLK (sky130_fd_sc_hd__dfrtp_1)
     2    0.007593    0.135789    0.693243    1.308450 ^ _463_/Q (sky130_fd_sc_hd__dfrtp_1)
                                                         net58 (net)
                      0.135789    0.000380    1.308830 ^ output58/A (sky130_fd_sc_hd__buf_2)
     1    0.034105    0.271246    0.372731    1.681561 ^ output58/X (sky130_fd_sc_hd__buf_2)
                                                         acc[31] (net)
                      0.271251    0.001606    1.683167 ^ acc[31] (out)
                                              1.683167   data arrival time

                                  0.000000    0.000000   clock clk (rise edge)
                                  0.000000    0.000000   clock network delay (propagated)
                                  0.250000    0.250000   clock uncertainty
                                  0.000000    0.250000   clock reconvergence pessimism
                                 -4.000000   -3.750000   output external delay
                                             -3.750000   data required time
---------------------------------------------------------------------------------------------
                                             -3.750000   data required time
                                             -1.683167   data arrival time
---------------------------------------------------------------------------------------------
                                              5.433167   slack (MET)


Startpoint: _434_ (rising edge-triggered flip-flop clocked by clk)
Endpoint: acc[2] (output port clocked by clk)
Path Group: clk
Path Type: min

Fanout         Cap        Slew       Delay        Time   Description
---------------------------------------------------------------------------------------------
                                  0.000000    0.000000   clock clk (rise edge)
                                  0.000000    0.000000   clock source latency
     1    0.017988    0.136038    0.092443    0.092443 ^ clk (in)
                                                         clk (net)
                      0.136047    0.000000    0.092443 ^ clkbuf_0_clk/A (sky130_fd_sc_hd__clkbuf_16)
     4    0.039389    0.093892    0.278225    0.370668 ^ clkbuf_0_clk/X (sky130_fd_sc_hd__clkbuf_16)
                                                         clknet_0_clk (net)
                      0.093962    0.002336    0.373004 ^ clkbuf_2_3__f_clk/A (sky130_fd_sc_hd__clkbuf_16)
     8    0.026298    0.075454    0.241160    0.614164 ^ clkbuf_2_3__f_clk/X (sky130_fd_sc_hd__clkbuf_16)
                                                         clknet_2_3__leaf_clk (net)
                      0.075467    0.000939    0.615102 ^ _434_/CLK (sky130_fd_sc_hd__dfrtp_1)
     3    0.007716    0.137256    0.694641    1.309744 ^ _434_/Q (sky130_fd_sc_hd__dfrtp_1)
                                                         net56 (net)
                      0.137256    0.000351    1.310095 ^ output56/A (sky130_fd_sc_hd__buf_2)
     1    0.034027    0.270673    0.372997    1.683092 ^ output56/X (sky130_fd_sc_hd__buf_2)
                                                         acc[2] (net)
                      0.270678    0.001618    1.684710 ^ acc[2] (out)
                                              1.684710   data arrival time

                                  0.000000    0.000000   clock clk (rise edge)
                                  0.000000    0.000000   clock network delay (propagated)
                                  0.250000    0.250000   clock uncertainty
                                  0.000000    0.250000   clock reconvergence pessimism
                                 -4.000000   -3.750000   output external delay
                                             -3.750000   data required time
---------------------------------------------------------------------------------------------
                                             -3.750000   data required time
                                             -1.684710   data arrival time
---------------------------------------------------------------------------------------------
                                              5.434710   slack (MET)


Startpoint: _455_ (rising edge-triggered flip-flop clocked by clk)
Endpoint: acc[23] (output port clocked by clk)
Path Group: clk
Path Type: min

Fanout         Cap        Slew       Delay        Time   Description
---------------------------------------------------------------------------------------------
                                  0.000000    0.000000   clock clk (rise edge)
                                  0.000000    0.000000   clock source latency
     1    0.017988    0.136038    0.092443    0.092443 ^ clk (in)
                                                         clk (net)
                      0.136047    0.000000    0.092443 ^ clkbuf_0_clk/A (sky130_fd_sc_hd__clkbuf_16)
     4    0.039389    0.093892    0.278225    0.370668 ^ clkbuf_0_clk/X (sky130_fd_sc_hd__clkbuf_16)
                                                         clknet_0_clk (net)
                      0.093986    0.002651    0.373319 ^ clkbuf_2_2__f_clk/A (sky130_fd_sc_hd__clkbuf_16)
     9    0.028119    0.077914    0.243547    0.616866 ^ clkbuf_2_2__f_clk/X (sky130_fd_sc_hd__clkbuf_16)
                                                         clknet_2_2__leaf_clk (net)
                      0.077972    0.001833    0.618698 ^ _455_/CLK (sky130_fd_sc_hd__dfrtp_1)
     3    0.007351    0.132790    0.691935    1.310633 ^ _455_/Q (sky130_fd_sc_hd__dfrtp_1)
                                                         net49 (net)
                      0.132790    0.000217    1.310851 ^ output49/A (sky130_fd_sc_hd__buf_2)
     1    0.034905    0.277227    0.375399    1.686249 ^ output49/X (sky130_fd_sc_hd__buf_2)
                                                         acc[23] (net)
                      0.277235    0.001845    1.688094 ^ acc[23] (out)
                                              1.688094   data arrival time

                                  0.000000    0.000000   clock clk (rise edge)
                                  0.000000    0.000000   clock network delay (propagated)
                                  0.250000    0.250000   clock uncertainty
                                  0.000000    0.250000   clock reconvergence pessimism
                                 -4.000000   -3.750000   output external delay
                                             -3.750000   data required time
---------------------------------------------------------------------------------------------
                                             -3.750000   data required time
                                             -1.688094   data arrival time
---------------------------------------------------------------------------------------------
                                              5.438094   slack (MET)


Startpoint: _453_ (rising edge-triggered flip-flop clocked by clk)
Endpoint: acc[21] (output port clocked by clk)
Path Group: clk
Path Type: min

Fanout         Cap        Slew       Delay        Time   Description
---------------------------------------------------------------------------------------------
                                  0.000000    0.000000   clock clk (rise edge)
                                  0.000000    0.000000   clock source latency
     1    0.017988    0.136038    0.092443    0.092443 ^ clk (in)
                                                         clk (net)
                      0.136047    0.000000    0.092443 ^ clkbuf_0_clk/A (sky130_fd_sc_hd__clkbuf_16)
     4    0.039389    0.093892    0.278225    0.370668 ^ clkbuf_0_clk/X (sky130_fd_sc_hd__clkbuf_16)
                                                         clknet_0_clk (net)
                      0.093986    0.002651    0.373319 ^ clkbuf_2_2__f_clk/A (sky130_fd_sc_hd__clkbuf_16)
     9    0.028119    0.077914    0.243547    0.616866 ^ clkbuf_2_2__f_clk/X (sky130_fd_sc_hd__clkbuf_16)
                                                         clknet_2_2__leaf_clk (net)
                      0.077941    0.001345    0.618210 ^ _453_/CLK (sky130_fd_sc_hd__dfrtp_1)
     3    0.007906    0.139584    0.697750    1.315961 ^ _453_/Q (sky130_fd_sc_hd__dfrtp_1)
                                                         net47 (net)
                      0.139584    0.000308    1.316268 ^ output47/A (sky130_fd_sc_hd__buf_2)
     1    0.033997    0.270444    0.373947    1.690215 ^ output47/X (sky130_fd_sc_hd__buf_2)
                                                         acc[21] (net)
                      0.270449    0.001591    1.691806 ^ acc[21] (out)
                                              1.691806   data arrival time

                                  0.000000    0.000000   clock clk (rise edge)
                                  0.000000    0.000000   clock network delay (propagated)
                                  0.250000    0.250000   clock uncertainty
                                  0.000000    0.250000   clock reconvergence pessimism
                                 -4.000000   -3.750000   output external delay
                                             -3.750000   data required time
---------------------------------------------------------------------------------------------
                                             -3.750000   data required time
                                             -1.691806   data arrival time
---------------------------------------------------------------------------------------------
                                              5.441806   slack (MET)


Startpoint: _454_ (rising edge-triggered flip-flop clocked by clk)
Endpoint: acc[22] (output port clocked by clk)
Path Group: clk
Path Type: min

Fanout         Cap        Slew       Delay        Time   Description
---------------------------------------------------------------------------------------------
                                  0.000000    0.000000   clock clk (rise edge)
                                  0.000000    0.000000   clock source latency
     1    0.017988    0.136038    0.092443    0.092443 ^ clk (in)
                                                         clk (net)
                      0.136047    0.000000    0.092443 ^ clkbuf_0_clk/A (sky130_fd_sc_hd__clkbuf_16)
     4    0.039389    0.093892    0.278225    0.370668 ^ clkbuf_0_clk/X (sky130_fd_sc_hd__clkbuf_16)
                                                         clknet_0_clk (net)
                      0.093986    0.002651    0.373319 ^ clkbuf_2_2__f_clk/A (sky130_fd_sc_hd__clkbuf_16)
     9    0.028119    0.077914    0.243547    0.616866 ^ clkbuf_2_2__f_clk/X (sky130_fd_sc_hd__clkbuf_16)
                                                         clknet_2_2__leaf_clk (net)
                      0.077974    0.001868    0.618734 ^ _454_/CLK (sky130_fd_sc_hd__dfrtp_1)
     3    0.007834    0.138741    0.696915    1.315649 ^ _454_/Q (sky130_fd_sc_hd__dfrtp_1)
                                                         net48 (net)
                      0.138741    0.000475    1.316124 ^ output48/A (sky130_fd_sc_hd__buf_2)
     1    0.034371    0.273248    0.375424    1.691548 ^ output48/X (sky130_fd_sc_hd__buf_2)
                                                         acc[22] (net)
                      0.273255    0.001755    1.693303 ^ acc[22] (out)
                                              1.693303   data arrival time

                                  0.000000    0.000000   clock clk (rise edge)
                                  0.000000    0.000000   clock network delay (propagated)
                                  0.250000    0.250000   clock uncertainty
                                  0.000000    0.250000   clock reconvergence pessimism
                                 -4.000000   -3.750000   output external delay
                                             -3.750000   data required time
---------------------------------------------------------------------------------------------
                                             -3.750000   data required time
                                             -1.693303   data arrival time
---------------------------------------------------------------------------------------------
                                              5.443303   slack (MET)


Startpoint: _441_ (rising edge-triggered flip-flop clocked by clk)
Endpoint: acc[9] (output port clocked by clk)
Path Group: clk
Path Type: min

Fanout         Cap        Slew       Delay        Time   Description
---------------------------------------------------------------------------------------------
                                  0.000000    0.000000   clock clk (rise edge)
                                  0.000000    0.000000   clock source latency
     1    0.017988    0.136038    0.092443    0.092443 ^ clk (in)
                                                         clk (net)
                      0.136047    0.000000    0.092443 ^ clkbuf_0_clk/A (sky130_fd_sc_hd__clkbuf_16)
     4    0.039389    0.093892    0.278225    0.370668 ^ clkbuf_0_clk/X (sky130_fd_sc_hd__clkbuf_16)
                                                         clknet_0_clk (net)
                      0.093960    0.002310    0.372978 ^ clkbuf_2_1__f_clk/A (sky130_fd_sc_hd__clkbuf_16)
     9    0.026406    0.075600    0.241287    0.614265 ^ clkbuf_2_1__f_clk/X (sky130_fd_sc_hd__clkbuf_16)
                                                         clknet_2_1__leaf_clk (net)
                      0.075616    0.001018    0.615283 ^ _441_/CLK (sky130_fd_sc_hd__dfrtp_1)
     3    0.008109    0.142117    0.698767    1.314050 ^ _441_/Q (sky130_fd_sc_hd__dfrtp_1)
                                                         net65 (net)
                      0.142117    0.000444    1.314494 ^ output65/A (sky130_fd_sc_hd__buf_2)
     1    0.034512    0.274280    0.377839    1.692333 ^ output65/X (sky130_fd_sc_hd__buf_2)
                                                         acc[9] (net)
                      0.274285    0.001643    1.693975 ^ acc[9] (out)
                                              1.693975   data arrival time

                                  0.000000    0.000000   clock clk (rise edge)
                                  0.000000    0.000000   clock network delay (propagated)
                                  0.250000    0.250000   clock uncertainty
                                  0.000000    0.250000   clock reconvergence pessimism
                                 -4.000000   -3.750000   output external delay
                                             -3.750000   data required time
---------------------------------------------------------------------------------------------
                                             -3.750000   data required time
                                             -1.693975   data arrival time
---------------------------------------------------------------------------------------------
                                              5.443975   slack (MET)


Startpoint: _442_ (rising edge-triggered flip-flop clocked by clk)
Endpoint: acc[10] (output port clocked by clk)
Path Group: clk
Path Type: min

Fanout         Cap        Slew       Delay        Time   Description
---------------------------------------------------------------------------------------------
                                  0.000000    0.000000   clock clk (rise edge)
                                  0.000000    0.000000   clock source latency
     1    0.017988    0.136038    0.092443    0.092443 ^ clk (in)
                                                         clk (net)
                      0.136047    0.000000    0.092443 ^ clkbuf_0_clk/A (sky130_fd_sc_hd__clkbuf_16)
     4    0.039389    0.093892    0.278225    0.370668 ^ clkbuf_0_clk/X (sky130_fd_sc_hd__clkbuf_16)
                                                         clknet_0_clk (net)
                      0.093961    0.002315    0.372983 ^ clkbuf_2_0__f_clk/A (sky130_fd_sc_hd__clkbuf_16)
     9    0.030455    0.081108    0.246804    0.619787 ^ clkbuf_2_0__f_clk/X (sky130_fd_sc_hd__clkbuf_16)
                                                         clknet_2_0__leaf_clk (net)
                      0.081145    0.001600    0.621388 ^ _442_/CLK (sky130_fd_sc_hd__dfrtp_1)
     3    0.007632    0.136238    0.696330    1.317718 ^ _442_/Q (sky130_fd_sc_hd__dfrtp_1)
                                                         net35 (net)
                      0.136238    0.000416    1.318135 ^ output35/A (sky130_fd_sc_hd__buf_2)
     1    0.034381    0.273294    0.374422    1.692557 ^ output35/X (sky130_fd_sc_hd__buf_2)
                                                         acc[10] (net)
                      0.273299    0.001596    1.694153 ^ acc[10] (out)
                                              1.694153   data arrival time

                                  0.000000    0.000000   clock clk (rise edge)
                                  0.000000    0.000000   clock network delay (propagated)
                                  0.250000    0.250000   clock uncertainty
                                  0.000000    0.250000   clock reconvergence pessimism
                                 -4.000000   -3.750000   output external delay
                                             -3.750000   data required time
---------------------------------------------------------------------------------------------
                                             -3.750000   data required time
                                             -1.694153   data arrival time
---------------------------------------------------------------------------------------------
                                              5.444153   slack (MET)


Startpoint: _446_ (rising edge-triggered flip-flop clocked by clk)
Endpoint: acc[14] (output port clocked by clk)
Path Group: clk
Path Type: min

Fanout         Cap        Slew       Delay        Time   Description
---------------------------------------------------------------------------------------------
                                  0.000000    0.000000   clock clk (rise edge)
                                  0.000000    0.000000   clock source latency
     1    0.017988    0.136038    0.092443    0.092443 ^ clk (in)
                                                         clk (net)
                      0.136047    0.000000    0.092443 ^ clkbuf_0_clk/A (sky130_fd_sc_hd__clkbuf_16)
     4    0.039389    0.093892    0.278225    0.370668 ^ clkbuf_0_clk/X (sky130_fd_sc_hd__clkbuf_16)
                                                         clknet_0_clk (net)
                      0.093961    0.002315    0.372983 ^ clkbuf_2_0__f_clk/A (sky130_fd_sc_hd__clkbuf_16)
     9    0.030455    0.081108    0.246804    0.619787 ^ clkbuf_2_0__f_clk/X (sky130_fd_sc_hd__clkbuf_16)
                                                         clknet_2_0__leaf_clk (net)
                      0.081174    0.002031    0.621818 ^ _446_/CLK (sky130_fd_sc_hd__dfrtp_1)
     3    0.007790    0.138171    0.698016    1.319834 ^ _446_/Q (sky130_fd_sc_hd__dfrtp_1)
                                                         net39 (net)
                      0.138171    0.000431    1.320265 ^ output39/A (sky130_fd_sc_hd__buf_2)
     1    0.034223    0.272132    0.374441    1.694706 ^ output39/X (sky130_fd_sc_hd__buf_2)
                                                         acc[14] (net)
                      0.272137    0.001650    1.696356 ^ acc[14] (out)
                                              1.696356   data arrival time

                                  0.000000    0.000000   clock clk (rise edge)
                                  0.000000    0.000000   clock network delay (propagated)
                                  0.250000    0.250000   clock uncertainty
                                  0.000000    0.250000   clock reconvergence pessimism
                                 -4.000000   -3.750000   output external delay
                                             -3.750000   data required time
---------------------------------------------------------------------------------------------
                                             -3.750000   data required time
                                             -1.696356   data arrival time
---------------------------------------------------------------------------------------------
                                              5.446356   slack (MET)


Startpoint: _457_ (rising edge-triggered flip-flop clocked by clk)
Endpoint: acc[25] (output port clocked by clk)
Path Group: clk
Path Type: min

Fanout         Cap        Slew       Delay        Time   Description
---------------------------------------------------------------------------------------------
                                  0.000000    0.000000   clock clk (rise edge)
                                  0.000000    0.000000   clock source latency
     1    0.017988    0.136038    0.092443    0.092443 ^ clk (in)
                                                         clk (net)
                      0.136047    0.000000    0.092443 ^ clkbuf_0_clk/A (sky130_fd_sc_hd__clkbuf_16)
     4    0.039389    0.093892    0.278225    0.370668 ^ clkbuf_0_clk/X (sky130_fd_sc_hd__clkbuf_16)
                                                         clknet_0_clk (net)
                      0.093986    0.002651    0.373319 ^ clkbuf_2_2__f_clk/A (sky130_fd_sc_hd__clkbuf_16)
     9    0.028119    0.077914    0.243547    0.616866 ^ clkbuf_2_2__f_clk/X (sky130_fd_sc_hd__clkbuf_16)
                                                         clknet_2_2__leaf_clk (net)
                      0.077950    0.001507    0.618373 ^ _457_/CLK (sky130_fd_sc_hd__dfrtp_1)
     3    0.007986    0.140573    0.698605    1.316978 ^ _457_/Q (sky130_fd_sc_hd__dfrtp_1)
                                                         net51 (net)
                      0.140573    0.000381    1.317359 ^ output51/A (sky130_fd_sc_hd__buf_2)
     1    0.034609    0.275017    0.377570    1.694929 ^ output51/X (sky130_fd_sc_hd__buf_2)
                                                         acc[25] (net)
                      0.275024    0.001723    1.696653 ^ acc[25] (out)
                                              1.696653   data arrival time

                                  0.000000    0.000000   clock clk (rise edge)
                                  0.000000    0.000000   clock network delay (propagated)
                                  0.250000    0.250000   clock uncertainty
                                  0.000000    0.250000   clock reconvergence pessimism
                                 -4.000000   -3.750000   output external delay
                                             -3.750000   data required time
---------------------------------------------------------------------------------------------
                                             -3.750000   data required time
                                             -1.696653   data arrival time
---------------------------------------------------------------------------------------------
                                              5.446652   slack (MET)


Startpoint: _440_ (rising edge-triggered flip-flop clocked by clk)
Endpoint: acc[8] (output port clocked by clk)
Path Group: clk
Path Type: min

Fanout         Cap        Slew       Delay        Time   Description
---------------------------------------------------------------------------------------------
                                  0.000000    0.000000   clock clk (rise edge)
                                  0.000000    0.000000   clock source latency
     1    0.017988    0.136038    0.092443    0.092443 ^ clk (in)
                                                         clk (net)
                      0.136047    0.000000    0.092443 ^ clkbuf_0_clk/A (sky130_fd_sc_hd__clkbuf_16)
     4    0.039389    0.093892    0.278225    0.370668 ^ clkbuf_0_clk/X (sky130_fd_sc_hd__clkbuf_16)
                                                         clknet_0_clk (net)
                      0.093960    0.002310    0.372978 ^ clkbuf_2_1__f_clk/A (sky130_fd_sc_hd__clkbuf_16)
     9    0.026406    0.075600    0.241287    0.614265 ^ clkbuf_2_1__f_clk/X (sky130_fd_sc_hd__clkbuf_16)
                                                         clknet_2_1__leaf_clk (net)
                      0.075631    0.001330    0.615595 ^ _440_/CLK (sky130_fd_sc_hd__dfrtp_1)
     3    0.008807    0.150752    0.706118    1.321713 ^ _440_/Q (sky130_fd_sc_hd__dfrtp_1)
                                                         net64 (net)
                      0.150752    0.000478    1.322191 ^ output64/A (sky130_fd_sc_hd__buf_2)
     1    0.034231    0.272211    0.380397    1.702588 ^ output64/X (sky130_fd_sc_hd__buf_2)
                                                         acc[8] (net)
                      0.272217    0.001634    1.704222 ^ acc[8] (out)
                                              1.704222   data arrival time

                                  0.000000    0.000000   clock clk (rise edge)
                                  0.000000    0.000000   clock network delay (propagated)
                                  0.250000    0.250000   clock uncertainty
                                  0.000000    0.250000   clock reconvergence pessimism
                                 -4.000000   -3.750000   output external delay
                                             -3.750000   data required time
---------------------------------------------------------------------------------------------
                                             -3.750000   data required time
                                             -1.704222   data arrival time
---------------------------------------------------------------------------------------------
                                              5.454222   slack (MET)


Startpoint: _439_ (rising edge-triggered flip-flop clocked by clk)
Endpoint: acc[7] (output port clocked by clk)
Path Group: clk
Path Type: min

Fanout         Cap        Slew       Delay        Time   Description
---------------------------------------------------------------------------------------------
                                  0.000000    0.000000   clock clk (rise edge)
                                  0.000000    0.000000   clock source latency
     1    0.017988    0.136038    0.092443    0.092443 ^ clk (in)
                                                         clk (net)
                      0.136047    0.000000    0.092443 ^ clkbuf_0_clk/A (sky130_fd_sc_hd__clkbuf_16)
     4    0.039389    0.093892    0.278225    0.370668 ^ clkbuf_0_clk/X (sky130_fd_sc_hd__clkbuf_16)
                                                         clknet_0_clk (net)
                      0.093960    0.002310    0.372978 ^ clkbuf_2_1__f_clk/A (sky130_fd_sc_hd__clkbuf_16)
     9    0.026406    0.075600    0.241287    0.614265 ^ clkbuf_2_1__f_clk/X (sky130_fd_sc_hd__clkbuf_16)
                                                         clknet_2_1__leaf_clk (net)
                      0.075610    0.000877    0.615142 ^ _439_/CLK (sky130_fd_sc_hd__dfrtp_1)
     3    0.008817    0.150902    0.706168    1.321310 ^ _439_/Q (sky130_fd_sc_hd__dfrtp_1)
                                                         net63 (net)
                      0.150902    0.000545    1.321856 ^ output63/A (sky130_fd_sc_hd__buf_2)
     1    0.034427    0.273663    0.381541    1.703396 ^ output63/X (sky130_fd_sc_hd__buf_2)
                                                         acc[7] (net)
                      0.273669    0.001599    1.704996 ^ acc[7] (out)
                                              1.704996   data arrival time

                                  0.000000    0.000000   clock clk (rise edge)
                                  0.000000    0.000000   clock network delay (propagated)
                                  0.250000    0.250000   clock uncertainty
                                  0.000000    0.250000   clock reconvergence pessimism
                                 -4.000000   -3.750000   output external delay
                                             -3.750000   data required time
---------------------------------------------------------------------------------------------
                                             -3.750000   data required time
                                             -1.704996   data arrival time
---------------------------------------------------------------------------------------------
                                              5.454996   slack (MET)


Startpoint: _462_ (rising edge-triggered flip-flop clocked by clk)
Endpoint: acc[30] (output port clocked by clk)
Path Group: clk
Path Type: min

Fanout         Cap        Slew       Delay        Time   Description
---------------------------------------------------------------------------------------------
                                  0.000000    0.000000   clock clk (rise edge)
                                  0.000000    0.000000   clock source latency
     1    0.017988    0.136038    0.092443    0.092443 ^ clk (in)
                                                         clk (net)
                      0.136047    0.000000    0.092443 ^ clkbuf_0_clk/A (sky130_fd_sc_hd__clkbuf_16)
     4    0.039389    0.093892    0.278225    0.370668 ^ clkbuf_0_clk/X (sky130_fd_sc_hd__clkbuf_16)
                                                         clknet_0_clk (net)
                      0.093962    0.002336    0.373004 ^ clkbuf_2_3__f_clk/A (sky130_fd_sc_hd__clkbuf_16)
     8    0.026298    0.075454    0.241160    0.614164 ^ clkbuf_2_3__f_clk/X (sky130_fd_sc_hd__clkbuf_16)
                                                         clknet_2_3__leaf_clk (net)
                      0.075480    0.001239    0.615403 ^ _462_/CLK (sky130_fd_sc_hd__dfrtp_1)
     3    0.009090    0.154273    0.709007    1.324410 ^ _462_/Q (sky130_fd_sc_hd__dfrtp_1)
                                                         net57 (net)
                      0.154273    0.000458    1.324868 ^ output57/A (sky130_fd_sc_hd__buf_2)
     1    0.035075    0.278533    0.386371    1.711239 ^ output57/X (sky130_fd_sc_hd__buf_2)
                                                         acc[30] (net)
                      0.278542    0.001867    1.713106 ^ acc[30] (out)
                                              1.713106   data arrival time

                                  0.000000    0.000000   clock clk (rise edge)
                                  0.000000    0.000000   clock network delay (propagated)
                                  0.250000    0.250000   clock uncertainty
                                  0.000000    0.250000   clock reconvergence pessimism
                                 -4.000000   -3.750000   output external delay
                                             -3.750000   data required time
---------------------------------------------------------------------------------------------
                                             -3.750000   data required time
                                             -1.713106   data arrival time
---------------------------------------------------------------------------------------------
                                              5.463107   slack (MET)


Startpoint: _461_ (rising edge-triggered flip-flop clocked by clk)
Endpoint: acc[29] (output port clocked by clk)
Path Group: clk
Path Type: min

Fanout         Cap        Slew       Delay        Time   Description
---------------------------------------------------------------------------------------------
                                  0.000000    0.000000   clock clk (rise edge)
                                  0.000000    0.000000   clock source latency
     1    0.017988    0.136038    0.092443    0.092443 ^ clk (in)
                                                         clk (net)
                      0.136047    0.000000    0.092443 ^ clkbuf_0_clk/A (sky130_fd_sc_hd__clkbuf_16)
     4    0.039389    0.093892    0.278225    0.370668 ^ clkbuf_0_clk/X (sky130_fd_sc_hd__clkbuf_16)
                                                         clknet_0_clk (net)
                      0.093962    0.002336    0.373004 ^ clkbuf_2_3__f_clk/A (sky130_fd_sc_hd__clkbuf_16)
     8    0.026298    0.075454    0.241160    0.614164 ^ clkbuf_2_3__f_clk/X (sky130_fd_sc_hd__clkbuf_16)
                                                         clknet_2_3__leaf_clk (net)
                      0.075463    0.000818    0.614982 ^ _461_/CLK (sky130_fd_sc_hd__dfrtp_1)
     3    0.010016    0.165833    0.718739    1.333721 ^ _461_/Q (sky130_fd_sc_hd__dfrtp_1)
                                                         net55 (net)
                      0.165833    0.000540    1.334261 ^ output55/A (sky130_fd_sc_hd__buf_2)
     1    0.034316    0.272876    0.387926    1.722187 ^ output55/X (sky130_fd_sc_hd__buf_2)
                                                         acc[29] (net)
                      0.272881    0.001636    1.723823 ^ acc[29] (out)
                                              1.723823   data arrival time

                                  0.000000    0.000000   clock clk (rise edge)
                                  0.000000    0.000000   clock network delay (propagated)
                                  0.250000    0.250000   clock uncertainty
                                  0.000000    0.250000   clock reconvergence pessimism
                                 -4.000000   -3.750000   output external delay
                                             -3.750000   data required time
---------------------------------------------------------------------------------------------
                                             -3.750000   data required time
                                             -1.723823   data arrival time
---------------------------------------------------------------------------------------------
                                              5.473823   slack (MET)


Startpoint: _456_ (rising edge-triggered flip-flop clocked by clk)
Endpoint: acc[24] (output port clocked by clk)
Path Group: clk
Path Type: min

Fanout         Cap        Slew       Delay        Time   Description
---------------------------------------------------------------------------------------------
                                  0.000000    0.000000   clock clk (rise edge)
                                  0.000000    0.000000   clock source latency
     1    0.017988    0.136038    0.092443    0.092443 ^ clk (in)
                                                         clk (net)
                      0.136047    0.000000    0.092443 ^ clkbuf_0_clk/A (sky130_fd_sc_hd__clkbuf_16)
     4    0.039389    0.093892    0.278225    0.370668 ^ clkbuf_0_clk/X (sky130_fd_sc_hd__clkbuf_16)
                                                         clknet_0_clk (net)
                      0.093986    0.002651    0.373319 ^ clkbuf_2_2__f_clk/A (sky130_fd_sc_hd__clkbuf_16)
     9    0.028119    0.077914    0.243547    0.616866 ^ clkbuf_2_2__f_clk/X (sky130_fd_sc_hd__clkbuf_16)
                                                         clknet_2_2__leaf_clk (net)
                      0.077922    0.000848    0.617714 ^ _456_/CLK (sky130_fd_sc_hd__dfrtp_1)
     3    0.009767    0.162683    0.717312    1.335026 ^ _456_/Q (sky130_fd_sc_hd__dfrtp_1)
                                                         net50 (net)
                      0.162683    0.000543    1.335568 ^ output50/A (sky130_fd_sc_hd__buf_2)
     1    0.034567    0.274746    0.387735    1.723303 ^ output50/X (sky130_fd_sc_hd__buf_2)
                                                         acc[24] (net)
                      0.274752    0.001704    1.725007 ^ acc[24] (out)
                                              1.725007   data arrival time

                                  0.000000    0.000000   clock clk (rise edge)
                                  0.000000    0.000000   clock network delay (propagated)
                                  0.250000    0.250000   clock uncertainty
                                  0.000000    0.250000   clock reconvergence pessimism
                                 -4.000000   -3.750000   output external delay
                                             -3.750000   data required time
---------------------------------------------------------------------------------------------
                                             -3.750000   data required time
                                             -1.725007   data arrival time
---------------------------------------------------------------------------------------------
                                              5.475007   slack (MET)


Startpoint: _452_ (rising edge-triggered flip-flop clocked by clk)
Endpoint: acc[20] (output port clocked by clk)
Path Group: clk
Path Type: min

Fanout         Cap        Slew       Delay        Time   Description
---------------------------------------------------------------------------------------------
                                  0.000000    0.000000   clock clk (rise edge)
                                  0.000000    0.000000   clock source latency
     1    0.017988    0.136038    0.092443    0.092443 ^ clk (in)
                                                         clk (net)
                      0.136047    0.000000    0.092443 ^ clkbuf_0_clk/A (sky130_fd_sc_hd__clkbuf_16)
     4    0.039389    0.093892    0.278225    0.370668 ^ clkbuf_0_clk/X (sky130_fd_sc_hd__clkbuf_16)
                                                         clknet_0_clk (net)
                      0.093986    0.002651    0.373319 ^ clkbuf_2_2__f_clk/A (sky130_fd_sc_hd__clkbuf_16)
     9    0.028119    0.077914    0.243547    0.616866 ^ clkbuf_2_2__f_clk/X (sky130_fd_sc_hd__clkbuf_16)
                                                         clknet_2_2__leaf_clk (net)
                      0.077939    0.001292    0.618158 ^ _452_/CLK (sky130_fd_sc_hd__dfrtp_1)
     3    0.010386    0.170426    0.723833    1.341990 ^ _452_/Q (sky130_fd_sc_hd__dfrtp_1)
                                                         net46 (net)
                      0.170426    0.000627    1.342617 ^ output46/A (sky130_fd_sc_hd__buf_2)
     1    0.033957    0.270206    0.388199    1.730816 ^ output46/X (sky130_fd_sc_hd__buf_2)
                                                         acc[20] (net)
                      0.270211    0.001591    1.732407 ^ acc[20] (out)
                                              1.732407   data arrival time

                                  0.000000    0.000000   clock clk (rise edge)
                                  0.000000    0.000000   clock network delay (propagated)
                                  0.250000    0.250000   clock uncertainty
                                  0.000000    0.250000   clock reconvergence pessimism
                                 -4.000000   -3.750000   output external delay
                                             -3.750000   data required time
---------------------------------------------------------------------------------------------
                                             -3.750000   data required time
                                             -1.732407   data arrival time
---------------------------------------------------------------------------------------------
                                              5.482407   slack (MET)


Startpoint: _445_ (rising edge-triggered flip-flop clocked by clk)
Endpoint: acc[13] (output port clocked by clk)
Path Group: clk
Path Type: min

Fanout         Cap        Slew       Delay        Time   Description
---------------------------------------------------------------------------------------------
                                  0.000000    0.000000   clock clk (rise edge)
                                  0.000000    0.000000   clock source latency
     1    0.017988    0.136038    0.092443    0.092443 ^ clk (in)
                                                         clk (net)
                      0.136047    0.000000    0.092443 ^ clkbuf_0_clk/A (sky130_fd_sc_hd__clkbuf_16)
     4    0.039389    0.093892    0.278225    0.370668 ^ clkbuf_0_clk/X (sky130_fd_sc_hd__clkbuf_16)
                                                         clknet_0_clk (net)
                      0.093961    0.002315    0.372983 ^ clkbuf_2_0__f_clk/A (sky130_fd_sc_hd__clkbuf_16)
     9    0.030455    0.081108    0.246804    0.619787 ^ clkbuf_2_0__f_clk/X (sky130_fd_sc_hd__clkbuf_16)
                                                         clknet_2_0__leaf_clk (net)
                      0.081160    0.001837    0.621624 ^ _445_/CLK (sky130_fd_sc_hd__dfrtp_1)
     3    0.010057    0.166285    0.721899    1.343524 ^ _445_/Q (sky130_fd_sc_hd__dfrtp_1)
                                                         net38 (net)
                      0.166285    0.000457    1.343981 ^ output38/A (sky130_fd_sc_hd__buf_2)
     1    0.034106    0.271308    0.387040    1.731021 ^ output38/X (sky130_fd_sc_hd__buf_2)
                                                         acc[13] (net)
                      0.271313    0.001604    1.732625 ^ acc[13] (out)
                                              1.732625   data arrival time

                                  0.000000    0.000000   clock clk (rise edge)
                                  0.000000    0.000000   clock network delay (propagated)
                                  0.250000    0.250000   clock uncertainty
                                  0.000000    0.250000   clock reconvergence pessimism
                                 -4.000000   -3.750000   output external delay
                                             -3.750000   data required time
---------------------------------------------------------------------------------------------
                                             -3.750000   data required time
                                             -1.732625   data arrival time
---------------------------------------------------------------------------------------------
                                              5.482625   slack (MET)


Startpoint: _458_ (rising edge-triggered flip-flop clocked by clk)
Endpoint: acc[26] (output port clocked by clk)
Path Group: clk
Path Type: min

Fanout         Cap        Slew       Delay        Time   Description
---------------------------------------------------------------------------------------------
                                  0.000000    0.000000   clock clk (rise edge)
                                  0.000000    0.000000   clock source latency
     1    0.017988    0.136038    0.092443    0.092443 ^ clk (in)
                                                         clk (net)
                      0.136047    0.000000    0.092443 ^ clkbuf_0_clk/A (sky130_fd_sc_hd__clkbuf_16)
     4    0.039389    0.093892    0.278225    0.370668 ^ clkbuf_0_clk/X (sky130_fd_sc_hd__clkbuf_16)
                                                         clknet_0_clk (net)
                      0.093986    0.002651    0.373319 ^ clkbuf_2_2__f_clk/A (sky130_fd_sc_hd__clkbuf_16)
     9    0.028119    0.077914    0.243547    0.616866 ^ clkbuf_2_2__f_clk/X (sky130_fd_sc_hd__clkbuf_16)
                                                         clknet_2_2__leaf_clk (net)
                      0.077973    0.001852    0.618718 ^ _458_/CLK (sky130_fd_sc_hd__dfrtp_1)
     4    0.010379    0.170349    0.723752    1.342470 ^ _458_/Q (sky130_fd_sc_hd__dfrtp_1)
                                                         net52 (net)
                      0.170349    0.000564    1.343034 ^ output52/A (sky130_fd_sc_hd__buf_2)
     1    0.034484    0.274136    0.390911    1.733945 ^ output52/X (sky130_fd_sc_hd__buf_2)
                                                         acc[26] (net)
                      0.274142    0.001678    1.735623 ^ acc[26] (out)
                                              1.735623   data arrival time

                                  0.000000    0.000000   clock clk (rise edge)
                                  0.000000    0.000000   clock network delay (propagated)
                                  0.250000    0.250000   clock uncertainty
                                  0.000000    0.250000   clock reconvergence pessimism
                                 -4.000000   -3.750000   output external delay
                                             -3.750000   data required time
---------------------------------------------------------------------------------------------
                                             -3.750000   data required time
                                             -1.735623   data arrival time
---------------------------------------------------------------------------------------------
                                              5.485623   slack (MET)


Startpoint: _432_ (rising edge-triggered flip-flop clocked by clk)
Endpoint: acc[0] (output port clocked by clk)
Path Group: clk
Path Type: min

Fanout         Cap        Slew       Delay        Time   Description
---------------------------------------------------------------------------------------------
                                  0.000000    0.000000   clock clk (rise edge)
                                  0.000000    0.000000   clock source latency
     1    0.017988    0.136038    0.092443    0.092443 ^ clk (in)
                                                         clk (net)
                      0.136047    0.000000    0.092443 ^ clkbuf_0_clk/A (sky130_fd_sc_hd__clkbuf_16)
     4    0.039389    0.093892    0.278225    0.370668 ^ clkbuf_0_clk/X (sky130_fd_sc_hd__clkbuf_16)
                                                         clknet_0_clk (net)
                      0.093962    0.002336    0.373004 ^ clkbuf_2_3__f_clk/A (sky130_fd_sc_hd__clkbuf_16)
     8    0.026298    0.075454    0.241160    0.614164 ^ clkbuf_2_3__f_clk/X (sky130_fd_sc_hd__clkbuf_16)
                                                         clknet_2_3__leaf_clk (net)
                      0.075464    0.000855    0.615019 ^ _432_/CLK (sky130_fd_sc_hd__dfrtp_1)
     3    0.010645    0.173724    0.725357    1.340376 ^ _432_/Q (sky130_fd_sc_hd__dfrtp_1)
                                                         net34 (net)
                      0.173724    0.000646    1.341022 ^ output34/A (sky130_fd_sc_hd__buf_2)
     1    0.034705    0.275816    0.393547    1.734569 ^ output34/X (sky130_fd_sc_hd__buf_2)
                                                         acc[0] (net)
                      0.275824    0.001843    1.736412 ^ acc[0] (out)
                                              1.736412   data arrival time

                                  0.000000    0.000000   clock clk (rise edge)
                                  0.000000    0.000000   clock network delay (propagated)
                                  0.250000    0.250000   clock uncertainty
                                  0.000000    0.250000   clock reconvergence pessimism
                                 -4.000000   -3.750000   output external delay
                                             -3.750000   data required time
---------------------------------------------------------------------------------------------
                                             -3.750000   data required time
                                             -1.736412   data arrival time
---------------------------------------------------------------------------------------------
                                              5.486412   slack (MET)


Startpoint: _443_ (rising edge-triggered flip-flop clocked by clk)
Endpoint: acc[11] (output port clocked by clk)
Path Group: clk
Path Type: min

Fanout         Cap        Slew       Delay        Time   Description
---------------------------------------------------------------------------------------------
                                  0.000000    0.000000   clock clk (rise edge)
                                  0.000000    0.000000   clock source latency
     1    0.017988    0.136038    0.092443    0.092443 ^ clk (in)
                                                         clk (net)
                      0.136047    0.000000    0.092443 ^ clkbuf_0_clk/A (sky130_fd_sc_hd__clkbuf_16)
     4    0.039389    0.093892    0.278225    0.370668 ^ clkbuf_0_clk/X (sky130_fd_sc_hd__clkbuf_16)
                                                         clknet_0_clk (net)
                      0.093961    0.002315    0.372983 ^ clkbuf_2_0__f_clk/A (sky130_fd_sc_hd__clkbuf_16)
     9    0.030455    0.081108    0.246804    0.619787 ^ clkbuf_2_0__f_clk/X (sky130_fd_sc_hd__clkbuf_16)
                                                         clknet_2_0__leaf_clk (net)
                      0.081157    0.001790    0.621578 ^ _443_/CLK (sky130_fd_sc_hd__dfrtp_1)
     4    0.010125    0.167120    0.722634    1.344211 ^ _443_/Q (sky130_fd_sc_hd__dfrtp_1)
                                                         net36 (net)
                      0.167120    0.000467    1.344678 ^ output36/A (sky130_fd_sc_hd__buf_2)
     1    0.035028    0.278184    0.392234    1.736912 ^ output36/X (sky130_fd_sc_hd__buf_2)
                                                         acc[11] (net)
                      0.278191    0.001743    1.738655 ^ acc[11] (out)
                                              1.738655   data arrival time

                                  0.000000    0.000000   clock clk (rise edge)
                                  0.000000    0.000000   clock network delay (propagated)
                                  0.250000    0.250000   clock uncertainty
                                  0.000000    0.250000   clock reconvergence pessimism
                                 -4.000000   -3.750000   output external delay
                                             -3.750000   data required time
---------------------------------------------------------------------------------------------
                                             -3.750000   data required time
                                             -1.738655   data arrival time
---------------------------------------------------------------------------------------------
                                              5.488655   slack (MET)


Startpoint: _460_ (rising edge-triggered flip-flop clocked by clk)
Endpoint: acc[28] (output port clocked by clk)
Path Group: clk
Path Type: min

Fanout         Cap        Slew       Delay        Time   Description
---------------------------------------------------------------------------------------------
                                  0.000000    0.000000   clock clk (rise edge)
                                  0.000000    0.000000   clock source latency
     1    0.017988    0.136038    0.092443    0.092443 ^ clk (in)
                                                         clk (net)
                      0.136047    0.000000    0.092443 ^ clkbuf_0_clk/A (sky130_fd_sc_hd__clkbuf_16)
     4    0.039389    0.093892    0.278225    0.370668 ^ clkbuf_0_clk/X (sky130_fd_sc_hd__clkbuf_16)
                                                         clknet_0_clk (net)
                      0.093962    0.002336    0.373004 ^ clkbuf_2_3__f_clk/A (sky130_fd_sc_hd__clkbuf_16)
     8    0.026298    0.075454    0.241160    0.614164 ^ clkbuf_2_3__f_clk/X (sky130_fd_sc_hd__clkbuf_16)
                                                         clknet_2_3__leaf_clk (net)
                      0.075466    0.000906    0.615070 ^ _460_/CLK (sky130_fd_sc_hd__dfrtp_1)
     3    0.010917    0.177199    0.728115    1.343184 ^ _460_/Q (sky130_fd_sc_hd__dfrtp_1)
                                                         net54 (net)
                      0.177201    0.000912    1.344096 ^ output54/A (sky130_fd_sc_hd__buf_2)
     1    0.034402    0.273546    0.393675    1.737771 ^ output54/X (sky130_fd_sc_hd__buf_2)
                                                         acc[28] (net)
                      0.273552    0.001689    1.739460 ^ acc[28] (out)
                                              1.739460   data arrival time

                                  0.000000    0.000000   clock clk (rise edge)
                                  0.000000    0.000000   clock network delay (propagated)
                                  0.250000    0.250000   clock uncertainty
                                  0.000000    0.250000   clock reconvergence pessimism
                                 -4.000000   -3.750000   output external delay
                                             -3.750000   data required time
---------------------------------------------------------------------------------------------
                                             -3.750000   data required time
                                             -1.739460   data arrival time
---------------------------------------------------------------------------------------------
                                              5.489460   slack (MET)


Startpoint: _447_ (rising edge-triggered flip-flop clocked by clk)
Endpoint: acc[15] (output port clocked by clk)
Path Group: clk
Path Type: min

Fanout         Cap        Slew       Delay        Time   Description
---------------------------------------------------------------------------------------------
                                  0.000000    0.000000   clock clk (rise edge)
                                  0.000000    0.000000   clock source latency
     1    0.017988    0.136038    0.092443    0.092443 ^ clk (in)
                                                         clk (net)
                      0.136047    0.000000    0.092443 ^ clkbuf_0_clk/A (sky130_fd_sc_hd__clkbuf_16)
     4    0.039389    0.093892    0.278225    0.370668 ^ clkbuf_0_clk/X (sky130_fd_sc_hd__clkbuf_16)
                                                         clknet_0_clk (net)
                      0.093961    0.002315    0.372983 ^ clkbuf_2_0__f_clk/A (sky130_fd_sc_hd__clkbuf_16)
     9    0.030455    0.081108    0.246804    0.619787 ^ clkbuf_2_0__f_clk/X (sky130_fd_sc_hd__clkbuf_16)
                                                         clknet_2_0__leaf_clk (net)
                      0.081168    0.001953    0.621740 ^ _447_/CLK (sky130_fd_sc_hd__dfrtp_1)
     4    0.010836    0.176093    0.730004    1.351745 ^ _447_/Q (sky130_fd_sc_hd__dfrtp_1)
                                                         net40 (net)
                      0.176093    0.000532    1.352277 ^ output40/A (sky130_fd_sc_hd__buf_2)
     1    0.034984    0.277879    0.396188    1.748465 ^ output40/X (sky130_fd_sc_hd__buf_2)
                                                         acc[15] (net)
                      0.277886    0.001771    1.750236 ^ acc[15] (out)
                                              1.750236   data arrival time

                                  0.000000    0.000000   clock clk (rise edge)
                                  0.000000    0.000000   clock network delay (propagated)
                                  0.250000    0.250000   clock uncertainty
                                  0.000000    0.250000   clock reconvergence pessimism
                                 -4.000000   -3.750000   output external delay
                                             -3.750000   data required time
---------------------------------------------------------------------------------------------
                                             -3.750000   data required time
                                             -1.750236   data arrival time
---------------------------------------------------------------------------------------------
                                              5.500237   slack (MET)


Startpoint: _433_ (rising edge-triggered flip-flop clocked by clk)
Endpoint: acc[1] (output port clocked by clk)
Path Group: clk
Path Type: min

Fanout         Cap        Slew       Delay        Time   Description
---------------------------------------------------------------------------------------------
                                  0.000000    0.000000   clock clk (rise edge)
                                  0.000000    0.000000   clock source latency
     1    0.017988    0.136038    0.092443    0.092443 ^ clk (in)
                                                         clk (net)
                      0.136047    0.000000    0.092443 ^ clkbuf_0_clk/A (sky130_fd_sc_hd__clkbuf_16)
     4    0.039389    0.093892    0.278225    0.370668 ^ clkbuf_0_clk/X (sky130_fd_sc_hd__clkbuf_16)
                                                         clknet_0_clk (net)
                      0.093960    0.002310    0.372978 ^ clkbuf_2_1__f_clk/A (sky130_fd_sc_hd__clkbuf_16)
     9    0.026406    0.075600    0.241287    0.614265 ^ clkbuf_2_1__f_clk/X (sky130_fd_sc_hd__clkbuf_16)
                                                         clknet_2_1__leaf_clk (net)
                      0.075626    0.001247    0.615512 ^ _433_/CLK (sky130_fd_sc_hd__dfrtp_1)
     3    0.011677    0.186730    0.736296    1.351808 ^ _433_/Q (sky130_fd_sc_hd__dfrtp_1)
                                                         net45 (net)
                      0.186730    0.000668    1.352476 ^ output45/A (sky130_fd_sc_hd__buf_2)
     1    0.034215    0.272158    0.397193    1.749669 ^ output45/X (sky130_fd_sc_hd__buf_2)
                                                         acc[1] (net)
                      0.272164    0.001629    1.751298 ^ acc[1] (out)
                                              1.751298   data arrival time

                                  0.000000    0.000000   clock clk (rise edge)
                                  0.000000    0.000000   clock network delay (propagated)
                                  0.250000    0.250000   clock uncertainty
                                  0.000000    0.250000   clock reconvergence pessimism
                                 -4.000000   -3.750000   output external delay
                                             -3.750000   data required time
---------------------------------------------------------------------------------------------
                                             -3.750000   data required time
                                             -1.751298   data arrival time
---------------------------------------------------------------------------------------------
                                              5.501298   slack (MET)


Startpoint: _448_ (rising edge-triggered flip-flop clocked by clk)
Endpoint: acc[16] (output port clocked by clk)
Path Group: clk
Path Type: min

Fanout         Cap        Slew       Delay        Time   Description
---------------------------------------------------------------------------------------------
                                  0.000000    0.000000   clock clk (rise edge)
                                  0.000000    0.000000   clock source latency
     1    0.017988    0.136038    0.092443    0.092443 ^ clk (in)
                                                         clk (net)
                      0.136047    0.000000    0.092443 ^ clkbuf_0_clk/A (sky130_fd_sc_hd__clkbuf_16)
     4    0.039389    0.093892    0.278225    0.370668 ^ clkbuf_0_clk/X (sky130_fd_sc_hd__clkbuf_16)
                                                         clknet_0_clk (net)
                      0.093961    0.002315    0.372983 ^ clkbuf_2_0__f_clk/A (sky130_fd_sc_hd__clkbuf_16)
     9    0.030455    0.081108    0.246804    0.619787 ^ clkbuf_2_0__f_clk/X (sky130_fd_sc_hd__clkbuf_16)
                                                         clknet_2_0__leaf_clk (net)
                      0.081117    0.000947    0.620735 ^ _448_/CLK (sky130_fd_sc_hd__dfrtp_1)
     4    0.011999    0.190827    0.742079    1.362814 ^ _448_/Q (sky130_fd_sc_hd__dfrtp_1)
                                                         net41 (net)
                      0.190828    0.000920    1.363734 ^ output41/A (sky130_fd_sc_hd__buf_2)
     1    0.034012    0.270658    0.398051    1.761785 ^ output41/X (sky130_fd_sc_hd__buf_2)
                                                         acc[16] (net)
                      0.270663    0.001606    1.763391 ^ acc[16] (out)
                                              1.763391   data arrival time

                                  0.000000    0.000000   clock clk (rise edge)
                                  0.000000    0.000000   clock network delay (propagated)
                                  0.250000    0.250000   clock uncertainty
                                  0.000000    0.250000   clock reconvergence pessimism
                                 -4.000000   -3.750000   output external delay
                                             -3.750000   data required time
---------------------------------------------------------------------------------------------
                                             -3.750000   data required time
                                             -1.763391   data arrival time
---------------------------------------------------------------------------------------------
                                              5.513391   slack (MET)


Startpoint: _449_ (rising edge-triggered flip-flop clocked by clk)
Endpoint: acc[17] (output port clocked by clk)
Path Group: clk
Path Type: min

Fanout         Cap        Slew       Delay        Time   Description
---------------------------------------------------------------------------------------------
                                  0.000000    0.000000   clock clk (rise edge)
                                  0.000000    0.000000   clock source latency
     1    0.017988    0.136038    0.092443    0.092443 ^ clk (in)
                                                         clk (net)
                      0.136047    0.000000    0.092443 ^ clkbuf_0_clk/A (sky130_fd_sc_hd__clkbuf_16)
     4    0.039389    0.093892    0.278225    0.370668 ^ clkbuf_0_clk/X (sky130_fd_sc_hd__clkbuf_16)
                                                         clknet_0_clk (net)
                      0.093961    0.002315    0.372983 ^ clkbuf_2_0__f_clk/A (sky130_fd_sc_hd__clkbuf_16)
     9    0.030455    0.081108    0.246804    0.619787 ^ clkbuf_2_0__f_clk/X (sky130_fd_sc_hd__clkbuf_16)
                                                         clknet_2_0__leaf_clk (net)
                      0.081166    0.001919    0.621707 ^ _449_/CLK (sky130_fd_sc_hd__dfrtp_1)
     4    0.012370    0.195482    0.746098    1.367804 ^ _449_/Q (sky130_fd_sc_hd__dfrtp_1)
                                                         net42 (net)
                      0.195482    0.000650    1.368455 ^ output42/A (sky130_fd_sc_hd__buf_2)
     1    0.034170    0.271845    0.401045    1.769499 ^ output42/X (sky130_fd_sc_hd__buf_2)
                                                         acc[17] (net)
                      0.271850    0.001646    1.771146 ^ acc[17] (out)
                                              1.771146   data arrival time

                                  0.000000    0.000000   clock clk (rise edge)
                                  0.000000    0.000000   clock network delay (propagated)
                                  0.250000    0.250000   clock uncertainty
                                  0.000000    0.250000   clock reconvergence pessimism
                                 -4.000000   -3.750000   output external delay
                                             -3.750000   data required time
---------------------------------------------------------------------------------------------
                                             -3.750000   data required time
                                             -1.771146   data arrival time
---------------------------------------------------------------------------------------------
                                              5.521145   slack (MET)


Startpoint: _450_ (rising edge-triggered flip-flop clocked by clk)
Endpoint: acc[18] (output port clocked by clk)
Path Group: clk
Path Type: min

Fanout         Cap        Slew       Delay        Time   Description
---------------------------------------------------------------------------------------------
                                  0.000000    0.000000   clock clk (rise edge)
                                  0.000000    0.000000   clock source latency
     1    0.017988    0.136038    0.092443    0.092443 ^ clk (in)
                                                         clk (net)
                      0.136047    0.000000    0.092443 ^ clkbuf_0_clk/A (sky130_fd_sc_hd__clkbuf_16)
     4    0.039389    0.093892    0.278225    0.370668 ^ clkbuf_0_clk/X (sky130_fd_sc_hd__clkbuf_16)
                                                         clknet_0_clk (net)
                      0.093986    0.002651    0.373319 ^ clkbuf_2_2__f_clk/A (sky130_fd_sc_hd__clkbuf_16)
     9    0.028119    0.077914    0.243547    0.616866 ^ clkbuf_2_2__f_clk/X (sky130_fd_sc_hd__clkbuf_16)
                                                         clknet_2_2__leaf_clk (net)
                      0.077941    0.001342    0.618208 ^ _450_/CLK (sky130_fd_sc_hd__dfrtp_1)
     4    0.013168    0.203864    0.753070    1.371278 ^ _450_/Q (sky130_fd_sc_hd__dfrtp_1)
                                                         net43 (net)
                      0.203864    0.000545    1.371824 ^ output43/A (sky130_fd_sc_hd__buf_2)
     1    0.034096    0.271307    0.404603    1.776427 ^ output43/X (sky130_fd_sc_hd__buf_2)
                                                         acc[18] (net)
                      0.271313    0.001619    1.778046 ^ acc[18] (out)
                                              1.778046   data arrival time

                                  0.000000    0.000000   clock clk (rise edge)
                                  0.000000    0.000000   clock network delay (propagated)
                                  0.250000    0.250000   clock uncertainty
                                  0.000000    0.250000   clock reconvergence pessimism
                                 -4.000000   -3.750000   output external delay
                                             -3.750000   data required time
---------------------------------------------------------------------------------------------
                                             -3.750000   data required time
                                             -1.778046   data arrival time
---------------------------------------------------------------------------------------------
                                              5.528046   slack (MET)


Startpoint: _438_ (rising edge-triggered flip-flop clocked by clk)
Endpoint: acc[6] (output port clocked by clk)
Path Group: clk
Path Type: min

Fanout         Cap        Slew       Delay        Time   Description
---------------------------------------------------------------------------------------------
                                  0.000000    0.000000   clock clk (rise edge)
                                  0.000000    0.000000   clock source latency
     1    0.017988    0.136038    0.092443    0.092443 ^ clk (in)
                                                         clk (net)
                      0.136047    0.000000    0.092443 ^ clkbuf_0_clk/A (sky130_fd_sc_hd__clkbuf_16)
     4    0.039389    0.093892    0.278225    0.370668 ^ clkbuf_0_clk/X (sky130_fd_sc_hd__clkbuf_16)
                                                         clknet_0_clk (net)
                      0.093961    0.002315    0.372983 ^ clkbuf_2_0__f_clk/A (sky130_fd_sc_hd__clkbuf_16)
     9    0.030455    0.081108    0.246804    0.619787 ^ clkbuf_2_0__f_clk/X (sky130_fd_sc_hd__clkbuf_16)
                                                         clknet_2_0__leaf_clk (net)
                      0.081118    0.000980    0.620768 ^ _438_/CLK (sky130_fd_sc_hd__dfrtp_1)
     4    0.013548    0.207331    0.758662    1.379429 ^ _438_/Q (sky130_fd_sc_hd__dfrtp_1)
                                                         net62 (net)
                      0.207331    0.000578    1.380007 ^ output62/A (sky130_fd_sc_hd__buf_2)
     1    0.034426    0.273759    0.408002    1.788009 ^ output62/X (sky130_fd_sc_hd__buf_2)
                                                         acc[6] (net)
                      0.273764    0.001599    1.789608 ^ acc[6] (out)
                                              1.789608   data arrival time

                                  0.000000    0.000000   clock clk (rise edge)
                                  0.000000    0.000000   clock network delay (propagated)
                                  0.250000    0.250000   clock uncertainty
                                  0.000000    0.250000   clock reconvergence pessimism
                                 -4.000000   -3.750000   output external delay
                                             -3.750000   data required time
---------------------------------------------------------------------------------------------
                                             -3.750000   data required time
                                             -1.789608   data arrival time
---------------------------------------------------------------------------------------------
                                              5.539608   slack (MET)


Startpoint: _444_ (rising edge-triggered flip-flop clocked by clk)
Endpoint: acc[12] (output port clocked by clk)
Path Group: clk
Path Type: min

Fanout         Cap        Slew       Delay        Time   Description
---------------------------------------------------------------------------------------------
                                  0.000000    0.000000   clock clk (rise edge)
                                  0.000000    0.000000   clock source latency
     1    0.017988    0.136038    0.092443    0.092443 ^ clk (in)
                                                         clk (net)
                      0.136047    0.000000    0.092443 ^ clkbuf_0_clk/A (sky130_fd_sc_hd__clkbuf_16)
     4    0.039389    0.093892    0.278225    0.370668 ^ clkbuf_0_clk/X (sky130_fd_sc_hd__clkbuf_16)
                                                         clknet_0_clk (net)
                      0.093960    0.002310    0.372978 ^ clkbuf_2_1__f_clk/A (sky130_fd_sc_hd__clkbuf_16)
     9    0.026406    0.075600    0.241287    0.614265 ^ clkbuf_2_1__f_clk/X (sky130_fd_sc_hd__clkbuf_16)
                                                         clknet_2_1__leaf_clk (net)
                      0.075626    0.001248    0.615513 ^ _444_/CLK (sky130_fd_sc_hd__dfrtp_1)
     4    0.015089    0.226710    0.770710    1.386224 ^ _444_/Q (sky130_fd_sc_hd__dfrtp_1)
                                                         net37 (net)
                      0.226710    0.000804    1.387027 ^ output37/A (sky130_fd_sc_hd__buf_2)
     1    0.034361    0.273323    0.416491    1.803519 ^ output37/X (sky130_fd_sc_hd__buf_2)
                                                         acc[12] (net)
                      0.273328    0.001605    1.805124 ^ acc[12] (out)
                                              1.805124   data arrival time

                                  0.000000    0.000000   clock clk (rise edge)
                                  0.000000    0.000000   clock network delay (propagated)
                                  0.250000    0.250000   clock uncertainty
                                  0.000000    0.250000   clock reconvergence pessimism
                                 -4.000000   -3.750000   output external delay
                                             -3.750000   data required time
---------------------------------------------------------------------------------------------
                                             -3.750000   data required time
                                             -1.805124   data arrival time
---------------------------------------------------------------------------------------------
                                              5.555124   slack (MET)


Startpoint: _459_ (rising edge-triggered flip-flop clocked by clk)
Endpoint: acc[27] (output port clocked by clk)
Path Group: clk
Path Type: min

Fanout         Cap        Slew       Delay        Time   Description
---------------------------------------------------------------------------------------------
                                  0.000000    0.000000   clock clk (rise edge)
                                  0.000000    0.000000   clock source latency
     1    0.017988    0.136038    0.092443    0.092443 ^ clk (in)
                                                         clk (net)
                      0.136047    0.000000    0.092443 ^ clkbuf_0_clk/A (sky130_fd_sc_hd__clkbuf_16)
     4    0.039389    0.093892    0.278225    0.370668 ^ clkbuf_0_clk/X (sky130_fd_sc_hd__clkbuf_16)
                                                         clknet_0_clk (net)
                      0.093962    0.002336    0.373004 ^ clkbuf_2_3__f_clk/A (sky130_fd_sc_hd__clkbuf_16)
     8    0.026298    0.075454    0.241160    0.614164 ^ clkbuf_2_3__f_clk/X (sky130_fd_sc_hd__clkbuf_16)
                                                         clknet_2_3__leaf_clk (net)
                      0.075483    0.001295    0.615459 ^ _459_/CLK (sky130_fd_sc_hd__dfrtp_1)
     4    0.015146    0.227412    0.771291    1.386750 ^ _459_/Q (sky130_fd_sc_hd__dfrtp_1)
                                                         net53 (net)
                      0.227412    0.000464    1.387215 ^ output53/A (sky130_fd_sc_hd__buf_2)
     1    0.034568    0.274883    0.417788    1.805002 ^ output53/X (sky130_fd_sc_hd__buf_2)
                                                         acc[27] (net)
                      0.274890    0.001715    1.806717 ^ acc[27] (out)
                                              1.806717   data arrival time

                                  0.000000    0.000000   clock clk (rise edge)
                                  0.000000    0.000000   clock network delay (propagated)
                                  0.250000    0.250000   clock uncertainty
                                  0.000000    0.250000   clock reconvergence pessimism
                                 -4.000000   -3.750000   output external delay
                                             -3.750000   data required time
---------------------------------------------------------------------------------------------
                                             -3.750000   data required time
                                             -1.806717   data arrival time
---------------------------------------------------------------------------------------------
                                              5.556717   slack (MET)


Startpoint: _451_ (rising edge-triggered flip-flop clocked by clk)
Endpoint: acc[19] (output port clocked by clk)
Path Group: clk
Path Type: min

Fanout         Cap        Slew       Delay        Time   Description
---------------------------------------------------------------------------------------------
                                  0.000000    0.000000   clock clk (rise edge)
                                  0.000000    0.000000   clock source latency
     1    0.017988    0.136038    0.092443    0.092443 ^ clk (in)
                                                         clk (net)
                      0.136047    0.000000    0.092443 ^ clkbuf_0_clk/A (sky130_fd_sc_hd__clkbuf_16)
     4    0.039389    0.093892    0.278225    0.370668 ^ clkbuf_0_clk/X (sky130_fd_sc_hd__clkbuf_16)
                                                         clknet_0_clk (net)
                      0.093986    0.002651    0.373319 ^ clkbuf_2_2__f_clk/A (sky130_fd_sc_hd__clkbuf_16)
     9    0.028119    0.077914    0.243547    0.616866 ^ clkbuf_2_2__f_clk/X (sky130_fd_sc_hd__clkbuf_16)
                                                         clknet_2_2__leaf_clk (net)
                      0.077939    0.001293    0.618158 ^ _451_/CLK (sky130_fd_sc_hd__dfrtp_1)
     4    0.015769    0.235503    0.777986    1.396144 ^ _451_/Q (sky130_fd_sc_hd__dfrtp_1)
                                                         net44 (net)
                      0.235506    0.001370    1.397514 ^ output44/A (sky130_fd_sc_hd__buf_2)
     1    0.034469    0.274195    0.420366    1.817881 ^ output44/X (sky130_fd_sc_hd__buf_2)
                                                         acc[19] (net)
                      0.274202    0.001765    1.819646 ^ acc[19] (out)
                                              1.819646   data arrival time

                                  0.000000    0.000000   clock clk (rise edge)
                                  0.000000    0.000000   clock network delay (propagated)
                                  0.250000    0.250000   clock uncertainty
                                  0.000000    0.250000   clock reconvergence pessimism
                                 -4.000000   -3.750000   output external delay
                                             -3.750000   data required time
---------------------------------------------------------------------------------------------
                                             -3.750000   data required time
                                             -1.819646   data arrival time
---------------------------------------------------------------------------------------------
                                              5.569645   slack (MET)


Startpoint: _435_ (rising edge-triggered flip-flop clocked by clk)
Endpoint: acc[3] (output port clocked by clk)
Path Group: clk
Path Type: min

Fanout         Cap        Slew       Delay        Time   Description
---------------------------------------------------------------------------------------------
                                  0.000000    0.000000   clock clk (rise edge)
                                  0.000000    0.000000   clock source latency
     1    0.017988    0.136038    0.092443    0.092443 ^ clk (in)
                                                         clk (net)
                      0.136047    0.000000    0.092443 ^ clkbuf_0_clk/A (sky130_fd_sc_hd__clkbuf_16)
     4    0.039389    0.093892    0.278225    0.370668 ^ clkbuf_0_clk/X (sky130_fd_sc_hd__clkbuf_16)
                                                         clknet_0_clk (net)
                      0.093960    0.002310    0.372978 ^ clkbuf_2_1__f_clk/A (sky130_fd_sc_hd__clkbuf_16)
     9    0.026406    0.075600    0.241287    0.614265 ^ clkbuf_2_1__f_clk/X (sky130_fd_sc_hd__clkbuf_16)
                                                         clknet_2_1__leaf_clk (net)
                      0.075623    0.001172    0.615437 ^ _435_/CLK (sky130_fd_sc_hd__dfrtp_4)
     5    0.027450    0.185718    0.908720    1.524157 ^ _435_/Q (sky130_fd_sc_hd__dfrtp_4)
                                                         net59 (net)
                      0.185718    0.001334    1.525491 ^ output59/A (sky130_fd_sc_hd__buf_2)
     1    0.033965    0.270295    0.395411    1.920902 ^ output59/X (sky130_fd_sc_hd__buf_2)
                                                         acc[3] (net)
                      0.270300    0.001593    1.922495 ^ acc[3] (out)
                                              1.922495   data arrival time

                                  0.000000    0.000000   clock clk (rise edge)
                                  0.000000    0.000000   clock network delay (propagated)
                                  0.250000    0.250000   clock uncertainty
                                  0.000000    0.250000   clock reconvergence pessimism
                                 -4.000000   -3.750000   output external delay
                                             -3.750000   data required time
---------------------------------------------------------------------------------------------
                                             -3.750000   data required time
                                             -1.922495   data arrival time
---------------------------------------------------------------------------------------------
                                              5.672494   slack (MET)



