
===========================================================================
report_checks -path_delay min (Hold)
============================================================================
======================= min_tt_025C_1v80 Corner ===================================

Startpoint: _595_ (rising edge-triggered flip-flop clocked by clk)
Endpoint: _595_ (rising edge-triggered flip-flop clocked by clk)
Path Group: clk
Path Type: min

Fanout         Cap        Slew       Delay        Time   Description
---------------------------------------------------------------------------------------------
                                  0.000000    0.000000   clock clk (rise edge)
                                  0.000000    0.000000   clock source latency
     1    0.030636    0.143136    0.099091    0.099091 ^ clk (in)
                                                         clk (net)
                      0.143142    0.000000    0.099091 ^ clkbuf_0_clk/A (sky130_fd_sc_hd__clkbuf_16)
     8    0.130486    0.143741    0.240533    0.339624 ^ clkbuf_0_clk/X (sky130_fd_sc_hd__clkbuf_16)
                                                         clknet_0_clk (net)
                      0.144155    0.005613    0.345237 ^ clkbuf_3_2__f_clk/A (sky130_fd_sc_hd__clkbuf_16)
    10    0.047671    0.067122    0.182525    0.527762 ^ clkbuf_3_2__f_clk/X (sky130_fd_sc_hd__clkbuf_16)
                                                         clknet_3_2__leaf_clk (net)
                      0.067127    0.000666    0.528428 ^ _595_/CLK (sky130_fd_sc_hd__dfrtp_1)
     3    0.008206    0.087023    0.359730    0.888158 ^ _595_/Q (sky130_fd_sc_hd__dfrtp_1)
                                                         rd_addr[3] (net)
                      0.087023    0.000118    0.888276 ^ max_cap612/A (sky130_fd_sc_hd__clkbuf_1)
     1    0.005124    0.069944    0.110959    0.999235 ^ max_cap612/X (sky130_fd_sc_hd__clkbuf_1)
                                                         net612 (net)
                      0.069944    0.000054    0.999289 ^ _295_/A (sky130_fd_sc_hd__xor2_1)
     1    0.002691    0.035900    0.065022    1.064311 v _295_/X (sky130_fd_sc_hd__xor2_1)
                                                         _077_ (net)
                      0.035900    0.000028    1.064340 v _595_/D (sky130_fd_sc_hd__dfrtp_1)
                                              1.064340   data arrival time

                                  0.000000    0.000000   clock clk (rise edge)
                                  0.000000    0.000000   clock source latency
     1    0.030636    0.143136    0.099091    0.099091 ^ clk (in)
                                                         clk (net)
                      0.143142    0.000000    0.099091 ^ clkbuf_0_clk/A (sky130_fd_sc_hd__clkbuf_16)
     8    0.130486    0.143741    0.240533    0.339624 ^ clkbuf_0_clk/X (sky130_fd_sc_hd__clkbuf_16)
                                                         clknet_0_clk (net)
                      0.144155    0.005613    0.345237 ^ clkbuf_3_2__f_clk/A (sky130_fd_sc_hd__clkbuf_16)
    10    0.047671    0.067122    0.182525    0.527762 ^ clkbuf_3_2__f_clk/X (sky130_fd_sc_hd__clkbuf_16)
                                                         clknet_3_2__leaf_clk (net)
                      0.067127    0.000666    0.528428 ^ _595_/CLK (sky130_fd_sc_hd__dfrtp_1)
                                  0.250000    0.778428   clock uncertainty
                                  0.000000    0.778428   clock reconvergence pessimism
                                 -0.037024    0.741404   library hold time
                                              0.741404   data required time
---------------------------------------------------------------------------------------------
                                              0.741404   data required time
                                             -1.064340   data arrival time
---------------------------------------------------------------------------------------------
                                              0.322936   slack (MET)


Startpoint: _598_ (rising edge-triggered flip-flop clocked by clk)
Endpoint: _598_ (rising edge-triggered flip-flop clocked by clk)
Path Group: clk
Path Type: min

Fanout         Cap        Slew       Delay        Time   Description
---------------------------------------------------------------------------------------------
                                  0.000000    0.000000   clock clk (rise edge)
                                  0.000000    0.000000   clock source latency
     1    0.030636    0.143136    0.099091    0.099091 ^ clk (in)
                                                         clk (net)
                      0.143142    0.000000    0.099091 ^ clkbuf_0_clk/A (sky130_fd_sc_hd__clkbuf_16)
     8    0.130486    0.143741    0.240533    0.339624 ^ clkbuf_0_clk/X (sky130_fd_sc_hd__clkbuf_16)
                                                         clknet_0_clk (net)
                      0.144155    0.005613    0.345237 ^ clkbuf_3_2__f_clk/A (sky130_fd_sc_hd__clkbuf_16)
    10    0.047671    0.067122    0.182525    0.527762 ^ clkbuf_3_2__f_clk/X (sky130_fd_sc_hd__clkbuf_16)
                                                         clknet_3_2__leaf_clk (net)
                      0.067138    0.000978    0.528740 ^ _598_/CLK (sky130_fd_sc_hd__dfrtp_1)
     2    0.006998    0.077384    0.351616    0.880356 ^ _598_/Q (sky130_fd_sc_hd__dfrtp_1)
                                                         rd_addr[6] (net)
                      0.077384    0.000081    0.880437 ^ _290_/B1 (sky130_fd_sc_hd__a21o_1)
     1    0.001941    0.029067    0.079454    0.959891 ^ _290_/X (sky130_fd_sc_hd__a21o_1)
                                                         _086_ (net)
                      0.029067    0.000009    0.959900 ^ _291_/B (sky130_fd_sc_hd__and2b_1)
     1    0.003167    0.044218    0.110866    1.070765 ^ _291_/X (sky130_fd_sc_hd__and2b_1)
                                                         _080_ (net)
                      0.044218    0.000039    1.070805 ^ _598_/D (sky130_fd_sc_hd__dfrtp_1)
                                              1.070805   data arrival time

                                  0.000000    0.000000   clock clk (rise edge)
                                  0.000000    0.000000   clock source latency
     1    0.030636    0.143136    0.099091    0.099091 ^ clk (in)
                                                         clk (net)
                      0.143142    0.000000    0.099091 ^ clkbuf_0_clk/A (sky130_fd_sc_hd__clkbuf_16)
     8    0.130486    0.143741    0.240533    0.339624 ^ clkbuf_0_clk/X (sky130_fd_sc_hd__clkbuf_16)
                                                         clknet_0_clk (net)
                      0.144155    0.005613    0.345237 ^ clkbuf_3_2__f_clk/A (sky130_fd_sc_hd__clkbuf_16)
    10    0.047671    0.067122    0.182525    0.527762 ^ clkbuf_3_2__f_clk/X (sky130_fd_sc_hd__clkbuf_16)
                                                         clknet_3_2__leaf_clk (net)
                      0.067138    0.000978    0.528740 ^ _598_/CLK (sky130_fd_sc_hd__dfrtp_1)
                                  0.250000    0.778740   clock uncertainty
                                  0.000000    0.778740   clock reconvergence pessimism
                                 -0.031576    0.747164   library hold time
                                              0.747164   data required time
---------------------------------------------------------------------------------------------
                                              0.747164   data required time
                                             -1.070805   data arrival time
---------------------------------------------------------------------------------------------
                                              0.323640   slack (MET)


Startpoint: _595_ (rising edge-triggered flip-flop clocked by clk)
Endpoint: sram0 (falling edge-triggered flip-flop clocked by clk)
Path Group: clk
Path Type: min

Fanout         Cap        Slew       Delay        Time   Description
---------------------------------------------------------------------------------------------
                                  0.000000    0.000000   clock clk (rise edge)
                                  0.000000    0.000000   clock source latency
     1    0.030636    0.143136    0.099091    0.099091 ^ clk (in)
                                                         clk (net)
                      0.143142    0.000000    0.099091 ^ clkbuf_0_clk/A (sky130_fd_sc_hd__clkbuf_16)
     8    0.130486    0.143741    0.240533    0.339624 ^ clkbuf_0_clk/X (sky130_fd_sc_hd__clkbuf_16)
                                                         clknet_0_clk (net)
                      0.144155    0.005613    0.345237 ^ clkbuf_3_2__f_clk/A (sky130_fd_sc_hd__clkbuf_16)
    10    0.047671    0.067122    0.182525    0.527762 ^ clkbuf_3_2__f_clk/X (sky130_fd_sc_hd__clkbuf_16)
                                                         clknet_3_2__leaf_clk (net)
                      0.067127    0.000666    0.528428 ^ _595_/CLK (sky130_fd_sc_hd__dfrtp_1)
     3    0.008206    0.087023    0.359730    0.888158 ^ _595_/Q (sky130_fd_sc_hd__dfrtp_1)
                                                         rd_addr[3] (net)
                      0.087023    0.000155    0.888313 ^ _457_/A0 (sky130_fd_sc_hd__mux2_1)
     1    0.017041    0.157599    0.219718    1.108030 ^ _457_/X (sky130_fd_sc_hd__mux2_1)
                                                         addr0[3] (net)
                      0.210136    0.000964    1.108994 ^ sram0/addr0[3] (sky130_sram_1kbyte_1rw1r_32x256_8)
                                              1.108994   data arrival time

                                  0.000000    0.000000   clock clk (rise edge)
                                  0.000000    0.000000   clock source latency
     1    0.030636    0.143136    0.099091    0.099091 ^ clk (in)
                                                         clk (net)
                      0.143142    0.000000    0.099091 ^ clkbuf_0_clk/A (sky130_fd_sc_hd__clkbuf_16)
     8    0.130486    0.143741    0.240533    0.339624 ^ clkbuf_0_clk/X (sky130_fd_sc_hd__clkbuf_16)
                                                         clknet_0_clk (net)
                      0.144155    0.005613    0.345237 ^ clkbuf_3_2__f_clk/A (sky130_fd_sc_hd__clkbuf_16)
    10    0.047671    0.067122    0.182525    0.527762 ^ clkbuf_3_2__f_clk/X (sky130_fd_sc_hd__clkbuf_16)
                                                         clknet_3_2__leaf_clk (net)
                      0.089500    0.000558    0.528320 ^ sram0/clk0 (sky130_sram_1kbyte_1rw1r_32x256_8)
                                  0.250000    0.778320   clock uncertainty
                                  0.000000    0.778320   clock reconvergence pessimism
                                 -0.056000    0.722320   library hold time
                                              0.722320   data required time
---------------------------------------------------------------------------------------------
                                              0.722320   data required time
                                             -1.108994   data arrival time
---------------------------------------------------------------------------------------------
                                              0.386674   slack (MET)


Startpoint: _594_ (rising edge-triggered flip-flop clocked by clk)
Endpoint: sram0 (falling edge-triggered flip-flop clocked by clk)
Path Group: clk
Path Type: min

Fanout         Cap        Slew       Delay        Time   Description
---------------------------------------------------------------------------------------------
                                  0.000000    0.000000   clock clk (rise edge)
                                  0.000000    0.000000   clock source latency
     1    0.030636    0.143136    0.099091    0.099091 ^ clk (in)
                                                         clk (net)
                      0.143142    0.000000    0.099091 ^ clkbuf_0_clk/A (sky130_fd_sc_hd__clkbuf_16)
     8    0.130486    0.143741    0.240533    0.339624 ^ clkbuf_0_clk/X (sky130_fd_sc_hd__clkbuf_16)
                                                         clknet_0_clk (net)
                      0.144155    0.005613    0.345237 ^ clkbuf_3_2__f_clk/A (sky130_fd_sc_hd__clkbuf_16)
    10    0.047671    0.067122    0.182525    0.527762 ^ clkbuf_3_2__f_clk/X (sky130_fd_sc_hd__clkbuf_16)
                                                         clknet_3_2__leaf_clk (net)
                      0.067124    0.000530    0.528292 ^ _594_/CLK (sky130_fd_sc_hd__dfrtp_1)
     2    0.007302    0.079796    0.353648    0.881939 ^ _594_/Q (sky130_fd_sc_hd__dfrtp_1)
                                                         rd_addr[2] (net)
                      0.079796    0.000126    0.882066 ^ _456_/A0 (sky130_fd_sc_hd__mux2_1)
     1    0.018605    0.170804    0.226683    1.108749 ^ _456_/X (sky130_fd_sc_hd__mux2_1)
                                                         addr0[2] (net)
                      0.227744    0.001138    1.109887 ^ sram0/addr0[2] (sky130_sram_1kbyte_1rw1r_32x256_8)
                                              1.109887   data arrival time

                                  0.000000    0.000000   clock clk (rise edge)
                                  0.000000    0.000000   clock source latency
     1    0.030636    0.143136    0.099091    0.099091 ^ clk (in)
                                                         clk (net)
                      0.143142    0.000000    0.099091 ^ clkbuf_0_clk/A (sky130_fd_sc_hd__clkbuf_16)
     8    0.130486    0.143741    0.240533    0.339624 ^ clkbuf_0_clk/X (sky130_fd_sc_hd__clkbuf_16)
                                                         clknet_0_clk (net)
                      0.144155    0.005613    0.345237 ^ clkbuf_3_2__f_clk/A (sky130_fd_sc_hd__clkbuf_16)
    10    0.047671    0.067122    0.182525    0.527762 ^ clkbuf_3_2__f_clk/X (sky130_fd_sc_hd__clkbuf_16)
                                                         clknet_3_2__leaf_clk (net)
                      0.089500    0.000558    0.528320 ^ sram0/clk0 (sky130_sram_1kbyte_1rw1r_32x256_8)
                                  0.250000    0.778320   clock uncertainty
                                  0.000000    0.778320   clock reconvergence pessimism
                                 -0.056000    0.722320   library hold time
                                              0.722320   data required time
---------------------------------------------------------------------------------------------
                                              0.722320   data required time
                                             -1.109887   data arrival time
---------------------------------------------------------------------------------------------
                                              0.387567   slack (MET)


Startpoint: _634_ (rising edge-triggered flip-flop clocked by clk)
Endpoint: _634_ (rising edge-triggered flip-flop clocked by clk)
Path Group: clk
Path Type: min

Fanout         Cap        Slew       Delay        Time   Description
---------------------------------------------------------------------------------------------
                                  0.000000    0.000000   clock clk (rise edge)
                                  0.000000    0.000000   clock source latency
     1    0.030636    0.143136    0.099091    0.099091 ^ clk (in)
                                                         clk (net)
                      0.143142    0.000000    0.099091 ^ clkbuf_0_clk/A (sky130_fd_sc_hd__clkbuf_16)
     8    0.130486    0.143741    0.240533    0.339624 ^ clkbuf_0_clk/X (sky130_fd_sc_hd__clkbuf_16)
                                                         clknet_0_clk (net)
                      0.144000    0.004178    0.343802 ^ clkbuf_3_3__f_clk/A (sky130_fd_sc_hd__clkbuf_16)
    10    0.040553    0.060757    0.177202    0.521004 ^ clkbuf_3_3__f_clk/X (sky130_fd_sc_hd__clkbuf_16)
                                                         clknet_3_3__leaf_clk (net)
                      0.060768    0.000736    0.521740 ^ _634_/CLK (sky130_fd_sc_hd__dfrtp_1)
     2    0.008734    0.090782    0.360975    0.882715 ^ _634_/Q (sky130_fd_sc_hd__dfrtp_1)
                                                         net43 (net)
                      0.090782    0.000054    0.882769 ^ max_cap569/A (sky130_fd_sc_hd__clkbuf_1)
     2    0.006001    0.079745    0.118957    1.001726 ^ max_cap569/X (sky130_fd_sc_hd__clkbuf_1)
                                                         net569 (net)
                      0.079745    0.000081    1.001807 ^ _452_/B1 (sky130_fd_sc_hd__a21oi_1)
     1    0.003328    0.035299    0.047576    1.049383 v _452_/Y (sky130_fd_sc_hd__a21oi_1)
                                                         _239_ (net)
                      0.035299    0.000029    1.049412 v _453_/B (sky130_fd_sc_hd__nor2_1)
     1    0.002488    0.073023    0.074091    1.123503 ^ _453_/Y (sky130_fd_sc_hd__nor2_1)
                                                         acc_core.adder.cla_blocks[0].block.p[0] (net)
                      0.073023    0.000014    1.123518 ^ _634_/D (sky130_fd_sc_hd__dfrtp_1)
                                              1.123518   data arrival time

                                  0.000000    0.000000   clock clk (rise edge)
                                  0.000000    0.000000   clock source latency
     1    0.030636    0.143136    0.099091    0.099091 ^ clk (in)
                                                         clk (net)
                      0.143142    0.000000    0.099091 ^ clkbuf_0_clk/A (sky130_fd_sc_hd__clkbuf_16)
     8    0.130486    0.143741    0.240533    0.339624 ^ clkbuf_0_clk/X (sky130_fd_sc_hd__clkbuf_16)
                                                         clknet_0_clk (net)
                      0.144000    0.004178    0.343802 ^ clkbuf_3_3__f_clk/A (sky130_fd_sc_hd__clkbuf_16)
    10    0.040553    0.060757    0.177202    0.521004 ^ clkbuf_3_3__f_clk/X (sky130_fd_sc_hd__clkbuf_16)
                                                         clknet_3_3__leaf_clk (net)
                      0.060768    0.000736    0.521740 ^ _634_/CLK (sky130_fd_sc_hd__dfrtp_1)
                                  0.250000    0.771740   clock uncertainty
                                  0.000000    0.771740   clock reconvergence pessimism
                                 -0.038472    0.733268   library hold time
                                              0.733268   data required time
---------------------------------------------------------------------------------------------
                                              0.733268   data required time
                                             -1.123518   data arrival time
---------------------------------------------------------------------------------------------
                                              0.390250   slack (MET)


Startpoint: _595_ (rising edge-triggered flip-flop clocked by clk)
Endpoint: _596_ (rising edge-triggered flip-flop clocked by clk)
Path Group: clk
Path Type: min

Fanout         Cap        Slew       Delay        Time   Description
---------------------------------------------------------------------------------------------
                                  0.000000    0.000000   clock clk (rise edge)
                                  0.000000    0.000000   clock source latency
     1    0.030636    0.143136    0.099091    0.099091 ^ clk (in)
                                                         clk (net)
                      0.143142    0.000000    0.099091 ^ clkbuf_0_clk/A (sky130_fd_sc_hd__clkbuf_16)
     8    0.130486    0.143741    0.240533    0.339624 ^ clkbuf_0_clk/X (sky130_fd_sc_hd__clkbuf_16)
                                                         clknet_0_clk (net)
                      0.144155    0.005613    0.345237 ^ clkbuf_3_2__f_clk/A (sky130_fd_sc_hd__clkbuf_16)
    10    0.047671    0.067122    0.182525    0.527762 ^ clkbuf_3_2__f_clk/X (sky130_fd_sc_hd__clkbuf_16)
                                                         clknet_3_2__leaf_clk (net)
                      0.067127    0.000666    0.528428 ^ _595_/CLK (sky130_fd_sc_hd__dfrtp_1)
     3    0.008206    0.087023    0.359730    0.888158 ^ _595_/Q (sky130_fd_sc_hd__dfrtp_1)
                                                         rd_addr[3] (net)
                      0.087023    0.000152    0.888310 ^ max_cap611/A (sky130_fd_sc_hd__clkbuf_1)
     2    0.005178    0.070549    0.111400    0.999710 ^ max_cap611/X (sky130_fd_sc_hd__clkbuf_1)
                                                         net611 (net)
                      0.070549    0.000047    0.999757 ^ _293_/A1 (sky130_fd_sc_hd__a21oi_1)
     1    0.003567    0.030586    0.066286    1.066042 v _293_/Y (sky130_fd_sc_hd__a21oi_1)
                                                         _087_ (net)
                      0.030586    0.000049    1.066091 v _294_/B (sky130_fd_sc_hd__nor2_1)
     1    0.002657    0.073526    0.074645    1.140736 ^ _294_/Y (sky130_fd_sc_hd__nor2_1)
                                                         _078_ (net)
                      0.073526    0.000027    1.140763 ^ _596_/D (sky130_fd_sc_hd__dfrtp_1)
                                              1.140763   data arrival time

                                  0.000000    0.000000   clock clk (rise edge)
                                  0.000000    0.000000   clock source latency
     1    0.030636    0.143136    0.099091    0.099091 ^ clk (in)
                                                         clk (net)
                      0.143142    0.000000    0.099091 ^ clkbuf_0_clk/A (sky130_fd_sc_hd__clkbuf_16)
     8    0.130486    0.143741    0.240533    0.339624 ^ clkbuf_0_clk/X (sky130_fd_sc_hd__clkbuf_16)
                                                         clknet_0_clk (net)
                      0.144155    0.005613    0.345237 ^ clkbuf_3_2__f_clk/A (sky130_fd_sc_hd__clkbuf_16)
    10    0.047671    0.067122    0.182525    0.527762 ^ clkbuf_3_2__f_clk/X (sky130_fd_sc_hd__clkbuf_16)
                                                         clknet_3_2__leaf_clk (net)
                      0.067132    0.000831    0.528593 ^ _596_/CLK (sky130_fd_sc_hd__dfrtp_1)
                                  0.250000    0.778593   clock uncertainty
                                  0.000000    0.778593   clock reconvergence pessimism
                                 -0.037703    0.740890   library hold time
                                              0.740890   data required time
---------------------------------------------------------------------------------------------
                                              0.740890   data required time
                                             -1.140763   data arrival time
---------------------------------------------------------------------------------------------
                                              0.399874   slack (MET)


Startpoint: _599_ (rising edge-triggered flip-flop clocked by clk)
Endpoint: _599_ (rising edge-triggered flip-flop clocked by clk)
Path Group: clk
Path Type: min

Fanout         Cap        Slew       Delay        Time   Description
---------------------------------------------------------------------------------------------
                                  0.000000    0.000000   clock clk (rise edge)
                                  0.000000    0.000000   clock source latency
     1    0.030636    0.143136    0.099091    0.099091 ^ clk (in)
                                                         clk (net)
                      0.143142    0.000000    0.099091 ^ clkbuf_0_clk/A (sky130_fd_sc_hd__clkbuf_16)
     8    0.130486    0.143741    0.240533    0.339624 ^ clkbuf_0_clk/X (sky130_fd_sc_hd__clkbuf_16)
                                                         clknet_0_clk (net)
                      0.144155    0.005613    0.345237 ^ clkbuf_3_2__f_clk/A (sky130_fd_sc_hd__clkbuf_16)
    10    0.047671    0.067122    0.182525    0.527762 ^ clkbuf_3_2__f_clk/X (sky130_fd_sc_hd__clkbuf_16)
                                                         clknet_3_2__leaf_clk (net)
                      0.067139    0.001005    0.528766 ^ _599_/CLK (sky130_fd_sc_hd__dfrtp_1)
     1    0.003478    0.050380    0.327798    0.856564 ^ _599_/Q (sky130_fd_sc_hd__dfrtp_1)
                                                         rd_addr[7] (net)
                      0.050380    0.000048    0.856612 ^ wire605/A (sky130_fd_sc_hd__clkbuf_1)
     2    0.006715    0.087585    0.113719    0.970331 ^ wire605/X (sky130_fd_sc_hd__clkbuf_1)
                                                         net605 (net)
                      0.087585    0.000021    0.970352 ^ max_cap604/A (sky130_fd_sc_hd__clkbuf_1)
     1    0.005094    0.069619    0.110885    1.081237 ^ max_cap604/X (sky130_fd_sc_hd__clkbuf_1)
                                                         net604 (net)
                      0.069619    0.000033    1.081270 ^ _289_/A (sky130_fd_sc_hd__xor2_1)
     1    0.003180    0.037759    0.067473    1.148743 v _289_/X (sky130_fd_sc_hd__xor2_1)
                                                         _081_ (net)
                      0.037759    0.000040    1.148783 v _599_/D (sky130_fd_sc_hd__dfrtp_1)
                                              1.148783   data arrival time

                                  0.000000    0.000000   clock clk (rise edge)
                                  0.000000    0.000000   clock source latency
     1    0.030636    0.143136    0.099091    0.099091 ^ clk (in)
                                                         clk (net)
                      0.143142    0.000000    0.099091 ^ clkbuf_0_clk/A (sky130_fd_sc_hd__clkbuf_16)
     8    0.130486    0.143741    0.240533    0.339624 ^ clkbuf_0_clk/X (sky130_fd_sc_hd__clkbuf_16)
                                                         clknet_0_clk (net)
                      0.144155    0.005613    0.345237 ^ clkbuf_3_2__f_clk/A (sky130_fd_sc_hd__clkbuf_16)
    10    0.047671    0.067122    0.182525    0.527762 ^ clkbuf_3_2__f_clk/X (sky130_fd_sc_hd__clkbuf_16)
                                                         clknet_3_2__leaf_clk (net)
                      0.067139    0.001005    0.528766 ^ _599_/CLK (sky130_fd_sc_hd__dfrtp_1)
                                  0.250000    0.778766   clock uncertainty
                                  0.000000    0.778766   clock reconvergence pessimism
                                 -0.037778    0.740988   library hold time
                                              0.740988   data required time
---------------------------------------------------------------------------------------------
                                              0.740988   data required time
                                             -1.148783   data arrival time
---------------------------------------------------------------------------------------------
                                              0.407795   slack (MET)


Startpoint: _665_ (rising edge-triggered flip-flop clocked by clk)
Endpoint: _665_ (rising edge-triggered flip-flop clocked by clk)
Path Group: clk
Path Type: min

Fanout         Cap        Slew       Delay        Time   Description
---------------------------------------------------------------------------------------------
                                  0.000000    0.000000   clock clk (rise edge)
                                  0.000000    0.000000   clock source latency
     1    0.030636    0.143136    0.099091    0.099091 ^ clk (in)
                                                         clk (net)
                      0.143142    0.000000    0.099091 ^ clkbuf_0_clk/A (sky130_fd_sc_hd__clkbuf_16)
     8    0.130486    0.143741    0.240533    0.339624 ^ clkbuf_0_clk/X (sky130_fd_sc_hd__clkbuf_16)
                                                         clknet_0_clk (net)
                      0.143971    0.003841    0.343466 ^ clkbuf_3_5__f_clk/A (sky130_fd_sc_hd__clkbuf_16)
    15    0.047278    0.066748    0.182039    0.525504 ^ clkbuf_3_5__f_clk/X (sky130_fd_sc_hd__clkbuf_16)
                                                         clknet_3_5__leaf_clk (net)
                      0.066782    0.001340    0.526844 ^ _665_/CLK (sky130_fd_sc_hd__dfrtp_1)
     2    0.005045    0.062077    0.338321    0.865165 ^ _665_/Q (sky130_fd_sc_hd__dfrtp_1)
                                                         net67 (net)
                      0.062077    0.000040    0.865205 ^ max_cap524/A (sky130_fd_sc_hd__clkbuf_1)
     1    0.005331    0.072099    0.105988    0.971193 ^ max_cap524/X (sky130_fd_sc_hd__clkbuf_1)
                                                         net524 (net)
                      0.072099    0.000066    0.971259 ^ _509_/A (sky130_fd_sc_hd__xor2_1)
     1    0.004532    0.043010    0.075234    1.046493 v _509_/X (sky130_fd_sc_hd__xor2_1)
                                                         _260_ (net)
                      0.043010    0.000021    1.046514 v _516_/A (sky130_fd_sc_hd__xnor2_1)
     1    0.002870    0.036130    0.118428    1.164942 v _516_/Y (sky130_fd_sc_hd__xnor2_1)
                                                         acc_core.adder.cla_blocks[7].block.sum[3] (net)
                      0.036130    0.000034    1.164976 v _665_/D (sky130_fd_sc_hd__dfrtp_1)
                                              1.164976   data arrival time

                                  0.000000    0.000000   clock clk (rise edge)
                                  0.000000    0.000000   clock source latency
     1    0.030636    0.143136    0.099091    0.099091 ^ clk (in)
                                                         clk (net)
                      0.143142    0.000000    0.099091 ^ clkbuf_0_clk/A (sky130_fd_sc_hd__clkbuf_16)
     8    0.130486    0.143741    0.240533    0.339624 ^ clkbuf_0_clk/X (sky130_fd_sc_hd__clkbuf_16)
                                                         clknet_0_clk (net)
                      0.143971    0.003841    0.343466 ^ clkbuf_3_5__f_clk/A (sky130_fd_sc_hd__clkbuf_16)
    15    0.047278    0.066748    0.182039    0.525504 ^ clkbuf_3_5__f_clk/X (sky130_fd_sc_hd__clkbuf_16)
                                                         clknet_3_5__leaf_clk (net)
                      0.066782    0.001340    0.526844 ^ _665_/CLK (sky130_fd_sc_hd__dfrtp_1)
                                  0.250000    0.776844   clock uncertainty
                                  0.000000    0.776844   clock reconvergence pessimism
                                 -0.037197    0.739647   library hold time
                                              0.739647   data required time
---------------------------------------------------------------------------------------------
                                              0.739647   data required time
                                             -1.164976   data arrival time
---------------------------------------------------------------------------------------------
                                              0.425329   slack (MET)


Startpoint: _592_ (rising edge-triggered flip-flop clocked by clk)
Endpoint: _593_ (rising edge-triggered flip-flop clocked by clk)
Path Group: clk
Path Type: min

Fanout         Cap        Slew       Delay        Time   Description
---------------------------------------------------------------------------------------------
                                  0.000000    0.000000   clock clk (rise edge)
                                  0.000000    0.000000   clock source latency
     1    0.030636    0.143136    0.099091    0.099091 ^ clk (in)
                                                         clk (net)
                      0.143142    0.000000    0.099091 ^ clkbuf_0_clk/A (sky130_fd_sc_hd__clkbuf_16)
     8    0.130486    0.143741    0.240533    0.339624 ^ clkbuf_0_clk/X (sky130_fd_sc_hd__clkbuf_16)
                                                         clknet_0_clk (net)
                      0.144155    0.005613    0.345237 ^ clkbuf_3_2__f_clk/A (sky130_fd_sc_hd__clkbuf_16)
    10    0.047671    0.067122    0.182525    0.527762 ^ clkbuf_3_2__f_clk/X (sky130_fd_sc_hd__clkbuf_16)
                                                         clknet_3_2__leaf_clk (net)
                      0.067122    0.000335    0.528096 ^ _592_/CLK (sky130_fd_sc_hd__dfrtp_1)
     2    0.006203    0.071108    0.346259    0.874355 ^ _592_/Q (sky130_fd_sc_hd__dfrtp_1)
                                                         rd_addr[0] (net)
                      0.071108    0.000058    0.874413 ^ _285_/B (sky130_fd_sc_hd__nand2_1)
     2    0.007476    0.062042    0.080015    0.954428 v _285_/Y (sky130_fd_sc_hd__nand2_1)
                                                         _082_ (net)
                      0.062042    0.000092    0.954520 v max_cap523/A (sky130_fd_sc_hd__clkbuf_1)
     1    0.005666    0.041655    0.108488    1.063008 v max_cap523/X (sky130_fd_sc_hd__clkbuf_1)
                                                         net523 (net)
                      0.041655    0.000069    1.063077 v _298_/B (sky130_fd_sc_hd__xnor2_1)
     1    0.002194    0.031745    0.112352    1.175428 v _298_/Y (sky130_fd_sc_hd__xnor2_1)
                                                         _075_ (net)
                      0.031745    0.000019    1.175447 v _593_/D (sky130_fd_sc_hd__dfrtp_1)
                                              1.175447   data arrival time

                                  0.000000    0.000000   clock clk (rise edge)
                                  0.000000    0.000000   clock source latency
     1    0.030636    0.143136    0.099091    0.099091 ^ clk (in)
                                                         clk (net)
                      0.143142    0.000000    0.099091 ^ clkbuf_0_clk/A (sky130_fd_sc_hd__clkbuf_16)
     8    0.130486    0.143741    0.240533    0.339624 ^ clkbuf_0_clk/X (sky130_fd_sc_hd__clkbuf_16)
                                                         clknet_0_clk (net)
                      0.144155    0.005613    0.345237 ^ clkbuf_3_2__f_clk/A (sky130_fd_sc_hd__clkbuf_16)
    10    0.047671    0.067122    0.182525    0.527762 ^ clkbuf_3_2__f_clk/X (sky130_fd_sc_hd__clkbuf_16)
                                                         clknet_3_2__leaf_clk (net)
                      0.067122    0.000268    0.528030 ^ _593_/CLK (sky130_fd_sc_hd__dfrtp_1)
                                  0.250000    0.778030   clock uncertainty
                                  0.000000    0.778030   clock reconvergence pessimism
                                 -0.035334    0.742695   library hold time
                                              0.742695   data required time
---------------------------------------------------------------------------------------------
                                              0.742695   data required time
                                             -1.175447   data arrival time
---------------------------------------------------------------------------------------------
                                              0.432752   slack (MET)


Startpoint: _599_ (rising edge-triggered flip-flop clocked by clk)
Endpoint: sram0 (falling edge-triggered flip-flop clocked by clk)
Path Group: clk
Path Type: min

Fanout         Cap        Slew       Delay        Time   Description
---------------------------------------------------------------------------------------------
                                  0.000000    0.000000   clock clk (rise edge)
                                  0.000000    0.000000   clock source latency
     1    0.030636    0.143136    0.099091    0.099091 ^ clk (in)
                                                         clk (net)
                      0.143142    0.000000    0.099091 ^ clkbuf_0_clk/A (sky130_fd_sc_hd__clkbuf_16)
     8    0.130486    0.143741    0.240533    0.339624 ^ clkbuf_0_clk/X (sky130_fd_sc_hd__clkbuf_16)
                                                         clknet_0_clk (net)
                      0.144155    0.005613    0.345237 ^ clkbuf_3_2__f_clk/A (sky130_fd_sc_hd__clkbuf_16)
    10    0.047671    0.067122    0.182525    0.527762 ^ clkbuf_3_2__f_clk/X (sky130_fd_sc_hd__clkbuf_16)
                                                         clknet_3_2__leaf_clk (net)
                      0.067139    0.001005    0.528766 ^ _599_/CLK (sky130_fd_sc_hd__dfrtp_1)
     1    0.003478    0.050380    0.327798    0.856564 ^ _599_/Q (sky130_fd_sc_hd__dfrtp_1)
                                                         rd_addr[7] (net)
                      0.050380    0.000048    0.856612 ^ wire605/A (sky130_fd_sc_hd__clkbuf_1)
     2    0.006715    0.087585    0.113719    0.970331 ^ wire605/X (sky130_fd_sc_hd__clkbuf_1)
                                                         net605 (net)
                      0.087585    0.000084    0.970415 ^ _461_/A0 (sky130_fd_sc_hd__mux2_1)
     1    0.012957    0.123104    0.195358    1.165773 ^ _461_/X (sky130_fd_sc_hd__mux2_1)
                                                         addr0[7] (net)
                      0.164139    0.000367    1.166139 ^ sram0/addr0[7] (sky130_sram_1kbyte_1rw1r_32x256_8)
                                              1.166139   data arrival time

                                  0.000000    0.000000   clock clk (rise edge)
                                  0.000000    0.000000   clock source latency
     1    0.030636    0.143136    0.099091    0.099091 ^ clk (in)
                                                         clk (net)
                      0.143142    0.000000    0.099091 ^ clkbuf_0_clk/A (sky130_fd_sc_hd__clkbuf_16)
     8    0.130486    0.143741    0.240533    0.339624 ^ clkbuf_0_clk/X (sky130_fd_sc_hd__clkbuf_16)
                                                         clknet_0_clk (net)
                      0.144155    0.005613    0.345237 ^ clkbuf_3_2__f_clk/A (sky130_fd_sc_hd__clkbuf_16)
    10    0.047671    0.067122    0.182525    0.527762 ^ clkbuf_3_2__f_clk/X (sky130_fd_sc_hd__clkbuf_16)
                                                         clknet_3_2__leaf_clk (net)
                      0.089500    0.000558    0.528320 ^ sram0/clk0 (sky130_sram_1kbyte_1rw1r_32x256_8)
                                  0.250000    0.778320   clock uncertainty
                                  0.000000    0.778320   clock reconvergence pessimism
                                 -0.056000    0.722320   library hold time
                                              0.722320   data required time
---------------------------------------------------------------------------------------------
                                              0.722320   data required time
                                             -1.166139   data arrival time
---------------------------------------------------------------------------------------------
                                              0.443820   slack (MET)


Startpoint: _632_ (rising edge-triggered flip-flop clocked by clk)
Endpoint: _664_ (rising edge-triggered flip-flop clocked by clk)
Path Group: clk
Path Type: min

Fanout         Cap        Slew       Delay        Time   Description
---------------------------------------------------------------------------------------------
                                  0.000000    0.000000   clock clk (rise edge)
                                  0.000000    0.000000   clock source latency
     1    0.030636    0.143136    0.099091    0.099091 ^ clk (in)
                                                         clk (net)
                      0.143142    0.000000    0.099091 ^ clkbuf_0_clk/A (sky130_fd_sc_hd__clkbuf_16)
     8    0.130486    0.143741    0.240533    0.339624 ^ clkbuf_0_clk/X (sky130_fd_sc_hd__clkbuf_16)
                                                         clknet_0_clk (net)
                      0.143971    0.003841    0.343466 ^ clkbuf_3_5__f_clk/A (sky130_fd_sc_hd__clkbuf_16)
    15    0.047278    0.066748    0.182039    0.525504 ^ clkbuf_3_5__f_clk/X (sky130_fd_sc_hd__clkbuf_16)
                                                         clknet_3_5__leaf_clk (net)
                      0.066765    0.001018    0.526523 ^ _632_/CLK (sky130_fd_sc_hd__dfrtp_1)
     2    0.006886    0.076500    0.350712    0.877234 ^ _632_/Q (sky130_fd_sc_hd__dfrtp_1)
                                                         dout0_q[30] (net)
                      0.076500    0.000102    0.877337 ^ _510_/A2 (sky130_fd_sc_hd__a21o_1)
     2    0.006398    0.063744    0.134959    1.012296 ^ _510_/X (sky130_fd_sc_hd__a21o_1)
                                                         _261_ (net)
                      0.063744    0.000087    1.012384 ^ _514_/A (sky130_fd_sc_hd__nand2_1)
     1    0.005027    0.043449    0.061685    1.074069 v _514_/Y (sky130_fd_sc_hd__nand2_1)
                                                         _265_ (net)
                      0.043449    0.000054    1.074123 v _518_/A (sky130_fd_sc_hd__xnor2_1)
     1    0.002481    0.032781    0.116229    1.190352 v _518_/Y (sky130_fd_sc_hd__xnor2_1)
                                                         acc_core.adder.cla_blocks[7].block.sum[2] (net)
                      0.032781    0.000024    1.190376 v _664_/D (sky130_fd_sc_hd__dfrtp_1)
                                              1.190376   data arrival time

                                  0.000000    0.000000   clock clk (rise edge)
                                  0.000000    0.000000   clock source latency
     1    0.030636    0.143136    0.099091    0.099091 ^ clk (in)
                                                         clk (net)
                      0.143142    0.000000    0.099091 ^ clkbuf_0_clk/A (sky130_fd_sc_hd__clkbuf_16)
     8    0.130486    0.143741    0.240533    0.339624 ^ clkbuf_0_clk/X (sky130_fd_sc_hd__clkbuf_16)
                                                         clknet_0_clk (net)
                      0.143971    0.003841    0.343466 ^ clkbuf_3_5__f_clk/A (sky130_fd_sc_hd__clkbuf_16)
    15    0.047278    0.066748    0.182039    0.525504 ^ clkbuf_3_5__f_clk/X (sky130_fd_sc_hd__clkbuf_16)
                                                         clknet_3_5__leaf_clk (net)
                      0.066780    0.001310    0.526815 ^ _664_/CLK (sky130_fd_sc_hd__dfrtp_1)
                                  0.250000    0.776815   clock uncertainty
                                  0.000000    0.776815   clock reconvergence pessimism
                                 -0.035834    0.740980   library hold time
                                              0.740980   data required time
---------------------------------------------------------------------------------------------
                                              0.740980   data required time
                                             -1.190376   data arrival time
---------------------------------------------------------------------------------------------
                                              0.449396   slack (MET)


Startpoint: _594_ (rising edge-triggered flip-flop clocked by clk)
Endpoint: _594_ (rising edge-triggered flip-flop clocked by clk)
Path Group: clk
Path Type: min

Fanout         Cap        Slew       Delay        Time   Description
---------------------------------------------------------------------------------------------
                                  0.000000    0.000000   clock clk (rise edge)
                                  0.000000    0.000000   clock source latency
     1    0.030636    0.143136    0.099091    0.099091 ^ clk (in)
                                                         clk (net)
                      0.143142    0.000000    0.099091 ^ clkbuf_0_clk/A (sky130_fd_sc_hd__clkbuf_16)
     8    0.130486    0.143741    0.240533    0.339624 ^ clkbuf_0_clk/X (sky130_fd_sc_hd__clkbuf_16)
                                                         clknet_0_clk (net)
                      0.144155    0.005613    0.345237 ^ clkbuf_3_2__f_clk/A (sky130_fd_sc_hd__clkbuf_16)
    10    0.047671    0.067122    0.182525    0.527762 ^ clkbuf_3_2__f_clk/X (sky130_fd_sc_hd__clkbuf_16)
                                                         clknet_3_2__leaf_clk (net)
                      0.067124    0.000530    0.528292 ^ _594_/CLK (sky130_fd_sc_hd__dfrtp_1)
     2    0.007302    0.079796    0.353648    0.881939 ^ _594_/Q (sky130_fd_sc_hd__dfrtp_1)
                                                         rd_addr[2] (net)
                      0.079796    0.000082    0.882022 ^ max_cap613/A (sky130_fd_sc_hd__clkbuf_1)
     2    0.005270    0.071524    0.110212    0.992233 ^ max_cap613/X (sky130_fd_sc_hd__clkbuf_1)
                                                         net613 (net)
                      0.071524    0.000052    0.992285 ^ _296_/B1 (sky130_fd_sc_hd__a31o_1)
     1    0.003118    0.043100    0.097663    1.089948 ^ _296_/X (sky130_fd_sc_hd__a31o_1)
                                                         _088_ (net)
                      0.043100    0.000043    1.089991 ^ _297_/B (sky130_fd_sc_hd__and2b_1)
     1    0.002723    0.040704    0.111567    1.201558 ^ _297_/X (sky130_fd_sc_hd__and2b_1)
                                                         _076_ (net)
                      0.040704    0.000029    1.201587 ^ _594_/D (sky130_fd_sc_hd__dfrtp_1)
                                              1.201587   data arrival time

                                  0.000000    0.000000   clock clk (rise edge)
                                  0.000000    0.000000   clock source latency
     1    0.030636    0.143136    0.099091    0.099091 ^ clk (in)
                                                         clk (net)
                      0.143142    0.000000    0.099091 ^ clkbuf_0_clk/A (sky130_fd_sc_hd__clkbuf_16)
     8    0.130486    0.143741    0.240533    0.339624 ^ clkbuf_0_clk/X (sky130_fd_sc_hd__clkbuf_16)
                                                         clknet_0_clk (net)
                      0.144155    0.005613    0.345237 ^ clkbuf_3_2__f_clk/A (sky130_fd_sc_hd__clkbuf_16)
    10    0.047671    0.067122    0.182525    0.527762 ^ clkbuf_3_2__f_clk/X (sky130_fd_sc_hd__clkbuf_16)
                                                         clknet_3_2__leaf_clk (net)
                      0.067124    0.000530    0.528292 ^ _594_/CLK (sky130_fd_sc_hd__dfrtp_1)
                                  0.250000    0.778292   clock uncertainty
                                  0.000000    0.778292   clock reconvergence pessimism
                                 -0.030843    0.747448   library hold time
                                              0.747448   data required time
---------------------------------------------------------------------------------------------
                                              0.747448   data required time
                                             -1.201587   data arrival time
---------------------------------------------------------------------------------------------
                                              0.454139   slack (MET)


Startpoint: _598_ (rising edge-triggered flip-flop clocked by clk)
Endpoint: sram0 (falling edge-triggered flip-flop clocked by clk)
Path Group: clk
Path Type: min

Fanout         Cap        Slew       Delay        Time   Description
---------------------------------------------------------------------------------------------
                                  0.000000    0.000000   clock clk (rise edge)
                                  0.000000    0.000000   clock source latency
     1    0.030636    0.143136    0.099091    0.099091 ^ clk (in)
                                                         clk (net)
                      0.143142    0.000000    0.099091 ^ clkbuf_0_clk/A (sky130_fd_sc_hd__clkbuf_16)
     8    0.130486    0.143741    0.240533    0.339624 ^ clkbuf_0_clk/X (sky130_fd_sc_hd__clkbuf_16)
                                                         clknet_0_clk (net)
                      0.144155    0.005613    0.345237 ^ clkbuf_3_2__f_clk/A (sky130_fd_sc_hd__clkbuf_16)
    10    0.047671    0.067122    0.182525    0.527762 ^ clkbuf_3_2__f_clk/X (sky130_fd_sc_hd__clkbuf_16)
                                                         clknet_3_2__leaf_clk (net)
                      0.067138    0.000978    0.528740 ^ _598_/CLK (sky130_fd_sc_hd__dfrtp_1)
     2    0.006998    0.077384    0.351616    0.880356 ^ _598_/Q (sky130_fd_sc_hd__dfrtp_1)
                                                         rd_addr[6] (net)
                      0.077384    0.000088    0.880444 ^ max_cap606/A (sky130_fd_sc_hd__clkbuf_1)
     2    0.007664    0.098270    0.128699    1.009143 ^ max_cap606/X (sky130_fd_sc_hd__clkbuf_1)
                                                         net606 (net)
                      0.098270    0.000112    1.009255 ^ _460_/A0 (sky130_fd_sc_hd__mux2_1)
     1    0.012790    0.121701    0.197999    1.207253 ^ _460_/X (sky130_fd_sc_hd__mux2_1)
                                                         addr0[6] (net)
                      0.162267    0.000346    1.207599 ^ sram0/addr0[6] (sky130_sram_1kbyte_1rw1r_32x256_8)
                                              1.207599   data arrival time

                                  0.000000    0.000000   clock clk (rise edge)
                                  0.000000    0.000000   clock source latency
     1    0.030636    0.143136    0.099091    0.099091 ^ clk (in)
                                                         clk (net)
                      0.143142    0.000000    0.099091 ^ clkbuf_0_clk/A (sky130_fd_sc_hd__clkbuf_16)
     8    0.130486    0.143741    0.240533    0.339624 ^ clkbuf_0_clk/X (sky130_fd_sc_hd__clkbuf_16)
                                                         clknet_0_clk (net)
                      0.144155    0.005613    0.345237 ^ clkbuf_3_2__f_clk/A (sky130_fd_sc_hd__clkbuf_16)
    10    0.047671    0.067122    0.182525    0.527762 ^ clkbuf_3_2__f_clk/X (sky130_fd_sc_hd__clkbuf_16)
                                                         clknet_3_2__leaf_clk (net)
                      0.089500    0.000558    0.528320 ^ sram0/clk0 (sky130_sram_1kbyte_1rw1r_32x256_8)
                                  0.250000    0.778320   clock uncertainty
                                  0.000000    0.778320   clock reconvergence pessimism
                                 -0.056000    0.722320   library hold time
                                              0.722320   data required time
---------------------------------------------------------------------------------------------
                                              0.722320   data required time
                                             -1.207599   data arrival time
---------------------------------------------------------------------------------------------
                                              0.485280   slack (MET)


Startpoint: _592_ (rising edge-triggered flip-flop clocked by clk)
Endpoint: sram0 (falling edge-triggered flip-flop clocked by clk)
Path Group: clk
Path Type: min

Fanout         Cap        Slew       Delay        Time   Description
---------------------------------------------------------------------------------------------
                                  0.000000    0.000000   clock clk (rise edge)
                                  0.000000    0.000000   clock source latency
     1    0.030636    0.143136    0.099091    0.099091 ^ clk (in)
                                                         clk (net)
                      0.143142    0.000000    0.099091 ^ clkbuf_0_clk/A (sky130_fd_sc_hd__clkbuf_16)
     8    0.130486    0.143741    0.240533    0.339624 ^ clkbuf_0_clk/X (sky130_fd_sc_hd__clkbuf_16)
                                                         clknet_0_clk (net)
                      0.144155    0.005613    0.345237 ^ clkbuf_3_2__f_clk/A (sky130_fd_sc_hd__clkbuf_16)
    10    0.047671    0.067122    0.182525    0.527762 ^ clkbuf_3_2__f_clk/X (sky130_fd_sc_hd__clkbuf_16)
                                                         clknet_3_2__leaf_clk (net)
                      0.067122    0.000335    0.528096 ^ _592_/CLK (sky130_fd_sc_hd__dfrtp_1)
     2    0.006203    0.071108    0.346259    0.874355 ^ _592_/Q (sky130_fd_sc_hd__dfrtp_1)
                                                         rd_addr[0] (net)
                      0.071108    0.000058    0.874413 ^ _285_/B (sky130_fd_sc_hd__nand2_1)
     2    0.007476    0.062042    0.080015    0.954428 v _285_/Y (sky130_fd_sc_hd__nand2_1)
                                                         _082_ (net)
                      0.062042    0.000137    0.954565 v _454_/B1_N (sky130_fd_sc_hd__a21bo_1)
     1    0.016949    0.146645    0.257942    1.212508 ^ _454_/X (sky130_fd_sc_hd__a21bo_1)
                                                         addr0[0] (net)
                      0.195532    0.001038    1.213545 ^ sram0/addr0[0] (sky130_sram_1kbyte_1rw1r_32x256_8)
                                              1.213545   data arrival time

                                  0.000000    0.000000   clock clk (rise edge)
                                  0.000000    0.000000   clock source latency
     1    0.030636    0.143136    0.099091    0.099091 ^ clk (in)
                                                         clk (net)
                      0.143142    0.000000    0.099091 ^ clkbuf_0_clk/A (sky130_fd_sc_hd__clkbuf_16)
     8    0.130486    0.143741    0.240533    0.339624 ^ clkbuf_0_clk/X (sky130_fd_sc_hd__clkbuf_16)
                                                         clknet_0_clk (net)
                      0.144155    0.005613    0.345237 ^ clkbuf_3_2__f_clk/A (sky130_fd_sc_hd__clkbuf_16)
    10    0.047671    0.067122    0.182525    0.527762 ^ clkbuf_3_2__f_clk/X (sky130_fd_sc_hd__clkbuf_16)
                                                         clknet_3_2__leaf_clk (net)
                      0.089500    0.000558    0.528320 ^ sram0/clk0 (sky130_sram_1kbyte_1rw1r_32x256_8)
                                  0.250000    0.778320   clock uncertainty
                                  0.000000    0.778320   clock reconvergence pessimism
                                 -0.056000    0.722320   library hold time
                                              0.722320   data required time
---------------------------------------------------------------------------------------------
                                              0.722320   data required time
                                             -1.213545   data arrival time
---------------------------------------------------------------------------------------------
                                              0.491226   slack (MET)


Startpoint: _592_ (rising edge-triggered flip-flop clocked by clk)
Endpoint: _592_ (rising edge-triggered flip-flop clocked by clk)
Path Group: clk
Path Type: min

Fanout         Cap        Slew       Delay        Time   Description
---------------------------------------------------------------------------------------------
                                  0.000000    0.000000   clock clk (rise edge)
                                  0.000000    0.000000   clock source latency
     1    0.030636    0.143136    0.099091    0.099091 ^ clk (in)
                                                         clk (net)
                      0.143142    0.000000    0.099091 ^ clkbuf_0_clk/A (sky130_fd_sc_hd__clkbuf_16)
     8    0.130486    0.143741    0.240533    0.339624 ^ clkbuf_0_clk/X (sky130_fd_sc_hd__clkbuf_16)
                                                         clknet_0_clk (net)
                      0.144155    0.005613    0.345237 ^ clkbuf_3_2__f_clk/A (sky130_fd_sc_hd__clkbuf_16)
    10    0.047671    0.067122    0.182525    0.527762 ^ clkbuf_3_2__f_clk/X (sky130_fd_sc_hd__clkbuf_16)
                                                         clknet_3_2__leaf_clk (net)
                      0.067122    0.000335    0.528096 ^ _592_/CLK (sky130_fd_sc_hd__dfrtp_1)
     2    0.006203    0.071108    0.346259    0.874355 ^ _592_/Q (sky130_fd_sc_hd__dfrtp_1)
                                                         rd_addr[0] (net)
                      0.071108    0.000040    0.874395 ^ max_cap618/A (sky130_fd_sc_hd__clkbuf_1)
     2    0.006285    0.082827    0.116002    0.990398 ^ max_cap618/X (sky130_fd_sc_hd__clkbuf_1)
                                                         net618 (net)
                      0.082827    0.000088    0.990486 ^ max_cap617/A (sky130_fd_sc_hd__clkbuf_1)
     2    0.004360    0.063569    0.103768    1.094254 ^ max_cap617/X (sky130_fd_sc_hd__clkbuf_1)
                                                         net617 (net)
                      0.063569    0.000018    1.094271 ^ max_cap616/A (sky130_fd_sc_hd__clkbuf_1)
     1    0.005171    0.070317    0.105124    1.199395 ^ max_cap616/X (sky130_fd_sc_hd__clkbuf_1)
                                                         net616 (net)
                      0.070317    0.000031    1.199425 ^ _299_/B (sky130_fd_sc_hd__xnor2_1)
     1    0.003049    0.036282    0.063638    1.263063 v _299_/Y (sky130_fd_sc_hd__xnor2_1)
                                                         _074_ (net)
                      0.036282    0.000039    1.263102 v _592_/D (sky130_fd_sc_hd__dfrtp_1)
                                              1.263102   data arrival time

                                  0.000000    0.000000   clock clk (rise edge)
                                  0.000000    0.000000   clock source latency
     1    0.030636    0.143136    0.099091    0.099091 ^ clk (in)
                                                         clk (net)
                      0.143142    0.000000    0.099091 ^ clkbuf_0_clk/A (sky130_fd_sc_hd__clkbuf_16)
     8    0.130486    0.143741    0.240533    0.339624 ^ clkbuf_0_clk/X (sky130_fd_sc_hd__clkbuf_16)
                                                         clknet_0_clk (net)
                      0.144155    0.005613    0.345237 ^ clkbuf_3_2__f_clk/A (sky130_fd_sc_hd__clkbuf_16)
    10    0.047671    0.067122    0.182525    0.527762 ^ clkbuf_3_2__f_clk/X (sky130_fd_sc_hd__clkbuf_16)
                                                         clknet_3_2__leaf_clk (net)
                      0.067122    0.000335    0.528096 ^ _592_/CLK (sky130_fd_sc_hd__dfrtp_1)
                                  0.250000    0.778096   clock uncertainty
                                  0.000000    0.778096   clock reconvergence pessimism
                                 -0.037181    0.740915   library hold time
                                              0.740915   data required time
---------------------------------------------------------------------------------------------
                                              0.740915   data required time
                                             -1.263102   data arrival time
---------------------------------------------------------------------------------------------
                                              0.522187   slack (MET)


Startpoint: _631_ (rising edge-triggered flip-flop clocked by clk)
Endpoint: _663_ (rising edge-triggered flip-flop clocked by clk)
Path Group: clk
Path Type: min

Fanout         Cap        Slew       Delay        Time   Description
---------------------------------------------------------------------------------------------
                                  0.000000    0.000000   clock clk (rise edge)
                                  0.000000    0.000000   clock source latency
     1    0.030636    0.143136    0.099091    0.099091 ^ clk (in)
                                                         clk (net)
                      0.143142    0.000000    0.099091 ^ clkbuf_0_clk/A (sky130_fd_sc_hd__clkbuf_16)
     8    0.130486    0.143741    0.240533    0.339624 ^ clkbuf_0_clk/X (sky130_fd_sc_hd__clkbuf_16)
                                                         clknet_0_clk (net)
                      0.143971    0.003841    0.343466 ^ clkbuf_3_5__f_clk/A (sky130_fd_sc_hd__clkbuf_16)
    15    0.047278    0.066748    0.182039    0.525504 ^ clkbuf_3_5__f_clk/X (sky130_fd_sc_hd__clkbuf_16)
                                                         clknet_3_5__leaf_clk (net)
                      0.066759    0.000866    0.526370 ^ _631_/CLK (sky130_fd_sc_hd__dfrtp_1)
     2    0.006577    0.074054    0.348622    0.874992 ^ _631_/Q (sky130_fd_sc_hd__dfrtp_1)
                                                         dout0_q[29] (net)
                      0.074054    0.000106    0.875098 ^ _302_/B (sky130_fd_sc_hd__and3_1)
     1    0.002749    0.048922    0.148316    1.023414 ^ _302_/X (sky130_fd_sc_hd__and3_1)
                                                         _091_ (net)
                      0.048922    0.000026    1.023440 ^ wire516/A (sky130_fd_sc_hd__clkbuf_1)
     2    0.005470    0.073612    0.103279    1.126719 ^ wire516/X (sky130_fd_sc_hd__clkbuf_1)
                                                         net516 (net)
                      0.073612    0.000042    1.126761 ^ _449_/A2 (sky130_fd_sc_hd__o22ai_1)
     1    0.003552    0.048226    0.079276    1.206037 v _449_/Y (sky130_fd_sc_hd__o22ai_1)
                                                         _238_ (net)
                      0.048226    0.000047    1.206084 v _450_/B (sky130_fd_sc_hd__nand2_1)
     1    0.003401    0.046515    0.066317    1.272400 ^ _450_/Y (sky130_fd_sc_hd__nand2_1)
                                                         acc_core.adder.cla_blocks[7].block.sum[1] (net)
                      0.046515    0.000045    1.272445 ^ _663_/D (sky130_fd_sc_hd__dfrtp_1)
                                              1.272445   data arrival time

                                  0.000000    0.000000   clock clk (rise edge)
                                  0.000000    0.000000   clock source latency
     1    0.030636    0.143136    0.099091    0.099091 ^ clk (in)
                                                         clk (net)
                      0.143142    0.000000    0.099091 ^ clkbuf_0_clk/A (sky130_fd_sc_hd__clkbuf_16)
     8    0.130486    0.143741    0.240533    0.339624 ^ clkbuf_0_clk/X (sky130_fd_sc_hd__clkbuf_16)
                                                         clknet_0_clk (net)
                      0.143971    0.003841    0.343466 ^ clkbuf_3_5__f_clk/A (sky130_fd_sc_hd__clkbuf_16)
    15    0.047278    0.066748    0.182039    0.525504 ^ clkbuf_3_5__f_clk/X (sky130_fd_sc_hd__clkbuf_16)
                                                         clknet_3_5__leaf_clk (net)
                      0.066777    0.001263    0.526767 ^ _663_/CLK (sky130_fd_sc_hd__dfrtp_1)
                                  0.250000    0.776767   clock uncertainty
                                  0.000000    0.776767   clock reconvergence pessimism
                                 -0.032105    0.744662   library hold time
                                              0.744662   data required time
---------------------------------------------------------------------------------------------
                                              0.744662   data required time
                                             -1.272445   data arrival time
---------------------------------------------------------------------------------------------
                                              0.527784   slack (MET)


Startpoint: _635_ (rising edge-triggered flip-flop clocked by clk)
Endpoint: _635_ (rising edge-triggered flip-flop clocked by clk)
Path Group: clk
Path Type: min

Fanout         Cap        Slew       Delay        Time   Description
---------------------------------------------------------------------------------------------
                                  0.000000    0.000000   clock clk (rise edge)
                                  0.000000    0.000000   clock source latency
     1    0.030636    0.143136    0.099091    0.099091 ^ clk (in)
                                                         clk (net)
                      0.143142    0.000000    0.099091 ^ clkbuf_0_clk/A (sky130_fd_sc_hd__clkbuf_16)
     8    0.130486    0.143741    0.240533    0.339624 ^ clkbuf_0_clk/X (sky130_fd_sc_hd__clkbuf_16)
                                                         clknet_0_clk (net)
                      0.144000    0.004178    0.343802 ^ clkbuf_3_3__f_clk/A (sky130_fd_sc_hd__clkbuf_16)
    10    0.040553    0.060757    0.177202    0.521004 ^ clkbuf_3_3__f_clk/X (sky130_fd_sc_hd__clkbuf_16)
                                                         clknet_3_3__leaf_clk (net)
                      0.060764    0.000628    0.521632 ^ _635_/CLK (sky130_fd_sc_hd__dfrtp_1)
     2    0.006070    0.070069    0.342983    0.864615 ^ _635_/Q (sky130_fd_sc_hd__dfrtp_1)
                                                         net54 (net)
                      0.070069    0.000060    0.864675 ^ max_cap567/A (sky130_fd_sc_hd__clkbuf_1)
     2    0.007084    0.091796    0.122090    0.986766 ^ max_cap567/X (sky130_fd_sc_hd__clkbuf_1)
                                                         net567 (net)
                      0.091796    0.000123    0.986888 ^ _404_/B1 (sky130_fd_sc_hd__a21o_1)
     2    0.005669    0.057982    0.106138    1.093026 ^ _404_/X (sky130_fd_sc_hd__a21o_1)
                                                         _193_ (net)
                      0.057982    0.000039    1.093065 ^ _405_/B (sky130_fd_sc_hd__nand2b_1)
     1    0.005685    0.053428    0.069566    1.162631 v _405_/Y (sky130_fd_sc_hd__nand2b_1)
                                                         _194_ (net)
                      0.053428    0.000054    1.162685 v _464_/B (sky130_fd_sc_hd__xnor2_1)
     1    0.002352    0.032318    0.118023    1.280708 v _464_/Y (sky130_fd_sc_hd__xnor2_1)
                                                         acc_core.adder.cla_blocks[0].block.sum[1] (net)
                      0.032318    0.000021    1.280729 v _635_/D (sky130_fd_sc_hd__dfrtp_1)
                                              1.280729   data arrival time

                                  0.000000    0.000000   clock clk (rise edge)
                                  0.000000    0.000000   clock source latency
     1    0.030636    0.143136    0.099091    0.099091 ^ clk (in)
                                                         clk (net)
                      0.143142    0.000000    0.099091 ^ clkbuf_0_clk/A (sky130_fd_sc_hd__clkbuf_16)
     8    0.130486    0.143741    0.240533    0.339624 ^ clkbuf_0_clk/X (sky130_fd_sc_hd__clkbuf_16)
                                                         clknet_0_clk (net)
                      0.144000    0.004178    0.343802 ^ clkbuf_3_3__f_clk/A (sky130_fd_sc_hd__clkbuf_16)
    10    0.040553    0.060757    0.177202    0.521004 ^ clkbuf_3_3__f_clk/X (sky130_fd_sc_hd__clkbuf_16)
                                                         clknet_3_3__leaf_clk (net)
                      0.060764    0.000628    0.521632 ^ _635_/CLK (sky130_fd_sc_hd__dfrtp_1)
                                  0.250000    0.771632   clock uncertainty
                                  0.000000    0.771632   clock reconvergence pessimism
                                 -0.037017    0.734615   library hold time
                                              0.734615   data required time
---------------------------------------------------------------------------------------------
                                              0.734615   data required time
                                             -1.280729   data arrival time
---------------------------------------------------------------------------------------------
                                              0.546114   slack (MET)


Startpoint: _658_ (rising edge-triggered flip-flop clocked by clk)
Endpoint: _658_ (rising edge-triggered flip-flop clocked by clk)
Path Group: clk
Path Type: min

Fanout         Cap        Slew       Delay        Time   Description
---------------------------------------------------------------------------------------------
                                  0.000000    0.000000   clock clk (rise edge)
                                  0.000000    0.000000   clock source latency
     1    0.030636    0.143136    0.099091    0.099091 ^ clk (in)
                                                         clk (net)
                      0.143142    0.000000    0.099091 ^ clkbuf_0_clk/A (sky130_fd_sc_hd__clkbuf_16)
     8    0.130486    0.143741    0.240533    0.339624 ^ clkbuf_0_clk/X (sky130_fd_sc_hd__clkbuf_16)
                                                         clknet_0_clk (net)
                      0.143963    0.003743    0.343367 ^ clkbuf_3_4__f_clk/A (sky130_fd_sc_hd__clkbuf_16)
    12    0.044256    0.063986    0.179637    0.523004 ^ clkbuf_3_4__f_clk/X (sky130_fd_sc_hd__clkbuf_16)
                                                         clknet_3_4__leaf_clk (net)
                      0.063986    0.000401    0.523405 ^ _658_/CLK (sky130_fd_sc_hd__dfrtp_1)
     2    0.004998    0.049085    0.372723    0.896128 v _658_/Q (sky130_fd_sc_hd__dfrtp_1)
                                                         net59 (net)
                      0.049085    0.000045    0.896173 v _324_/B1 (sky130_fd_sc_hd__a21oi_1)
     1    0.001957    0.075031    0.098143    0.994316 ^ _324_/Y (sky130_fd_sc_hd__a21oi_1)
                                                         _113_ (net)
                      0.075031    0.000018    0.994334 ^ _325_/B (sky130_fd_sc_hd__or2_1)
     2    0.005758    0.064916    0.117473    1.111808 ^ _325_/X (sky130_fd_sc_hd__or2_1)
                                                         _114_ (net)
                      0.064916    0.000043    1.111851 ^ max_cap174/A (sky130_fd_sc_hd__clkbuf_1)
     1    0.005120    0.069754    0.105073    1.216924 ^ max_cap174/X (sky130_fd_sc_hd__clkbuf_1)
                                                         net174 (net)
                      0.069754    0.000028    1.216952 ^ _507_/A (sky130_fd_sc_hd__xnor2_1)
     1    0.002804    0.034773    0.070277    1.287229 v _507_/Y (sky130_fd_sc_hd__xnor2_1)
                                                         acc_core.adder.cla_blocks[6].block.sum[0] (net)
                      0.034773    0.000032    1.287261 v _658_/D (sky130_fd_sc_hd__dfrtp_1)
                                              1.287261   data arrival time

                                  0.000000    0.000000   clock clk (rise edge)
                                  0.000000    0.000000   clock source latency
     1    0.030636    0.143136    0.099091    0.099091 ^ clk (in)
                                                         clk (net)
                      0.143142    0.000000    0.099091 ^ clkbuf_0_clk/A (sky130_fd_sc_hd__clkbuf_16)
     8    0.130486    0.143741    0.240533    0.339624 ^ clkbuf_0_clk/X (sky130_fd_sc_hd__clkbuf_16)
                                                         clknet_0_clk (net)
                      0.143963    0.003743    0.343367 ^ clkbuf_3_4__f_clk/A (sky130_fd_sc_hd__clkbuf_16)
    12    0.044256    0.063986    0.179637    0.523004 ^ clkbuf_3_4__f_clk/X (sky130_fd_sc_hd__clkbuf_16)
                                                         clknet_3_4__leaf_clk (net)
                      0.063986    0.000401    0.523405 ^ _658_/CLK (sky130_fd_sc_hd__dfrtp_1)
                                  0.250000    0.773405   clock uncertainty
                                  0.000000    0.773405   clock reconvergence pessimism
                                 -0.037282    0.736123   library hold time
                                              0.736123   data required time
---------------------------------------------------------------------------------------------
                                              0.736123   data required time
                                             -1.287261   data arrival time
---------------------------------------------------------------------------------------------
                                              0.551138   slack (MET)


Startpoint: _596_ (rising edge-triggered flip-flop clocked by clk)
Endpoint: sram0 (falling edge-triggered flip-flop clocked by clk)
Path Group: clk
Path Type: min

Fanout         Cap        Slew       Delay        Time   Description
---------------------------------------------------------------------------------------------
                                  0.000000    0.000000   clock clk (rise edge)
                                  0.000000    0.000000   clock source latency
     1    0.030636    0.143136    0.099091    0.099091 ^ clk (in)
                                                         clk (net)
                      0.143142    0.000000    0.099091 ^ clkbuf_0_clk/A (sky130_fd_sc_hd__clkbuf_16)
     8    0.130486    0.143741    0.240533    0.339624 ^ clkbuf_0_clk/X (sky130_fd_sc_hd__clkbuf_16)
                                                         clknet_0_clk (net)
                      0.144155    0.005613    0.345237 ^ clkbuf_3_2__f_clk/A (sky130_fd_sc_hd__clkbuf_16)
    10    0.047671    0.067122    0.182525    0.527762 ^ clkbuf_3_2__f_clk/X (sky130_fd_sc_hd__clkbuf_16)
                                                         clknet_3_2__leaf_clk (net)
                      0.067132    0.000831    0.528593 ^ _596_/CLK (sky130_fd_sc_hd__dfrtp_1)
     2    0.005776    0.067768    0.343384    0.871977 ^ _596_/Q (sky130_fd_sc_hd__dfrtp_1)
                                                         rd_addr[4] (net)
                      0.067768    0.000049    0.872026 ^ max_cap610/A (sky130_fd_sc_hd__clkbuf_1)
     2    0.004456    0.062385    0.100532    0.972558 ^ max_cap610/X (sky130_fd_sc_hd__clkbuf_1)
                                                         net610 (net)
                      0.062385    0.000029    0.972587 ^ max_cap609/A (sky130_fd_sc_hd__clkbuf_1)
     1    0.006270    0.082635    0.113522    1.086109 ^ max_cap609/X (sky130_fd_sc_hd__clkbuf_1)
                                                         net609 (net)
                      0.082635    0.000183    1.086292 ^ _458_/A0 (sky130_fd_sc_hd__mux2_1)
     1    0.011901    0.114270    0.187258    1.273550 ^ _458_/X (sky130_fd_sc_hd__mux2_1)
                                                         addr0[4] (net)
                      0.152359    0.000309    1.273859 ^ sram0/addr0[4] (sky130_sram_1kbyte_1rw1r_32x256_8)
                                              1.273859   data arrival time

                                  0.000000    0.000000   clock clk (rise edge)
                                  0.000000    0.000000   clock source latency
     1    0.030636    0.143136    0.099091    0.099091 ^ clk (in)
                                                         clk (net)
                      0.143142    0.000000    0.099091 ^ clkbuf_0_clk/A (sky130_fd_sc_hd__clkbuf_16)
     8    0.130486    0.143741    0.240533    0.339624 ^ clkbuf_0_clk/X (sky130_fd_sc_hd__clkbuf_16)
                                                         clknet_0_clk (net)
                      0.144155    0.005613    0.345237 ^ clkbuf_3_2__f_clk/A (sky130_fd_sc_hd__clkbuf_16)
    10    0.047671    0.067122    0.182525    0.527762 ^ clkbuf_3_2__f_clk/X (sky130_fd_sc_hd__clkbuf_16)
                                                         clknet_3_2__leaf_clk (net)
                      0.089500    0.000558    0.528320 ^ sram0/clk0 (sky130_sram_1kbyte_1rw1r_32x256_8)
                                  0.250000    0.778320   clock uncertainty
                                  0.000000    0.778320   clock reconvergence pessimism
                                 -0.056000    0.722320   library hold time
                                              0.722320   data required time
---------------------------------------------------------------------------------------------
                                              0.722320   data required time
                                             -1.273859   data arrival time
---------------------------------------------------------------------------------------------
                                              0.551539   slack (MET)


Startpoint: _620_ (rising edge-triggered flip-flop clocked by clk)
Endpoint: _653_ (rising edge-triggered flip-flop clocked by clk)
Path Group: clk
Path Type: min

Fanout         Cap        Slew       Delay        Time   Description
---------------------------------------------------------------------------------------------
                                  0.000000    0.000000   clock clk (rise edge)
                                  0.000000    0.000000   clock source latency
     1    0.030636    0.143136    0.099091    0.099091 ^ clk (in)
                                                         clk (net)
                      0.143142    0.000000    0.099091 ^ clkbuf_0_clk/A (sky130_fd_sc_hd__clkbuf_16)
     8    0.130486    0.143741    0.240533    0.339624 ^ clkbuf_0_clk/X (sky130_fd_sc_hd__clkbuf_16)
                                                         clknet_0_clk (net)
                      0.143963    0.003743    0.343367 ^ clkbuf_3_4__f_clk/A (sky130_fd_sc_hd__clkbuf_16)
    12    0.044256    0.063986    0.179637    0.523004 ^ clkbuf_3_4__f_clk/X (sky130_fd_sc_hd__clkbuf_16)
                                                         clknet_3_4__leaf_clk (net)
                      0.064034    0.001574    0.524578 ^ _620_/CLK (sky130_fd_sc_hd__dfrtp_1)
     2    0.007532    0.081633    0.354039    0.878617 ^ _620_/Q (sky130_fd_sc_hd__dfrtp_1)
                                                         dout0_q[18] (net)
                      0.081633    0.000140    0.878756 ^ _332_/A2 (sky130_fd_sc_hd__a21oi_1)
     2    0.007071    0.055299    0.092676    0.971432 v _332_/Y (sky130_fd_sc_hd__a21oi_1)
                                                         _121_ (net)
                      0.055299    0.000125    0.971557 v max_cap496/A (sky130_fd_sc_hd__clkbuf_1)
     1    0.005503    0.040735    0.104749    1.076306 v max_cap496/X (sky130_fd_sc_hd__clkbuf_1)
                                                         net496 (net)
                      0.040735    0.000071    1.076377 v _333_/A (sky130_fd_sc_hd__inv_2)
     1    0.005629    0.033078    0.047821    1.124198 ^ _333_/Y (sky130_fd_sc_hd__inv_2)
                                                         _122_ (net)
                      0.033078    0.000119    1.124317 ^ _487_/A1 (sky130_fd_sc_hd__a21o_1)
     1    0.005198    0.054263    0.109652    1.233968 ^ _487_/X (sky130_fd_sc_hd__a21o_1)
                                                         _250_ (net)
                      0.054263    0.000029    1.233998 ^ _488_/B (sky130_fd_sc_hd__xnor2_1)
     1    0.002708    0.032455    0.057492    1.291489 v _488_/Y (sky130_fd_sc_hd__xnor2_1)
                                                         acc_core.adder.cla_blocks[4].block.sum[3] (net)
                      0.032455    0.000019    1.291508 v _653_/D (sky130_fd_sc_hd__dfrtp_1)
                                              1.291508   data arrival time

                                  0.000000    0.000000   clock clk (rise edge)
                                  0.000000    0.000000   clock source latency
     1    0.030636    0.143136    0.099091    0.099091 ^ clk (in)
                                                         clk (net)
                      0.143142    0.000000    0.099091 ^ clkbuf_0_clk/A (sky130_fd_sc_hd__clkbuf_16)
     8    0.130486    0.143741    0.240533    0.339624 ^ clkbuf_0_clk/X (sky130_fd_sc_hd__clkbuf_16)
                                                         clknet_0_clk (net)
                      0.143899    0.002841    0.342465 ^ clkbuf_3_7__f_clk/A (sky130_fd_sc_hd__clkbuf_16)
     7    0.043903    0.063730    0.179650    0.522115 ^ clkbuf_3_7__f_clk/X (sky130_fd_sc_hd__clkbuf_16)
                                                         clknet_3_7__leaf_clk (net)
                      0.063731    0.000406    0.522521 ^ _653_/CLK (sky130_fd_sc_hd__dfrtp_1)
                                  0.250000    0.772521   clock uncertainty
                                  0.000000    0.772521   clock reconvergence pessimism
                                 -0.036397    0.736124   library hold time
                                              0.736124   data required time
---------------------------------------------------------------------------------------------
                                              0.736124   data required time
                                             -1.291508   data arrival time
---------------------------------------------------------------------------------------------
                                              0.555384   slack (MET)


Startpoint: _605_ (rising edge-triggered flip-flop clocked by clk)
Endpoint: _637_ (rising edge-triggered flip-flop clocked by clk)
Path Group: clk
Path Type: min

Fanout         Cap        Slew       Delay        Time   Description
---------------------------------------------------------------------------------------------
                                  0.000000    0.000000   clock clk (rise edge)
                                  0.000000    0.000000   clock source latency
     1    0.030636    0.143136    0.099091    0.099091 ^ clk (in)
                                                         clk (net)
                      0.143142    0.000000    0.099091 ^ clkbuf_0_clk/A (sky130_fd_sc_hd__clkbuf_16)
     8    0.130486    0.143741    0.240533    0.339624 ^ clkbuf_0_clk/X (sky130_fd_sc_hd__clkbuf_16)
                                                         clknet_0_clk (net)
                      0.143931    0.003332    0.342956 ^ clkbuf_3_1__f_clk/A (sky130_fd_sc_hd__clkbuf_16)
     9    0.039664    0.059990    0.176602    0.519558 ^ clkbuf_3_1__f_clk/X (sky130_fd_sc_hd__clkbuf_16)
                                                         clknet_3_1__leaf_clk (net)
                      0.059994    0.000449    0.520007 ^ _605_/CLK (sky130_fd_sc_hd__dfrtp_1)
     1    0.007169    0.059372    0.382847    0.902854 v _605_/Q (sky130_fd_sc_hd__dfrtp_1)
                                                         dout0_q[3] (net)
                      0.059372    0.000240    0.903094 v wire585/A (sky130_fd_sc_hd__clkbuf_1)
     2    0.007046    0.049127    0.113658    1.016752 v wire585/X (sky130_fd_sc_hd__clkbuf_1)
                                                         net585 (net)
                      0.049127    0.000087    1.016839 v _398_/A (sky130_fd_sc_hd__nand3_1)
     2    0.004865    0.065643    0.077935    1.094775 ^ _398_/Y (sky130_fd_sc_hd__nand3_1)
                                                         _187_ (net)
                      0.065643    0.000022    1.094797 ^ _408_/B (sky130_fd_sc_hd__and2b_1)
     1    0.006083    0.067821    0.140268    1.235066 ^ _408_/X (sky130_fd_sc_hd__and2b_1)
                                                         _197_ (net)
                      0.067821    0.000085    1.235151 ^ _462_/B (sky130_fd_sc_hd__xnor2_1)
     1    0.002754    0.034179    0.061302    1.296452 v _462_/Y (sky130_fd_sc_hd__xnor2_1)
                                                         acc_core.adder.cla_blocks[0].block.sum[3] (net)
                      0.034179    0.000030    1.296483 v _637_/D (sky130_fd_sc_hd__dfrtp_1)
                                              1.296483   data arrival time

                                  0.000000    0.000000   clock clk (rise edge)
                                  0.000000    0.000000   clock source latency
     1    0.030636    0.143136    0.099091    0.099091 ^ clk (in)
                                                         clk (net)
                      0.143142    0.000000    0.099091 ^ clkbuf_0_clk/A (sky130_fd_sc_hd__clkbuf_16)
     8    0.130486    0.143741    0.240533    0.339624 ^ clkbuf_0_clk/X (sky130_fd_sc_hd__clkbuf_16)
                                                         clknet_0_clk (net)
                      0.144000    0.004178    0.343802 ^ clkbuf_3_3__f_clk/A (sky130_fd_sc_hd__clkbuf_16)
    10    0.040553    0.060757    0.177202    0.521004 ^ clkbuf_3_3__f_clk/X (sky130_fd_sc_hd__clkbuf_16)
                                                         clknet_3_3__leaf_clk (net)
                      0.060757    0.000222    0.521227 ^ _637_/CLK (sky130_fd_sc_hd__dfrtp_1)
                                  0.250000    0.771227   clock uncertainty
                                  0.000000    0.771227   clock reconvergence pessimism
                                 -0.037777    0.733450   library hold time
                                              0.733450   data required time
---------------------------------------------------------------------------------------------
                                              0.733450   data required time
                                             -1.296483   data arrival time
---------------------------------------------------------------------------------------------
                                              0.563033   slack (MET)


Startpoint: _597_ (rising edge-triggered flip-flop clocked by clk)
Endpoint: sram0 (falling edge-triggered flip-flop clocked by clk)
Path Group: clk
Path Type: min

Fanout         Cap        Slew       Delay        Time   Description
---------------------------------------------------------------------------------------------
                                  0.000000    0.000000   clock clk (rise edge)
                                  0.000000    0.000000   clock source latency
     1    0.030636    0.143136    0.099091    0.099091 ^ clk (in)
                                                         clk (net)
                      0.143142    0.000000    0.099091 ^ clkbuf_0_clk/A (sky130_fd_sc_hd__clkbuf_16)
     8    0.130486    0.143741    0.240533    0.339624 ^ clkbuf_0_clk/X (sky130_fd_sc_hd__clkbuf_16)
                                                         clknet_0_clk (net)
                      0.144155    0.005613    0.345237 ^ clkbuf_3_2__f_clk/A (sky130_fd_sc_hd__clkbuf_16)
    10    0.047671    0.067122    0.182525    0.527762 ^ clkbuf_3_2__f_clk/X (sky130_fd_sc_hd__clkbuf_16)
                                                         clknet_3_2__leaf_clk (net)
                      0.067136    0.000940    0.528701 ^ _597_/CLK (sky130_fd_sc_hd__dfrtp_1)
     2    0.005548    0.066001    0.341838    0.870540 ^ _597_/Q (sky130_fd_sc_hd__dfrtp_1)
                                                         rd_addr[5] (net)
                      0.066001    0.000066    0.870606 ^ max_cap608/A (sky130_fd_sc_hd__clkbuf_1)
     2    0.006544    0.085715    0.116722    0.987327 ^ max_cap608/X (sky130_fd_sc_hd__clkbuf_1)
                                                         net608 (net)
                      0.085715    0.000077    0.987404 ^ max_cap607/A (sky130_fd_sc_hd__clkbuf_1)
     2    0.007220    0.093359    0.127367    1.114771 ^ max_cap607/X (sky130_fd_sc_hd__clkbuf_1)
                                                         net607 (net)
                      0.093359    0.000103    1.114874 ^ _459_/A0 (sky130_fd_sc_hd__mux2_1)
     1    0.011384    0.109916    0.187799    1.302673 ^ _459_/X (sky130_fd_sc_hd__mux2_1)
                                                         addr0[5] (net)
                      0.146554    0.000257    1.302930 ^ sram0/addr0[5] (sky130_sram_1kbyte_1rw1r_32x256_8)
                                              1.302930   data arrival time

                                  0.000000    0.000000   clock clk (rise edge)
                                  0.000000    0.000000   clock source latency
     1    0.030636    0.143136    0.099091    0.099091 ^ clk (in)
                                                         clk (net)
                      0.143142    0.000000    0.099091 ^ clkbuf_0_clk/A (sky130_fd_sc_hd__clkbuf_16)
     8    0.130486    0.143741    0.240533    0.339624 ^ clkbuf_0_clk/X (sky130_fd_sc_hd__clkbuf_16)
                                                         clknet_0_clk (net)
                      0.144155    0.005613    0.345237 ^ clkbuf_3_2__f_clk/A (sky130_fd_sc_hd__clkbuf_16)
    10    0.047671    0.067122    0.182525    0.527762 ^ clkbuf_3_2__f_clk/X (sky130_fd_sc_hd__clkbuf_16)
                                                         clknet_3_2__leaf_clk (net)
                      0.089500    0.000558    0.528320 ^ sram0/clk0 (sky130_sram_1kbyte_1rw1r_32x256_8)
                                  0.250000    0.778320   clock uncertainty
                                  0.000000    0.778320   clock reconvergence pessimism
                                 -0.056000    0.722320   library hold time
                                              0.722320   data required time
---------------------------------------------------------------------------------------------
                                              0.722320   data required time
                                             -1.302930   data arrival time
---------------------------------------------------------------------------------------------
                                              0.580611   slack (MET)


Startpoint: _627_ (rising edge-triggered flip-flop clocked by clk)
Endpoint: _659_ (rising edge-triggered flip-flop clocked by clk)
Path Group: clk
Path Type: min

Fanout         Cap        Slew       Delay        Time   Description
---------------------------------------------------------------------------------------------
                                  0.000000    0.000000   clock clk (rise edge)
                                  0.000000    0.000000   clock source latency
     1    0.030636    0.143136    0.099091    0.099091 ^ clk (in)
                                                         clk (net)
                      0.143142    0.000000    0.099091 ^ clkbuf_0_clk/A (sky130_fd_sc_hd__clkbuf_16)
     8    0.130486    0.143741    0.240533    0.339624 ^ clkbuf_0_clk/X (sky130_fd_sc_hd__clkbuf_16)
                                                         clknet_0_clk (net)
                      0.143971    0.003841    0.343466 ^ clkbuf_3_5__f_clk/A (sky130_fd_sc_hd__clkbuf_16)
    15    0.047278    0.066748    0.182039    0.525504 ^ clkbuf_3_5__f_clk/X (sky130_fd_sc_hd__clkbuf_16)
                                                         clknet_3_5__leaf_clk (net)
                      0.066750    0.000526    0.526030 ^ _627_/CLK (sky130_fd_sc_hd__dfrtp_1)
     2    0.005872    0.068526    0.343876    0.869907 ^ _627_/Q (sky130_fd_sc_hd__dfrtp_1)
                                                         dout0_q[25] (net)
                      0.068526    0.000068    0.869974 ^ _307_/C (sky130_fd_sc_hd__and3_1)
     2    0.004634    0.064763    0.166117    1.036091 ^ _307_/X (sky130_fd_sc_hd__and3_1)
                                                         _096_ (net)
                      0.064763    0.000042    1.036133 ^ _310_/A (sky130_fd_sc_hd__or2_1)
     2    0.004870    0.057270    0.110302    1.146435 ^ _310_/X (sky130_fd_sc_hd__or2_1)
                                                         _099_ (net)
                      0.057270    0.000043    1.146478 ^ wire178/A (sky130_fd_sc_hd__clkbuf_1)
     1    0.005485    0.073794    0.105941    1.252419 ^ wire178/X (sky130_fd_sc_hd__clkbuf_1)
                                                         net178 (net)
                      0.073794    0.000064    1.252483 ^ _506_/A (sky130_fd_sc_hd__xor2_1)
     1    0.003191    0.037793    0.068705    1.321188 v _506_/X (sky130_fd_sc_hd__xor2_1)
                                                         acc_core.adder.cla_blocks[6].block.sum[1] (net)
                      0.037793    0.000039    1.321227 v _659_/D (sky130_fd_sc_hd__dfrtp_1)
                                              1.321227   data arrival time

                                  0.000000    0.000000   clock clk (rise edge)
                                  0.000000    0.000000   clock source latency
     1    0.030636    0.143136    0.099091    0.099091 ^ clk (in)
                                                         clk (net)
                      0.143142    0.000000    0.099091 ^ clkbuf_0_clk/A (sky130_fd_sc_hd__clkbuf_16)
     8    0.130486    0.143741    0.240533    0.339624 ^ clkbuf_0_clk/X (sky130_fd_sc_hd__clkbuf_16)
                                                         clknet_0_clk (net)
                      0.143971    0.003841    0.343466 ^ clkbuf_3_5__f_clk/A (sky130_fd_sc_hd__clkbuf_16)
    15    0.047278    0.066748    0.182039    0.525504 ^ clkbuf_3_5__f_clk/X (sky130_fd_sc_hd__clkbuf_16)
                                                         clknet_3_5__leaf_clk (net)
                      0.066751    0.000564    0.526068 ^ _659_/CLK (sky130_fd_sc_hd__dfrtp_1)
                                  0.250000    0.776068   clock uncertainty
                                  0.000000    0.776068   clock reconvergence pessimism
                                 -0.037881    0.738188   library hold time
                                              0.738188   data required time
---------------------------------------------------------------------------------------------
                                              0.738188   data required time
                                             -1.321227   data arrival time
---------------------------------------------------------------------------------------------
                                              0.583039   slack (MET)


Startpoint: _625_ (rising edge-triggered flip-flop clocked by clk)
Endpoint: _657_ (rising edge-triggered flip-flop clocked by clk)
Path Group: clk
Path Type: min

Fanout         Cap        Slew       Delay        Time   Description
---------------------------------------------------------------------------------------------
                                  0.000000    0.000000   clock clk (rise edge)
                                  0.000000    0.000000   clock source latency
     1    0.030636    0.143136    0.099091    0.099091 ^ clk (in)
                                                         clk (net)
                      0.143142    0.000000    0.099091 ^ clkbuf_0_clk/A (sky130_fd_sc_hd__clkbuf_16)
     8    0.130486    0.143741    0.240533    0.339624 ^ clkbuf_0_clk/X (sky130_fd_sc_hd__clkbuf_16)
                                                         clknet_0_clk (net)
                      0.143963    0.003743    0.343367 ^ clkbuf_3_4__f_clk/A (sky130_fd_sc_hd__clkbuf_16)
    12    0.044256    0.063986    0.179637    0.523004 ^ clkbuf_3_4__f_clk/X (sky130_fd_sc_hd__clkbuf_16)
                                                         clknet_3_4__leaf_clk (net)
                      0.064060    0.001895    0.524899 ^ _625_/CLK (sky130_fd_sc_hd__dfrtp_1)
     2    0.006396    0.072630    0.346391    0.871290 ^ _625_/Q (sky130_fd_sc_hd__dfrtp_1)
                                                         dout0_q[23] (net)
                      0.072630    0.000097    0.871387 ^ _424_/B (sky130_fd_sc_hd__and3_1)
     2    0.004966    0.067579    0.165272    1.036659 ^ _424_/X (sky130_fd_sc_hd__and3_1)
                                                         _213_ (net)
                      0.067579    0.000032    1.036692 ^ _426_/A (sky130_fd_sc_hd__or2_1)
     2    0.005447    0.062294    0.114972    1.151663 ^ _426_/X (sky130_fd_sc_hd__or2_1)
                                                         _215_ (net)
                      0.062294    0.000044    1.151707 ^ wire145/A (sky130_fd_sc_hd__clkbuf_1)
     1    0.005149    0.070071    0.104602    1.256309 ^ wire145/X (sky130_fd_sc_hd__clkbuf_1)
                                                         net145 (net)
                      0.070071    0.000052    1.256361 ^ _496_/A (sky130_fd_sc_hd__xor2_1)
     1    0.002462    0.034916    0.063804    1.320164 v _496_/X (sky130_fd_sc_hd__xor2_1)
                                                         acc_core.adder.cla_blocks[5].block.sum[3] (net)
                      0.034916    0.000014    1.320179 v _657_/D (sky130_fd_sc_hd__dfrtp_1)
                                              1.320179   data arrival time

                                  0.000000    0.000000   clock clk (rise edge)
                                  0.000000    0.000000   clock source latency
     1    0.030636    0.143136    0.099091    0.099091 ^ clk (in)
                                                         clk (net)
                      0.143142    0.000000    0.099091 ^ clkbuf_0_clk/A (sky130_fd_sc_hd__clkbuf_16)
     8    0.130486    0.143741    0.240533    0.339624 ^ clkbuf_0_clk/X (sky130_fd_sc_hd__clkbuf_16)
                                                         clknet_0_clk (net)
                      0.143963    0.003743    0.343367 ^ clkbuf_3_4__f_clk/A (sky130_fd_sc_hd__clkbuf_16)
    12    0.044256    0.063986    0.179637    0.523004 ^ clkbuf_3_4__f_clk/X (sky130_fd_sc_hd__clkbuf_16)
                                                         clknet_3_4__leaf_clk (net)
                      0.063986    0.000594    0.523598 ^ _657_/CLK (sky130_fd_sc_hd__dfrtp_1)
                                  0.250000    0.773598   clock uncertainty
                                  0.000000    0.773598   clock reconvergence pessimism
                                 -0.037340    0.736257   library hold time
                                              0.736257   data required time
---------------------------------------------------------------------------------------------
                                              0.736257   data required time
                                             -1.320179   data arrival time
---------------------------------------------------------------------------------------------
                                              0.583921   slack (MET)


Startpoint: _629_ (rising edge-triggered flip-flop clocked by clk)
Endpoint: _661_ (rising edge-triggered flip-flop clocked by clk)
Path Group: clk
Path Type: min

Fanout         Cap        Slew       Delay        Time   Description
---------------------------------------------------------------------------------------------
                                  0.000000    0.000000   clock clk (rise edge)
                                  0.000000    0.000000   clock source latency
     1    0.030636    0.143136    0.099091    0.099091 ^ clk (in)
                                                         clk (net)
                      0.143142    0.000000    0.099091 ^ clkbuf_0_clk/A (sky130_fd_sc_hd__clkbuf_16)
     8    0.130486    0.143741    0.240533    0.339624 ^ clkbuf_0_clk/X (sky130_fd_sc_hd__clkbuf_16)
                                                         clknet_0_clk (net)
                      0.143971    0.003841    0.343466 ^ clkbuf_3_5__f_clk/A (sky130_fd_sc_hd__clkbuf_16)
    15    0.047278    0.066748    0.182039    0.525504 ^ clkbuf_3_5__f_clk/X (sky130_fd_sc_hd__clkbuf_16)
                                                         clknet_3_5__leaf_clk (net)
                      0.066748    0.000368    0.525872 ^ _629_/CLK (sky130_fd_sc_hd__dfrtp_1)
     2    0.007296    0.079757    0.353455    0.879327 ^ _629_/Q (sky130_fd_sc_hd__dfrtp_1)
                                                         dout0_q[27] (net)
                      0.079757    0.000129    0.879457 ^ _311_/B (sky130_fd_sc_hd__and3_1)
     2    0.005656    0.073506    0.172446    1.051903 ^ _311_/X (sky130_fd_sc_hd__and3_1)
                                                         _100_ (net)
                      0.073506    0.000037    1.051939 ^ _313_/A (sky130_fd_sc_hd__nor2_1)
     2    0.006678    0.035947    0.063552    1.115491 v _313_/Y (sky130_fd_sc_hd__nor2_1)
                                                         _102_ (net)
                      0.035947    0.000060    1.115550 v max_cap177/A (sky130_fd_sc_hd__clkbuf_1)
     1    0.004908    0.037513    0.093462    1.209013 v max_cap177/X (sky130_fd_sc_hd__clkbuf_1)
                                                         net177 (net)
                      0.037513    0.000036    1.209049 v _314_/A (sky130_fd_sc_hd__inv_2)
     2    0.008602    0.045536    0.055857    1.264906 ^ _314_/Y (sky130_fd_sc_hd__inv_2)
                                                         _103_ (net)
                      0.045536    0.000085    1.264991 ^ _503_/A (sky130_fd_sc_hd__xnor2_1)
     1    0.002898    0.034388    0.063901    1.328892 v _503_/Y (sky130_fd_sc_hd__xnor2_1)
                                                         acc_core.adder.cla_blocks[6].block.sum[3] (net)
                      0.034388    0.000032    1.328925 v _661_/D (sky130_fd_sc_hd__dfrtp_1)
                                              1.328925   data arrival time

                                  0.000000    0.000000   clock clk (rise edge)
                                  0.000000    0.000000   clock source latency
     1    0.030636    0.143136    0.099091    0.099091 ^ clk (in)
                                                         clk (net)
                      0.143142    0.000000    0.099091 ^ clkbuf_0_clk/A (sky130_fd_sc_hd__clkbuf_16)
     8    0.130486    0.143741    0.240533    0.339624 ^ clkbuf_0_clk/X (sky130_fd_sc_hd__clkbuf_16)
                                                         clknet_0_clk (net)
                      0.143971    0.003841    0.343466 ^ clkbuf_3_5__f_clk/A (sky130_fd_sc_hd__clkbuf_16)
    15    0.047278    0.066748    0.182039    0.525504 ^ clkbuf_3_5__f_clk/X (sky130_fd_sc_hd__clkbuf_16)
                                                         clknet_3_5__leaf_clk (net)
                      0.066773    0.001189    0.526694 ^ _661_/CLK (sky130_fd_sc_hd__dfrtp_1)
                                  0.250000    0.776694   clock uncertainty
                                  0.000000    0.776694   clock reconvergence pessimism
                                 -0.036490    0.740204   library hold time
                                              0.740204   data required time
---------------------------------------------------------------------------------------------
                                              0.740204   data required time
                                             -1.328925   data arrival time
---------------------------------------------------------------------------------------------
                                              0.588720   slack (MET)


Startpoint: _644_ (rising edge-triggered flip-flop clocked by clk)
Endpoint: _645_ (rising edge-triggered flip-flop clocked by clk)
Path Group: clk
Path Type: min

Fanout         Cap        Slew       Delay        Time   Description
---------------------------------------------------------------------------------------------
                                  0.000000    0.000000   clock clk (rise edge)
                                  0.000000    0.000000   clock source latency
     1    0.030636    0.143136    0.099091    0.099091 ^ clk (in)
                                                         clk (net)
                      0.143142    0.000000    0.099091 ^ clkbuf_0_clk/A (sky130_fd_sc_hd__clkbuf_16)
     8    0.130486    0.143741    0.240533    0.339624 ^ clkbuf_0_clk/X (sky130_fd_sc_hd__clkbuf_16)
                                                         clknet_0_clk (net)
                      0.143931    0.003332    0.342956 ^ clkbuf_3_1__f_clk/A (sky130_fd_sc_hd__clkbuf_16)
     9    0.039664    0.059990    0.176602    0.519558 ^ clkbuf_3_1__f_clk/X (sky130_fd_sc_hd__clkbuf_16)
                                                         clknet_3_1__leaf_clk (net)
                      0.059990    0.000189    0.519747 ^ _644_/CLK (sky130_fd_sc_hd__dfrtp_1)
     1    0.004470    0.057718    0.331893    0.851640 ^ _644_/Q (sky130_fd_sc_hd__dfrtp_1)
                                                         net44 (net)
                      0.057718    0.000061    0.851700 ^ wire548/A (sky130_fd_sc_hd__clkbuf_1)
     2    0.010728    0.132945    0.147671    0.999372 ^ wire548/X (sky130_fd_sc_hd__clkbuf_1)
                                                         net548 (net)
                      0.132945    0.000115    0.999486 ^ _366_/B1 (sky130_fd_sc_hd__a21o_1)
     2    0.006583    0.065760    0.121508    1.120994 ^ _366_/X (sky130_fd_sc_hd__a21o_1)
                                                         _155_ (net)
                      0.065760    0.000050    1.121044 ^ _472_/A1 (sky130_fd_sc_hd__a21oi_1)
     1    0.004837    0.037555    0.071738    1.192783 v _472_/Y (sky130_fd_sc_hd__a21oi_1)
                                                         _243_ (net)
                      0.037555    0.000051    1.192834 v _473_/B (sky130_fd_sc_hd__xor2_1)
     1    0.003016    0.100464    0.122943    1.315776 ^ _473_/X (sky130_fd_sc_hd__xor2_1)
                                                         acc_core.adder.cla_blocks[2].block.sum[3] (net)
                      0.100464    0.000032    1.315809 ^ _645_/D (sky130_fd_sc_hd__dfrtp_1)
                                              1.315809   data arrival time

                                  0.000000    0.000000   clock clk (rise edge)
                                  0.000000    0.000000   clock source latency
     1    0.030636    0.143136    0.099091    0.099091 ^ clk (in)
                                                         clk (net)
                      0.143142    0.000000    0.099091 ^ clkbuf_0_clk/A (sky130_fd_sc_hd__clkbuf_16)
     8    0.130486    0.143741    0.240533    0.339624 ^ clkbuf_0_clk/X (sky130_fd_sc_hd__clkbuf_16)
                                                         clknet_0_clk (net)
                      0.143931    0.003332    0.342956 ^ clkbuf_3_1__f_clk/A (sky130_fd_sc_hd__clkbuf_16)
     9    0.039664    0.059990    0.176602    0.519558 ^ clkbuf_3_1__f_clk/X (sky130_fd_sc_hd__clkbuf_16)
                                                         clknet_3_1__leaf_clk (net)
                      0.059990    0.000194    0.519751 ^ _645_/CLK (sky130_fd_sc_hd__dfrtp_1)
                                  0.250000    0.769751   clock uncertainty
                                  0.000000    0.769751   clock reconvergence pessimism
                                 -0.044320    0.725431   library hold time
                                              0.725431   data required time
---------------------------------------------------------------------------------------------
                                              0.725431   data required time
                                             -1.315809   data arrival time
---------------------------------------------------------------------------------------------
                                              0.590378   slack (MET)


Startpoint: _630_ (rising edge-triggered flip-flop clocked by clk)
Endpoint: _662_ (rising edge-triggered flip-flop clocked by clk)
Path Group: clk
Path Type: min

Fanout         Cap        Slew       Delay        Time   Description
---------------------------------------------------------------------------------------------
                                  0.000000    0.000000   clock clk (rise edge)
                                  0.000000    0.000000   clock source latency
     1    0.030636    0.143136    0.099091    0.099091 ^ clk (in)
                                                         clk (net)
                      0.143142    0.000000    0.099091 ^ clkbuf_0_clk/A (sky130_fd_sc_hd__clkbuf_16)
     8    0.130486    0.143741    0.240533    0.339624 ^ clkbuf_0_clk/X (sky130_fd_sc_hd__clkbuf_16)
                                                         clknet_0_clk (net)
                      0.143971    0.003841    0.343466 ^ clkbuf_3_5__f_clk/A (sky130_fd_sc_hd__clkbuf_16)
    15    0.047278    0.066748    0.182039    0.525504 ^ clkbuf_3_5__f_clk/X (sky130_fd_sc_hd__clkbuf_16)
                                                         clknet_3_5__leaf_clk (net)
                      0.066751    0.000558    0.526062 ^ _630_/CLK (sky130_fd_sc_hd__dfrtp_1)
     2    0.005873    0.053050    0.378443    0.904505 v _630_/Q (sky130_fd_sc_hd__dfrtp_1)
                                                         dout0_q[28] (net)
                      0.053050    0.000085    0.904590 v _304_/A2 (sky130_fd_sc_hd__a21oi_1)
     1    0.001869    0.072526    0.124918    1.029509 ^ _304_/Y (sky130_fd_sc_hd__a21oi_1)
                                                         _093_ (net)
                      0.072526    0.000016    1.029525 ^ _305_/B (sky130_fd_sc_hd__or2_1)
     2    0.007963    0.084294    0.130994    1.160519 ^ _305_/X (sky130_fd_sc_hd__or2_1)
                                                         _094_ (net)
                      0.084294    0.000059    1.160578 ^ max_cap180/A (sky130_fd_sc_hd__clkbuf_1)
     1    0.005010    0.068666    0.109335    1.269913 ^ max_cap180/X (sky130_fd_sc_hd__clkbuf_1)
                                                         net180 (net)
                      0.068666    0.000044    1.269956 ^ _451_/A (sky130_fd_sc_hd__xnor2_1)
     1    0.002480    0.033189    0.068035    1.337992 v _451_/Y (sky130_fd_sc_hd__xnor2_1)
                                                         acc_core.adder.cla_blocks[7].block.sum[0] (net)
                      0.033189    0.000025    1.338016 v _662_/D (sky130_fd_sc_hd__dfrtp_1)
                                              1.338016   data arrival time

                                  0.000000    0.000000   clock clk (rise edge)
                                  0.000000    0.000000   clock source latency
     1    0.030636    0.143136    0.099091    0.099091 ^ clk (in)
                                                         clk (net)
                      0.143142    0.000000    0.099091 ^ clkbuf_0_clk/A (sky130_fd_sc_hd__clkbuf_16)
     8    0.130486    0.143741    0.240533    0.339624 ^ clkbuf_0_clk/X (sky130_fd_sc_hd__clkbuf_16)
                                                         clknet_0_clk (net)
                      0.143971    0.003841    0.343466 ^ clkbuf_3_5__f_clk/A (sky130_fd_sc_hd__clkbuf_16)
    15    0.047278    0.066748    0.182039    0.525504 ^ clkbuf_3_5__f_clk/X (sky130_fd_sc_hd__clkbuf_16)
                                                         clknet_3_5__leaf_clk (net)
                      0.066770    0.001135    0.526639 ^ _662_/CLK (sky130_fd_sc_hd__dfrtp_1)
                                  0.250000    0.776639   clock uncertainty
                                  0.000000    0.776639   clock reconvergence pessimism
                                 -0.036002    0.740637   library hold time
                                              0.740637   data required time
---------------------------------------------------------------------------------------------
                                              0.740637   data required time
                                             -1.338016   data arrival time
---------------------------------------------------------------------------------------------
                                              0.597379   slack (MET)


Startpoint: _596_ (rising edge-triggered flip-flop clocked by clk)
Endpoint: _597_ (rising edge-triggered flip-flop clocked by clk)
Path Group: clk
Path Type: min

Fanout         Cap        Slew       Delay        Time   Description
---------------------------------------------------------------------------------------------
                                  0.000000    0.000000   clock clk (rise edge)
                                  0.000000    0.000000   clock source latency
     1    0.030636    0.143136    0.099091    0.099091 ^ clk (in)
                                                         clk (net)
                      0.143142    0.000000    0.099091 ^ clkbuf_0_clk/A (sky130_fd_sc_hd__clkbuf_16)
     8    0.130486    0.143741    0.240533    0.339624 ^ clkbuf_0_clk/X (sky130_fd_sc_hd__clkbuf_16)
                                                         clknet_0_clk (net)
                      0.144155    0.005613    0.345237 ^ clkbuf_3_2__f_clk/A (sky130_fd_sc_hd__clkbuf_16)
    10    0.047671    0.067122    0.182525    0.527762 ^ clkbuf_3_2__f_clk/X (sky130_fd_sc_hd__clkbuf_16)
                                                         clknet_3_2__leaf_clk (net)
                      0.067132    0.000831    0.528593 ^ _596_/CLK (sky130_fd_sc_hd__dfrtp_1)
     2    0.005776    0.067768    0.343384    0.871977 ^ _596_/Q (sky130_fd_sc_hd__dfrtp_1)
                                                         rd_addr[4] (net)
                      0.067768    0.000049    0.872026 ^ max_cap610/A (sky130_fd_sc_hd__clkbuf_1)
     2    0.004456    0.062385    0.100532    0.972558 ^ max_cap610/X (sky130_fd_sc_hd__clkbuf_1)
                                                         net610 (net)
                      0.062385    0.000024    0.972582 ^ _287_/A (sky130_fd_sc_hd__and3_1)
     2    0.005504    0.072197    0.160008    1.132590 ^ _287_/X (sky130_fd_sc_hd__and3_1)
                                                         _084_ (net)
                      0.072197    0.000059    1.132650 ^ max_cap182/A (sky130_fd_sc_hd__buf_1)
     2    0.009165    0.115300    0.139303    1.271953 ^ max_cap182/X (sky130_fd_sc_hd__buf_1)
                                                         net182 (net)
                      0.115300    0.000148    1.272101 ^ _292_/B (sky130_fd_sc_hd__xor2_1)
     1    0.002938    0.036779    0.077451    1.349551 v _292_/X (sky130_fd_sc_hd__xor2_1)
                                                         _079_ (net)
                      0.036779    0.000033    1.349584 v _597_/D (sky130_fd_sc_hd__dfrtp_1)
                                              1.349584   data arrival time

                                  0.000000    0.000000   clock clk (rise edge)
                                  0.000000    0.000000   clock source latency
     1    0.030636    0.143136    0.099091    0.099091 ^ clk (in)
                                                         clk (net)
                      0.143142    0.000000    0.099091 ^ clkbuf_0_clk/A (sky130_fd_sc_hd__clkbuf_16)
     8    0.130486    0.143741    0.240533    0.339624 ^ clkbuf_0_clk/X (sky130_fd_sc_hd__clkbuf_16)
                                                         clknet_0_clk (net)
                      0.144155    0.005613    0.345237 ^ clkbuf_3_2__f_clk/A (sky130_fd_sc_hd__clkbuf_16)
    10    0.047671    0.067122    0.182525    0.527762 ^ clkbuf_3_2__f_clk/X (sky130_fd_sc_hd__clkbuf_16)
                                                         clknet_3_2__leaf_clk (net)
                      0.067136    0.000940    0.528701 ^ _597_/CLK (sky130_fd_sc_hd__dfrtp_1)
                                  0.250000    0.778701   clock uncertainty
                                  0.000000    0.778701   clock reconvergence pessimism
                                 -0.037380    0.741321   library hold time
                                              0.741321   data required time
---------------------------------------------------------------------------------------------
                                              0.741321   data required time
                                             -1.349584   data arrival time
---------------------------------------------------------------------------------------------
                                              0.608263   slack (MET)


Startpoint: _624_ (rising edge-triggered flip-flop clocked by clk)
Endpoint: _656_ (rising edge-triggered flip-flop clocked by clk)
Path Group: clk
Path Type: min

Fanout         Cap        Slew       Delay        Time   Description
---------------------------------------------------------------------------------------------
                                  0.000000    0.000000   clock clk (rise edge)
                                  0.000000    0.000000   clock source latency
     1    0.030636    0.143136    0.099091    0.099091 ^ clk (in)
                                                         clk (net)
                      0.143142    0.000000    0.099091 ^ clkbuf_0_clk/A (sky130_fd_sc_hd__clkbuf_16)
     8    0.130486    0.143741    0.240533    0.339624 ^ clkbuf_0_clk/X (sky130_fd_sc_hd__clkbuf_16)
                                                         clknet_0_clk (net)
                      0.143963    0.003743    0.343367 ^ clkbuf_3_4__f_clk/A (sky130_fd_sc_hd__clkbuf_16)
    12    0.044256    0.063986    0.179637    0.523004 ^ clkbuf_3_4__f_clk/X (sky130_fd_sc_hd__clkbuf_16)
                                                         clknet_3_4__leaf_clk (net)
                      0.064059    0.001878    0.524882 ^ _624_/CLK (sky130_fd_sc_hd__dfrtp_1)
     2    0.007280    0.079627    0.352355    0.877237 ^ _624_/Q (sky130_fd_sc_hd__dfrtp_1)
                                                         dout0_q[22] (net)
                      0.079627    0.000108    0.877345 ^ _427_/A2 (sky130_fd_sc_hd__a21oi_1)
     2    0.004532    0.037614    0.078264    0.955609 v _427_/Y (sky130_fd_sc_hd__a21oi_1)
                                                         _216_ (net)
                      0.037614    0.000027    0.955636 v max_cap194/A (sky130_fd_sc_hd__clkbuf_1)
     2    0.005948    0.043094    0.098992    1.054627 v max_cap194/X (sky130_fd_sc_hd__clkbuf_1)
                                                         net194 (net)
                      0.043094    0.000060    1.054687 v max_cap193/A (sky130_fd_sc_hd__clkbuf_1)
     1    0.003090    0.028069    0.088132    1.142819 v max_cap193/X (sky130_fd_sc_hd__clkbuf_1)
                                                         net193 (net)
                      0.028069    0.000021    1.142840 v _429_/A (sky130_fd_sc_hd__nor2_1)
     1    0.005831    0.124705    0.127557    1.270396 ^ _429_/Y (sky130_fd_sc_hd__nor2_1)
                                                         _218_ (net)
                      0.124705    0.000070    1.270467 ^ _497_/A (sky130_fd_sc_hd__xnor2_1)
     1    0.002505    0.033731    0.083076    1.353542 v _497_/Y (sky130_fd_sc_hd__xnor2_1)
                                                         acc_core.adder.cla_blocks[5].block.sum[2] (net)
                      0.033731    0.000016    1.353558 v _656_/D (sky130_fd_sc_hd__dfrtp_1)
                                              1.353558   data arrival time

                                  0.000000    0.000000   clock clk (rise edge)
                                  0.000000    0.000000   clock source latency
     1    0.030636    0.143136    0.099091    0.099091 ^ clk (in)
                                                         clk (net)
                      0.143142    0.000000    0.099091 ^ clkbuf_0_clk/A (sky130_fd_sc_hd__clkbuf_16)
     8    0.130486    0.143741    0.240533    0.339624 ^ clkbuf_0_clk/X (sky130_fd_sc_hd__clkbuf_16)
                                                         clknet_0_clk (net)
                      0.143963    0.003743    0.343367 ^ clkbuf_3_4__f_clk/A (sky130_fd_sc_hd__clkbuf_16)
    12    0.044256    0.063986    0.179637    0.523004 ^ clkbuf_3_4__f_clk/X (sky130_fd_sc_hd__clkbuf_16)
                                                         clknet_3_4__leaf_clk (net)
                      0.063996    0.000928    0.523932 ^ _656_/CLK (sky130_fd_sc_hd__dfrtp_1)
                                  0.250000    0.773933   clock uncertainty
                                  0.000000    0.773933   clock reconvergence pessimism
                                 -0.036856    0.737077   library hold time
                                              0.737077   data required time
---------------------------------------------------------------------------------------------
                                              0.737077   data required time
                                             -1.353558   data arrival time
---------------------------------------------------------------------------------------------
                                              0.616481   slack (MET)


Startpoint: _639_ (rising edge-triggered flip-flop clocked by clk)
Endpoint: _641_ (rising edge-triggered flip-flop clocked by clk)
Path Group: clk
Path Type: min

Fanout         Cap        Slew       Delay        Time   Description
---------------------------------------------------------------------------------------------
                                  0.000000    0.000000   clock clk (rise edge)
                                  0.000000    0.000000   clock source latency
     1    0.030636    0.143136    0.099091    0.099091 ^ clk (in)
                                                         clk (net)
                      0.143142    0.000000    0.099091 ^ clkbuf_0_clk/A (sky130_fd_sc_hd__clkbuf_16)
     8    0.130486    0.143741    0.240533    0.339624 ^ clkbuf_0_clk/X (sky130_fd_sc_hd__clkbuf_16)
                                                         clknet_0_clk (net)
                      0.144000    0.004178    0.343802 ^ clkbuf_3_3__f_clk/A (sky130_fd_sc_hd__clkbuf_16)
    10    0.040553    0.060757    0.177202    0.521004 ^ clkbuf_3_3__f_clk/X (sky130_fd_sc_hd__clkbuf_16)
                                                         clknet_3_3__leaf_clk (net)
                      0.060757    0.000250    0.521254 ^ _639_/CLK (sky130_fd_sc_hd__dfrtp_1)
     3    0.008464    0.088931    0.359152    0.880407 ^ _639_/Q (sky130_fd_sc_hd__dfrtp_1)
                                                         net70 (net)
                      0.088931    0.000050    0.880457 ^ _387_/C (sky130_fd_sc_hd__and3_1)
     2    0.006262    0.078765    0.182884    1.063340 ^ _387_/X (sky130_fd_sc_hd__and3_1)
                                                         _176_ (net)
                      0.078765    0.000034    1.063374 ^ _465_/B1 (sky130_fd_sc_hd__a21o_1)
     2    0.006620    0.065544    0.108211    1.171584 ^ _465_/X (sky130_fd_sc_hd__a21o_1)
                                                         _240_ (net)
                      0.065544    0.000084    1.171668 ^ _466_/A2 (sky130_fd_sc_hd__a21o_1)
     1    0.004890    0.051558    0.122442    1.294110 ^ _466_/X (sky130_fd_sc_hd__a21o_1)
                                                         _241_ (net)
                      0.051558    0.000041    1.294152 ^ _467_/B (sky130_fd_sc_hd__xnor2_1)
     1    0.002589    0.031534    0.056006    1.350158 v _467_/Y (sky130_fd_sc_hd__xnor2_1)
                                                         acc_core.adder.cla_blocks[1].block.sum[3] (net)
                      0.031534    0.000025    1.350183 v _641_/D (sky130_fd_sc_hd__dfrtp_1)
                                              1.350183   data arrival time

                                  0.000000    0.000000   clock clk (rise edge)
                                  0.000000    0.000000   clock source latency
     1    0.030636    0.143136    0.099091    0.099091 ^ clk (in)
                                                         clk (net)
                      0.143142    0.000000    0.099091 ^ clkbuf_0_clk/A (sky130_fd_sc_hd__clkbuf_16)
     8    0.130486    0.143741    0.240533    0.339624 ^ clkbuf_0_clk/X (sky130_fd_sc_hd__clkbuf_16)
                                                         clknet_0_clk (net)
                      0.143971    0.003845    0.343469 ^ clkbuf_3_0__f_clk/A (sky130_fd_sc_hd__clkbuf_16)
     7    0.039504    0.059861    0.176543    0.520012 ^ clkbuf_3_0__f_clk/X (sky130_fd_sc_hd__clkbuf_16)
                                                         clknet_3_0__leaf_clk (net)
                      0.059861    0.000227    0.520239 ^ _641_/CLK (sky130_fd_sc_hd__dfrtp_1)
                                  0.250000    0.770239   clock uncertainty
                                  0.000000    0.770239   clock reconvergence pessimism
                                 -0.036904    0.733335   library hold time
                                              0.733335   data required time
---------------------------------------------------------------------------------------------
                                              0.733335   data required time
                                             -1.350183   data arrival time
---------------------------------------------------------------------------------------------
                                              0.616848   slack (MET)


Startpoint: _622_ (rising edge-triggered flip-flop clocked by clk)
Endpoint: _654_ (rising edge-triggered flip-flop clocked by clk)
Path Group: clk
Path Type: min

Fanout         Cap        Slew       Delay        Time   Description
---------------------------------------------------------------------------------------------
                                  0.000000    0.000000   clock clk (rise edge)
                                  0.000000    0.000000   clock source latency
     1    0.030636    0.143136    0.099091    0.099091 ^ clk (in)
                                                         clk (net)
                      0.143142    0.000000    0.099091 ^ clkbuf_0_clk/A (sky130_fd_sc_hd__clkbuf_16)
     8    0.130486    0.143741    0.240533    0.339624 ^ clkbuf_0_clk/X (sky130_fd_sc_hd__clkbuf_16)
                                                         clknet_0_clk (net)
                      0.143963    0.003743    0.343367 ^ clkbuf_3_4__f_clk/A (sky130_fd_sc_hd__clkbuf_16)
    12    0.044256    0.063986    0.179637    0.523004 ^ clkbuf_3_4__f_clk/X (sky130_fd_sc_hd__clkbuf_16)
                                                         clknet_3_4__leaf_clk (net)
                      0.064051    0.001789    0.524793 ^ _622_/CLK (sky130_fd_sc_hd__dfrtp_1)
     2    0.005668    0.066933    0.341492    0.866284 ^ _622_/Q (sky130_fd_sc_hd__dfrtp_1)
                                                         dout0_q[20] (net)
                      0.066933    0.000066    0.866351 ^ _436_/A2 (sky130_fd_sc_hd__a21oi_1)
     1    0.003063    0.031222    0.066312    0.932662 v _436_/Y (sky130_fd_sc_hd__a21oi_1)
                                                         _225_ (net)
                      0.031222    0.000033    0.932695 v _438_/A (sky130_fd_sc_hd__nor2_1)
     2    0.005417    0.121907    0.123598    1.056294 ^ _438_/Y (sky130_fd_sc_hd__nor2_1)
                                                         _227_ (net)
                      0.121907    0.000029    1.056323 ^ max_cap141/A (sky130_fd_sc_hd__clkbuf_1)
     2    0.005300    0.072123    0.121643    1.177966 ^ max_cap141/X (sky130_fd_sc_hd__clkbuf_1)
                                                         net141 (net)
                      0.072123    0.000023    1.177989 ^ max_cap140/A (sky130_fd_sc_hd__clkbuf_1)
     1    0.005577    0.074912    0.110623    1.288612 ^ max_cap140/X (sky130_fd_sc_hd__clkbuf_1)
                                                         net140 (net)
                      0.074912    0.000063    1.288675 ^ _499_/B (sky130_fd_sc_hd__xor2_1)
     1    0.002900    0.036700    0.064545    1.353220 v _499_/X (sky130_fd_sc_hd__xor2_1)
                                                         acc_core.adder.cla_blocks[5].block.sum[0] (net)
                      0.036700    0.000032    1.353252 v _654_/D (sky130_fd_sc_hd__dfrtp_1)
                                              1.353252   data arrival time

                                  0.000000    0.000000   clock clk (rise edge)
                                  0.000000    0.000000   clock source latency
     1    0.030636    0.143136    0.099091    0.099091 ^ clk (in)
                                                         clk (net)
                      0.143142    0.000000    0.099091 ^ clkbuf_0_clk/A (sky130_fd_sc_hd__clkbuf_16)
     8    0.130486    0.143741    0.240533    0.339624 ^ clkbuf_0_clk/X (sky130_fd_sc_hd__clkbuf_16)
                                                         clknet_0_clk (net)
                      0.143963    0.003743    0.343367 ^ clkbuf_3_4__f_clk/A (sky130_fd_sc_hd__clkbuf_16)
    12    0.044256    0.063986    0.179637    0.523004 ^ clkbuf_3_4__f_clk/X (sky130_fd_sc_hd__clkbuf_16)
                                                         clknet_3_4__leaf_clk (net)
                      0.064019    0.001361    0.524365 ^ _654_/CLK (sky130_fd_sc_hd__dfrtp_1)
                                  0.250000    0.774365   clock uncertainty
                                  0.000000    0.774365   clock reconvergence pessimism
                                 -0.038059    0.736307   library hold time
                                              0.736307   data required time
---------------------------------------------------------------------------------------------
                                              0.736307   data required time
                                             -1.353252   data arrival time
---------------------------------------------------------------------------------------------
                                              0.616945   slack (MET)


Startpoint: _639_ (rising edge-triggered flip-flop clocked by clk)
Endpoint: _640_ (rising edge-triggered flip-flop clocked by clk)
Path Group: clk
Path Type: min

Fanout         Cap        Slew       Delay        Time   Description
---------------------------------------------------------------------------------------------
                                  0.000000    0.000000   clock clk (rise edge)
                                  0.000000    0.000000   clock source latency
     1    0.030636    0.143136    0.099091    0.099091 ^ clk (in)
                                                         clk (net)
                      0.143142    0.000000    0.099091 ^ clkbuf_0_clk/A (sky130_fd_sc_hd__clkbuf_16)
     8    0.130486    0.143741    0.240533    0.339624 ^ clkbuf_0_clk/X (sky130_fd_sc_hd__clkbuf_16)
                                                         clknet_0_clk (net)
                      0.144000    0.004178    0.343802 ^ clkbuf_3_3__f_clk/A (sky130_fd_sc_hd__clkbuf_16)
    10    0.040553    0.060757    0.177202    0.521004 ^ clkbuf_3_3__f_clk/X (sky130_fd_sc_hd__clkbuf_16)
                                                         clknet_3_3__leaf_clk (net)
                      0.060757    0.000250    0.521254 ^ _639_/CLK (sky130_fd_sc_hd__dfrtp_1)
     3    0.008464    0.088931    0.359152    0.880407 ^ _639_/Q (sky130_fd_sc_hd__dfrtp_1)
                                                         net70 (net)
                      0.088931    0.000050    0.880457 ^ _387_/C (sky130_fd_sc_hd__and3_1)
     2    0.006262    0.078765    0.182884    1.063340 ^ _387_/X (sky130_fd_sc_hd__and3_1)
                                                         _176_ (net)
                      0.078765    0.000034    1.063374 ^ _465_/B1 (sky130_fd_sc_hd__a21o_1)
     2    0.006620    0.065544    0.108211    1.171584 ^ _465_/X (sky130_fd_sc_hd__a21o_1)
                                                         _240_ (net)
                      0.065544    0.000057    1.171641 ^ max_cap104/A (sky130_fd_sc_hd__clkbuf_1)
     1    0.005656    0.075755    0.109502    1.281143 ^ max_cap104/X (sky130_fd_sc_hd__clkbuf_1)
                                                         net104 (net)
                      0.075755    0.000069    1.281212 ^ _468_/B (sky130_fd_sc_hd__xnor2_1)
     1    0.003719    0.041079    0.068951    1.350163 v _468_/Y (sky130_fd_sc_hd__xnor2_1)
                                                         acc_core.adder.cla_blocks[1].block.sum[2] (net)
                      0.041079    0.000048    1.350211 v _640_/D (sky130_fd_sc_hd__dfrtp_1)
                                              1.350211   data arrival time

                                  0.000000    0.000000   clock clk (rise edge)
                                  0.000000    0.000000   clock source latency
     1    0.030636    0.143136    0.099091    0.099091 ^ clk (in)
                                                         clk (net)
                      0.143142    0.000000    0.099091 ^ clkbuf_0_clk/A (sky130_fd_sc_hd__clkbuf_16)
     8    0.130486    0.143741    0.240533    0.339624 ^ clkbuf_0_clk/X (sky130_fd_sc_hd__clkbuf_16)
                                                         clknet_0_clk (net)
                      0.144000    0.004178    0.343802 ^ clkbuf_3_3__f_clk/A (sky130_fd_sc_hd__clkbuf_16)
    10    0.040553    0.060757    0.177202    0.521004 ^ clkbuf_3_3__f_clk/X (sky130_fd_sc_hd__clkbuf_16)
                                                         clknet_3_3__leaf_clk (net)
                      0.060757    0.000290    0.521295 ^ _640_/CLK (sky130_fd_sc_hd__dfrtp_1)
                                  0.250000    0.771295   clock uncertainty
                                  0.000000    0.771295   clock reconvergence pessimism
                                 -0.040585    0.730709   library hold time
                                              0.730709   data required time
---------------------------------------------------------------------------------------------
                                              0.730709   data required time
                                             -1.350211   data arrival time
---------------------------------------------------------------------------------------------
                                              0.619501   slack (MET)


Startpoint: _593_ (rising edge-triggered flip-flop clocked by clk)
Endpoint: sram0 (falling edge-triggered flip-flop clocked by clk)
Path Group: clk
Path Type: min

Fanout         Cap        Slew       Delay        Time   Description
---------------------------------------------------------------------------------------------
                                  0.000000    0.000000   clock clk (rise edge)
                                  0.000000    0.000000   clock source latency
     1    0.030636    0.143136    0.099091    0.099091 ^ clk (in)
                                                         clk (net)
                      0.143142    0.000000    0.099091 ^ clkbuf_0_clk/A (sky130_fd_sc_hd__clkbuf_16)
     8    0.130486    0.143741    0.240533    0.339624 ^ clkbuf_0_clk/X (sky130_fd_sc_hd__clkbuf_16)
                                                         clknet_0_clk (net)
                      0.144155    0.005613    0.345237 ^ clkbuf_3_2__f_clk/A (sky130_fd_sc_hd__clkbuf_16)
    10    0.047671    0.067122    0.182525    0.527762 ^ clkbuf_3_2__f_clk/X (sky130_fd_sc_hd__clkbuf_16)
                                                         clknet_3_2__leaf_clk (net)
                      0.067122    0.000268    0.528030 ^ _593_/CLK (sky130_fd_sc_hd__dfrtp_1)
     2    0.005582    0.066265    0.342062    0.870091 ^ _593_/Q (sky130_fd_sc_hd__dfrtp_1)
                                                         rd_addr[1] (net)
                      0.066265    0.000068    0.870159 ^ max_cap615/A (sky130_fd_sc_hd__clkbuf_1)
     2    0.007093    0.091880    0.121147    0.991306 ^ max_cap615/X (sky130_fd_sc_hd__clkbuf_1)
                                                         net615 (net)
                      0.091880    0.000127    0.991434 ^ max_cap614/A (sky130_fd_sc_hd__clkbuf_1)
     2    0.005717    0.076587    0.116992    1.108425 ^ max_cap614/X (sky130_fd_sc_hd__clkbuf_1)
                                                         net614 (net)
                      0.076587    0.000074    1.108500 ^ _455_/A0 (sky130_fd_sc_hd__mux2_1)
     1    0.020603    0.187711    0.237633    1.346132 ^ _455_/X (sky130_fd_sc_hd__mux2_1)
                                                         addr0[1] (net)
                      0.250289    0.001290    1.347422 ^ sram0/addr0[1] (sky130_sram_1kbyte_1rw1r_32x256_8)
                                              1.347422   data arrival time

                                  0.000000    0.000000   clock clk (rise edge)
                                  0.000000    0.000000   clock source latency
     1    0.030636    0.143136    0.099091    0.099091 ^ clk (in)
                                                         clk (net)
                      0.143142    0.000000    0.099091 ^ clkbuf_0_clk/A (sky130_fd_sc_hd__clkbuf_16)
     8    0.130486    0.143741    0.240533    0.339624 ^ clkbuf_0_clk/X (sky130_fd_sc_hd__clkbuf_16)
                                                         clknet_0_clk (net)
                      0.144155    0.005613    0.345237 ^ clkbuf_3_2__f_clk/A (sky130_fd_sc_hd__clkbuf_16)
    10    0.047671    0.067122    0.182525    0.527762 ^ clkbuf_3_2__f_clk/X (sky130_fd_sc_hd__clkbuf_16)
                                                         clknet_3_2__leaf_clk (net)
                      0.089500    0.000558    0.528320 ^ sram0/clk0 (sky130_sram_1kbyte_1rw1r_32x256_8)
                                  0.250000    0.778320   clock uncertainty
                                  0.000000    0.778320   clock reconvergence pessimism
                                 -0.056000    0.722320   library hold time
                                              0.722320   data required time
---------------------------------------------------------------------------------------------
                                              0.722320   data required time
                                             -1.347422   data arrival time
---------------------------------------------------------------------------------------------
                                              0.625102   slack (MET)


Startpoint: _627_ (rising edge-triggered flip-flop clocked by clk)
Endpoint: _660_ (rising edge-triggered flip-flop clocked by clk)
Path Group: clk
Path Type: min

Fanout         Cap        Slew       Delay        Time   Description
---------------------------------------------------------------------------------------------
                                  0.000000    0.000000   clock clk (rise edge)
                                  0.000000    0.000000   clock source latency
     1    0.030636    0.143136    0.099091    0.099091 ^ clk (in)
                                                         clk (net)
                      0.143142    0.000000    0.099091 ^ clkbuf_0_clk/A (sky130_fd_sc_hd__clkbuf_16)
     8    0.130486    0.143741    0.240533    0.339624 ^ clkbuf_0_clk/X (sky130_fd_sc_hd__clkbuf_16)
                                                         clknet_0_clk (net)
                      0.143971    0.003841    0.343466 ^ clkbuf_3_5__f_clk/A (sky130_fd_sc_hd__clkbuf_16)
    15    0.047278    0.066748    0.182039    0.525504 ^ clkbuf_3_5__f_clk/X (sky130_fd_sc_hd__clkbuf_16)
                                                         clknet_3_5__leaf_clk (net)
                      0.066750    0.000526    0.526030 ^ _627_/CLK (sky130_fd_sc_hd__dfrtp_1)
     2    0.005872    0.068526    0.343876    0.869907 ^ _627_/Q (sky130_fd_sc_hd__dfrtp_1)
                                                         dout0_q[25] (net)
                      0.068526    0.000068    0.869974 ^ _307_/C (sky130_fd_sc_hd__and3_1)
     2    0.004634    0.064763    0.166117    1.036091 ^ _307_/X (sky130_fd_sc_hd__and3_1)
                                                         _096_ (net)
                      0.064763    0.000039    1.036130 ^ max_cap508/A (sky130_fd_sc_hd__clkbuf_1)
     1    0.005385    0.072724    0.107140    1.143269 ^ max_cap508/X (sky130_fd_sc_hd__clkbuf_1)
                                                         net508 (net)
                      0.072724    0.000057    1.143326 ^ _308_/A (sky130_fd_sc_hd__inv_2)
     2    0.005421    0.024260    0.038020    1.181346 v _308_/Y (sky130_fd_sc_hd__inv_2)
                                                         _097_ (net)
                      0.024260    0.000024    1.181370 v _319_/A (sky130_fd_sc_hd__nor2_1)
     2    0.005619    0.125315    0.123546    1.304916 ^ _319_/Y (sky130_fd_sc_hd__nor2_1)
                                                         _108_ (net)
                      0.125315    0.000033    1.304949 ^ _505_/A (sky130_fd_sc_hd__nor3_1)
     1    0.002719    0.024128    0.070957    1.375905 v _505_/Y (sky130_fd_sc_hd__nor3_1)
                                                         acc_core.adder.cla_blocks[6].block.sum[2] (net)
                      0.024128    0.000029    1.375934 v _660_/D (sky130_fd_sc_hd__dfrtp_1)
                                              1.375934   data arrival time

                                  0.000000    0.000000   clock clk (rise edge)
                                  0.000000    0.000000   clock source latency
     1    0.030636    0.143136    0.099091    0.099091 ^ clk (in)
                                                         clk (net)
                      0.143142    0.000000    0.099091 ^ clkbuf_0_clk/A (sky130_fd_sc_hd__clkbuf_16)
     8    0.130486    0.143741    0.240533    0.339624 ^ clkbuf_0_clk/X (sky130_fd_sc_hd__clkbuf_16)
                                                         clknet_0_clk (net)
                      0.143971    0.003841    0.343466 ^ clkbuf_3_5__f_clk/A (sky130_fd_sc_hd__clkbuf_16)
    15    0.047278    0.066748    0.182039    0.525504 ^ clkbuf_3_5__f_clk/X (sky130_fd_sc_hd__clkbuf_16)
                                                         clknet_3_5__leaf_clk (net)
                      0.066750    0.000502    0.526007 ^ _660_/CLK (sky130_fd_sc_hd__dfrtp_1)
                                  0.250000    0.776007   clock uncertainty
                                  0.000000    0.776007   clock reconvergence pessimism
                                 -0.032319    0.743688   library hold time
                                              0.743688   data required time
---------------------------------------------------------------------------------------------
                                              0.743688   data required time
                                             -1.375934   data arrival time
---------------------------------------------------------------------------------------------
                                              0.632246   slack (MET)


Startpoint: _639_ (rising edge-triggered flip-flop clocked by clk)
Endpoint: _639_ (rising edge-triggered flip-flop clocked by clk)
Path Group: clk
Path Type: min

Fanout         Cap        Slew       Delay        Time   Description
---------------------------------------------------------------------------------------------
                                  0.000000    0.000000   clock clk (rise edge)
                                  0.000000    0.000000   clock source latency
     1    0.030636    0.143136    0.099091    0.099091 ^ clk (in)
                                                         clk (net)
                      0.143142    0.000000    0.099091 ^ clkbuf_0_clk/A (sky130_fd_sc_hd__clkbuf_16)
     8    0.130486    0.143741    0.240533    0.339624 ^ clkbuf_0_clk/X (sky130_fd_sc_hd__clkbuf_16)
                                                         clknet_0_clk (net)
                      0.144000    0.004178    0.343802 ^ clkbuf_3_3__f_clk/A (sky130_fd_sc_hd__clkbuf_16)
    10    0.040553    0.060757    0.177202    0.521004 ^ clkbuf_3_3__f_clk/X (sky130_fd_sc_hd__clkbuf_16)
                                                         clknet_3_3__leaf_clk (net)
                      0.060757    0.000250    0.521254 ^ _639_/CLK (sky130_fd_sc_hd__dfrtp_1)
     3    0.007844    0.062639    0.386877    0.908132 v _639_/Q (sky130_fd_sc_hd__dfrtp_1)
                                                         net70 (net)
                      0.062639    0.000043    0.908175 v _390_/B1 (sky130_fd_sc_hd__a21oi_1)
     2    0.004800    0.127718    0.144538    1.052713 ^ _390_/Y (sky130_fd_sc_hd__a21oi_1)
                                                         _179_ (net)
                      0.127718    0.000031    1.052744 ^ _392_/B (sky130_fd_sc_hd__or2_1)
     2    0.006008    0.067175    0.135520    1.188264 ^ _392_/X (sky130_fd_sc_hd__or2_1)
                                                         _181_ (net)
                      0.067175    0.000070    1.188333 ^ wire149/A (sky130_fd_sc_hd__clkbuf_1)
     1    0.005095    0.069496    0.105466    1.293799 ^ wire149/X (sky130_fd_sc_hd__clkbuf_1)
                                                         net149 (net)
                      0.069496    0.000048    1.293847 ^ _469_/A (sky130_fd_sc_hd__xnor2_1)
     1    0.003066    0.036250    0.071740    1.365587 v _469_/Y (sky130_fd_sc_hd__xnor2_1)
                                                         acc_core.adder.cla_blocks[1].block.sum[1] (net)
                      0.036250    0.000028    1.365615 v _639_/D (sky130_fd_sc_hd__dfrtp_1)
                                              1.365615   data arrival time

                                  0.000000    0.000000   clock clk (rise edge)
                                  0.000000    0.000000   clock source latency
     1    0.030636    0.143136    0.099091    0.099091 ^ clk (in)
                                                         clk (net)
                      0.143142    0.000000    0.099091 ^ clkbuf_0_clk/A (sky130_fd_sc_hd__clkbuf_16)
     8    0.130486    0.143741    0.240533    0.339624 ^ clkbuf_0_clk/X (sky130_fd_sc_hd__clkbuf_16)
                                                         clknet_0_clk (net)
                      0.144000    0.004178    0.343802 ^ clkbuf_3_3__f_clk/A (sky130_fd_sc_hd__clkbuf_16)
    10    0.040553    0.060757    0.177202    0.521004 ^ clkbuf_3_3__f_clk/X (sky130_fd_sc_hd__clkbuf_16)
                                                         clknet_3_3__leaf_clk (net)
                      0.060757    0.000250    0.521254 ^ _639_/CLK (sky130_fd_sc_hd__dfrtp_1)
                                  0.250000    0.771254   clock uncertainty
                                  0.000000    0.771254   clock reconvergence pessimism
                                 -0.038620    0.732634   library hold time
                                              0.732634   data required time
---------------------------------------------------------------------------------------------
                                              0.732634   data required time
                                             -1.365615   data arrival time
---------------------------------------------------------------------------------------------
                                              0.632980   slack (MET)


Startpoint: _600_ (rising edge-triggered flip-flop clocked by clk)
Endpoint: _601_ (rising edge-triggered flip-flop clocked by clk)
Path Group: clk
Path Type: min

Fanout         Cap        Slew       Delay        Time   Description
---------------------------------------------------------------------------------------------
                                  0.000000    0.000000   clock clk (rise edge)
                                  0.000000    0.000000   clock source latency
     1    0.030636    0.143136    0.099091    0.099091 ^ clk (in)
                                                         clk (net)
                      0.143142    0.000000    0.099091 ^ clkbuf_0_clk/A (sky130_fd_sc_hd__clkbuf_16)
     8    0.130486    0.143741    0.240533    0.339624 ^ clkbuf_0_clk/X (sky130_fd_sc_hd__clkbuf_16)
                                                         clknet_0_clk (net)
                      0.144000    0.004178    0.343802 ^ clkbuf_3_3__f_clk/A (sky130_fd_sc_hd__clkbuf_16)
    10    0.040553    0.060757    0.177202    0.521004 ^ clkbuf_3_3__f_clk/X (sky130_fd_sc_hd__clkbuf_16)
                                                         clknet_3_3__leaf_clk (net)
                      0.060769    0.000779    0.521783 ^ _600_/CLK (sky130_fd_sc_hd__dfrtp_1)
     1    0.002660    0.044095    0.318661    0.840443 ^ _600_/Q (sky130_fd_sc_hd__dfrtp_1)
                                                         valid_d1 (net)
                      0.044095    0.000022    0.840466 ^ hold1/A (sky130_fd_sc_hd__dlygate4sd3_1)
     1    0.003074    0.055309    0.537148    1.377614 ^ hold1/X (sky130_fd_sc_hd__dlygate4sd3_1)
                                                         net688 (net)
                      0.055309    0.000033    1.377647 ^ _601_/D (sky130_fd_sc_hd__dfrtp_1)
                                              1.377647   data arrival time

                                  0.000000    0.000000   clock clk (rise edge)
                                  0.000000    0.000000   clock source latency
     1    0.030636    0.143136    0.099091    0.099091 ^ clk (in)
                                                         clk (net)
                      0.143142    0.000000    0.099091 ^ clkbuf_0_clk/A (sky130_fd_sc_hd__clkbuf_16)
     8    0.130486    0.143741    0.240533    0.339624 ^ clkbuf_0_clk/X (sky130_fd_sc_hd__clkbuf_16)
                                                         clknet_0_clk (net)
                      0.144000    0.004178    0.343802 ^ clkbuf_3_3__f_clk/A (sky130_fd_sc_hd__clkbuf_16)
    10    0.040553    0.060757    0.177202    0.521004 ^ clkbuf_3_3__f_clk/X (sky130_fd_sc_hd__clkbuf_16)
                                                         clknet_3_3__leaf_clk (net)
                      0.060770    0.000803    0.521807 ^ _601_/CLK (sky130_fd_sc_hd__dfrtp_1)
                                  0.250000    0.771807   clock uncertainty
                                  0.000000    0.771807   clock reconvergence pessimism
                                 -0.034766    0.737041   library hold time
                                              0.737041   data required time
---------------------------------------------------------------------------------------------
                                              0.737041   data required time
                                             -1.377647   data arrival time
---------------------------------------------------------------------------------------------
                                              0.640606   slack (MET)


Startpoint: _636_ (rising edge-triggered flip-flop clocked by clk)
Endpoint: _636_ (rising edge-triggered flip-flop clocked by clk)
Path Group: clk
Path Type: min

Fanout         Cap        Slew       Delay        Time   Description
---------------------------------------------------------------------------------------------
                                  0.000000    0.000000   clock clk (rise edge)
                                  0.000000    0.000000   clock source latency
     1    0.030636    0.143136    0.099091    0.099091 ^ clk (in)
                                                         clk (net)
                      0.143142    0.000000    0.099091 ^ clkbuf_0_clk/A (sky130_fd_sc_hd__clkbuf_16)
     8    0.130486    0.143741    0.240533    0.339624 ^ clkbuf_0_clk/X (sky130_fd_sc_hd__clkbuf_16)
                                                         clknet_0_clk (net)
                      0.144000    0.004178    0.343802 ^ clkbuf_3_3__f_clk/A (sky130_fd_sc_hd__clkbuf_16)
    10    0.040553    0.060757    0.177202    0.521004 ^ clkbuf_3_3__f_clk/X (sky130_fd_sc_hd__clkbuf_16)
                                                         clknet_3_3__leaf_clk (net)
                      0.060766    0.000694    0.521698 ^ _636_/CLK (sky130_fd_sc_hd__dfrtp_1)
     2    0.005168    0.063010    0.336905    0.858603 ^ _636_/Q (sky130_fd_sc_hd__dfrtp_1)
                                                         net65 (net)
                      0.063010    0.000038    0.858641 ^ wire563/A (sky130_fd_sc_hd__clkbuf_1)
     2    0.008337    0.105768    0.130180    0.988822 ^ wire563/X (sky130_fd_sc_hd__clkbuf_1)
                                                         net563 (net)
                      0.105768    0.000150    0.988971 ^ _400_/B1 (sky130_fd_sc_hd__a21o_1)
     2    0.005585    0.057460    0.109441    1.098412 ^ _400_/X (sky130_fd_sc_hd__a21o_1)
                                                         _189_ (net)
                      0.057460    0.000046    1.098458 ^ _401_/B (sky130_fd_sc_hd__nand2_1)
     1    0.004351    0.040128    0.059694    1.158152 v _401_/Y (sky130_fd_sc_hd__nand2_1)
                                                         _190_ (net)
                      0.040128    0.000053    1.158205 v wire147/A (sky130_fd_sc_hd__clkbuf_1)
     1    0.005121    0.038653    0.096284    1.254490 v wire147/X (sky130_fd_sc_hd__clkbuf_1)
                                                         net147 (net)
                      0.038653    0.000054    1.254544 v _463_/A (sky130_fd_sc_hd__xnor2_1)
     1    0.004251    0.044367    0.124652    1.379196 v _463_/Y (sky130_fd_sc_hd__xnor2_1)
                                                         acc_core.adder.cla_blocks[0].block.sum[2] (net)
                      0.044367    0.000064    1.379259 v _636_/D (sky130_fd_sc_hd__dfrtp_1)
                                              1.379259   data arrival time

                                  0.000000    0.000000   clock clk (rise edge)
                                  0.000000    0.000000   clock source latency
     1    0.030636    0.143136    0.099091    0.099091 ^ clk (in)
                                                         clk (net)
                      0.143142    0.000000    0.099091 ^ clkbuf_0_clk/A (sky130_fd_sc_hd__clkbuf_16)
     8    0.130486    0.143741    0.240533    0.339624 ^ clkbuf_0_clk/X (sky130_fd_sc_hd__clkbuf_16)
                                                         clknet_0_clk (net)
                      0.144000    0.004178    0.343802 ^ clkbuf_3_3__f_clk/A (sky130_fd_sc_hd__clkbuf_16)
    10    0.040553    0.060757    0.177202    0.521004 ^ clkbuf_3_3__f_clk/X (sky130_fd_sc_hd__clkbuf_16)
                                                         clknet_3_3__leaf_clk (net)
                      0.060766    0.000694    0.521698 ^ _636_/CLK (sky130_fd_sc_hd__dfrtp_1)
                                  0.250000    0.771698   clock uncertainty
                                  0.000000    0.771698   clock reconvergence pessimism
                                 -0.041922    0.729776   library hold time
                                              0.729776   data required time
---------------------------------------------------------------------------------------------
                                              0.729776   data required time
                                             -1.379259   data arrival time
---------------------------------------------------------------------------------------------
                                              0.649483   slack (MET)


Startpoint: _616_ (rising edge-triggered flip-flop clocked by clk)
Endpoint: _649_ (rising edge-triggered flip-flop clocked by clk)
Path Group: clk
Path Type: min

Fanout         Cap        Slew       Delay        Time   Description
---------------------------------------------------------------------------------------------
                                  0.000000    0.000000   clock clk (rise edge)
                                  0.000000    0.000000   clock source latency
     1    0.030636    0.143136    0.099091    0.099091 ^ clk (in)
                                                         clk (net)
                      0.143142    0.000000    0.099091 ^ clkbuf_0_clk/A (sky130_fd_sc_hd__clkbuf_16)
     8    0.130486    0.143741    0.240533    0.339624 ^ clkbuf_0_clk/X (sky130_fd_sc_hd__clkbuf_16)
                                                         clknet_0_clk (net)
                      0.143899    0.002841    0.342465 ^ clkbuf_3_7__f_clk/A (sky130_fd_sc_hd__clkbuf_16)
     7    0.043903    0.063730    0.179650    0.522115 ^ clkbuf_3_7__f_clk/X (sky130_fd_sc_hd__clkbuf_16)
                                                         clknet_3_7__leaf_clk (net)
                      0.063744    0.000888    0.523003 ^ _616_/CLK (sky130_fd_sc_hd__dfrtp_1)
     1    0.002945    0.046260    0.322122    0.845126 ^ _616_/Q (sky130_fd_sc_hd__dfrtp_1)
                                                         dout0_q[14] (net)
                      0.046260    0.000032    0.845157 ^ wire571/A (sky130_fd_sc_hd__clkbuf_1)
     2    0.007699    0.098600    0.120080    0.965238 ^ wire571/X (sky130_fd_sc_hd__clkbuf_1)
                                                         net571 (net)
                      0.098600    0.000148    0.965386 ^ _351_/A2 (sky130_fd_sc_hd__a21oi_1)
     2    0.008701    0.071707    0.106523    1.071908 v _351_/Y (sky130_fd_sc_hd__a21oi_1)
                                                         _140_ (net)
                      0.071707    0.000135    1.072043 v max_cap331/A (sky130_fd_sc_hd__clkbuf_1)
     1    0.005352    0.040030    0.111311    1.183354 v max_cap331/X (sky130_fd_sc_hd__clkbuf_1)
                                                         net331 (net)
                      0.040030    0.000060    1.183414 v _352_/A (sky130_fd_sc_hd__inv_2)
     1    0.006152    0.035229    0.049150    1.232564 ^ _352_/Y (sky130_fd_sc_hd__inv_2)
                                                         _141_ (net)
                      0.035229    0.000154    1.232718 ^ _479_/A1 (sky130_fd_sc_hd__a21o_1)
     1    0.004816    0.052885    0.108018    1.340736 ^ _479_/X (sky130_fd_sc_hd__a21o_1)
                                                         _246_ (net)
                      0.052885    0.000019    1.340755 ^ _480_/B (sky130_fd_sc_hd__xnor2_1)
     1    0.003014    0.034327    0.058790    1.399545 v _480_/Y (sky130_fd_sc_hd__xnor2_1)
                                                         acc_core.adder.cla_blocks[3].block.sum[3] (net)
                      0.034327    0.000025    1.399570 v _649_/D (sky130_fd_sc_hd__dfrtp_1)
                                              1.399570   data arrival time

                                  0.000000    0.000000   clock clk (rise edge)
                                  0.000000    0.000000   clock source latency
     1    0.030636    0.143136    0.099091    0.099091 ^ clk (in)
                                                         clk (net)
                      0.143142    0.000000    0.099091 ^ clkbuf_0_clk/A (sky130_fd_sc_hd__clkbuf_16)
     8    0.130486    0.143741    0.240533    0.339624 ^ clkbuf_0_clk/X (sky130_fd_sc_hd__clkbuf_16)
                                                         clknet_0_clk (net)
                      0.143851    0.001902    0.341526 ^ clkbuf_3_6__f_clk/A (sky130_fd_sc_hd__clkbuf_16)
    12    0.044451    0.064237    0.180106    0.521632 ^ clkbuf_3_6__f_clk/X (sky130_fd_sc_hd__clkbuf_16)
                                                         clknet_3_6__leaf_clk (net)
                      0.064238    0.000408    0.522040 ^ _649_/CLK (sky130_fd_sc_hd__dfrtp_1)
                                  0.250000    0.772040   clock uncertainty
                                  0.000000    0.772040   clock reconvergence pessimism
                                 -0.037043    0.734996   library hold time
                                              0.734996   data required time
---------------------------------------------------------------------------------------------
                                              0.734996   data required time
                                             -1.399570   data arrival time
---------------------------------------------------------------------------------------------
                                              0.664574   slack (MET)


Startpoint: _638_ (rising edge-triggered flip-flop clocked by clk)
Endpoint: _638_ (rising edge-triggered flip-flop clocked by clk)
Path Group: clk
Path Type: min

Fanout         Cap        Slew       Delay        Time   Description
---------------------------------------------------------------------------------------------
                                  0.000000    0.000000   clock clk (rise edge)
                                  0.000000    0.000000   clock source latency
     1    0.030636    0.143136    0.099091    0.099091 ^ clk (in)
                                                         clk (net)
                      0.143142    0.000000    0.099091 ^ clkbuf_0_clk/A (sky130_fd_sc_hd__clkbuf_16)
     8    0.130486    0.143741    0.240533    0.339624 ^ clkbuf_0_clk/X (sky130_fd_sc_hd__clkbuf_16)
                                                         clknet_0_clk (net)
                      0.144000    0.004178    0.343802 ^ clkbuf_3_3__f_clk/A (sky130_fd_sc_hd__clkbuf_16)
    10    0.040553    0.060757    0.177202    0.521004 ^ clkbuf_3_3__f_clk/X (sky130_fd_sc_hd__clkbuf_16)
                                                         clknet_3_3__leaf_clk (net)
                      0.060757    0.000281    0.521285 ^ _638_/CLK (sky130_fd_sc_hd__dfrtp_1)
     2    0.007564    0.081869    0.353077    0.874362 ^ _638_/Q (sky130_fd_sc_hd__dfrtp_1)
                                                         net69 (net)
                      0.081869    0.000048    0.874410 ^ max_cap559/A (sky130_fd_sc_hd__clkbuf_1)
     2    0.007183    0.092942    0.126000    1.000410 ^ max_cap559/X (sky130_fd_sc_hd__clkbuf_1)
                                                         net559 (net)
                      0.092942    0.000153    1.000563 ^ _395_/B1 (sky130_fd_sc_hd__a21o_1)
     2    0.006088    0.061374    0.108937    1.109500 ^ _395_/X (sky130_fd_sc_hd__a21o_1)
                                                         _184_ (net)
                      0.061374    0.000042    1.109542 ^ _396_/B (sky130_fd_sc_hd__nand2b_1)
     2    0.004963    0.048897    0.066513    1.176055 v _396_/Y (sky130_fd_sc_hd__nand2b_1)
                                                         _185_ (net)
                      0.048897    0.000017    1.176072 v max_cap148/A (sky130_fd_sc_hd__clkbuf_1)
     1    0.006048    0.043663    0.104422    1.280494 v max_cap148/X (sky130_fd_sc_hd__clkbuf_1)
                                                         net148 (net)
                      0.043663    0.000094    1.280588 v _470_/A (sky130_fd_sc_hd__xnor2_1)
     1    0.003661    0.040208    0.123389    1.403976 v _470_/Y (sky130_fd_sc_hd__xnor2_1)
                                                         acc_core.adder.cla_blocks[1].block.sum[0] (net)
                      0.040208    0.000050    1.404026 v _638_/D (sky130_fd_sc_hd__dfrtp_1)
                                              1.404026   data arrival time

                                  0.000000    0.000000   clock clk (rise edge)
                                  0.000000    0.000000   clock source latency
     1    0.030636    0.143136    0.099091    0.099091 ^ clk (in)
                                                         clk (net)
                      0.143142    0.000000    0.099091 ^ clkbuf_0_clk/A (sky130_fd_sc_hd__clkbuf_16)
     8    0.130486    0.143741    0.240533    0.339624 ^ clkbuf_0_clk/X (sky130_fd_sc_hd__clkbuf_16)
                                                         clknet_0_clk (net)
                      0.144000    0.004178    0.343802 ^ clkbuf_3_3__f_clk/A (sky130_fd_sc_hd__clkbuf_16)
    10    0.040553    0.060757    0.177202    0.521004 ^ clkbuf_3_3__f_clk/X (sky130_fd_sc_hd__clkbuf_16)
                                                         clknet_3_3__leaf_clk (net)
                      0.060757    0.000281    0.521285 ^ _638_/CLK (sky130_fd_sc_hd__dfrtp_1)
                                  0.250000    0.771285   clock uncertainty
                                  0.000000    0.771285   clock reconvergence pessimism
                                 -0.040231    0.731055   library hold time
                                              0.731055   data required time
---------------------------------------------------------------------------------------------
                                              0.731055   data required time
                                             -1.404026   data arrival time
---------------------------------------------------------------------------------------------
                                              0.672971   slack (MET)


Startpoint: _646_ (rising edge-triggered flip-flop clocked by clk)
Endpoint: _646_ (rising edge-triggered flip-flop clocked by clk)
Path Group: clk
Path Type: min

Fanout         Cap        Slew       Delay        Time   Description
---------------------------------------------------------------------------------------------
                                  0.000000    0.000000   clock clk (rise edge)
                                  0.000000    0.000000   clock source latency
     1    0.030636    0.143136    0.099091    0.099091 ^ clk (in)
                                                         clk (net)
                      0.143142    0.000000    0.099091 ^ clkbuf_0_clk/A (sky130_fd_sc_hd__clkbuf_16)
     8    0.130486    0.143741    0.240533    0.339624 ^ clkbuf_0_clk/X (sky130_fd_sc_hd__clkbuf_16)
                                                         clknet_0_clk (net)
                      0.143931    0.003332    0.342956 ^ clkbuf_3_1__f_clk/A (sky130_fd_sc_hd__clkbuf_16)
     9    0.039664    0.059990    0.176602    0.519558 ^ clkbuf_3_1__f_clk/X (sky130_fd_sc_hd__clkbuf_16)
                                                         clknet_3_1__leaf_clk (net)
                      0.059990    0.000146    0.519704 ^ _646_/CLK (sky130_fd_sc_hd__dfrtp_1)
     2    0.013160    0.126156    0.387865    0.907569 ^ _646_/Q (sky130_fd_sc_hd__dfrtp_1)
                                                         net46 (net)
                      0.126156    0.000093    0.907661 ^ _360_/B1 (sky130_fd_sc_hd__a21o_1)
     1    0.005798    0.059399    0.115792    1.023453 ^ _360_/X (sky130_fd_sc_hd__a21o_1)
                                                         _149_ (net)
                      0.059399    0.000108    1.023561 ^ _361_/B (sky130_fd_sc_hd__nand2_1)
     1    0.003995    0.038130    0.058354    1.081915 v _361_/Y (sky130_fd_sc_hd__nand2_1)
                                                         _150_ (net)
                      0.038130    0.000039    1.081954 v wire163/A (sky130_fd_sc_hd__clkbuf_1)
     2    0.005790    0.042240    0.098500    1.180454 v wire163/X (sky130_fd_sc_hd__clkbuf_1)
                                                         net163 (net)
                      0.042240    0.000059    1.180513 v max_cap162/A (sky130_fd_sc_hd__clkbuf_1)
     1    0.006074    0.043791    0.101600    1.282114 v max_cap162/X (sky130_fd_sc_hd__clkbuf_1)
                                                         net162 (net)
                      0.043791    0.000094    1.282207 v _484_/A (sky130_fd_sc_hd__xor2_1)
     1    0.002848    0.097560    0.141322    1.423529 ^ _484_/X (sky130_fd_sc_hd__xor2_1)
                                                         acc_core.adder.cla_blocks[3].block.sum[0] (net)
                      0.097560    0.000030    1.423559 ^ _646_/D (sky130_fd_sc_hd__dfrtp_1)
                                              1.423559   data arrival time

                                  0.000000    0.000000   clock clk (rise edge)
                                  0.000000    0.000000   clock source latency
     1    0.030636    0.143136    0.099091    0.099091 ^ clk (in)
                                                         clk (net)
                      0.143142    0.000000    0.099091 ^ clkbuf_0_clk/A (sky130_fd_sc_hd__clkbuf_16)
     8    0.130486    0.143741    0.240533    0.339624 ^ clkbuf_0_clk/X (sky130_fd_sc_hd__clkbuf_16)
                                                         clknet_0_clk (net)
                      0.143931    0.003332    0.342956 ^ clkbuf_3_1__f_clk/A (sky130_fd_sc_hd__clkbuf_16)
     9    0.039664    0.059990    0.176602    0.519558 ^ clkbuf_3_1__f_clk/X (sky130_fd_sc_hd__clkbuf_16)
                                                         clknet_3_1__leaf_clk (net)
                      0.059990    0.000146    0.519704 ^ _646_/CLK (sky130_fd_sc_hd__dfrtp_1)
                                  0.250000    0.769704   clock uncertainty
                                  0.000000    0.769704   clock reconvergence pessimism
                                 -0.043713    0.725991   library hold time
                                              0.725991   data required time
---------------------------------------------------------------------------------------------
                                              0.725991   data required time
                                             -1.423559   data arrival time
---------------------------------------------------------------------------------------------
                                              0.697568   slack (MET)


Startpoint: _644_ (rising edge-triggered flip-flop clocked by clk)
Endpoint: _644_ (rising edge-triggered flip-flop clocked by clk)
Path Group: clk
Path Type: min

Fanout         Cap        Slew       Delay        Time   Description
---------------------------------------------------------------------------------------------
                                  0.000000    0.000000   clock clk (rise edge)
                                  0.000000    0.000000   clock source latency
     1    0.030636    0.143136    0.099091    0.099091 ^ clk (in)
                                                         clk (net)
                      0.143142    0.000000    0.099091 ^ clkbuf_0_clk/A (sky130_fd_sc_hd__clkbuf_16)
     8    0.130486    0.143741    0.240533    0.339624 ^ clkbuf_0_clk/X (sky130_fd_sc_hd__clkbuf_16)
                                                         clknet_0_clk (net)
                      0.143931    0.003332    0.342956 ^ clkbuf_3_1__f_clk/A (sky130_fd_sc_hd__clkbuf_16)
     9    0.039664    0.059990    0.176602    0.519558 ^ clkbuf_3_1__f_clk/X (sky130_fd_sc_hd__clkbuf_16)
                                                         clknet_3_1__leaf_clk (net)
                      0.059990    0.000189    0.519747 ^ _644_/CLK (sky130_fd_sc_hd__dfrtp_1)
     1    0.004470    0.057718    0.331893    0.851640 ^ _644_/Q (sky130_fd_sc_hd__dfrtp_1)
                                                         net44 (net)
                      0.057718    0.000061    0.851700 ^ wire548/A (sky130_fd_sc_hd__clkbuf_1)
     2    0.010728    0.132945    0.147671    0.999372 ^ wire548/X (sky130_fd_sc_hd__clkbuf_1)
                                                         net548 (net)
                      0.132945    0.000115    0.999486 ^ _366_/B1 (sky130_fd_sc_hd__a21o_1)
     2    0.006583    0.065760    0.121508    1.120994 ^ _366_/X (sky130_fd_sc_hd__a21o_1)
                                                         _155_ (net)
                      0.065760    0.000058    1.121053 ^ _367_/B (sky130_fd_sc_hd__nand2b_1)
     2    0.008190    0.070744    0.085420    1.206473 v _367_/Y (sky130_fd_sc_hd__nand2b_1)
                                                         _156_ (net)
                      0.070744    0.000149    1.206622 v max_cap159/A (sky130_fd_sc_hd__clkbuf_1)
     1    0.005368    0.040107    0.110955    1.317577 v max_cap159/X (sky130_fd_sc_hd__clkbuf_1)
                                                         net159 (net)
                      0.040107    0.000064    1.317641 v _474_/A (sky130_fd_sc_hd__xnor2_1)
     1    0.003751    0.042867    0.122347    1.439988 v _474_/Y (sky130_fd_sc_hd__xnor2_1)
                                                         acc_core.adder.cla_blocks[2].block.sum[2] (net)
                      0.042867    0.000046    1.440034 v _644_/D (sky130_fd_sc_hd__dfrtp_1)
                                              1.440034   data arrival time

                                  0.000000    0.000000   clock clk (rise edge)
                                  0.000000    0.000000   clock source latency
     1    0.030636    0.143136    0.099091    0.099091 ^ clk (in)
                                                         clk (net)
                      0.143142    0.000000    0.099091 ^ clkbuf_0_clk/A (sky130_fd_sc_hd__clkbuf_16)
     8    0.130486    0.143741    0.240533    0.339624 ^ clkbuf_0_clk/X (sky130_fd_sc_hd__clkbuf_16)
                                                         clknet_0_clk (net)
                      0.143931    0.003332    0.342956 ^ clkbuf_3_1__f_clk/A (sky130_fd_sc_hd__clkbuf_16)
     9    0.039664    0.059990    0.176602    0.519558 ^ clkbuf_3_1__f_clk/X (sky130_fd_sc_hd__clkbuf_16)
                                                         clknet_3_1__leaf_clk (net)
                      0.059990    0.000189    0.519747 ^ _644_/CLK (sky130_fd_sc_hd__dfrtp_1)
                                  0.250000    0.769747   clock uncertainty
                                  0.000000    0.769747   clock reconvergence pessimism
                                 -0.041488    0.728259   library hold time
                                              0.728259   data required time
---------------------------------------------------------------------------------------------
                                              0.728259   data required time
                                             -1.440034   data arrival time
---------------------------------------------------------------------------------------------
                                              0.711775   slack (MET)


Startpoint: _620_ (rising edge-triggered flip-flop clocked by clk)
Endpoint: _652_ (rising edge-triggered flip-flop clocked by clk)
Path Group: clk
Path Type: min

Fanout         Cap        Slew       Delay        Time   Description
---------------------------------------------------------------------------------------------
                                  0.000000    0.000000   clock clk (rise edge)
                                  0.000000    0.000000   clock source latency
     1    0.030636    0.143136    0.099091    0.099091 ^ clk (in)
                                                         clk (net)
                      0.143142    0.000000    0.099091 ^ clkbuf_0_clk/A (sky130_fd_sc_hd__clkbuf_16)
     8    0.130486    0.143741    0.240533    0.339624 ^ clkbuf_0_clk/X (sky130_fd_sc_hd__clkbuf_16)
                                                         clknet_0_clk (net)
                      0.143963    0.003743    0.343367 ^ clkbuf_3_4__f_clk/A (sky130_fd_sc_hd__clkbuf_16)
    12    0.044256    0.063986    0.179637    0.523004 ^ clkbuf_3_4__f_clk/X (sky130_fd_sc_hd__clkbuf_16)
                                                         clknet_3_4__leaf_clk (net)
                      0.064034    0.001574    0.524578 ^ _620_/CLK (sky130_fd_sc_hd__dfrtp_1)
     2    0.007532    0.081633    0.354039    0.878617 ^ _620_/Q (sky130_fd_sc_hd__dfrtp_1)
                                                         dout0_q[18] (net)
                      0.081633    0.000140    0.878756 ^ _332_/A2 (sky130_fd_sc_hd__a21oi_1)
     2    0.007071    0.055299    0.092676    0.971432 v _332_/Y (sky130_fd_sc_hd__a21oi_1)
                                                         _121_ (net)
                      0.055299    0.000040    0.971472 v _335_/A (sky130_fd_sc_hd__or2_1)
     2    0.010202    0.080214    0.266069    1.237540 v _335_/X (sky130_fd_sc_hd__or2_1)
                                                         _124_ (net)
                      0.080214    0.000244    1.237785 v wire171/A (sky130_fd_sc_hd__clkbuf_1)
     1    0.009069    0.059434    0.131863    1.369648 v wire171/X (sky130_fd_sc_hd__clkbuf_1)
                                                         net171 (net)
                      0.059434    0.000111    1.369759 v _489_/A (sky130_fd_sc_hd__xnor2_1)
     1    0.002373    0.034329    0.122692    1.492451 v _489_/Y (sky130_fd_sc_hd__xnor2_1)
                                                         acc_core.adder.cla_blocks[4].block.sum[2] (net)
                      0.034329    0.000021    1.492472 v _652_/D (sky130_fd_sc_hd__dfrtp_1)
                                              1.492472   data arrival time

                                  0.000000    0.000000   clock clk (rise edge)
                                  0.000000    0.000000   clock source latency
     1    0.030636    0.143136    0.099091    0.099091 ^ clk (in)
                                                         clk (net)
                      0.143142    0.000000    0.099091 ^ clkbuf_0_clk/A (sky130_fd_sc_hd__clkbuf_16)
     8    0.130486    0.143741    0.240533    0.339624 ^ clkbuf_0_clk/X (sky130_fd_sc_hd__clkbuf_16)
                                                         clknet_0_clk (net)
                      0.143899    0.002841    0.342465 ^ clkbuf_3_7__f_clk/A (sky130_fd_sc_hd__clkbuf_16)
     7    0.043903    0.063730    0.179650    0.522115 ^ clkbuf_3_7__f_clk/X (sky130_fd_sc_hd__clkbuf_16)
                                                         clknet_3_7__leaf_clk (net)
                      0.063737    0.000679    0.522794 ^ _652_/CLK (sky130_fd_sc_hd__dfrtp_1)
                                  0.250000    0.772794   clock uncertainty
                                  0.000000    0.772794   clock reconvergence pessimism
                                 -0.037158    0.735636   library hold time
                                              0.735636   data required time
---------------------------------------------------------------------------------------------
                                              0.735636   data required time
                                             -1.492472   data arrival time
---------------------------------------------------------------------------------------------
                                              0.756836   slack (MET)


Startpoint: _623_ (rising edge-triggered flip-flop clocked by clk)
Endpoint: _655_ (rising edge-triggered flip-flop clocked by clk)
Path Group: clk
Path Type: min

Fanout         Cap        Slew       Delay        Time   Description
---------------------------------------------------------------------------------------------
                                  0.000000    0.000000   clock clk (rise edge)
                                  0.000000    0.000000   clock source latency
     1    0.030636    0.143136    0.099091    0.099091 ^ clk (in)
                                                         clk (net)
                      0.143142    0.000000    0.099091 ^ clkbuf_0_clk/A (sky130_fd_sc_hd__clkbuf_16)
     8    0.130486    0.143741    0.240533    0.339624 ^ clkbuf_0_clk/X (sky130_fd_sc_hd__clkbuf_16)
                                                         clknet_0_clk (net)
                      0.143963    0.003743    0.343367 ^ clkbuf_3_4__f_clk/A (sky130_fd_sc_hd__clkbuf_16)
    12    0.044256    0.063986    0.179637    0.523004 ^ clkbuf_3_4__f_clk/X (sky130_fd_sc_hd__clkbuf_16)
                                                         clknet_3_4__leaf_clk (net)
                      0.064056    0.001851    0.524855 ^ _623_/CLK (sky130_fd_sc_hd__dfrtp_1)
     2    0.005136    0.049694    0.373491    0.898346 v _623_/Q (sky130_fd_sc_hd__dfrtp_1)
                                                         dout0_q[21] (net)
                      0.049694    0.000047    0.898393 v _432_/A2 (sky130_fd_sc_hd__a21oi_1)
     1    0.002678    0.086298    0.135236    1.033629 ^ _432_/Y (sky130_fd_sc_hd__a21oi_1)
                                                         _221_ (net)
                      0.086298    0.000030    1.033660 ^ _434_/A (sky130_fd_sc_hd__or2_1)
     2    0.005502    0.062643    0.121719    1.155379 ^ _434_/X (sky130_fd_sc_hd__or2_1)
                                                         _223_ (net)
                      0.062643    0.000055    1.155434 ^ max_cap144/A (sky130_fd_sc_hd__clkbuf_1)
     2    0.006222    0.082091    0.113249    1.268683 ^ max_cap144/X (sky130_fd_sc_hd__clkbuf_1)
                                                         net144 (net)
                      0.082091    0.000089    1.268773 ^ max_cap143/A (sky130_fd_sc_hd__clkbuf_1)
     1    0.003329    0.050052    0.095307    1.364079 ^ max_cap143/X (sky130_fd_sc_hd__clkbuf_1)
                                                         net143 (net)
                      0.050052    0.000041    1.364120 ^ wire142/A (sky130_fd_sc_hd__clkbuf_1)
     1    0.005049    0.068897    0.100306    1.464426 ^ wire142/X (sky130_fd_sc_hd__clkbuf_1)
                                                         net142 (net)
                      0.068897    0.000049    1.464476 ^ _498_/A (sky130_fd_sc_hd__xor2_1)
     1    0.002342    0.034405    0.062820    1.527295 v _498_/X (sky130_fd_sc_hd__xor2_1)
                                                         acc_core.adder.cla_blocks[5].block.sum[1] (net)
                      0.034405    0.000021    1.527316 v _655_/D (sky130_fd_sc_hd__dfrtp_1)
                                              1.527316   data arrival time

                                  0.000000    0.000000   clock clk (rise edge)
                                  0.000000    0.000000   clock source latency
     1    0.030636    0.143136    0.099091    0.099091 ^ clk (in)
                                                         clk (net)
                      0.143142    0.000000    0.099091 ^ clkbuf_0_clk/A (sky130_fd_sc_hd__clkbuf_16)
     8    0.130486    0.143741    0.240533    0.339624 ^ clkbuf_0_clk/X (sky130_fd_sc_hd__clkbuf_16)
                                                         clknet_0_clk (net)
                      0.143963    0.003743    0.343367 ^ clkbuf_3_4__f_clk/A (sky130_fd_sc_hd__clkbuf_16)
    12    0.044256    0.063986    0.179637    0.523004 ^ clkbuf_3_4__f_clk/X (sky130_fd_sc_hd__clkbuf_16)
                                                         clknet_3_4__leaf_clk (net)
                      0.064011    0.001226    0.524230 ^ _655_/CLK (sky130_fd_sc_hd__dfrtp_1)
                                  0.250000    0.774230   clock uncertainty
                                  0.000000    0.774230   clock reconvergence pessimism
                                 -0.037127    0.737103   library hold time
                                              0.737103   data required time
---------------------------------------------------------------------------------------------
                                              0.737103   data required time
                                             -1.527316   data arrival time
---------------------------------------------------------------------------------------------
                                              0.790213   slack (MET)


Startpoint: _618_ (rising edge-triggered flip-flop clocked by clk)
Endpoint: _650_ (rising edge-triggered flip-flop clocked by clk)
Path Group: clk
Path Type: min

Fanout         Cap        Slew       Delay        Time   Description
---------------------------------------------------------------------------------------------
                                  0.000000    0.000000   clock clk (rise edge)
                                  0.000000    0.000000   clock source latency
     1    0.030636    0.143136    0.099091    0.099091 ^ clk (in)
                                                         clk (net)
                      0.143142    0.000000    0.099091 ^ clkbuf_0_clk/A (sky130_fd_sc_hd__clkbuf_16)
     8    0.130486    0.143741    0.240533    0.339624 ^ clkbuf_0_clk/X (sky130_fd_sc_hd__clkbuf_16)
                                                         clknet_0_clk (net)
                      0.143899    0.002841    0.342465 ^ clkbuf_3_7__f_clk/A (sky130_fd_sc_hd__clkbuf_16)
     7    0.043903    0.063730    0.179650    0.522115 ^ clkbuf_3_7__f_clk/X (sky130_fd_sc_hd__clkbuf_16)
                                                         clknet_3_7__leaf_clk (net)
                      0.063747    0.000958    0.523074 ^ _618_/CLK (sky130_fd_sc_hd__dfrtp_1)
     1    0.007120    0.078359    0.351158    0.874232 ^ _618_/Q (sky130_fd_sc_hd__dfrtp_1)
                                                         dout0_q[16] (net)
                      0.078359    0.000120    0.874352 ^ wire570/A (sky130_fd_sc_hd__clkbuf_1)
     2    0.007393    0.095257    0.126786    1.001139 ^ wire570/X (sky130_fd_sc_hd__clkbuf_1)
                                                         net570 (net)
                      0.095257    0.000076    1.001215 ^ _342_/A2 (sky130_fd_sc_hd__a21o_1)
     1    0.007666    0.074440    0.148319    1.149534 ^ _342_/X (sky130_fd_sc_hd__a21o_1)
                                                         _131_ (net)
                      0.074440    0.000108    1.149642 ^ _343_/B (sky130_fd_sc_hd__nand2_1)
     1    0.002929    0.033461    0.056271    1.205912 v _343_/Y (sky130_fd_sc_hd__nand2_1)
                                                         _132_ (net)
                      0.033461    0.000032    1.205944 v wire170/A (sky130_fd_sc_hd__clkbuf_1)
     2    0.007129    0.049443    0.102635    1.308579 v wire170/X (sky130_fd_sc_hd__clkbuf_1)
                                                         net170 (net)
                      0.049443    0.000066    1.308645 v max_cap169/A (sky130_fd_sc_hd__clkbuf_1)
     1    0.006577    0.046533    0.107098    1.415743 v max_cap169/X (sky130_fd_sc_hd__clkbuf_1)
                                                         net169 (net)
                      0.046533    0.000107    1.415851 v _492_/A (sky130_fd_sc_hd__xnor2_1)
     1    0.003478    0.041146    0.123571    1.539421 v _492_/Y (sky130_fd_sc_hd__xnor2_1)
                                                         acc_core.adder.cla_blocks[4].block.sum[0] (net)
                      0.041146    0.000049    1.539471 v _650_/D (sky130_fd_sc_hd__dfrtp_1)
                                              1.539471   data arrival time

                                  0.000000    0.000000   clock clk (rise edge)
                                  0.000000    0.000000   clock source latency
     1    0.030636    0.143136    0.099091    0.099091 ^ clk (in)
                                                         clk (net)
                      0.143142    0.000000    0.099091 ^ clkbuf_0_clk/A (sky130_fd_sc_hd__clkbuf_16)
     8    0.130486    0.143741    0.240533    0.339624 ^ clkbuf_0_clk/X (sky130_fd_sc_hd__clkbuf_16)
                                                         clknet_0_clk (net)
                      0.143851    0.001902    0.341526 ^ clkbuf_3_6__f_clk/A (sky130_fd_sc_hd__clkbuf_16)
    12    0.044451    0.064237    0.180106    0.521632 ^ clkbuf_3_6__f_clk/X (sky130_fd_sc_hd__clkbuf_16)
                                                         clknet_3_6__leaf_clk (net)
                      0.064239    0.000454    0.522086 ^ _650_/CLK (sky130_fd_sc_hd__dfrtp_1)
                                  0.250000    0.772086   clock uncertainty
                                  0.000000    0.772086   clock reconvergence pessimism
                                 -0.039818    0.732268   library hold time
                                              0.732268   data required time
---------------------------------------------------------------------------------------------
                                              0.732268   data required time
                                             -1.539471   data arrival time
---------------------------------------------------------------------------------------------
                                              0.807203   slack (MET)


Startpoint: _651_ (rising edge-triggered flip-flop clocked by clk)
Endpoint: _651_ (rising edge-triggered flip-flop clocked by clk)
Path Group: clk
Path Type: min

Fanout         Cap        Slew       Delay        Time   Description
---------------------------------------------------------------------------------------------
                                  0.000000    0.000000   clock clk (rise edge)
                                  0.000000    0.000000   clock source latency
     1    0.030636    0.143136    0.099091    0.099091 ^ clk (in)
                                                         clk (net)
                      0.143142    0.000000    0.099091 ^ clkbuf_0_clk/A (sky130_fd_sc_hd__clkbuf_16)
     8    0.130486    0.143741    0.240533    0.339624 ^ clkbuf_0_clk/X (sky130_fd_sc_hd__clkbuf_16)
                                                         clknet_0_clk (net)
                      0.143851    0.001902    0.341526 ^ clkbuf_3_6__f_clk/A (sky130_fd_sc_hd__clkbuf_16)
    12    0.044451    0.064237    0.180106    0.521632 ^ clkbuf_3_6__f_clk/X (sky130_fd_sc_hd__clkbuf_16)
                                                         clknet_3_6__leaf_clk (net)
                      0.064239    0.000486    0.522118 ^ _651_/CLK (sky130_fd_sc_hd__dfrtp_1)
     2    0.007457    0.060736    0.386068    0.908186 v _651_/Q (sky130_fd_sc_hd__dfrtp_1)
                                                         net51 (net)
                      0.060736    0.000065    0.908251 v _326_/B1 (sky130_fd_sc_hd__a21oi_1)
     1    0.002067    0.076311    0.104054    1.012305 ^ _326_/Y (sky130_fd_sc_hd__a21oi_1)
                                                         _115_ (net)
                      0.076311    0.000012    1.012317 ^ _328_/A (sky130_fd_sc_hd__or2_1)
     2    0.008022    0.084828    0.134448    1.146765 ^ _328_/X (sky130_fd_sc_hd__or2_1)
                                                         _117_ (net)
                      0.084828    0.000121    1.146886 ^ max_cap173/A (sky130_fd_sc_hd__clkbuf_1)
     2    0.010426    0.129644    0.152521    1.299408 ^ max_cap173/X (sky130_fd_sc_hd__clkbuf_1)
                                                         net173 (net)
                      0.129644    0.000223    1.299631 ^ _490_/A (sky130_fd_sc_hd__and3_1)
     1    0.007441    0.089388    0.196091    1.495722 ^ _490_/X (sky130_fd_sc_hd__and3_1)
                                                         _251_ (net)
                      0.089388    0.000126    1.495848 ^ _491_/B (sky130_fd_sc_hd__nor2_1)
     1    0.003801    0.028737    0.051232    1.547080 v _491_/Y (sky130_fd_sc_hd__nor2_1)
                                                         acc_core.adder.cla_blocks[4].block.sum[1] (net)
                      0.028737    0.000052    1.547132 v _651_/D (sky130_fd_sc_hd__dfrtp_1)
                                              1.547132   data arrival time

                                  0.000000    0.000000   clock clk (rise edge)
                                  0.000000    0.000000   clock source latency
     1    0.030636    0.143136    0.099091    0.099091 ^ clk (in)
                                                         clk (net)
                      0.143142    0.000000    0.099091 ^ clkbuf_0_clk/A (sky130_fd_sc_hd__clkbuf_16)
     8    0.130486    0.143741    0.240533    0.339624 ^ clkbuf_0_clk/X (sky130_fd_sc_hd__clkbuf_16)
                                                         clknet_0_clk (net)
                      0.143851    0.001902    0.341526 ^ clkbuf_3_6__f_clk/A (sky130_fd_sc_hd__clkbuf_16)
    12    0.044451    0.064237    0.180106    0.521632 ^ clkbuf_3_6__f_clk/X (sky130_fd_sc_hd__clkbuf_16)
                                                         clknet_3_6__leaf_clk (net)
                      0.064239    0.000486    0.522118 ^ _651_/CLK (sky130_fd_sc_hd__dfrtp_1)
                                  0.250000    0.772118   clock uncertainty
                                  0.000000    0.772118   clock reconvergence pessimism
                                 -0.034768    0.737350   library hold time
                                              0.737350   data required time
---------------------------------------------------------------------------------------------
                                              0.737350   data required time
                                             -1.547132   data arrival time
---------------------------------------------------------------------------------------------
                                              0.809782   slack (MET)


Startpoint: _611_ (rising edge-triggered flip-flop clocked by clk)
Endpoint: _643_ (rising edge-triggered flip-flop clocked by clk)
Path Group: clk
Path Type: min

Fanout         Cap        Slew       Delay        Time   Description
---------------------------------------------------------------------------------------------
                                  0.000000    0.000000   clock clk (rise edge)
                                  0.000000    0.000000   clock source latency
     1    0.030636    0.143136    0.099091    0.099091 ^ clk (in)
                                                         clk (net)
                      0.143142    0.000000    0.099091 ^ clkbuf_0_clk/A (sky130_fd_sc_hd__clkbuf_16)
     8    0.130486    0.143741    0.240533    0.339624 ^ clkbuf_0_clk/X (sky130_fd_sc_hd__clkbuf_16)
                                                         clknet_0_clk (net)
                      0.143851    0.001902    0.341526 ^ clkbuf_3_6__f_clk/A (sky130_fd_sc_hd__clkbuf_16)
    12    0.044451    0.064237    0.180106    0.521632 ^ clkbuf_3_6__f_clk/X (sky130_fd_sc_hd__clkbuf_16)
                                                         clknet_3_6__leaf_clk (net)
                      0.064239    0.000458    0.522090 ^ _611_/CLK (sky130_fd_sc_hd__dfrtp_1)
     1    0.005497    0.065613    0.340380    0.862470 ^ _611_/Q (sky130_fd_sc_hd__dfrtp_1)
                                                         dout0_q[9] (net)
                      0.065613    0.000124    0.862594 ^ wire576/A (sky130_fd_sc_hd__clkbuf_1)
     2    0.006211    0.081973    0.113952    0.976546 ^ wire576/X (sky130_fd_sc_hd__clkbuf_1)
                                                         net576 (net)
                      0.081973    0.000076    0.976622 ^ _372_/A2 (sky130_fd_sc_hd__a21o_1)
     2    0.010936    0.100958    0.164125    1.140747 ^ _372_/X (sky130_fd_sc_hd__a21o_1)
                                                         _161_ (net)
                      0.100958    0.000195    1.140942 ^ _373_/B (sky130_fd_sc_hd__nand2_1)
     2    0.007857    0.065344    0.090978    1.231920 v _373_/Y (sky130_fd_sc_hd__nand2_1)
                                                         _162_ (net)
                      0.065344    0.000090    1.232010 v max_cap158/A (sky130_fd_sc_hd__clkbuf_1)
     2    0.006702    0.047271    0.114744    1.346754 v max_cap158/X (sky130_fd_sc_hd__clkbuf_1)
                                                         net158 (net)
                      0.047271    0.000073    1.346827 v max_cap157/A (sky130_fd_sc_hd__clkbuf_1)
     1    0.006262    0.044819    0.104692    1.451519 v max_cap157/X (sky130_fd_sc_hd__clkbuf_1)
                                                         net157 (net)
                      0.044819    0.000094    1.451613 v _475_/A (sky130_fd_sc_hd__xnor2_1)
     1    0.002737    0.035609    0.118442    1.570055 v _475_/Y (sky130_fd_sc_hd__xnor2_1)
                                                         acc_core.adder.cla_blocks[2].block.sum[1] (net)
                      0.035609    0.000029    1.570084 v _643_/D (sky130_fd_sc_hd__dfrtp_1)
                                              1.570084   data arrival time

                                  0.000000    0.000000   clock clk (rise edge)
                                  0.000000    0.000000   clock source latency
     1    0.030636    0.143136    0.099091    0.099091 ^ clk (in)
                                                         clk (net)
                      0.143142    0.000000    0.099091 ^ clkbuf_0_clk/A (sky130_fd_sc_hd__clkbuf_16)
     8    0.130486    0.143741    0.240533    0.339624 ^ clkbuf_0_clk/X (sky130_fd_sc_hd__clkbuf_16)
                                                         clknet_0_clk (net)
                      0.143971    0.003845    0.343469 ^ clkbuf_3_0__f_clk/A (sky130_fd_sc_hd__clkbuf_16)
     7    0.039504    0.059861    0.176543    0.520012 ^ clkbuf_3_0__f_clk/X (sky130_fd_sc_hd__clkbuf_16)
                                                         clknet_3_0__leaf_clk (net)
                      0.059861    0.000198    0.520210 ^ _643_/CLK (sky130_fd_sc_hd__dfrtp_1)
                                  0.250000    0.770210   clock uncertainty
                                  0.000000    0.770210   clock reconvergence pessimism
                                 -0.038563    0.731647   library hold time
                                              0.731647   data required time
---------------------------------------------------------------------------------------------
                                              0.731647   data required time
                                             -1.570084   data arrival time
---------------------------------------------------------------------------------------------
                                              0.838437   slack (MET)


Startpoint: _615_ (rising edge-triggered flip-flop clocked by clk)
Endpoint: _648_ (rising edge-triggered flip-flop clocked by clk)
Path Group: clk
Path Type: min

Fanout         Cap        Slew       Delay        Time   Description
---------------------------------------------------------------------------------------------
                                  0.000000    0.000000   clock clk (rise edge)
                                  0.000000    0.000000   clock source latency
     1    0.030636    0.143136    0.099091    0.099091 ^ clk (in)
                                                         clk (net)
                      0.143142    0.000000    0.099091 ^ clkbuf_0_clk/A (sky130_fd_sc_hd__clkbuf_16)
     8    0.130486    0.143741    0.240533    0.339624 ^ clkbuf_0_clk/X (sky130_fd_sc_hd__clkbuf_16)
                                                         clknet_0_clk (net)
                      0.143851    0.001902    0.341526 ^ clkbuf_3_6__f_clk/A (sky130_fd_sc_hd__clkbuf_16)
    12    0.044451    0.064237    0.180106    0.521632 ^ clkbuf_3_6__f_clk/X (sky130_fd_sc_hd__clkbuf_16)
                                                         clknet_3_6__leaf_clk (net)
                      0.064241    0.000565    0.522197 ^ _615_/CLK (sky130_fd_sc_hd__dfrtp_1)
     1    0.002745    0.044739    0.320658    0.842855 ^ _615_/Q (sky130_fd_sc_hd__dfrtp_1)
                                                         dout0_q[13] (net)
                      0.044739    0.000027    0.842883 ^ wire572/A (sky130_fd_sc_hd__clkbuf_1)
     2    0.008655    0.109355    0.127097    0.969979 ^ wire572/X (sky130_fd_sc_hd__clkbuf_1)
                                                         net572 (net)
                      0.109389    0.000194    0.970173 ^ _345_/C (sky130_fd_sc_hd__and3_1)
     2    0.006279    0.078923    0.187743    1.157916 ^ _345_/X (sky130_fd_sc_hd__and3_1)
                                                         _134_ (net)
                      0.078923    0.000097    1.158013 ^ max_cap335/A (sky130_fd_sc_hd__clkbuf_1)
     2    0.004182    0.059423    0.101295    1.259307 ^ max_cap335/X (sky130_fd_sc_hd__clkbuf_1)
                                                         net335 (net)
                      0.059423    0.000014    1.259322 ^ _478_/A (sky130_fd_sc_hd__or2_1)
     2    0.011487    0.115540    0.150612    1.409934 ^ _478_/X (sky130_fd_sc_hd__or2_1)
                                                         _245_ (net)
                      0.115540    0.000180    1.410114 ^ max_cap93/A (sky130_fd_sc_hd__clkbuf_1)
     1    0.008030    0.102461    0.141741    1.551855 ^ max_cap93/X (sky130_fd_sc_hd__clkbuf_1)
                                                         net93 (net)
                      0.102461    0.000146    1.552000 ^ _481_/B (sky130_fd_sc_hd__xnor2_1)
     1    0.002721    0.036528    0.070206    1.622207 v _481_/Y (sky130_fd_sc_hd__xnor2_1)
                                                         acc_core.adder.cla_blocks[3].block.sum[2] (net)
                      0.036528    0.000027    1.622234 v _648_/D (sky130_fd_sc_hd__dfrtp_1)
                                              1.622234   data arrival time

                                  0.000000    0.000000   clock clk (rise edge)
                                  0.000000    0.000000   clock source latency
     1    0.030636    0.143136    0.099091    0.099091 ^ clk (in)
                                                         clk (net)
                      0.143142    0.000000    0.099091 ^ clkbuf_0_clk/A (sky130_fd_sc_hd__clkbuf_16)
     8    0.130486    0.143741    0.240533    0.339624 ^ clkbuf_0_clk/X (sky130_fd_sc_hd__clkbuf_16)
                                                         clknet_0_clk (net)
                      0.143851    0.001902    0.341526 ^ clkbuf_3_6__f_clk/A (sky130_fd_sc_hd__clkbuf_16)
    12    0.044451    0.064237    0.180106    0.521632 ^ clkbuf_3_6__f_clk/X (sky130_fd_sc_hd__clkbuf_16)
                                                         clknet_3_6__leaf_clk (net)
                      0.064237    0.000314    0.521945 ^ _648_/CLK (sky130_fd_sc_hd__dfrtp_1)
                                  0.250000    0.771946   clock uncertainty
                                  0.000000    0.771946   clock reconvergence pessimism
                                 -0.037939    0.734006   library hold time
                                              0.734006   data required time
---------------------------------------------------------------------------------------------
                                              0.734006   data required time
                                             -1.622234   data arrival time
---------------------------------------------------------------------------------------------
                                              0.888227   slack (MET)


Startpoint: _610_ (rising edge-triggered flip-flop clocked by clk)
Endpoint: _642_ (rising edge-triggered flip-flop clocked by clk)
Path Group: clk
Path Type: min

Fanout         Cap        Slew       Delay        Time   Description
---------------------------------------------------------------------------------------------
                                  0.000000    0.000000   clock clk (rise edge)
                                  0.000000    0.000000   clock source latency
     1    0.030636    0.143136    0.099091    0.099091 ^ clk (in)
                                                         clk (net)
                      0.143142    0.000000    0.099091 ^ clkbuf_0_clk/A (sky130_fd_sc_hd__clkbuf_16)
     8    0.130486    0.143741    0.240533    0.339624 ^ clkbuf_0_clk/X (sky130_fd_sc_hd__clkbuf_16)
                                                         clknet_0_clk (net)
                      0.143851    0.001902    0.341526 ^ clkbuf_3_6__f_clk/A (sky130_fd_sc_hd__clkbuf_16)
    12    0.044451    0.064237    0.180106    0.521632 ^ clkbuf_3_6__f_clk/X (sky130_fd_sc_hd__clkbuf_16)
                                                         clknet_3_6__leaf_clk (net)
                      0.064239    0.000481    0.522113 ^ _610_/CLK (sky130_fd_sc_hd__dfrtp_1)
     1    0.002461    0.037464    0.356923    0.879035 v _610_/Q (sky130_fd_sc_hd__dfrtp_1)
                                                         dout0_q[8] (net)
                      0.037464    0.000014    0.879049 v wire577/A (sky130_fd_sc_hd__clkbuf_1)
     2    0.009030    0.059131    0.112718    0.991767 v wire577/X (sky130_fd_sc_hd__clkbuf_1)
                                                         net577 (net)
                      0.059131    0.000223    0.991990 v _376_/A2 (sky130_fd_sc_hd__a21oi_1)
     2    0.007396    0.171735    0.206455    1.198445 ^ _376_/Y (sky130_fd_sc_hd__a21oi_1)
                                                         _165_ (net)
                      0.171735    0.000040    1.198485 ^ _377_/B (sky130_fd_sc_hd__or2_1)
     1    0.005469    0.062535    0.140781    1.339266 ^ _377_/X (sky130_fd_sc_hd__or2_1)
                                                         _166_ (net)
                      0.062535    0.000114    1.339380 ^ wire156/A (sky130_fd_sc_hd__clkbuf_1)
     2    0.005409    0.075305    0.106768    1.446148 ^ wire156/X (sky130_fd_sc_hd__clkbuf_1)
                                                         net156 (net)
                      0.075305    0.000018    1.446166 ^ max_cap155/A (sky130_fd_sc_hd__clkbuf_1)
     1    0.005137    0.070018    0.107956    1.554122 ^ max_cap155/X (sky130_fd_sc_hd__clkbuf_1)
                                                         net155 (net)
                      0.070018    0.000053    1.554175 ^ _476_/A (sky130_fd_sc_hd__xor2_1)
     1    0.002877    0.036608    0.066011    1.620186 v _476_/X (sky130_fd_sc_hd__xor2_1)
                                                         acc_core.adder.cla_blocks[2].block.sum[0] (net)
                      0.036608    0.000032    1.620218 v _642_/D (sky130_fd_sc_hd__dfrtp_1)
                                              1.620218   data arrival time

                                  0.000000    0.000000   clock clk (rise edge)
                                  0.000000    0.000000   clock source latency
     1    0.030636    0.143136    0.099091    0.099091 ^ clk (in)
                                                         clk (net)
                      0.143142    0.000000    0.099091 ^ clkbuf_0_clk/A (sky130_fd_sc_hd__clkbuf_16)
     8    0.130486    0.143741    0.240533    0.339624 ^ clkbuf_0_clk/X (sky130_fd_sc_hd__clkbuf_16)
                                                         clknet_0_clk (net)
                      0.143971    0.003845    0.343469 ^ clkbuf_3_0__f_clk/A (sky130_fd_sc_hd__clkbuf_16)
     7    0.039504    0.059861    0.176543    0.520012 ^ clkbuf_3_0__f_clk/X (sky130_fd_sc_hd__clkbuf_16)
                                                         clknet_3_0__leaf_clk (net)
                      0.059861    0.000171    0.520183 ^ _642_/CLK (sky130_fd_sc_hd__dfrtp_1)
                                  0.250000    0.770183   clock uncertainty
                                  0.000000    0.770183   clock reconvergence pessimism
                                 -0.038970    0.731214   library hold time
                                              0.731214   data required time
---------------------------------------------------------------------------------------------
                                              0.731214   data required time
                                             -1.620218   data arrival time
---------------------------------------------------------------------------------------------
                                              0.889004   slack (MET)


Startpoint: _615_ (rising edge-triggered flip-flop clocked by clk)
Endpoint: _647_ (rising edge-triggered flip-flop clocked by clk)
Path Group: clk
Path Type: min

Fanout         Cap        Slew       Delay        Time   Description
---------------------------------------------------------------------------------------------
                                  0.000000    0.000000   clock clk (rise edge)
                                  0.000000    0.000000   clock source latency
     1    0.030636    0.143136    0.099091    0.099091 ^ clk (in)
                                                         clk (net)
                      0.143142    0.000000    0.099091 ^ clkbuf_0_clk/A (sky130_fd_sc_hd__clkbuf_16)
     8    0.130486    0.143741    0.240533    0.339624 ^ clkbuf_0_clk/X (sky130_fd_sc_hd__clkbuf_16)
                                                         clknet_0_clk (net)
                      0.143851    0.001902    0.341526 ^ clkbuf_3_6__f_clk/A (sky130_fd_sc_hd__clkbuf_16)
    12    0.044451    0.064237    0.180106    0.521632 ^ clkbuf_3_6__f_clk/X (sky130_fd_sc_hd__clkbuf_16)
                                                         clknet_3_6__leaf_clk (net)
                      0.064241    0.000565    0.522197 ^ _615_/CLK (sky130_fd_sc_hd__dfrtp_1)
     1    0.002569    0.037995    0.357727    0.879924 v _615_/Q (sky130_fd_sc_hd__dfrtp_1)
                                                         dout0_q[13] (net)
                      0.037995    0.000026    0.879950 v wire572/A (sky130_fd_sc_hd__clkbuf_1)
     2    0.008312    0.055202    0.109945    0.989895 v wire572/X (sky130_fd_sc_hd__clkbuf_1)
                                                         net572 (net)
                      0.055202    0.000165    0.990060 v _344_/A2 (sky130_fd_sc_hd__a21oi_1)
     1    0.003827    0.106019    0.153964    1.144024 ^ _344_/Y (sky130_fd_sc_hd__a21oi_1)
                                                         _133_ (net)
                      0.106019    0.000062    1.144086 ^ _346_/A (sky130_fd_sc_hd__or2_1)
     2    0.009932    0.101643    0.156731    1.300817 ^ _346_/X (sky130_fd_sc_hd__or2_1)
                                                         _135_ (net)
                      0.101643    0.000276    1.301093 ^ wire167/A (sky130_fd_sc_hd__clkbuf_1)
     2    0.006278    0.082901    0.124065    1.425158 ^ wire167/X (sky130_fd_sc_hd__clkbuf_1)
                                                         net167 (net)
                      0.082901    0.000092    1.425249 ^ _482_/A (sky130_fd_sc_hd__and3_1)
     1    0.008721    0.099813    0.190569    1.615819 ^ _482_/X (sky130_fd_sc_hd__and3_1)
                                                         _247_ (net)
                      0.099813    0.000111    1.615929 ^ _483_/B (sky130_fd_sc_hd__nor2_1)
     1    0.007470    0.042203    0.070068    1.685998 v _483_/Y (sky130_fd_sc_hd__nor2_1)
                                                         acc_core.adder.cla_blocks[3].block.sum[1] (net)
                      0.042203    0.000087    1.686085 v _647_/D (sky130_fd_sc_hd__dfrtp_1)
                                              1.686085   data arrival time

                                  0.000000    0.000000   clock clk (rise edge)
                                  0.000000    0.000000   clock source latency
     1    0.030636    0.143136    0.099091    0.099091 ^ clk (in)
                                                         clk (net)
                      0.143142    0.000000    0.099091 ^ clkbuf_0_clk/A (sky130_fd_sc_hd__clkbuf_16)
     8    0.130486    0.143741    0.240533    0.339624 ^ clkbuf_0_clk/X (sky130_fd_sc_hd__clkbuf_16)
                                                         clknet_0_clk (net)
                      0.143851    0.001902    0.341526 ^ clkbuf_3_6__f_clk/A (sky130_fd_sc_hd__clkbuf_16)
    12    0.044451    0.064237    0.180106    0.521632 ^ clkbuf_3_6__f_clk/X (sky130_fd_sc_hd__clkbuf_16)
                                                         clknet_3_6__leaf_clk (net)
                      0.064237    0.000296    0.521928 ^ _647_/CLK (sky130_fd_sc_hd__dfrtp_1)
                                  0.250000    0.771928   clock uncertainty
                                  0.000000    0.771928   clock reconvergence pessimism
                                 -0.040249    0.731679   library hold time
                                              0.731679   data required time
---------------------------------------------------------------------------------------------
                                              0.731679   data required time
                                             -1.686085   data arrival time
---------------------------------------------------------------------------------------------
                                              0.954406   slack (MET)


Startpoint: wr_data[25] (input port clocked by clk)
Endpoint: sram0 (falling edge-triggered flip-flop clocked by clk)
Path Group: clk
Path Type: min

Fanout         Cap        Slew       Delay        Time   Description
---------------------------------------------------------------------------------------------
                                  0.000000    0.000000   clock clk (rise edge)
                                  0.000000    0.000000   clock network delay (propagated)
                                 10.000000   10.000000 v input external delay
     1    0.004213    0.011904    0.006818   10.006818 v wr_data[25] (in)
                                                         wr_data[25] (net)
                      0.011909    0.000000   10.006818 v input27/A (sky130_fd_sc_hd__clkbuf_1)
     1    0.002180    0.023319    0.070028   10.076846 v input27/X (sky130_fd_sc_hd__clkbuf_1)
                                                         net27 (net)
                      0.023319    0.000009   10.076856 v wire643/A (sky130_fd_sc_hd__buf_1)
     1    0.010553    0.067422    0.112969   10.189824 v wire643/X (sky130_fd_sc_hd__buf_1)
                                                         net643 (net)
                      0.089895    0.000255   10.190080 v sram0/din0[25] (sky130_sram_1kbyte_1rw1r_32x256_8)
                                             10.190080   data arrival time

                                  0.000000    0.000000   clock clk (rise edge)
                                  0.000000    0.000000   clock source latency
     1    0.030636    0.143136    0.099091    0.099091 ^ clk (in)
                                                         clk (net)
                      0.143142    0.000000    0.099091 ^ clkbuf_0_clk/A (sky130_fd_sc_hd__clkbuf_16)
     8    0.130486    0.143741    0.240533    0.339624 ^ clkbuf_0_clk/X (sky130_fd_sc_hd__clkbuf_16)
                                                         clknet_0_clk (net)
                      0.144155    0.005613    0.345237 ^ clkbuf_3_2__f_clk/A (sky130_fd_sc_hd__clkbuf_16)
    10    0.047671    0.067122    0.182525    0.527762 ^ clkbuf_3_2__f_clk/X (sky130_fd_sc_hd__clkbuf_16)
                                                         clknet_3_2__leaf_clk (net)
                      0.089500    0.000558    0.528320 ^ sram0/clk0 (sky130_sram_1kbyte_1rw1r_32x256_8)
                                  0.250000    0.778320   clock uncertainty
                                  0.000000    0.778320   clock reconvergence pessimism
                                 -0.056000    0.722320   library hold time
                                              0.722320   data required time
---------------------------------------------------------------------------------------------
                                              0.722320   data required time
                                            -10.190080   data arrival time
---------------------------------------------------------------------------------------------
                                              9.467760   slack (MET)


Startpoint: wr_data[28] (input port clocked by clk)
Endpoint: sram0 (falling edge-triggered flip-flop clocked by clk)
Path Group: clk
Path Type: min

Fanout         Cap        Slew       Delay        Time   Description
---------------------------------------------------------------------------------------------
                                  0.000000    0.000000   clock clk (rise edge)
                                  0.000000    0.000000   clock network delay (propagated)
                                 10.000000   10.000000 v input external delay
     1    0.002879    0.008815    0.004555   10.004555 v wr_data[28] (in)
                                                         wr_data[28] (net)
                      0.008815    0.000000   10.004555 v input30/A (sky130_fd_sc_hd__clkbuf_1)
     1    0.002961    0.027304    0.073158   10.077713 v input30/X (sky130_fd_sc_hd__clkbuf_1)
                                                         net30 (net)
                      0.027304    0.000035   10.077747 v wire638/A (sky130_fd_sc_hd__buf_1)
     1    0.010069    0.064754    0.112744   10.190493 v wire638/X (sky130_fd_sc_hd__buf_1)
                                                         net638 (net)
                      0.086338    0.000150   10.190642 v sram0/din0[28] (sky130_sram_1kbyte_1rw1r_32x256_8)
                                             10.190642   data arrival time

                                  0.000000    0.000000   clock clk (rise edge)
                                  0.000000    0.000000   clock source latency
     1    0.030636    0.143136    0.099091    0.099091 ^ clk (in)
                                                         clk (net)
                      0.143142    0.000000    0.099091 ^ clkbuf_0_clk/A (sky130_fd_sc_hd__clkbuf_16)
     8    0.130486    0.143741    0.240533    0.339624 ^ clkbuf_0_clk/X (sky130_fd_sc_hd__clkbuf_16)
                                                         clknet_0_clk (net)
                      0.144155    0.005613    0.345237 ^ clkbuf_3_2__f_clk/A (sky130_fd_sc_hd__clkbuf_16)
    10    0.047671    0.067122    0.182525    0.527762 ^ clkbuf_3_2__f_clk/X (sky130_fd_sc_hd__clkbuf_16)
                                                         clknet_3_2__leaf_clk (net)
                      0.089500    0.000558    0.528320 ^ sram0/clk0 (sky130_sram_1kbyte_1rw1r_32x256_8)
                                  0.250000    0.778320   clock uncertainty
                                  0.000000    0.778320   clock reconvergence pessimism
                                 -0.056000    0.722320   library hold time
                                              0.722320   data required time
---------------------------------------------------------------------------------------------
                                              0.722320   data required time
                                            -10.190642   data arrival time
---------------------------------------------------------------------------------------------
                                              9.468324   slack (MET)


Startpoint: wr_data[24] (input port clocked by clk)
Endpoint: sram0 (falling edge-triggered flip-flop clocked by clk)
Path Group: clk
Path Type: min

Fanout         Cap        Slew       Delay        Time   Description
---------------------------------------------------------------------------------------------
                                  0.000000    0.000000   clock clk (rise edge)
                                  0.000000    0.000000   clock network delay (propagated)
                                 10.000000   10.000000 v input external delay
     1    0.003581    0.010444    0.005745   10.005745 v wr_data[24] (in)
                                                         wr_data[24] (net)
                      0.010444    0.000000   10.005745 v input26/A (sky130_fd_sc_hd__clkbuf_1)
     1    0.002888    0.026942    0.073370   10.079115 v input26/X (sky130_fd_sc_hd__clkbuf_1)
                                                         net26 (net)
                      0.026942    0.000032   10.079146 v wire644/A (sky130_fd_sc_hd__buf_1)
     1    0.010274    0.065897    0.113404   10.192551 v wire644/X (sky130_fd_sc_hd__buf_1)
                                                         net644 (net)
                      0.087862    0.000221   10.192771 v sram0/din0[24] (sky130_sram_1kbyte_1rw1r_32x256_8)
                                             10.192771   data arrival time

                                  0.000000    0.000000   clock clk (rise edge)
                                  0.000000    0.000000   clock source latency
     1    0.030636    0.143136    0.099091    0.099091 ^ clk (in)
                                                         clk (net)
                      0.143142    0.000000    0.099091 ^ clkbuf_0_clk/A (sky130_fd_sc_hd__clkbuf_16)
     8    0.130486    0.143741    0.240533    0.339624 ^ clkbuf_0_clk/X (sky130_fd_sc_hd__clkbuf_16)
                                                         clknet_0_clk (net)
                      0.144155    0.005613    0.345237 ^ clkbuf_3_2__f_clk/A (sky130_fd_sc_hd__clkbuf_16)
    10    0.047671    0.067122    0.182525    0.527762 ^ clkbuf_3_2__f_clk/X (sky130_fd_sc_hd__clkbuf_16)
                                                         clknet_3_2__leaf_clk (net)
                      0.089500    0.000558    0.528320 ^ sram0/clk0 (sky130_sram_1kbyte_1rw1r_32x256_8)
                                  0.250000    0.778320   clock uncertainty
                                  0.000000    0.778320   clock reconvergence pessimism
                                 -0.056000    0.722320   library hold time
                                              0.722320   data required time
---------------------------------------------------------------------------------------------
                                              0.722320   data required time
                                            -10.192771   data arrival time
---------------------------------------------------------------------------------------------
                                              9.470451   slack (MET)


Startpoint: wr_data[29] (input port clocked by clk)
Endpoint: sram0 (falling edge-triggered flip-flop clocked by clk)
Path Group: clk
Path Type: min

Fanout         Cap        Slew       Delay        Time   Description
---------------------------------------------------------------------------------------------
                                  0.000000    0.000000   clock clk (rise edge)
                                  0.000000    0.000000   clock network delay (propagated)
                                 10.000000   10.000000 v input external delay
     1    0.002852    0.008752    0.004509   10.004510 v wr_data[29] (in)
                                                         wr_data[29] (net)
                      0.008752    0.000000   10.004510 v input31/A (sky130_fd_sc_hd__clkbuf_1)
     1    0.002954    0.027269    0.073097   10.077606 v input31/X (sky130_fd_sc_hd__clkbuf_1)
                                                         net31 (net)
                      0.027269    0.000034   10.077641 v wire637/A (sky130_fd_sc_hd__buf_1)
     1    0.011046    0.070146    0.116772   10.194413 v wire637/X (sky130_fd_sc_hd__buf_1)
                                                         net637 (net)
                      0.093529    0.000278   10.194691 v sram0/din0[29] (sky130_sram_1kbyte_1rw1r_32x256_8)
                                             10.194691   data arrival time

                                  0.000000    0.000000   clock clk (rise edge)
                                  0.000000    0.000000   clock source latency
     1    0.030636    0.143136    0.099091    0.099091 ^ clk (in)
                                                         clk (net)
                      0.143142    0.000000    0.099091 ^ clkbuf_0_clk/A (sky130_fd_sc_hd__clkbuf_16)
     8    0.130486    0.143741    0.240533    0.339624 ^ clkbuf_0_clk/X (sky130_fd_sc_hd__clkbuf_16)
                                                         clknet_0_clk (net)
                      0.144155    0.005613    0.345237 ^ clkbuf_3_2__f_clk/A (sky130_fd_sc_hd__clkbuf_16)
    10    0.047671    0.067122    0.182525    0.527762 ^ clkbuf_3_2__f_clk/X (sky130_fd_sc_hd__clkbuf_16)
                                                         clknet_3_2__leaf_clk (net)
                      0.089500    0.000558    0.528320 ^ sram0/clk0 (sky130_sram_1kbyte_1rw1r_32x256_8)
                                  0.250000    0.778320   clock uncertainty
                                  0.000000    0.778320   clock reconvergence pessimism
                                 -0.056000    0.722320   library hold time
                                              0.722320   data required time
---------------------------------------------------------------------------------------------
                                              0.722320   data required time
                                            -10.194691   data arrival time
---------------------------------------------------------------------------------------------
                                              9.472372   slack (MET)


Startpoint: wr_data[26] (input port clocked by clk)
Endpoint: sram0 (falling edge-triggered flip-flop clocked by clk)
Path Group: clk
Path Type: min

Fanout         Cap        Slew       Delay        Time   Description
---------------------------------------------------------------------------------------------
                                  0.000000    0.000000   clock clk (rise edge)
                                  0.000000    0.000000   clock network delay (propagated)
                                 10.000000   10.000000 v input external delay
     1    0.002901    0.008867    0.004593   10.004593 v wr_data[26] (in)
                                                         wr_data[26] (net)
                      0.008867    0.000000   10.004593 v input28/A (sky130_fd_sc_hd__clkbuf_1)
     1    0.003601    0.030568    0.076327   10.080919 v input28/X (sky130_fd_sc_hd__clkbuf_1)
                                                         net28 (net)
                      0.030568    0.000052   10.080972 v wire642/A (sky130_fd_sc_hd__buf_1)
     1    0.010036    0.064578    0.114041   10.195013 v wire642/X (sky130_fd_sc_hd__buf_1)
                                                         net642 (net)
                      0.086104    0.000143   10.195156 v sram0/din0[26] (sky130_sram_1kbyte_1rw1r_32x256_8)
                                             10.195156   data arrival time

                                  0.000000    0.000000   clock clk (rise edge)
                                  0.000000    0.000000   clock source latency
     1    0.030636    0.143136    0.099091    0.099091 ^ clk (in)
                                                         clk (net)
                      0.143142    0.000000    0.099091 ^ clkbuf_0_clk/A (sky130_fd_sc_hd__clkbuf_16)
     8    0.130486    0.143741    0.240533    0.339624 ^ clkbuf_0_clk/X (sky130_fd_sc_hd__clkbuf_16)
                                                         clknet_0_clk (net)
                      0.144155    0.005613    0.345237 ^ clkbuf_3_2__f_clk/A (sky130_fd_sc_hd__clkbuf_16)
    10    0.047671    0.067122    0.182525    0.527762 ^ clkbuf_3_2__f_clk/X (sky130_fd_sc_hd__clkbuf_16)
                                                         clknet_3_2__leaf_clk (net)
                      0.089500    0.000558    0.528320 ^ sram0/clk0 (sky130_sram_1kbyte_1rw1r_32x256_8)
                                  0.250000    0.778320   clock uncertainty
                                  0.000000    0.778320   clock reconvergence pessimism
                                 -0.056000    0.722320   library hold time
                                              0.722320   data required time
---------------------------------------------------------------------------------------------
                                              0.722320   data required time
                                            -10.195156   data arrival time
---------------------------------------------------------------------------------------------
                                              9.472837   slack (MET)


Startpoint: wr_data[31] (input port clocked by clk)
Endpoint: sram0 (falling edge-triggered flip-flop clocked by clk)
Path Group: clk
Path Type: min

Fanout         Cap        Slew       Delay        Time   Description
---------------------------------------------------------------------------------------------
                                  0.000000    0.000000   clock clk (rise edge)
                                  0.000000    0.000000   clock network delay (propagated)
                                 10.000000   10.000000 v input external delay
     1    0.003821    0.010999    0.006152   10.006152 v wr_data[31] (in)
                                                         wr_data[31] (net)
                      0.010999    0.000000   10.006152 v input34/A (sky130_fd_sc_hd__clkbuf_1)
     1    0.003286    0.028980    0.075690   10.081841 v input34/X (sky130_fd_sc_hd__clkbuf_1)
                                                         net34 (net)
                      0.028980    0.000041   10.081882 v wire634/A (sky130_fd_sc_hd__buf_1)
     1    0.010076    0.064793    0.113510   10.195393 v wire634/X (sky130_fd_sc_hd__buf_1)
                                                         net634 (net)
                      0.086391    0.000144   10.195537 v sram0/din0[31] (sky130_sram_1kbyte_1rw1r_32x256_8)
                                             10.195537   data arrival time

                                  0.000000    0.000000   clock clk (rise edge)
                                  0.000000    0.000000   clock source latency
     1    0.030636    0.143136    0.099091    0.099091 ^ clk (in)
                                                         clk (net)
                      0.143142    0.000000    0.099091 ^ clkbuf_0_clk/A (sky130_fd_sc_hd__clkbuf_16)
     8    0.130486    0.143741    0.240533    0.339624 ^ clkbuf_0_clk/X (sky130_fd_sc_hd__clkbuf_16)
                                                         clknet_0_clk (net)
                      0.144155    0.005613    0.345237 ^ clkbuf_3_2__f_clk/A (sky130_fd_sc_hd__clkbuf_16)
    10    0.047671    0.067122    0.182525    0.527762 ^ clkbuf_3_2__f_clk/X (sky130_fd_sc_hd__clkbuf_16)
                                                         clknet_3_2__leaf_clk (net)
                      0.089500    0.000558    0.528320 ^ sram0/clk0 (sky130_sram_1kbyte_1rw1r_32x256_8)
                                  0.250000    0.778320   clock uncertainty
                                  0.000000    0.778320   clock reconvergence pessimism
                                 -0.056000    0.722320   library hold time
                                              0.722320   data required time
---------------------------------------------------------------------------------------------
                                              0.722320   data required time
                                            -10.195537   data arrival time
---------------------------------------------------------------------------------------------
                                              9.473217   slack (MET)


Startpoint: wr_data[27] (input port clocked by clk)
Endpoint: sram0 (falling edge-triggered flip-flop clocked by clk)
Path Group: clk
Path Type: min

Fanout         Cap        Slew       Delay        Time   Description
---------------------------------------------------------------------------------------------
                                  0.000000    0.000000   clock clk (rise edge)
                                  0.000000    0.000000   clock network delay (propagated)
                                 10.000000   10.000000 v input external delay
     1    0.003035    0.009178    0.004819   10.004820 v wr_data[27] (in)
                                                         wr_data[27] (net)
                      0.009178    0.000000   10.004820 v input29/A (sky130_fd_sc_hd__clkbuf_1)
     1    0.003869    0.031953    0.077669   10.082488 v input29/X (sky130_fd_sc_hd__clkbuf_1)
                                                         net29 (net)
                      0.031953    0.000069   10.082558 v wire641/A (sky130_fd_sc_hd__buf_1)
     1    0.009815    0.063373    0.113721   10.196278 v wire641/X (sky130_fd_sc_hd__buf_1)
                                                         net641 (net)
                      0.084497    0.000141   10.196419 v sram0/din0[27] (sky130_sram_1kbyte_1rw1r_32x256_8)
                                             10.196419   data arrival time

                                  0.000000    0.000000   clock clk (rise edge)
                                  0.000000    0.000000   clock source latency
     1    0.030636    0.143136    0.099091    0.099091 ^ clk (in)
                                                         clk (net)
                      0.143142    0.000000    0.099091 ^ clkbuf_0_clk/A (sky130_fd_sc_hd__clkbuf_16)
     8    0.130486    0.143741    0.240533    0.339624 ^ clkbuf_0_clk/X (sky130_fd_sc_hd__clkbuf_16)
                                                         clknet_0_clk (net)
                      0.144155    0.005613    0.345237 ^ clkbuf_3_2__f_clk/A (sky130_fd_sc_hd__clkbuf_16)
    10    0.047671    0.067122    0.182525    0.527762 ^ clkbuf_3_2__f_clk/X (sky130_fd_sc_hd__clkbuf_16)
                                                         clknet_3_2__leaf_clk (net)
                      0.089500    0.000558    0.528320 ^ sram0/clk0 (sky130_sram_1kbyte_1rw1r_32x256_8)
                                  0.250000    0.778320   clock uncertainty
                                  0.000000    0.778320   clock reconvergence pessimism
                                 -0.056000    0.722320   library hold time
                                              0.722320   data required time
---------------------------------------------------------------------------------------------
                                              0.722320   data required time
                                            -10.196419   data arrival time
---------------------------------------------------------------------------------------------
                                              9.474100   slack (MET)


Startpoint: wr_data[23] (input port clocked by clk)
Endpoint: sram0 (falling edge-triggered flip-flop clocked by clk)
Path Group: clk
Path Type: min

Fanout         Cap        Slew       Delay        Time   Description
---------------------------------------------------------------------------------------------
                                  0.000000    0.000000   clock clk (rise edge)
                                  0.000000    0.000000   clock network delay (propagated)
                                 10.000000   10.000000 v input external delay
     1    0.004813    0.013223    0.007807   10.007808 v wr_data[23] (in)
                                                         wr_data[23] (net)
                      0.013224    0.000000   10.007808 v input25/A (sky130_fd_sc_hd__clkbuf_1)
     1    0.002785    0.026431    0.073851   10.081658 v input25/X (sky130_fd_sc_hd__clkbuf_1)
                                                         net25 (net)
                      0.026431    0.000029   10.081688 v wire645/A (sky130_fd_sc_hd__buf_1)
     1    0.010869    0.069174    0.115660   10.197349 v wire645/X (sky130_fd_sc_hd__buf_1)
                                                         net645 (net)
                      0.092233    0.000267   10.197616 v sram0/din0[23] (sky130_sram_1kbyte_1rw1r_32x256_8)
                                             10.197616   data arrival time

                                  0.000000    0.000000   clock clk (rise edge)
                                  0.000000    0.000000   clock source latency
     1    0.030636    0.143136    0.099091    0.099091 ^ clk (in)
                                                         clk (net)
                      0.143142    0.000000    0.099091 ^ clkbuf_0_clk/A (sky130_fd_sc_hd__clkbuf_16)
     8    0.130486    0.143741    0.240533    0.339624 ^ clkbuf_0_clk/X (sky130_fd_sc_hd__clkbuf_16)
                                                         clknet_0_clk (net)
                      0.144155    0.005613    0.345237 ^ clkbuf_3_2__f_clk/A (sky130_fd_sc_hd__clkbuf_16)
    10    0.047671    0.067122    0.182525    0.527762 ^ clkbuf_3_2__f_clk/X (sky130_fd_sc_hd__clkbuf_16)
                                                         clknet_3_2__leaf_clk (net)
                      0.089500    0.000558    0.528320 ^ sram0/clk0 (sky130_sram_1kbyte_1rw1r_32x256_8)
                                  0.250000    0.778320   clock uncertainty
                                  0.000000    0.778320   clock reconvergence pessimism
                                 -0.056000    0.722320   library hold time
                                              0.722320   data required time
---------------------------------------------------------------------------------------------
                                              0.722320   data required time
                                            -10.197616   data arrival time
---------------------------------------------------------------------------------------------
                                              9.475295   slack (MET)


Startpoint: wr_data[30] (input port clocked by clk)
Endpoint: sram0 (falling edge-triggered flip-flop clocked by clk)
Path Group: clk
Path Type: min

Fanout         Cap        Slew       Delay        Time   Description
---------------------------------------------------------------------------------------------
                                  0.000000    0.000000   clock clk (rise edge)
                                  0.000000    0.000000   clock network delay (propagated)
                                 10.000000   10.000000 v input external delay
     1    0.003436    0.010109    0.005500   10.005500 v wr_data[30] (in)
                                                         wr_data[30] (net)
                      0.010109    0.000000   10.005500 v input33/A (sky130_fd_sc_hd__clkbuf_1)
     1    0.003709    0.031130    0.077292   10.082791 v input33/X (sky130_fd_sc_hd__clkbuf_1)
                                                         net33 (net)
                      0.031130    0.000052   10.082843 v wire635/A (sky130_fd_sc_hd__buf_1)
     1    0.010405    0.066627    0.115792   10.198635 v wire635/X (sky130_fd_sc_hd__buf_1)
                                                         net635 (net)
                      0.088836    0.000239   10.198874 v sram0/din0[30] (sky130_sram_1kbyte_1rw1r_32x256_8)
                                             10.198874   data arrival time

                                  0.000000    0.000000   clock clk (rise edge)
                                  0.000000    0.000000   clock source latency
     1    0.030636    0.143136    0.099091    0.099091 ^ clk (in)
                                                         clk (net)
                      0.143142    0.000000    0.099091 ^ clkbuf_0_clk/A (sky130_fd_sc_hd__clkbuf_16)
     8    0.130486    0.143741    0.240533    0.339624 ^ clkbuf_0_clk/X (sky130_fd_sc_hd__clkbuf_16)
                                                         clknet_0_clk (net)
                      0.144155    0.005613    0.345237 ^ clkbuf_3_2__f_clk/A (sky130_fd_sc_hd__clkbuf_16)
    10    0.047671    0.067122    0.182525    0.527762 ^ clkbuf_3_2__f_clk/X (sky130_fd_sc_hd__clkbuf_16)
                                                         clknet_3_2__leaf_clk (net)
                      0.089500    0.000558    0.528320 ^ sram0/clk0 (sky130_sram_1kbyte_1rw1r_32x256_8)
                                  0.250000    0.778320   clock uncertainty
                                  0.000000    0.778320   clock reconvergence pessimism
                                 -0.056000    0.722320   library hold time
                                              0.722320   data required time
---------------------------------------------------------------------------------------------
                                              0.722320   data required time
                                            -10.198874   data arrival time
---------------------------------------------------------------------------------------------
                                              9.476555   slack (MET)


Startpoint: wr_data[2] (input port clocked by clk)
Endpoint: sram0 (falling edge-triggered flip-flop clocked by clk)
Path Group: clk
Path Type: min

Fanout         Cap        Slew       Delay        Time   Description
---------------------------------------------------------------------------------------------
                                  0.000000    0.000000   clock clk (rise edge)
                                  0.000000    0.000000   clock network delay (propagated)
                                 10.000000   10.000000 v input external delay
     1    0.005083    0.013803    0.008240   10.008240 v wr_data[2] (in)
                                                         wr_data[2] (net)
                      0.013804    0.000000   10.008240 v input32/A (sky130_fd_sc_hd__clkbuf_1)
     1    0.002407    0.024494    0.071990   10.080231 v input32/X (sky130_fd_sc_hd__clkbuf_1)
                                                         net32 (net)
                      0.024494    0.000022   10.080253 v wire636/A (sky130_fd_sc_hd__buf_1)
     1    0.012417    0.077695    0.121339   10.201591 v wire636/X (sky130_fd_sc_hd__buf_1)
                                                         net636 (net)
                      0.103593    0.000282   10.201874 v sram0/din0[2] (sky130_sram_1kbyte_1rw1r_32x256_8)
                                             10.201874   data arrival time

                                  0.000000    0.000000   clock clk (rise edge)
                                  0.000000    0.000000   clock source latency
     1    0.030636    0.143136    0.099091    0.099091 ^ clk (in)
                                                         clk (net)
                      0.143142    0.000000    0.099091 ^ clkbuf_0_clk/A (sky130_fd_sc_hd__clkbuf_16)
     8    0.130486    0.143741    0.240533    0.339624 ^ clkbuf_0_clk/X (sky130_fd_sc_hd__clkbuf_16)
                                                         clknet_0_clk (net)
                      0.144155    0.005613    0.345237 ^ clkbuf_3_2__f_clk/A (sky130_fd_sc_hd__clkbuf_16)
    10    0.047671    0.067122    0.182525    0.527762 ^ clkbuf_3_2__f_clk/X (sky130_fd_sc_hd__clkbuf_16)
                                                         clknet_3_2__leaf_clk (net)
                      0.089500    0.000558    0.528320 ^ sram0/clk0 (sky130_sram_1kbyte_1rw1r_32x256_8)
                                  0.250000    0.778320   clock uncertainty
                                  0.000000    0.778320   clock reconvergence pessimism
                                 -0.056000    0.722320   library hold time
                                              0.722320   data required time
---------------------------------------------------------------------------------------------
                                              0.722320   data required time
                                            -10.201874   data arrival time
---------------------------------------------------------------------------------------------
                                              9.479553   slack (MET)


Startpoint: wr_data[1] (input port clocked by clk)
Endpoint: sram0 (falling edge-triggered flip-flop clocked by clk)
Path Group: clk
Path Type: min

Fanout         Cap        Slew       Delay        Time   Description
---------------------------------------------------------------------------------------------
                                  0.000000    0.000000   clock clk (rise edge)
                                  0.000000    0.000000   clock network delay (propagated)
                                 10.000000   10.000000 v input external delay
     1    0.005104    0.013851    0.008280   10.008281 v wr_data[1] (in)
                                                         wr_data[1] (net)
                      0.013851    0.000000   10.008281 v input21/A (sky130_fd_sc_hd__clkbuf_1)
     1    0.004019    0.032765    0.080131   10.088412 v input21/X (sky130_fd_sc_hd__clkbuf_1)
                                                         net21 (net)
                      0.032765    0.000066   10.088478 v wire649/A (sky130_fd_sc_hd__buf_1)
     1    0.010743    0.068497    0.117915   10.206393 v wire649/X (sky130_fd_sc_hd__buf_1)
                                                         net649 (net)
                      0.091330    0.000271   10.206664 v sram0/din0[1] (sky130_sram_1kbyte_1rw1r_32x256_8)
                                             10.206664   data arrival time

                                  0.000000    0.000000   clock clk (rise edge)
                                  0.000000    0.000000   clock source latency
     1    0.030636    0.143136    0.099091    0.099091 ^ clk (in)
                                                         clk (net)
                      0.143142    0.000000    0.099091 ^ clkbuf_0_clk/A (sky130_fd_sc_hd__clkbuf_16)
     8    0.130486    0.143741    0.240533    0.339624 ^ clkbuf_0_clk/X (sky130_fd_sc_hd__clkbuf_16)
                                                         clknet_0_clk (net)
                      0.144155    0.005613    0.345237 ^ clkbuf_3_2__f_clk/A (sky130_fd_sc_hd__clkbuf_16)
    10    0.047671    0.067122    0.182525    0.527762 ^ clkbuf_3_2__f_clk/X (sky130_fd_sc_hd__clkbuf_16)
                                                         clknet_3_2__leaf_clk (net)
                      0.089500    0.000558    0.528320 ^ sram0/clk0 (sky130_sram_1kbyte_1rw1r_32x256_8)
                                  0.250000    0.778320   clock uncertainty
                                  0.000000    0.778320   clock reconvergence pessimism
                                 -0.056000    0.722320   library hold time
                                              0.722320   data required time
---------------------------------------------------------------------------------------------
                                              0.722320   data required time
                                            -10.206664   data arrival time
---------------------------------------------------------------------------------------------
                                              9.484344   slack (MET)


Startpoint: wr_data[0] (input port clocked by clk)
Endpoint: sram0 (falling edge-triggered flip-flop clocked by clk)
Path Group: clk
Path Type: min

Fanout         Cap        Slew       Delay        Time   Description
---------------------------------------------------------------------------------------------
                                  0.000000    0.000000   clock clk (rise edge)
                                  0.000000    0.000000   clock network delay (propagated)
                                 10.000000   10.000000 v input external delay
     1    0.004329    0.012170    0.007009   10.007009 v wr_data[0] (in)
                                                         wr_data[0] (net)
                      0.012175    0.000000   10.007009 v input10/A (sky130_fd_sc_hd__clkbuf_1)
     1    0.004639    0.036003    0.082338   10.089347 v input10/X (sky130_fd_sc_hd__clkbuf_1)
                                                         net10 (net)
                      0.036003    0.000075   10.089422 v wire662/A (sky130_fd_sc_hd__buf_1)
     1    0.010507    0.067207    0.118352   10.207773 v wire662/X (sky130_fd_sc_hd__buf_1)
                                                         net662 (net)
                      0.089609    0.000253   10.208027 v sram0/din0[0] (sky130_sram_1kbyte_1rw1r_32x256_8)
                                             10.208027   data arrival time

                                  0.000000    0.000000   clock clk (rise edge)
                                  0.000000    0.000000   clock source latency
     1    0.030636    0.143136    0.099091    0.099091 ^ clk (in)
                                                         clk (net)
                      0.143142    0.000000    0.099091 ^ clkbuf_0_clk/A (sky130_fd_sc_hd__clkbuf_16)
     8    0.130486    0.143741    0.240533    0.339624 ^ clkbuf_0_clk/X (sky130_fd_sc_hd__clkbuf_16)
                                                         clknet_0_clk (net)
                      0.144155    0.005613    0.345237 ^ clkbuf_3_2__f_clk/A (sky130_fd_sc_hd__clkbuf_16)
    10    0.047671    0.067122    0.182525    0.527762 ^ clkbuf_3_2__f_clk/X (sky130_fd_sc_hd__clkbuf_16)
                                                         clknet_3_2__leaf_clk (net)
                      0.089500    0.000558    0.528320 ^ sram0/clk0 (sky130_sram_1kbyte_1rw1r_32x256_8)
                                  0.250000    0.778320   clock uncertainty
                                  0.000000    0.778320   clock reconvergence pessimism
                                 -0.056000    0.722320   library hold time
                                              0.722320   data required time
---------------------------------------------------------------------------------------------
                                              0.722320   data required time
                                            -10.208027   data arrival time
---------------------------------------------------------------------------------------------
                                              9.485706   slack (MET)


Startpoint: wr_data[21] (input port clocked by clk)
Endpoint: sram0 (falling edge-triggered flip-flop clocked by clk)
Path Group: clk
Path Type: min

Fanout         Cap        Slew       Delay        Time   Description
---------------------------------------------------------------------------------------------
                                  0.000000    0.000000   clock clk (rise edge)
                                  0.000000    0.000000   clock network delay (propagated)
                                 10.000000   10.000000 v input external delay
     1    0.003280    0.009747    0.005232   10.005233 v wr_data[21] (in)
                                                         wr_data[21] (net)
                      0.009747    0.000000   10.005233 v input23/A (sky130_fd_sc_hd__clkbuf_1)
     1    0.004190    0.033627    0.079357   10.084589 v input23/X (sky130_fd_sc_hd__clkbuf_1)
                                                         net23 (net)
                      0.033627    0.000064   10.084654 v wire647/A (sky130_fd_sc_hd__buf_1)
     1    0.012076    0.075781    0.124031   10.208684 v wire647/X (sky130_fd_sc_hd__buf_1)
                                                         net647 (net)
                      0.101041    0.000098   10.208781 v sram0/din0[21] (sky130_sram_1kbyte_1rw1r_32x256_8)
                                             10.208781   data arrival time

                                  0.000000    0.000000   clock clk (rise edge)
                                  0.000000    0.000000   clock source latency
     1    0.030636    0.143136    0.099091    0.099091 ^ clk (in)
                                                         clk (net)
                      0.143142    0.000000    0.099091 ^ clkbuf_0_clk/A (sky130_fd_sc_hd__clkbuf_16)
     8    0.130486    0.143741    0.240533    0.339624 ^ clkbuf_0_clk/X (sky130_fd_sc_hd__clkbuf_16)
                                                         clknet_0_clk (net)
                      0.144155    0.005613    0.345237 ^ clkbuf_3_2__f_clk/A (sky130_fd_sc_hd__clkbuf_16)
    10    0.047671    0.067122    0.182525    0.527762 ^ clkbuf_3_2__f_clk/X (sky130_fd_sc_hd__clkbuf_16)
                                                         clknet_3_2__leaf_clk (net)
                      0.089500    0.000558    0.528320 ^ sram0/clk0 (sky130_sram_1kbyte_1rw1r_32x256_8)
                                  0.250000    0.778320   clock uncertainty
                                  0.000000    0.778320   clock reconvergence pessimism
                                 -0.056000    0.722320   library hold time
                                              0.722320   data required time
---------------------------------------------------------------------------------------------
                                              0.722320   data required time
                                            -10.208781   data arrival time
---------------------------------------------------------------------------------------------
                                              9.486462   slack (MET)


Startpoint: wr_data[3] (input port clocked by clk)
Endpoint: sram0 (falling edge-triggered flip-flop clocked by clk)
Path Group: clk
Path Type: min

Fanout         Cap        Slew       Delay        Time   Description
---------------------------------------------------------------------------------------------
                                  0.000000    0.000000   clock clk (rise edge)
                                  0.000000    0.000000   clock network delay (propagated)
                                 10.000000   10.000000 v input external delay
     1    0.005701    0.015141    0.009271   10.009271 v wr_data[3] (in)
                                                         wr_data[3] (net)
                      0.015143    0.000000   10.009271 v input35/A (sky130_fd_sc_hd__clkbuf_1)
     1    0.002995    0.027528    0.075736   10.085007 v input35/X (sky130_fd_sc_hd__clkbuf_1)
                                                         net35 (net)
                      0.027528    0.000032   10.085039 v wire633/A (sky130_fd_sc_hd__buf_1)
     1    0.012708    0.079312    0.123866   10.208905 v wire633/X (sky130_fd_sc_hd__buf_1)
                                                         net633 (net)
                      0.105750    0.000339   10.209245 v sram0/din0[3] (sky130_sram_1kbyte_1rw1r_32x256_8)
                                             10.209245   data arrival time

                                  0.000000    0.000000   clock clk (rise edge)
                                  0.000000    0.000000   clock source latency
     1    0.030636    0.143136    0.099091    0.099091 ^ clk (in)
                                                         clk (net)
                      0.143142    0.000000    0.099091 ^ clkbuf_0_clk/A (sky130_fd_sc_hd__clkbuf_16)
     8    0.130486    0.143741    0.240533    0.339624 ^ clkbuf_0_clk/X (sky130_fd_sc_hd__clkbuf_16)
                                                         clknet_0_clk (net)
                      0.144155    0.005613    0.345237 ^ clkbuf_3_2__f_clk/A (sky130_fd_sc_hd__clkbuf_16)
    10    0.047671    0.067122    0.182525    0.527762 ^ clkbuf_3_2__f_clk/X (sky130_fd_sc_hd__clkbuf_16)
                                                         clknet_3_2__leaf_clk (net)
                      0.089500    0.000558    0.528320 ^ sram0/clk0 (sky130_sram_1kbyte_1rw1r_32x256_8)
                                  0.250000    0.778320   clock uncertainty
                                  0.000000    0.778320   clock reconvergence pessimism
                                 -0.056000    0.722320   library hold time
                                              0.722320   data required time
---------------------------------------------------------------------------------------------
                                              0.722320   data required time
                                            -10.209245   data arrival time
---------------------------------------------------------------------------------------------
                                              9.486925   slack (MET)


Startpoint: wr_data[17] (input port clocked by clk)
Endpoint: sram0 (falling edge-triggered flip-flop clocked by clk)
Path Group: clk
Path Type: min

Fanout         Cap        Slew       Delay        Time   Description
---------------------------------------------------------------------------------------------
                                  0.000000    0.000000   clock clk (rise edge)
                                  0.000000    0.000000   clock network delay (propagated)
                                 10.000000   10.000000 v input external delay
     1    0.006157    0.016126    0.010009   10.010009 v wr_data[17] (in)
                                                         wr_data[17] (net)
                      0.016127    0.000000   10.010009 v input18/A (sky130_fd_sc_hd__clkbuf_1)
     1    0.002979    0.027453    0.076019   10.086028 v input18/X (sky130_fd_sc_hd__clkbuf_1)
                                                         net18 (net)
                      0.027453    0.000034   10.086062 v wire654/A (sky130_fd_sc_hd__buf_1)
     1    0.013830    0.085448    0.128697   10.214759 v wire654/X (sky130_fd_sc_hd__buf_1)
                                                         net654 (net)
                      0.113931    0.000143   10.214902 v sram0/din0[17] (sky130_sram_1kbyte_1rw1r_32x256_8)
                                             10.214902   data arrival time

                                  0.000000    0.000000   clock clk (rise edge)
                                  0.000000    0.000000   clock source latency
     1    0.030636    0.143136    0.099091    0.099091 ^ clk (in)
                                                         clk (net)
                      0.143142    0.000000    0.099091 ^ clkbuf_0_clk/A (sky130_fd_sc_hd__clkbuf_16)
     8    0.130486    0.143741    0.240533    0.339624 ^ clkbuf_0_clk/X (sky130_fd_sc_hd__clkbuf_16)
                                                         clknet_0_clk (net)
                      0.144155    0.005613    0.345237 ^ clkbuf_3_2__f_clk/A (sky130_fd_sc_hd__clkbuf_16)
    10    0.047671    0.067122    0.182525    0.527762 ^ clkbuf_3_2__f_clk/X (sky130_fd_sc_hd__clkbuf_16)
                                                         clknet_3_2__leaf_clk (net)
                      0.089500    0.000558    0.528320 ^ sram0/clk0 (sky130_sram_1kbyte_1rw1r_32x256_8)
                                  0.250000    0.778320   clock uncertainty
                                  0.000000    0.778320   clock reconvergence pessimism
                                 -0.056000    0.722320   library hold time
                                              0.722320   data required time
---------------------------------------------------------------------------------------------
                                              0.722320   data required time
                                            -10.214902   data arrival time
---------------------------------------------------------------------------------------------
                                              9.492583   slack (MET)


Startpoint: wr_data[15] (input port clocked by clk)
Endpoint: sram0 (falling edge-triggered flip-flop clocked by clk)
Path Group: clk
Path Type: min

Fanout         Cap        Slew       Delay        Time   Description
---------------------------------------------------------------------------------------------
                                  0.000000    0.000000   clock clk (rise edge)
                                  0.000000    0.000000   clock network delay (propagated)
                                 10.000000   10.000000 v input external delay
     1    0.005831    0.015422    0.009472   10.009473 v wr_data[15] (in)
                                                         wr_data[15] (net)
                      0.015424    0.000000   10.009473 v input16/A (sky130_fd_sc_hd__clkbuf_1)
     1    0.005036    0.038137    0.085403   10.094875 v input16/X (sky130_fd_sc_hd__clkbuf_1)
                                                         net16 (net)
                      0.038137    0.000094   10.094970 v wire656/A (sky130_fd_sc_hd__buf_1)
     1    0.011017    0.070009    0.121456   10.216425 v wire656/X (sky130_fd_sc_hd__buf_1)
                                                         net656 (net)
                      0.093346    0.000230   10.216656 v sram0/din0[15] (sky130_sram_1kbyte_1rw1r_32x256_8)
                                             10.216656   data arrival time

                                  0.000000    0.000000   clock clk (rise edge)
                                  0.000000    0.000000   clock source latency
     1    0.030636    0.143136    0.099091    0.099091 ^ clk (in)
                                                         clk (net)
                      0.143142    0.000000    0.099091 ^ clkbuf_0_clk/A (sky130_fd_sc_hd__clkbuf_16)
     8    0.130486    0.143741    0.240533    0.339624 ^ clkbuf_0_clk/X (sky130_fd_sc_hd__clkbuf_16)
                                                         clknet_0_clk (net)
                      0.144155    0.005613    0.345237 ^ clkbuf_3_2__f_clk/A (sky130_fd_sc_hd__clkbuf_16)
    10    0.047671    0.067122    0.182525    0.527762 ^ clkbuf_3_2__f_clk/X (sky130_fd_sc_hd__clkbuf_16)
                                                         clknet_3_2__leaf_clk (net)
                      0.089500    0.000558    0.528320 ^ sram0/clk0 (sky130_sram_1kbyte_1rw1r_32x256_8)
                                  0.250000    0.778320   clock uncertainty
                                  0.000000    0.778320   clock reconvergence pessimism
                                 -0.056000    0.722320   library hold time
                                              0.722320   data required time
---------------------------------------------------------------------------------------------
                                              0.722320   data required time
                                            -10.216656   data arrival time
---------------------------------------------------------------------------------------------
                                              9.494336   slack (MET)


Startpoint: wr_data[22] (input port clocked by clk)
Endpoint: sram0 (falling edge-triggered flip-flop clocked by clk)
Path Group: clk
Path Type: min

Fanout         Cap        Slew       Delay        Time   Description
---------------------------------------------------------------------------------------------
                                  0.000000    0.000000   clock clk (rise edge)
                                  0.000000    0.000000   clock network delay (propagated)
                                 10.000000   10.000000 v input external delay
     1    0.004756    0.013100    0.007716   10.007716 v wr_data[22] (in)
                                                         wr_data[22] (net)
                      0.013101    0.000000   10.007716 v input24/A (sky130_fd_sc_hd__clkbuf_1)
     1    0.006247    0.044644    0.090035   10.097751 v input24/X (sky130_fd_sc_hd__clkbuf_1)
                                                         net24 (net)
                      0.044644    0.000173   10.097923 v wire646/A (sky130_fd_sc_hd__buf_1)
     1    0.010111    0.065052    0.120506   10.218430 v wire646/X (sky130_fd_sc_hd__buf_1)
                                                         net646 (net)
                      0.086737    0.000215   10.218645 v sram0/din0[22] (sky130_sram_1kbyte_1rw1r_32x256_8)
                                             10.218645   data arrival time

                                  0.000000    0.000000   clock clk (rise edge)
                                  0.000000    0.000000   clock source latency
     1    0.030636    0.143136    0.099091    0.099091 ^ clk (in)
                                                         clk (net)
                      0.143142    0.000000    0.099091 ^ clkbuf_0_clk/A (sky130_fd_sc_hd__clkbuf_16)
     8    0.130486    0.143741    0.240533    0.339624 ^ clkbuf_0_clk/X (sky130_fd_sc_hd__clkbuf_16)
                                                         clknet_0_clk (net)
                      0.144155    0.005613    0.345237 ^ clkbuf_3_2__f_clk/A (sky130_fd_sc_hd__clkbuf_16)
    10    0.047671    0.067122    0.182525    0.527762 ^ clkbuf_3_2__f_clk/X (sky130_fd_sc_hd__clkbuf_16)
                                                         clknet_3_2__leaf_clk (net)
                      0.089500    0.000558    0.528320 ^ sram0/clk0 (sky130_sram_1kbyte_1rw1r_32x256_8)
                                  0.250000    0.778320   clock uncertainty
                                  0.000000    0.778320   clock reconvergence pessimism
                                 -0.056000    0.722320   library hold time
                                              0.722320   data required time
---------------------------------------------------------------------------------------------
                                              0.722320   data required time
                                            -10.218645   data arrival time
---------------------------------------------------------------------------------------------
                                              9.496325   slack (MET)


Startpoint: wr_data[6] (input port clocked by clk)
Endpoint: sram0 (falling edge-triggered flip-flop clocked by clk)
Path Group: clk
Path Type: min

Fanout         Cap        Slew       Delay        Time   Description
---------------------------------------------------------------------------------------------
                                  0.000000    0.000000   clock clk (rise edge)
                                  0.000000    0.000000   clock network delay (propagated)
                                 10.000000   10.000000 v input external delay
     1    0.005981    0.015748    0.009725   10.009725 v wr_data[6] (in)
                                                         wr_data[6] (net)
                      0.015750    0.000000   10.009725 v input38/A (sky130_fd_sc_hd__clkbuf_1)
     1    0.004666    0.036175    0.083824   10.093549 v input38/X (sky130_fd_sc_hd__clkbuf_1)
                                                         net38 (net)
                      0.036175    0.000083   10.093631 v wire630/A (sky130_fd_sc_hd__buf_1)
     1    0.012280    0.076970    0.125865   10.219496 v wire630/X (sky130_fd_sc_hd__buf_1)
                                                         net630 (net)
                      0.102628    0.000333   10.219829 v sram0/din0[6] (sky130_sram_1kbyte_1rw1r_32x256_8)
                                             10.219829   data arrival time

                                  0.000000    0.000000   clock clk (rise edge)
                                  0.000000    0.000000   clock source latency
     1    0.030636    0.143136    0.099091    0.099091 ^ clk (in)
                                                         clk (net)
                      0.143142    0.000000    0.099091 ^ clkbuf_0_clk/A (sky130_fd_sc_hd__clkbuf_16)
     8    0.130486    0.143741    0.240533    0.339624 ^ clkbuf_0_clk/X (sky130_fd_sc_hd__clkbuf_16)
                                                         clknet_0_clk (net)
                      0.144155    0.005613    0.345237 ^ clkbuf_3_2__f_clk/A (sky130_fd_sc_hd__clkbuf_16)
    10    0.047671    0.067122    0.182525    0.527762 ^ clkbuf_3_2__f_clk/X (sky130_fd_sc_hd__clkbuf_16)
                                                         clknet_3_2__leaf_clk (net)
                      0.089500    0.000558    0.528320 ^ sram0/clk0 (sky130_sram_1kbyte_1rw1r_32x256_8)
                                  0.250000    0.778320   clock uncertainty
                                  0.000000    0.778320   clock reconvergence pessimism
                                 -0.056000    0.722320   library hold time
                                              0.722320   data required time
---------------------------------------------------------------------------------------------
                                              0.722320   data required time
                                            -10.219829   data arrival time
---------------------------------------------------------------------------------------------
                                              9.497509   slack (MET)


Startpoint: wr_data[16] (input port clocked by clk)
Endpoint: sram0 (falling edge-triggered flip-flop clocked by clk)
Path Group: clk
Path Type: min

Fanout         Cap        Slew       Delay        Time   Description
---------------------------------------------------------------------------------------------
                                  0.000000    0.000000   clock clk (rise edge)
                                  0.000000    0.000000   clock network delay (propagated)
                                 10.000000   10.000000 v input external delay
     1    0.005963    0.015711    0.009693   10.009693 v wr_data[16] (in)
                                                         wr_data[16] (net)
                      0.015713    0.000000   10.009693 v input17/A (sky130_fd_sc_hd__clkbuf_1)
     1    0.003198    0.028575    0.077062   10.086755 v input17/X (sky130_fd_sc_hd__clkbuf_1)
                                                         net17 (net)
                      0.028575    0.000039   10.086794 v wire655/A (sky130_fd_sc_hd__buf_1)
     1    0.014814    0.090891    0.133324   10.220118 v wire655/X (sky130_fd_sc_hd__buf_1)
                                                         net655 (net)
                      0.121188    0.000190   10.220307 v sram0/din0[16] (sky130_sram_1kbyte_1rw1r_32x256_8)
                                             10.220307   data arrival time

                                  0.000000    0.000000   clock clk (rise edge)
                                  0.000000    0.000000   clock source latency
     1    0.030636    0.143136    0.099091    0.099091 ^ clk (in)
                                                         clk (net)
                      0.143142    0.000000    0.099091 ^ clkbuf_0_clk/A (sky130_fd_sc_hd__clkbuf_16)
     8    0.130486    0.143741    0.240533    0.339624 ^ clkbuf_0_clk/X (sky130_fd_sc_hd__clkbuf_16)
                                                         clknet_0_clk (net)
                      0.144155    0.005613    0.345237 ^ clkbuf_3_2__f_clk/A (sky130_fd_sc_hd__clkbuf_16)
    10    0.047671    0.067122    0.182525    0.527762 ^ clkbuf_3_2__f_clk/X (sky130_fd_sc_hd__clkbuf_16)
                                                         clknet_3_2__leaf_clk (net)
                      0.089500    0.000558    0.528320 ^ sram0/clk0 (sky130_sram_1kbyte_1rw1r_32x256_8)
                                  0.250000    0.778320   clock uncertainty
                                  0.000000    0.778320   clock reconvergence pessimism
                                 -0.056000    0.722320   library hold time
                                              0.722320   data required time
---------------------------------------------------------------------------------------------
                                              0.722320   data required time
                                            -10.220307   data arrival time
---------------------------------------------------------------------------------------------
                                              9.497989   slack (MET)


Startpoint: wr_data[18] (input port clocked by clk)
Endpoint: sram0 (falling edge-triggered flip-flop clocked by clk)
Path Group: clk
Path Type: min

Fanout         Cap        Slew       Delay        Time   Description
---------------------------------------------------------------------------------------------
                                  0.000000    0.000000   clock clk (rise edge)
                                  0.000000    0.000000   clock network delay (propagated)
                                 10.000000   10.000000 v input external delay
     1    0.006923    0.017798    0.011263   10.011263 v wr_data[18] (in)
                                                         wr_data[18] (net)
                      0.017802    0.000000   10.011263 v input19/A (sky130_fd_sc_hd__clkbuf_1)
     1    0.003394    0.029582    0.078748   10.090011 v input19/X (sky130_fd_sc_hd__clkbuf_1)
                                                         net19 (net)
                      0.029582    0.000054   10.090065 v wire653/A (sky130_fd_sc_hd__buf_1)
     1    0.014438    0.088802    0.132206   10.222271 v wire653/X (sky130_fd_sc_hd__buf_1)
                                                         net653 (net)
                      0.118403    0.000142   10.222413 v sram0/din0[18] (sky130_sram_1kbyte_1rw1r_32x256_8)
                                             10.222413   data arrival time

                                  0.000000    0.000000   clock clk (rise edge)
                                  0.000000    0.000000   clock source latency
     1    0.030636    0.143136    0.099091    0.099091 ^ clk (in)
                                                         clk (net)
                      0.143142    0.000000    0.099091 ^ clkbuf_0_clk/A (sky130_fd_sc_hd__clkbuf_16)
     8    0.130486    0.143741    0.240533    0.339624 ^ clkbuf_0_clk/X (sky130_fd_sc_hd__clkbuf_16)
                                                         clknet_0_clk (net)
                      0.144155    0.005613    0.345237 ^ clkbuf_3_2__f_clk/A (sky130_fd_sc_hd__clkbuf_16)
    10    0.047671    0.067122    0.182525    0.527762 ^ clkbuf_3_2__f_clk/X (sky130_fd_sc_hd__clkbuf_16)
                                                         clknet_3_2__leaf_clk (net)
                      0.089500    0.000558    0.528320 ^ sram0/clk0 (sky130_sram_1kbyte_1rw1r_32x256_8)
                                  0.250000    0.778320   clock uncertainty
                                  0.000000    0.778320   clock reconvergence pessimism
                                 -0.056000    0.722320   library hold time
                                              0.722320   data required time
---------------------------------------------------------------------------------------------
                                              0.722320   data required time
                                            -10.222413   data arrival time
---------------------------------------------------------------------------------------------
                                              9.500093   slack (MET)


Startpoint: wr_data[7] (input port clocked by clk)
Endpoint: sram0 (falling edge-triggered flip-flop clocked by clk)
Path Group: clk
Path Type: min

Fanout         Cap        Slew       Delay        Time   Description
---------------------------------------------------------------------------------------------
                                  0.000000    0.000000   clock clk (rise edge)
                                  0.000000    0.000000   clock network delay (propagated)
                                 10.000000   10.000000 v input external delay
     1    0.006797    0.017524    0.011062   10.011063 v wr_data[7] (in)
                                                         wr_data[7] (net)
                      0.017527    0.000000   10.011063 v input39/A (sky130_fd_sc_hd__clkbuf_1)
     1    0.004599    0.035828    0.084201   10.095263 v input39/X (sky130_fd_sc_hd__clkbuf_1)
                                                         net39 (net)
                      0.035828    0.000068   10.095331 v wire629/A (sky130_fd_sc_hd__buf_1)
     1    0.012636    0.078870    0.127350   10.222681 v wire629/X (sky130_fd_sc_hd__buf_1)
                                                         net629 (net)
                      0.105161    0.000114   10.222795 v sram0/din0[7] (sky130_sram_1kbyte_1rw1r_32x256_8)
                                             10.222795   data arrival time

                                  0.000000    0.000000   clock clk (rise edge)
                                  0.000000    0.000000   clock source latency
     1    0.030636    0.143136    0.099091    0.099091 ^ clk (in)
                                                         clk (net)
                      0.143142    0.000000    0.099091 ^ clkbuf_0_clk/A (sky130_fd_sc_hd__clkbuf_16)
     8    0.130486    0.143741    0.240533    0.339624 ^ clkbuf_0_clk/X (sky130_fd_sc_hd__clkbuf_16)
                                                         clknet_0_clk (net)
                      0.144155    0.005613    0.345237 ^ clkbuf_3_2__f_clk/A (sky130_fd_sc_hd__clkbuf_16)
    10    0.047671    0.067122    0.182525    0.527762 ^ clkbuf_3_2__f_clk/X (sky130_fd_sc_hd__clkbuf_16)
                                                         clknet_3_2__leaf_clk (net)
                      0.089500    0.000558    0.528320 ^ sram0/clk0 (sky130_sram_1kbyte_1rw1r_32x256_8)
                                  0.250000    0.778320   clock uncertainty
                                  0.000000    0.778320   clock reconvergence pessimism
                                 -0.056000    0.722320   library hold time
                                              0.722320   data required time
---------------------------------------------------------------------------------------------
                                              0.722320   data required time
                                            -10.222795   data arrival time
---------------------------------------------------------------------------------------------
                                              9.500475   slack (MET)


Startpoint: wr_data[8] (input port clocked by clk)
Endpoint: sram0 (falling edge-triggered flip-flop clocked by clk)
Path Group: clk
Path Type: min

Fanout         Cap        Slew       Delay        Time   Description
---------------------------------------------------------------------------------------------
                                  0.000000    0.000000   clock clk (rise edge)
                                  0.000000    0.000000   clock network delay (propagated)
                                 10.000000   10.000000 v input external delay
     1    0.007726    0.019533    0.012522   10.012523 v wr_data[8] (in)
                                                         wr_data[8] (net)
                      0.019534    0.000000   10.012523 v input40/A (sky130_fd_sc_hd__clkbuf_1)
     1    0.004858    0.037216    0.086161   10.098684 v input40/X (sky130_fd_sc_hd__clkbuf_1)
                                                         net40 (net)
                      0.037216    0.000078   10.098763 v wire626/A (sky130_fd_sc_hd__buf_1)
     1    0.013468    0.083507    0.131346   10.230107 v wire626/X (sky130_fd_sc_hd__buf_1)
                                                         net626 (net)
                      0.111343    0.000312   10.230419 v sram0/din0[8] (sky130_sram_1kbyte_1rw1r_32x256_8)
                                             10.230419   data arrival time

                                  0.000000    0.000000   clock clk (rise edge)
                                  0.000000    0.000000   clock source latency
     1    0.030636    0.143136    0.099091    0.099091 ^ clk (in)
                                                         clk (net)
                      0.143142    0.000000    0.099091 ^ clkbuf_0_clk/A (sky130_fd_sc_hd__clkbuf_16)
     8    0.130486    0.143741    0.240533    0.339624 ^ clkbuf_0_clk/X (sky130_fd_sc_hd__clkbuf_16)
                                                         clknet_0_clk (net)
                      0.144155    0.005613    0.345237 ^ clkbuf_3_2__f_clk/A (sky130_fd_sc_hd__clkbuf_16)
    10    0.047671    0.067122    0.182525    0.527762 ^ clkbuf_3_2__f_clk/X (sky130_fd_sc_hd__clkbuf_16)
                                                         clknet_3_2__leaf_clk (net)
                      0.089500    0.000558    0.528320 ^ sram0/clk0 (sky130_sram_1kbyte_1rw1r_32x256_8)
                                  0.250000    0.778320   clock uncertainty
                                  0.000000    0.778320   clock reconvergence pessimism
                                 -0.056000    0.722320   library hold time
                                              0.722320   data required time
---------------------------------------------------------------------------------------------
                                              0.722320   data required time
                                            -10.230419   data arrival time
---------------------------------------------------------------------------------------------
                                              9.508100   slack (MET)


Startpoint: wr_data[4] (input port clocked by clk)
Endpoint: sram0 (falling edge-triggered flip-flop clocked by clk)
Path Group: clk
Path Type: min

Fanout         Cap        Slew       Delay        Time   Description
---------------------------------------------------------------------------------------------
                                  0.000000    0.000000   clock clk (rise edge)
                                  0.000000    0.000000   clock network delay (propagated)
                                 10.000000   10.000000 v input external delay
     1    0.007341    0.018707    0.011952   10.011952 v wr_data[4] (in)
                                                         wr_data[4] (net)
                      0.018710    0.000000   10.011952 v input36/A (sky130_fd_sc_hd__clkbuf_1)
     1    0.006239    0.044620    0.092212   10.104164 v input36/X (sky130_fd_sc_hd__clkbuf_1)
                                                         net36 (net)
                      0.044620    0.000102   10.104266 v wire632/A (sky130_fd_sc_hd__buf_1)
     1    0.011707    0.073815    0.127201   10.231467 v wire632/X (sky130_fd_sc_hd__buf_1)
                                                         net632 (net)
                      0.098420    0.000262   10.231730 v sram0/din0[4] (sky130_sram_1kbyte_1rw1r_32x256_8)
                                             10.231730   data arrival time

                                  0.000000    0.000000   clock clk (rise edge)
                                  0.000000    0.000000   clock source latency
     1    0.030636    0.143136    0.099091    0.099091 ^ clk (in)
                                                         clk (net)
                      0.143142    0.000000    0.099091 ^ clkbuf_0_clk/A (sky130_fd_sc_hd__clkbuf_16)
     8    0.130486    0.143741    0.240533    0.339624 ^ clkbuf_0_clk/X (sky130_fd_sc_hd__clkbuf_16)
                                                         clknet_0_clk (net)
                      0.144155    0.005613    0.345237 ^ clkbuf_3_2__f_clk/A (sky130_fd_sc_hd__clkbuf_16)
    10    0.047671    0.067122    0.182525    0.527762 ^ clkbuf_3_2__f_clk/X (sky130_fd_sc_hd__clkbuf_16)
                                                         clknet_3_2__leaf_clk (net)
                      0.089500    0.000558    0.528320 ^ sram0/clk0 (sky130_sram_1kbyte_1rw1r_32x256_8)
                                  0.250000    0.778320   clock uncertainty
                                  0.000000    0.778320   clock reconvergence pessimism
                                 -0.056000    0.722320   library hold time
                                              0.722320   data required time
---------------------------------------------------------------------------------------------
                                              0.722320   data required time
                                            -10.231730   data arrival time
---------------------------------------------------------------------------------------------
                                              9.509411   slack (MET)


Startpoint: wr_data[14] (input port clocked by clk)
Endpoint: sram0 (falling edge-triggered flip-flop clocked by clk)
Path Group: clk
Path Type: min

Fanout         Cap        Slew       Delay        Time   Description
---------------------------------------------------------------------------------------------
                                  0.000000    0.000000   clock clk (rise edge)
                                  0.000000    0.000000   clock network delay (propagated)
                                 10.000000   10.000000 v input external delay
     1    0.006681    0.017265    0.010865   10.010865 v wr_data[14] (in)
                                                         wr_data[14] (net)
                      0.017267    0.000000   10.010865 v input15/A (sky130_fd_sc_hd__clkbuf_1)
     1    0.006267    0.044782    0.091735   10.102600 v input15/X (sky130_fd_sc_hd__clkbuf_1)
                                                         net15 (net)
                      0.044782    0.000179   10.102779 v wire657/A (sky130_fd_sc_hd__buf_1)
     1    0.012173    0.076401    0.129187   10.231967 v wire657/X (sky130_fd_sc_hd__buf_1)
                                                         net657 (net)
                      0.101869    0.000333   10.232300 v sram0/din0[14] (sky130_sram_1kbyte_1rw1r_32x256_8)
                                             10.232300   data arrival time

                                  0.000000    0.000000   clock clk (rise edge)
                                  0.000000    0.000000   clock source latency
     1    0.030636    0.143136    0.099091    0.099091 ^ clk (in)
                                                         clk (net)
                      0.143142    0.000000    0.099091 ^ clkbuf_0_clk/A (sky130_fd_sc_hd__clkbuf_16)
     8    0.130486    0.143741    0.240533    0.339624 ^ clkbuf_0_clk/X (sky130_fd_sc_hd__clkbuf_16)
                                                         clknet_0_clk (net)
                      0.144155    0.005613    0.345237 ^ clkbuf_3_2__f_clk/A (sky130_fd_sc_hd__clkbuf_16)
    10    0.047671    0.067122    0.182525    0.527762 ^ clkbuf_3_2__f_clk/X (sky130_fd_sc_hd__clkbuf_16)
                                                         clknet_3_2__leaf_clk (net)
                      0.089500    0.000558    0.528320 ^ sram0/clk0 (sky130_sram_1kbyte_1rw1r_32x256_8)
                                  0.250000    0.778320   clock uncertainty
                                  0.000000    0.778320   clock reconvergence pessimism
                                 -0.056000    0.722320   library hold time
                                              0.722320   data required time
---------------------------------------------------------------------------------------------
                                              0.722320   data required time
                                            -10.232300   data arrival time
---------------------------------------------------------------------------------------------
                                              9.509980   slack (MET)


Startpoint: wr_data[10] (input port clocked by clk)
Endpoint: sram0 (falling edge-triggered flip-flop clocked by clk)
Path Group: clk
Path Type: min

Fanout         Cap        Slew       Delay        Time   Description
---------------------------------------------------------------------------------------------
                                  0.000000    0.000000   clock clk (rise edge)
                                  0.000000    0.000000   clock network delay (propagated)
                                 10.000000   10.000000 v input external delay
     1    0.006319    0.016482    0.010301   10.010302 v wr_data[10] (in)
                                                         wr_data[10] (net)
                      0.016486    0.000000   10.010302 v input11/A (sky130_fd_sc_hd__clkbuf_1)
     1    0.004577    0.035711    0.083697   10.093998 v input11/X (sky130_fd_sc_hd__clkbuf_1)
                                                         net11 (net)
                      0.035711    0.000079   10.094077 v wire661/A (sky130_fd_sc_hd__buf_1)
     1    0.015328    0.093724    0.138624   10.232701 v wire661/X (sky130_fd_sc_hd__buf_1)
                                                         net661 (net)
                      0.124966    0.000180   10.232882 v sram0/din0[10] (sky130_sram_1kbyte_1rw1r_32x256_8)
                                             10.232882   data arrival time

                                  0.000000    0.000000   clock clk (rise edge)
                                  0.000000    0.000000   clock source latency
     1    0.030636    0.143136    0.099091    0.099091 ^ clk (in)
                                                         clk (net)
                      0.143142    0.000000    0.099091 ^ clkbuf_0_clk/A (sky130_fd_sc_hd__clkbuf_16)
     8    0.130486    0.143741    0.240533    0.339624 ^ clkbuf_0_clk/X (sky130_fd_sc_hd__clkbuf_16)
                                                         clknet_0_clk (net)
                      0.144155    0.005613    0.345237 ^ clkbuf_3_2__f_clk/A (sky130_fd_sc_hd__clkbuf_16)
    10    0.047671    0.067122    0.182525    0.527762 ^ clkbuf_3_2__f_clk/X (sky130_fd_sc_hd__clkbuf_16)
                                                         clknet_3_2__leaf_clk (net)
                      0.089500    0.000558    0.528320 ^ sram0/clk0 (sky130_sram_1kbyte_1rw1r_32x256_8)
                                  0.250000    0.778320   clock uncertainty
                                  0.000000    0.778320   clock reconvergence pessimism
                                 -0.056000    0.722320   library hold time
                                              0.722320   data required time
---------------------------------------------------------------------------------------------
                                              0.722320   data required time
                                            -10.232882   data arrival time
---------------------------------------------------------------------------------------------
                                              9.510562   slack (MET)


Startpoint: wr_data[11] (input port clocked by clk)
Endpoint: sram0 (falling edge-triggered flip-flop clocked by clk)
Path Group: clk
Path Type: min

Fanout         Cap        Slew       Delay        Time   Description
---------------------------------------------------------------------------------------------
                                  0.000000    0.000000   clock clk (rise edge)
                                  0.000000    0.000000   clock network delay (propagated)
                                 10.000000   10.000000 v input external delay
     1    0.007457    0.018966    0.012152   10.012153 v wr_data[11] (in)
                                                         wr_data[11] (net)
                      0.018971    0.000000   10.012153 v input12/A (sky130_fd_sc_hd__clkbuf_1)
     1    0.005358    0.039880    0.088250   10.100403 v input12/X (sky130_fd_sc_hd__clkbuf_1)
                                                         net12 (net)
                      0.039880    0.000094   10.100496 v wire660/A (sky130_fd_sc_hd__buf_1)
     1    0.013724    0.084867    0.133723   10.234220 v wire660/X (sky130_fd_sc_hd__buf_1)
                                                         net660 (net)
                      0.113156    0.000128   10.234348 v sram0/din0[11] (sky130_sram_1kbyte_1rw1r_32x256_8)
                                             10.234348   data arrival time

                                  0.000000    0.000000   clock clk (rise edge)
                                  0.000000    0.000000   clock source latency
     1    0.030636    0.143136    0.099091    0.099091 ^ clk (in)
                                                         clk (net)
                      0.143142    0.000000    0.099091 ^ clkbuf_0_clk/A (sky130_fd_sc_hd__clkbuf_16)
     8    0.130486    0.143741    0.240533    0.339624 ^ clkbuf_0_clk/X (sky130_fd_sc_hd__clkbuf_16)
                                                         clknet_0_clk (net)
                      0.144155    0.005613    0.345237 ^ clkbuf_3_2__f_clk/A (sky130_fd_sc_hd__clkbuf_16)
    10    0.047671    0.067122    0.182525    0.527762 ^ clkbuf_3_2__f_clk/X (sky130_fd_sc_hd__clkbuf_16)
                                                         clknet_3_2__leaf_clk (net)
                      0.089500    0.000558    0.528320 ^ sram0/clk0 (sky130_sram_1kbyte_1rw1r_32x256_8)
                                  0.250000    0.778320   clock uncertainty
                                  0.000000    0.778320   clock reconvergence pessimism
                                 -0.056000    0.722320   library hold time
                                              0.722320   data required time
---------------------------------------------------------------------------------------------
                                              0.722320   data required time
                                            -10.234348   data arrival time
---------------------------------------------------------------------------------------------
                                              9.512029   slack (MET)


Startpoint: wr_data[9] (input port clocked by clk)
Endpoint: sram0 (falling edge-triggered flip-flop clocked by clk)
Path Group: clk
Path Type: min

Fanout         Cap        Slew       Delay        Time   Description
---------------------------------------------------------------------------------------------
                                  0.000000    0.000000   clock clk (rise edge)
                                  0.000000    0.000000   clock network delay (propagated)
                                 10.000000   10.000000 v input external delay
     1    0.006692    0.017283    0.010844   10.010844 v wr_data[9] (in)
                                                         wr_data[9] (net)
                      0.017283    0.000000   10.010844 v input41/A (sky130_fd_sc_hd__clkbuf_1)
     1    0.005950    0.043066    0.090292   10.101136 v input41/X (sky130_fd_sc_hd__clkbuf_1)
                                                         net41 (net)
                      0.043066    0.000158   10.101295 v wire625/A (sky130_fd_sc_hd__buf_1)
     1    0.013512    0.083706    0.134225   10.235519 v wire625/X (sky130_fd_sc_hd__buf_1)
                                                         net625 (net)
                      0.111608    0.000139   10.235658 v sram0/din0[9] (sky130_sram_1kbyte_1rw1r_32x256_8)
                                             10.235658   data arrival time

                                  0.000000    0.000000   clock clk (rise edge)
                                  0.000000    0.000000   clock source latency
     1    0.030636    0.143136    0.099091    0.099091 ^ clk (in)
                                                         clk (net)
                      0.143142    0.000000    0.099091 ^ clkbuf_0_clk/A (sky130_fd_sc_hd__clkbuf_16)
     8    0.130486    0.143741    0.240533    0.339624 ^ clkbuf_0_clk/X (sky130_fd_sc_hd__clkbuf_16)
                                                         clknet_0_clk (net)
                      0.144155    0.005613    0.345237 ^ clkbuf_3_2__f_clk/A (sky130_fd_sc_hd__clkbuf_16)
    10    0.047671    0.067122    0.182525    0.527762 ^ clkbuf_3_2__f_clk/X (sky130_fd_sc_hd__clkbuf_16)
                                                         clknet_3_2__leaf_clk (net)
                      0.089500    0.000558    0.528320 ^ sram0/clk0 (sky130_sram_1kbyte_1rw1r_32x256_8)
                                  0.250000    0.778320   clock uncertainty
                                  0.000000    0.778320   clock reconvergence pessimism
                                 -0.056000    0.722320   library hold time
                                              0.722320   data required time
---------------------------------------------------------------------------------------------
                                              0.722320   data required time
                                            -10.235658   data arrival time
---------------------------------------------------------------------------------------------
                                              9.513338   slack (MET)


Startpoint: wr_data[5] (input port clocked by clk)
Endpoint: sram0 (falling edge-triggered flip-flop clocked by clk)
Path Group: clk
Path Type: min

Fanout         Cap        Slew       Delay        Time   Description
---------------------------------------------------------------------------------------------
                                  0.000000    0.000000   clock clk (rise edge)
                                  0.000000    0.000000   clock network delay (propagated)
                                 10.000000   10.000000 v input external delay
     1    0.006953    0.017864    0.011331   10.011332 v wr_data[5] (in)
                                                         wr_data[5] (net)
                      0.017868    0.000000   10.011332 v input37/A (sky130_fd_sc_hd__clkbuf_1)
     1    0.008150    0.054255    0.100663   10.111994 v input37/X (sky130_fd_sc_hd__clkbuf_1)
                                                         net37 (net)
                      0.054255    0.000147   10.112141 v wire631/A (sky130_fd_sc_hd__buf_1)
     1    0.010220    0.065674    0.125209   10.237350 v wire631/X (sky130_fd_sc_hd__buf_1)
                                                         net631 (net)
                      0.087566    0.000206   10.237556 v sram0/din0[5] (sky130_sram_1kbyte_1rw1r_32x256_8)
                                             10.237556   data arrival time

                                  0.000000    0.000000   clock clk (rise edge)
                                  0.000000    0.000000   clock source latency
     1    0.030636    0.143136    0.099091    0.099091 ^ clk (in)
                                                         clk (net)
                      0.143142    0.000000    0.099091 ^ clkbuf_0_clk/A (sky130_fd_sc_hd__clkbuf_16)
     8    0.130486    0.143741    0.240533    0.339624 ^ clkbuf_0_clk/X (sky130_fd_sc_hd__clkbuf_16)
                                                         clknet_0_clk (net)
                      0.144155    0.005613    0.345237 ^ clkbuf_3_2__f_clk/A (sky130_fd_sc_hd__clkbuf_16)
    10    0.047671    0.067122    0.182525    0.527762 ^ clkbuf_3_2__f_clk/X (sky130_fd_sc_hd__clkbuf_16)
                                                         clknet_3_2__leaf_clk (net)
                      0.089500    0.000558    0.528320 ^ sram0/clk0 (sky130_sram_1kbyte_1rw1r_32x256_8)
                                  0.250000    0.778320   clock uncertainty
                                  0.000000    0.778320   clock reconvergence pessimism
                                 -0.056000    0.722320   library hold time
                                              0.722320   data required time
---------------------------------------------------------------------------------------------
                                              0.722320   data required time
                                            -10.237556   data arrival time
---------------------------------------------------------------------------------------------
                                              9.515237   slack (MET)


Startpoint: wr_data[13] (input port clocked by clk)
Endpoint: sram0 (falling edge-triggered flip-flop clocked by clk)
Path Group: clk
Path Type: min

Fanout         Cap        Slew       Delay        Time   Description
---------------------------------------------------------------------------------------------
                                  0.000000    0.000000   clock clk (rise edge)
                                  0.000000    0.000000   clock network delay (propagated)
                                 10.000000   10.000000 v input external delay
     1    0.007836    0.019800    0.012760   10.012761 v wr_data[13] (in)
                                                         wr_data[13] (net)
                      0.019805    0.000000   10.012761 v input14/A (sky130_fd_sc_hd__clkbuf_1)
     1    0.005437    0.040320    0.088908   10.101669 v input14/X (sky130_fd_sc_hd__clkbuf_1)
                                                         net14 (net)
                      0.040320    0.000135   10.101804 v wire658/A (sky130_fd_sc_hd__buf_1)
     1    0.014854    0.091132    0.138598   10.240401 v wire658/X (sky130_fd_sc_hd__buf_1)
                                                         net658 (net)
                      0.121510    0.000260   10.240662 v sram0/din0[13] (sky130_sram_1kbyte_1rw1r_32x256_8)
                                             10.240662   data arrival time

                                  0.000000    0.000000   clock clk (rise edge)
                                  0.000000    0.000000   clock source latency
     1    0.030636    0.143136    0.099091    0.099091 ^ clk (in)
                                                         clk (net)
                      0.143142    0.000000    0.099091 ^ clkbuf_0_clk/A (sky130_fd_sc_hd__clkbuf_16)
     8    0.130486    0.143741    0.240533    0.339624 ^ clkbuf_0_clk/X (sky130_fd_sc_hd__clkbuf_16)
                                                         clknet_0_clk (net)
                      0.144155    0.005613    0.345237 ^ clkbuf_3_2__f_clk/A (sky130_fd_sc_hd__clkbuf_16)
    10    0.047671    0.067122    0.182525    0.527762 ^ clkbuf_3_2__f_clk/X (sky130_fd_sc_hd__clkbuf_16)
                                                         clknet_3_2__leaf_clk (net)
                      0.089500    0.000558    0.528320 ^ sram0/clk0 (sky130_sram_1kbyte_1rw1r_32x256_8)
                                  0.250000    0.778320   clock uncertainty
                                  0.000000    0.778320   clock reconvergence pessimism
                                 -0.056000    0.722320   library hold time
                                              0.722320   data required time
---------------------------------------------------------------------------------------------
                                              0.722320   data required time
                                            -10.240662   data arrival time
---------------------------------------------------------------------------------------------
                                              9.518342   slack (MET)


Startpoint: wr_data[12] (input port clocked by clk)
Endpoint: sram0 (falling edge-triggered flip-flop clocked by clk)
Path Group: clk
Path Type: min

Fanout         Cap        Slew       Delay        Time   Description
---------------------------------------------------------------------------------------------
                                  0.000000    0.000000   clock clk (rise edge)
                                  0.000000    0.000000   clock network delay (propagated)
                                 10.000000   10.000000 v input external delay
     1    0.006978    0.017917    0.011370   10.011370 v wr_data[12] (in)
                                                         wr_data[12] (net)
                      0.017921    0.000000   10.011370 v input13/A (sky130_fd_sc_hd__clkbuf_1)
     1    0.007583    0.051567    0.098023   10.109393 v input13/X (sky130_fd_sc_hd__clkbuf_1)
                                                         net13 (net)
                      0.051567    0.000253   10.109646 v wire659/A (sky130_fd_sc_hd__buf_1)
     1    0.012316    0.077166    0.132855   10.242500 v wire659/X (sky130_fd_sc_hd__buf_1)
                                                         net659 (net)
                      0.102888    0.000214   10.242715 v sram0/din0[12] (sky130_sram_1kbyte_1rw1r_32x256_8)
                                             10.242715   data arrival time

                                  0.000000    0.000000   clock clk (rise edge)
                                  0.000000    0.000000   clock source latency
     1    0.030636    0.143136    0.099091    0.099091 ^ clk (in)
                                                         clk (net)
                      0.143142    0.000000    0.099091 ^ clkbuf_0_clk/A (sky130_fd_sc_hd__clkbuf_16)
     8    0.130486    0.143741    0.240533    0.339624 ^ clkbuf_0_clk/X (sky130_fd_sc_hd__clkbuf_16)
                                                         clknet_0_clk (net)
                      0.144155    0.005613    0.345237 ^ clkbuf_3_2__f_clk/A (sky130_fd_sc_hd__clkbuf_16)
    10    0.047671    0.067122    0.182525    0.527762 ^ clkbuf_3_2__f_clk/X (sky130_fd_sc_hd__clkbuf_16)
                                                         clknet_3_2__leaf_clk (net)
                      0.089500    0.000558    0.528320 ^ sram0/clk0 (sky130_sram_1kbyte_1rw1r_32x256_8)
                                  0.250000    0.778320   clock uncertainty
                                  0.000000    0.778320   clock reconvergence pessimism
                                 -0.056000    0.722320   library hold time
                                              0.722320   data required time
---------------------------------------------------------------------------------------------
                                              0.722320   data required time
                                            -10.242715   data arrival time
---------------------------------------------------------------------------------------------
                                              9.520395   slack (MET)


Startpoint: wr_data[20] (input port clocked by clk)
Endpoint: sram0 (falling edge-triggered flip-flop clocked by clk)
Path Group: clk
Path Type: min

Fanout         Cap        Slew       Delay        Time   Description
---------------------------------------------------------------------------------------------
                                  0.000000    0.000000   clock clk (rise edge)
                                  0.000000    0.000000   clock network delay (propagated)
                                 10.000000   10.000000 v input external delay
     1    0.006308    0.016455    0.010259   10.010260 v wr_data[20] (in)
                                                         wr_data[20] (net)
                      0.016457    0.000000   10.010260 v input22/A (sky130_fd_sc_hd__clkbuf_1)
     1    0.009257    0.060327    0.104796   10.115056 v input22/X (sky130_fd_sc_hd__clkbuf_1)
                                                         net22 (net)
                      0.060327    0.000129   10.115185 v wire648/A (sky130_fd_sc_hd__buf_1)
     1    0.013011    0.080965    0.139738   10.254923 v wire648/X (sky130_fd_sc_hd__buf_1)
                                                         net648 (net)
                      0.107953    0.000130   10.255053 v sram0/din0[20] (sky130_sram_1kbyte_1rw1r_32x256_8)
                                             10.255053   data arrival time

                                  0.000000    0.000000   clock clk (rise edge)
                                  0.000000    0.000000   clock source latency
     1    0.030636    0.143136    0.099091    0.099091 ^ clk (in)
                                                         clk (net)
                      0.143142    0.000000    0.099091 ^ clkbuf_0_clk/A (sky130_fd_sc_hd__clkbuf_16)
     8    0.130486    0.143741    0.240533    0.339624 ^ clkbuf_0_clk/X (sky130_fd_sc_hd__clkbuf_16)
                                                         clknet_0_clk (net)
                      0.144155    0.005613    0.345237 ^ clkbuf_3_2__f_clk/A (sky130_fd_sc_hd__clkbuf_16)
    10    0.047671    0.067122    0.182525    0.527762 ^ clkbuf_3_2__f_clk/X (sky130_fd_sc_hd__clkbuf_16)
                                                         clknet_3_2__leaf_clk (net)
                      0.089500    0.000558    0.528320 ^ sram0/clk0 (sky130_sram_1kbyte_1rw1r_32x256_8)
                                  0.250000    0.778320   clock uncertainty
                                  0.000000    0.778320   clock reconvergence pessimism
                                 -0.056000    0.722320   library hold time
                                              0.722320   data required time
---------------------------------------------------------------------------------------------
                                              0.722320   data required time
                                            -10.255053   data arrival time
---------------------------------------------------------------------------------------------
                                              9.532732   slack (MET)


Startpoint: wr_data[19] (input port clocked by clk)
Endpoint: sram0 (falling edge-triggered flip-flop clocked by clk)
Path Group: clk
Path Type: min

Fanout         Cap        Slew       Delay        Time   Description
---------------------------------------------------------------------------------------------
                                  0.000000    0.000000   clock clk (rise edge)
                                  0.000000    0.000000   clock network delay (propagated)
                                 10.000000   10.000000 v input external delay
     1    0.007486    0.019034    0.012181   10.012181 v wr_data[19] (in)
                                                         wr_data[19] (net)
                      0.019038    0.000000   10.012181 v input20/A (sky130_fd_sc_hd__clkbuf_1)
     1    0.013413    0.083268    0.123269   10.135451 v input20/X (sky130_fd_sc_hd__clkbuf_1)
                                                         net20 (net)
                      0.083268    0.000263   10.135714 v wire650/A (sky130_fd_sc_hd__buf_1)
     1    0.013102    0.081518    0.150227   10.285940 v wire650/X (sky130_fd_sc_hd__buf_1)
                                                         net650 (net)
                      0.108691    0.000283   10.286223 v sram0/din0[19] (sky130_sram_1kbyte_1rw1r_32x256_8)
                                             10.286223   data arrival time

                                  0.000000    0.000000   clock clk (rise edge)
                                  0.000000    0.000000   clock source latency
     1    0.030636    0.143136    0.099091    0.099091 ^ clk (in)
                                                         clk (net)
                      0.143142    0.000000    0.099091 ^ clkbuf_0_clk/A (sky130_fd_sc_hd__clkbuf_16)
     8    0.130486    0.143741    0.240533    0.339624 ^ clkbuf_0_clk/X (sky130_fd_sc_hd__clkbuf_16)
                                                         clknet_0_clk (net)
                      0.144155    0.005613    0.345237 ^ clkbuf_3_2__f_clk/A (sky130_fd_sc_hd__clkbuf_16)
    10    0.047671    0.067122    0.182525    0.527762 ^ clkbuf_3_2__f_clk/X (sky130_fd_sc_hd__clkbuf_16)
                                                         clknet_3_2__leaf_clk (net)
                      0.089500    0.000558    0.528320 ^ sram0/clk0 (sky130_sram_1kbyte_1rw1r_32x256_8)
                                  0.250000    0.778320   clock uncertainty
                                  0.000000    0.778320   clock reconvergence pessimism
                                 -0.056000    0.722320   library hold time
                                              0.722320   data required time
---------------------------------------------------------------------------------------------
                                              0.722320   data required time
                                            -10.286223   data arrival time
---------------------------------------------------------------------------------------------
                                              9.563904   slack (MET)


Startpoint: rst (input port clocked by clk)
Endpoint: _592_ (removal check against rising-edge clock clk)
Path Group: asynchronous
Path Type: min

Fanout         Cap        Slew       Delay        Time   Description
---------------------------------------------------------------------------------------------
                                  0.000000    0.000000   clock clk (rise edge)
                                  0.000000    0.000000   clock network delay (propagated)
                                 10.000000   10.000000 v input external delay
     1    0.002822    0.008682    0.004458   10.004458 v rst (in)
                                                         rst (net)
                      0.008682    0.000000   10.004458 v input1/A (sky130_fd_sc_hd__clkbuf_1)
     1    0.005082    0.038333    0.083029   10.087486 v input1/X (sky130_fd_sc_hd__clkbuf_1)
                                                         net1 (net)
                      0.038333    0.000114   10.087601 v wire672/A (sky130_fd_sc_hd__clkbuf_1)
     1    0.005822    0.042435    0.098683   10.186283 v wire672/X (sky130_fd_sc_hd__clkbuf_1)
                                                         net672 (net)
                      0.042435    0.000151   10.186434 v fanout671/A (sky130_fd_sc_hd__buf_4)
     8    0.082221    0.110311    0.207469   10.393903 v fanout671/X (sky130_fd_sc_hd__buf_4)
                                                         net671 (net)
                      0.110312    0.000332   10.394235 v fanout664/A (sky130_fd_sc_hd__clkbuf_4)
     7    0.037308    0.084901    0.216609   10.610844 v fanout664/X (sky130_fd_sc_hd__clkbuf_4)
                                                         net664 (net)
                      0.084901    0.000091   10.610934 v _284_/A (sky130_fd_sc_hd__inv_2)
     1    0.003852    0.033950    0.058697   10.669632 ^ _284_/Y (sky130_fd_sc_hd__inv_2)
                                                         _000_ (net)
                      0.033950    0.000027   10.669659 ^ _592_/RESET_B (sky130_fd_sc_hd__dfrtp_1)
                                             10.669659   data arrival time

                                  0.000000    0.000000   clock clk (rise edge)
                                  0.000000    0.000000   clock source latency
     1    0.030636    0.143136    0.099091    0.099091 ^ clk (in)
                                                         clk (net)
                      0.143142    0.000000    0.099091 ^ clkbuf_0_clk/A (sky130_fd_sc_hd__clkbuf_16)
     8    0.130486    0.143741    0.240533    0.339624 ^ clkbuf_0_clk/X (sky130_fd_sc_hd__clkbuf_16)
                                                         clknet_0_clk (net)
                      0.144155    0.005613    0.345237 ^ clkbuf_3_2__f_clk/A (sky130_fd_sc_hd__clkbuf_16)
    10    0.047671    0.067122    0.182525    0.527762 ^ clkbuf_3_2__f_clk/X (sky130_fd_sc_hd__clkbuf_16)
                                                         clknet_3_2__leaf_clk (net)
                      0.067122    0.000335    0.528096 ^ _592_/CLK (sky130_fd_sc_hd__dfrtp_1)
                                  0.250000    0.778096   clock uncertainty
                                  0.000000    0.778096   clock reconvergence pessimism
                                  0.323240    1.101336   library removal time
                                              1.101336   data required time
---------------------------------------------------------------------------------------------
                                              1.101336   data required time
                                            -10.669659   data arrival time
---------------------------------------------------------------------------------------------
                                              9.568321   slack (MET)


Startpoint: rst (input port clocked by clk)
Endpoint: _594_ (removal check against rising-edge clock clk)
Path Group: asynchronous
Path Type: min

Fanout         Cap        Slew       Delay        Time   Description
---------------------------------------------------------------------------------------------
                                  0.000000    0.000000   clock clk (rise edge)
                                  0.000000    0.000000   clock network delay (propagated)
                                 10.000000   10.000000 v input external delay
     1    0.002822    0.008682    0.004458   10.004458 v rst (in)
                                                         rst (net)
                      0.008682    0.000000   10.004458 v input1/A (sky130_fd_sc_hd__clkbuf_1)
     1    0.005082    0.038333    0.083029   10.087486 v input1/X (sky130_fd_sc_hd__clkbuf_1)
                                                         net1 (net)
                      0.038333    0.000114   10.087601 v wire672/A (sky130_fd_sc_hd__clkbuf_1)
     1    0.005822    0.042435    0.098683   10.186283 v wire672/X (sky130_fd_sc_hd__clkbuf_1)
                                                         net672 (net)
                      0.042435    0.000151   10.186434 v fanout671/A (sky130_fd_sc_hd__buf_4)
     8    0.082221    0.110311    0.207469   10.393903 v fanout671/X (sky130_fd_sc_hd__buf_4)
                                                         net671 (net)
                      0.110312    0.000332   10.394235 v fanout664/A (sky130_fd_sc_hd__clkbuf_4)
     7    0.037308    0.084901    0.216609   10.610844 v fanout664/X (sky130_fd_sc_hd__clkbuf_4)
                                                         net664 (net)
                      0.084902    0.000392   10.611236 v _520_/A (sky130_fd_sc_hd__inv_2)
     1    0.003891    0.034096    0.058883   10.670118 ^ _520_/Y (sky130_fd_sc_hd__inv_2)
                                                         _002_ (net)
                      0.034096    0.000027   10.670145 ^ _594_/RESET_B (sky130_fd_sc_hd__dfrtp_1)
                                             10.670145   data arrival time

                                  0.000000    0.000000   clock clk (rise edge)
                                  0.000000    0.000000   clock source latency
     1    0.030636    0.143136    0.099091    0.099091 ^ clk (in)
                                                         clk (net)
                      0.143142    0.000000    0.099091 ^ clkbuf_0_clk/A (sky130_fd_sc_hd__clkbuf_16)
     8    0.130486    0.143741    0.240533    0.339624 ^ clkbuf_0_clk/X (sky130_fd_sc_hd__clkbuf_16)
                                                         clknet_0_clk (net)
                      0.144155    0.005613    0.345237 ^ clkbuf_3_2__f_clk/A (sky130_fd_sc_hd__clkbuf_16)
    10    0.047671    0.067122    0.182525    0.527762 ^ clkbuf_3_2__f_clk/X (sky130_fd_sc_hd__clkbuf_16)
                                                         clknet_3_2__leaf_clk (net)
                      0.067124    0.000530    0.528292 ^ _594_/CLK (sky130_fd_sc_hd__dfrtp_1)
                                  0.250000    0.778292   clock uncertainty
                                  0.000000    0.778292   clock reconvergence pessimism
                                  0.323281    1.101573   library removal time
                                              1.101573   data required time
---------------------------------------------------------------------------------------------
                                              1.101573   data required time
                                            -10.670145   data arrival time
---------------------------------------------------------------------------------------------
                                              9.568572   slack (MET)


Startpoint: rst (input port clocked by clk)
Endpoint: _595_ (removal check against rising-edge clock clk)
Path Group: asynchronous
Path Type: min

Fanout         Cap        Slew       Delay        Time   Description
---------------------------------------------------------------------------------------------
                                  0.000000    0.000000   clock clk (rise edge)
                                  0.000000    0.000000   clock network delay (propagated)
                                 10.000000   10.000000 v input external delay
     1    0.002822    0.008682    0.004458   10.004458 v rst (in)
                                                         rst (net)
                      0.008682    0.000000   10.004458 v input1/A (sky130_fd_sc_hd__clkbuf_1)
     1    0.005082    0.038333    0.083029   10.087486 v input1/X (sky130_fd_sc_hd__clkbuf_1)
                                                         net1 (net)
                      0.038333    0.000114   10.087601 v wire672/A (sky130_fd_sc_hd__clkbuf_1)
     1    0.005822    0.042435    0.098683   10.186283 v wire672/X (sky130_fd_sc_hd__clkbuf_1)
                                                         net672 (net)
                      0.042435    0.000151   10.186434 v fanout671/A (sky130_fd_sc_hd__buf_4)
     8    0.082221    0.110311    0.207469   10.393903 v fanout671/X (sky130_fd_sc_hd__buf_4)
                                                         net671 (net)
                      0.110312    0.000332   10.394235 v fanout664/A (sky130_fd_sc_hd__clkbuf_4)
     7    0.037308    0.084901    0.216609   10.610844 v fanout664/X (sky130_fd_sc_hd__clkbuf_4)
                                                         net664 (net)
                      0.084904    0.000630   10.611474 v _521_/A (sky130_fd_sc_hd__inv_2)
     1    0.003948    0.034310    0.059153   10.670627 ^ _521_/Y (sky130_fd_sc_hd__inv_2)
                                                         _003_ (net)
                      0.034310    0.000028   10.670655 ^ _595_/RESET_B (sky130_fd_sc_hd__dfrtp_1)
                                             10.670655   data arrival time

                                  0.000000    0.000000   clock clk (rise edge)
                                  0.000000    0.000000   clock source latency
     1    0.030636    0.143136    0.099091    0.099091 ^ clk (in)
                                                         clk (net)
                      0.143142    0.000000    0.099091 ^ clkbuf_0_clk/A (sky130_fd_sc_hd__clkbuf_16)
     8    0.130486    0.143741    0.240533    0.339624 ^ clkbuf_0_clk/X (sky130_fd_sc_hd__clkbuf_16)
                                                         clknet_0_clk (net)
                      0.144155    0.005613    0.345237 ^ clkbuf_3_2__f_clk/A (sky130_fd_sc_hd__clkbuf_16)
    10    0.047671    0.067122    0.182525    0.527762 ^ clkbuf_3_2__f_clk/X (sky130_fd_sc_hd__clkbuf_16)
                                                         clknet_3_2__leaf_clk (net)
                      0.067127    0.000666    0.528428 ^ _595_/CLK (sky130_fd_sc_hd__dfrtp_1)
                                  0.250000    0.778428   clock uncertainty
                                  0.000000    0.778428   clock reconvergence pessimism
                                  0.323340    1.101769   library removal time
                                              1.101769   data required time
---------------------------------------------------------------------------------------------
                                              1.101769   data required time
                                            -10.670655   data arrival time
---------------------------------------------------------------------------------------------
                                              9.568887   slack (MET)


Startpoint: rst (input port clocked by clk)
Endpoint: _599_ (removal check against rising-edge clock clk)
Path Group: asynchronous
Path Type: min

Fanout         Cap        Slew       Delay        Time   Description
---------------------------------------------------------------------------------------------
                                  0.000000    0.000000   clock clk (rise edge)
                                  0.000000    0.000000   clock network delay (propagated)
                                 10.000000   10.000000 v input external delay
     1    0.002822    0.008682    0.004458   10.004458 v rst (in)
                                                         rst (net)
                      0.008682    0.000000   10.004458 v input1/A (sky130_fd_sc_hd__clkbuf_1)
     1    0.005082    0.038333    0.083029   10.087486 v input1/X (sky130_fd_sc_hd__clkbuf_1)
                                                         net1 (net)
                      0.038333    0.000114   10.087601 v wire672/A (sky130_fd_sc_hd__clkbuf_1)
     1    0.005822    0.042435    0.098683   10.186283 v wire672/X (sky130_fd_sc_hd__clkbuf_1)
                                                         net672 (net)
                      0.042435    0.000151   10.186434 v fanout671/A (sky130_fd_sc_hd__buf_4)
     8    0.082221    0.110311    0.207469   10.393903 v fanout671/X (sky130_fd_sc_hd__buf_4)
                                                         net671 (net)
                      0.110312    0.000332   10.394235 v fanout664/A (sky130_fd_sc_hd__clkbuf_4)
     7    0.037308    0.084901    0.216609   10.610844 v fanout664/X (sky130_fd_sc_hd__clkbuf_4)
                                                         net664 (net)
                      0.084915    0.001064   10.611908 v _525_/A (sky130_fd_sc_hd__inv_2)
     1    0.004305    0.035661    0.060833   10.672741 ^ _525_/Y (sky130_fd_sc_hd__inv_2)
                                                         _007_ (net)
                      0.035661    0.000041   10.672782 ^ _599_/RESET_B (sky130_fd_sc_hd__dfrtp_1)
                                             10.672782   data arrival time

                                  0.000000    0.000000   clock clk (rise edge)
                                  0.000000    0.000000   clock source latency
     1    0.030636    0.143136    0.099091    0.099091 ^ clk (in)
                                                         clk (net)
                      0.143142    0.000000    0.099091 ^ clkbuf_0_clk/A (sky130_fd_sc_hd__clkbuf_16)
     8    0.130486    0.143741    0.240533    0.339624 ^ clkbuf_0_clk/X (sky130_fd_sc_hd__clkbuf_16)
                                                         clknet_0_clk (net)
                      0.144155    0.005613    0.345237 ^ clkbuf_3_2__f_clk/A (sky130_fd_sc_hd__clkbuf_16)
    10    0.047671    0.067122    0.182525    0.527762 ^ clkbuf_3_2__f_clk/X (sky130_fd_sc_hd__clkbuf_16)
                                                         clknet_3_2__leaf_clk (net)
                      0.067139    0.001005    0.528766 ^ _599_/CLK (sky130_fd_sc_hd__dfrtp_1)
                                  0.250000    0.778766   clock uncertainty
                                  0.000000    0.778766   clock reconvergence pessimism
                                  0.323715    1.102482   library removal time
                                              1.102482   data required time
---------------------------------------------------------------------------------------------
                                              1.102482   data required time
                                            -10.672782   data arrival time
---------------------------------------------------------------------------------------------
                                              9.570300   slack (MET)


Startpoint: rst (input port clocked by clk)
Endpoint: _596_ (removal check against rising-edge clock clk)
Path Group: asynchronous
Path Type: min

Fanout         Cap        Slew       Delay        Time   Description
---------------------------------------------------------------------------------------------
                                  0.000000    0.000000   clock clk (rise edge)
                                  0.000000    0.000000   clock network delay (propagated)
                                 10.000000   10.000000 v input external delay
     1    0.002822    0.008682    0.004458   10.004458 v rst (in)
                                                         rst (net)
                      0.008682    0.000000   10.004458 v input1/A (sky130_fd_sc_hd__clkbuf_1)
     1    0.005082    0.038333    0.083029   10.087486 v input1/X (sky130_fd_sc_hd__clkbuf_1)
                                                         net1 (net)
                      0.038333    0.000114   10.087601 v wire672/A (sky130_fd_sc_hd__clkbuf_1)
     1    0.005822    0.042435    0.098683   10.186283 v wire672/X (sky130_fd_sc_hd__clkbuf_1)
                                                         net672 (net)
                      0.042435    0.000151   10.186434 v fanout671/A (sky130_fd_sc_hd__buf_4)
     8    0.082221    0.110311    0.207469   10.393903 v fanout671/X (sky130_fd_sc_hd__buf_4)
                                                         net671 (net)
                      0.110312    0.000332   10.394235 v fanout664/A (sky130_fd_sc_hd__clkbuf_4)
     7    0.037308    0.084901    0.216609   10.610844 v fanout664/X (sky130_fd_sc_hd__clkbuf_4)
                                                         net664 (net)
                      0.084909    0.000841   10.611685 v _522_/A (sky130_fd_sc_hd__inv_2)
     1    0.004359    0.035868    0.061084   10.672770 ^ _522_/Y (sky130_fd_sc_hd__inv_2)
                                                         _004_ (net)
                      0.035868    0.000042   10.672812 ^ _596_/RESET_B (sky130_fd_sc_hd__dfrtp_1)
                                             10.672812   data arrival time

                                  0.000000    0.000000   clock clk (rise edge)
                                  0.000000    0.000000   clock source latency
     1    0.030636    0.143136    0.099091    0.099091 ^ clk (in)
                                                         clk (net)
                      0.143142    0.000000    0.099091 ^ clkbuf_0_clk/A (sky130_fd_sc_hd__clkbuf_16)
     8    0.130486    0.143741    0.240533    0.339624 ^ clkbuf_0_clk/X (sky130_fd_sc_hd__clkbuf_16)
                                                         clknet_0_clk (net)
                      0.144155    0.005613    0.345237 ^ clkbuf_3_2__f_clk/A (sky130_fd_sc_hd__clkbuf_16)
    10    0.047671    0.067122    0.182525    0.527762 ^ clkbuf_3_2__f_clk/X (sky130_fd_sc_hd__clkbuf_16)
                                                         clknet_3_2__leaf_clk (net)
                      0.067132    0.000831    0.528593 ^ _596_/CLK (sky130_fd_sc_hd__dfrtp_1)
                                  0.250000    0.778593   clock uncertainty
                                  0.000000    0.778593   clock reconvergence pessimism
                                  0.323770    1.102363   library removal time
                                              1.102363   data required time
---------------------------------------------------------------------------------------------
                                              1.102363   data required time
                                            -10.672812   data arrival time
---------------------------------------------------------------------------------------------
                                              9.570448   slack (MET)


Startpoint: rst (input port clocked by clk)
Endpoint: _597_ (removal check against rising-edge clock clk)
Path Group: asynchronous
Path Type: min

Fanout         Cap        Slew       Delay        Time   Description
---------------------------------------------------------------------------------------------
                                  0.000000    0.000000   clock clk (rise edge)
                                  0.000000    0.000000   clock network delay (propagated)
                                 10.000000   10.000000 v input external delay
     1    0.002822    0.008682    0.004458   10.004458 v rst (in)
                                                         rst (net)
                      0.008682    0.000000   10.004458 v input1/A (sky130_fd_sc_hd__clkbuf_1)
     1    0.005082    0.038333    0.083029   10.087486 v input1/X (sky130_fd_sc_hd__clkbuf_1)
                                                         net1 (net)
                      0.038333    0.000114   10.087601 v wire672/A (sky130_fd_sc_hd__clkbuf_1)
     1    0.005822    0.042435    0.098683   10.186283 v wire672/X (sky130_fd_sc_hd__clkbuf_1)
                                                         net672 (net)
                      0.042435    0.000151   10.186434 v fanout671/A (sky130_fd_sc_hd__buf_4)
     8    0.082221    0.110311    0.207469   10.393903 v fanout671/X (sky130_fd_sc_hd__buf_4)
                                                         net671 (net)
                      0.110312    0.000332   10.394235 v fanout664/A (sky130_fd_sc_hd__clkbuf_4)
     7    0.037308    0.084901    0.216609   10.610844 v fanout664/X (sky130_fd_sc_hd__clkbuf_4)
                                                         net664 (net)
                      0.084912    0.000974   10.611818 v _523_/A (sky130_fd_sc_hd__inv_2)
     1    0.004404    0.036020    0.061247   10.673065 ^ _523_/Y (sky130_fd_sc_hd__inv_2)
                                                         _005_ (net)
                      0.036020    0.000044   10.673109 ^ _597_/RESET_B (sky130_fd_sc_hd__dfrtp_1)
                                             10.673109   data arrival time

                                  0.000000    0.000000   clock clk (rise edge)
                                  0.000000    0.000000   clock source latency
     1    0.030636    0.143136    0.099091    0.099091 ^ clk (in)
                                                         clk (net)
                      0.143142    0.000000    0.099091 ^ clkbuf_0_clk/A (sky130_fd_sc_hd__clkbuf_16)
     8    0.130486    0.143741    0.240533    0.339624 ^ clkbuf_0_clk/X (sky130_fd_sc_hd__clkbuf_16)
                                                         clknet_0_clk (net)
                      0.144155    0.005613    0.345237 ^ clkbuf_3_2__f_clk/A (sky130_fd_sc_hd__clkbuf_16)
    10    0.047671    0.067122    0.182525    0.527762 ^ clkbuf_3_2__f_clk/X (sky130_fd_sc_hd__clkbuf_16)
                                                         clknet_3_2__leaf_clk (net)
                      0.067136    0.000940    0.528701 ^ _597_/CLK (sky130_fd_sc_hd__dfrtp_1)
                                  0.250000    0.778701   clock uncertainty
                                  0.000000    0.778701   clock reconvergence pessimism
                                  0.323813    1.102515   library removal time
                                              1.102515   data required time
---------------------------------------------------------------------------------------------
                                              1.102515   data required time
                                            -10.673109   data arrival time
---------------------------------------------------------------------------------------------
                                              9.570595   slack (MET)


Startpoint: rst (input port clocked by clk)
Endpoint: _598_ (removal check against rising-edge clock clk)
Path Group: asynchronous
Path Type: min

Fanout         Cap        Slew       Delay        Time   Description
---------------------------------------------------------------------------------------------
                                  0.000000    0.000000   clock clk (rise edge)
                                  0.000000    0.000000   clock network delay (propagated)
                                 10.000000   10.000000 v input external delay
     1    0.002822    0.008682    0.004458   10.004458 v rst (in)
                                                         rst (net)
                      0.008682    0.000000   10.004458 v input1/A (sky130_fd_sc_hd__clkbuf_1)
     1    0.005082    0.038333    0.083029   10.087486 v input1/X (sky130_fd_sc_hd__clkbuf_1)
                                                         net1 (net)
                      0.038333    0.000114   10.087601 v wire672/A (sky130_fd_sc_hd__clkbuf_1)
     1    0.005822    0.042435    0.098683   10.186283 v wire672/X (sky130_fd_sc_hd__clkbuf_1)
                                                         net672 (net)
                      0.042435    0.000151   10.186434 v fanout671/A (sky130_fd_sc_hd__buf_4)
     8    0.082221    0.110311    0.207469   10.393903 v fanout671/X (sky130_fd_sc_hd__buf_4)
                                                         net671 (net)
                      0.110312    0.000332   10.394235 v fanout664/A (sky130_fd_sc_hd__clkbuf_4)
     7    0.037308    0.084901    0.216609   10.610844 v fanout664/X (sky130_fd_sc_hd__clkbuf_4)
                                                         net664 (net)
                      0.084913    0.001017   10.611861 v _524_/A (sky130_fd_sc_hd__inv_2)
     1    0.004482    0.036285    0.061515   10.673376 ^ _524_/Y (sky130_fd_sc_hd__inv_2)
                                                         _006_ (net)
                      0.036285    0.000045   10.673422 ^ _598_/RESET_B (sky130_fd_sc_hd__dfrtp_1)
                                             10.673422   data arrival time

                                  0.000000    0.000000   clock clk (rise edge)
                                  0.000000    0.000000   clock source latency
     1    0.030636    0.143136    0.099091    0.099091 ^ clk (in)
                                                         clk (net)
                      0.143142    0.000000    0.099091 ^ clkbuf_0_clk/A (sky130_fd_sc_hd__clkbuf_16)
     8    0.130486    0.143741    0.240533    0.339624 ^ clkbuf_0_clk/X (sky130_fd_sc_hd__clkbuf_16)
                                                         clknet_0_clk (net)
                      0.144155    0.005613    0.345237 ^ clkbuf_3_2__f_clk/A (sky130_fd_sc_hd__clkbuf_16)
    10    0.047671    0.067122    0.182525    0.527762 ^ clkbuf_3_2__f_clk/X (sky130_fd_sc_hd__clkbuf_16)
                                                         clknet_3_2__leaf_clk (net)
                      0.067138    0.000978    0.528740 ^ _598_/CLK (sky130_fd_sc_hd__dfrtp_1)
                                  0.250000    0.778740   clock uncertainty
                                  0.000000    0.778740   clock reconvergence pessimism
                                  0.323886    1.102626   library removal time
                                              1.102626   data required time
---------------------------------------------------------------------------------------------
                                              1.102626   data required time
                                            -10.673422   data arrival time
---------------------------------------------------------------------------------------------
                                              9.570795   slack (MET)


Startpoint: rst (input port clocked by clk)
Endpoint: _593_ (removal check against rising-edge clock clk)
Path Group: asynchronous
Path Type: min

Fanout         Cap        Slew       Delay        Time   Description
---------------------------------------------------------------------------------------------
                                  0.000000    0.000000   clock clk (rise edge)
                                  0.000000    0.000000   clock network delay (propagated)
                                 10.000000   10.000000 v input external delay
     1    0.002822    0.008682    0.004458   10.004458 v rst (in)
                                                         rst (net)
                      0.008682    0.000000   10.004458 v input1/A (sky130_fd_sc_hd__clkbuf_1)
     1    0.005082    0.038333    0.083029   10.087486 v input1/X (sky130_fd_sc_hd__clkbuf_1)
                                                         net1 (net)
                      0.038333    0.000114   10.087601 v wire672/A (sky130_fd_sc_hd__clkbuf_1)
     1    0.005822    0.042435    0.098683   10.186283 v wire672/X (sky130_fd_sc_hd__clkbuf_1)
                                                         net672 (net)
                      0.042435    0.000151   10.186434 v fanout671/A (sky130_fd_sc_hd__buf_4)
     8    0.082221    0.110311    0.207469   10.393903 v fanout671/X (sky130_fd_sc_hd__buf_4)
                                                         net671 (net)
                      0.110311    0.000139   10.394042 v fanout663/A (sky130_fd_sc_hd__buf_4)
    10    0.065002    0.090589    0.225977   10.620020 v fanout663/X (sky130_fd_sc_hd__buf_4)
                                                         net663 (net)
                      0.090677    0.000774   10.620793 v _519_/A (sky130_fd_sc_hd__inv_2)
     1    0.004519    0.037671    0.063793   10.684586 ^ _519_/Y (sky130_fd_sc_hd__inv_2)
                                                         _001_ (net)
                      0.037671    0.000044   10.684630 ^ _593_/RESET_B (sky130_fd_sc_hd__dfrtp_1)
                                             10.684630   data arrival time

                                  0.000000    0.000000   clock clk (rise edge)
                                  0.000000    0.000000   clock source latency
     1    0.030636    0.143136    0.099091    0.099091 ^ clk (in)
                                                         clk (net)
                      0.143142    0.000000    0.099091 ^ clkbuf_0_clk/A (sky130_fd_sc_hd__clkbuf_16)
     8    0.130486    0.143741    0.240533    0.339624 ^ clkbuf_0_clk/X (sky130_fd_sc_hd__clkbuf_16)
                                                         clknet_0_clk (net)
                      0.144155    0.005613    0.345237 ^ clkbuf_3_2__f_clk/A (sky130_fd_sc_hd__clkbuf_16)
    10    0.047671    0.067122    0.182525    0.527762 ^ clkbuf_3_2__f_clk/X (sky130_fd_sc_hd__clkbuf_16)
                                                         clknet_3_2__leaf_clk (net)
                      0.067122    0.000268    0.528030 ^ _593_/CLK (sky130_fd_sc_hd__dfrtp_1)
                                  0.250000    0.778030   clock uncertainty
                                  0.000000    0.778030   clock reconvergence pessimism
                                  0.324263    1.102293   library removal time
                                              1.102293   data required time
---------------------------------------------------------------------------------------------
                                              1.102293   data required time
                                            -10.684630   data arrival time
---------------------------------------------------------------------------------------------
                                              9.582338   slack (MET)


Startpoint: rst (input port clocked by clk)
Endpoint: _628_ (removal check against rising-edge clock clk)
Path Group: asynchronous
Path Type: min

Fanout         Cap        Slew       Delay        Time   Description
---------------------------------------------------------------------------------------------
                                  0.000000    0.000000   clock clk (rise edge)
                                  0.000000    0.000000   clock network delay (propagated)
                                 10.000000   10.000000 v input external delay
     1    0.002822    0.008682    0.004458   10.004458 v rst (in)
                                                         rst (net)
                      0.008682    0.000000   10.004458 v input1/A (sky130_fd_sc_hd__clkbuf_1)
     1    0.005082    0.038333    0.083029   10.087486 v input1/X (sky130_fd_sc_hd__clkbuf_1)
                                                         net1 (net)
                      0.038333    0.000114   10.087601 v wire672/A (sky130_fd_sc_hd__clkbuf_1)
     1    0.005822    0.042435    0.098683   10.186283 v wire672/X (sky130_fd_sc_hd__clkbuf_1)
                                                         net672 (net)
                      0.042435    0.000151   10.186434 v fanout671/A (sky130_fd_sc_hd__buf_4)
     8    0.082221    0.110311    0.207469   10.393903 v fanout671/X (sky130_fd_sc_hd__buf_4)
                                                         net671 (net)
                      0.112053    0.011060   10.404963 v fanout669/A (sky130_fd_sc_hd__buf_4)
    10    0.054765    0.079036    0.220187   10.625150 v fanout669/X (sky130_fd_sc_hd__buf_4)
                                                         net669 (net)
                      0.079070    0.001547   10.626698 v _554_/A (sky130_fd_sc_hd__inv_2)
     1    0.003865    0.032770    0.056692   10.683390 ^ _554_/Y (sky130_fd_sc_hd__inv_2)
                                                         _036_ (net)
                      0.032770    0.000028   10.683418 ^ _628_/RESET_B (sky130_fd_sc_hd__dfrtp_1)
                                             10.683418   data arrival time

                                  0.000000    0.000000   clock clk (rise edge)
                                  0.000000    0.000000   clock source latency
     1    0.030636    0.143136    0.099091    0.099091 ^ clk (in)
                                                         clk (net)
                      0.143142    0.000000    0.099091 ^ clkbuf_0_clk/A (sky130_fd_sc_hd__clkbuf_16)
     8    0.130486    0.143741    0.240533    0.339624 ^ clkbuf_0_clk/X (sky130_fd_sc_hd__clkbuf_16)
                                                         clknet_0_clk (net)
                      0.143971    0.003841    0.343466 ^ clkbuf_3_5__f_clk/A (sky130_fd_sc_hd__clkbuf_16)
    15    0.047278    0.066748    0.182039    0.525504 ^ clkbuf_3_5__f_clk/X (sky130_fd_sc_hd__clkbuf_16)
                                                         clknet_3_5__leaf_clk (net)
                      0.066749    0.000449    0.525953 ^ _628_/CLK (sky130_fd_sc_hd__dfrtp_1)
                                  0.250000    0.775953   clock uncertainty
                                  0.000000    0.775953   clock reconvergence pessimism
                                  0.322814    1.098767   library removal time
                                              1.098767   data required time
---------------------------------------------------------------------------------------------
                                              1.098767   data required time
                                            -10.683418   data arrival time
---------------------------------------------------------------------------------------------
                                              9.584652   slack (MET)


Startpoint: rst (input port clocked by clk)
Endpoint: _629_ (removal check against rising-edge clock clk)
Path Group: asynchronous
Path Type: min

Fanout         Cap        Slew       Delay        Time   Description
---------------------------------------------------------------------------------------------
                                  0.000000    0.000000   clock clk (rise edge)
                                  0.000000    0.000000   clock network delay (propagated)
                                 10.000000   10.000000 v input external delay
     1    0.002822    0.008682    0.004458   10.004458 v rst (in)
                                                         rst (net)
                      0.008682    0.000000   10.004458 v input1/A (sky130_fd_sc_hd__clkbuf_1)
     1    0.005082    0.038333    0.083029   10.087486 v input1/X (sky130_fd_sc_hd__clkbuf_1)
                                                         net1 (net)
                      0.038333    0.000114   10.087601 v wire672/A (sky130_fd_sc_hd__clkbuf_1)
     1    0.005822    0.042435    0.098683   10.186283 v wire672/X (sky130_fd_sc_hd__clkbuf_1)
                                                         net672 (net)
                      0.042435    0.000151   10.186434 v fanout671/A (sky130_fd_sc_hd__buf_4)
     8    0.082221    0.110311    0.207469   10.393903 v fanout671/X (sky130_fd_sc_hd__buf_4)
                                                         net671 (net)
                      0.112202    0.011508   10.405411 v fanout670/A (sky130_fd_sc_hd__buf_4)
    10    0.055626    0.079949    0.221043   10.626453 v fanout670/X (sky130_fd_sc_hd__buf_4)
                                                         net670 (net)
                      0.079949    0.000286   10.626740 v _555_/A (sky130_fd_sc_hd__inv_2)
     1    0.003773    0.032624    0.056586   10.683326 ^ _555_/Y (sky130_fd_sc_hd__inv_2)
                                                         _037_ (net)
                      0.032624    0.000025   10.683351 ^ _629_/RESET_B (sky130_fd_sc_hd__dfrtp_1)
                                             10.683351   data arrival time

                                  0.000000    0.000000   clock clk (rise edge)
                                  0.000000    0.000000   clock source latency
     1    0.030636    0.143136    0.099091    0.099091 ^ clk (in)
                                                         clk (net)
                      0.143142    0.000000    0.099091 ^ clkbuf_0_clk/A (sky130_fd_sc_hd__clkbuf_16)
     8    0.130486    0.143741    0.240533    0.339624 ^ clkbuf_0_clk/X (sky130_fd_sc_hd__clkbuf_16)
                                                         clknet_0_clk (net)
                      0.143971    0.003841    0.343466 ^ clkbuf_3_5__f_clk/A (sky130_fd_sc_hd__clkbuf_16)
    15    0.047278    0.066748    0.182039    0.525504 ^ clkbuf_3_5__f_clk/X (sky130_fd_sc_hd__clkbuf_16)
                                                         clknet_3_5__leaf_clk (net)
                      0.066748    0.000368    0.525872 ^ _629_/CLK (sky130_fd_sc_hd__dfrtp_1)
                                  0.250000    0.775872   clock uncertainty
                                  0.000000    0.775872   clock reconvergence pessimism
                                  0.322773    1.098646   library removal time
                                              1.098646   data required time
---------------------------------------------------------------------------------------------
                                              1.098646   data required time
                                            -10.683351   data arrival time
---------------------------------------------------------------------------------------------
                                              9.584704   slack (MET)


Startpoint: rst (input port clocked by clk)
Endpoint: _660_ (removal check against rising-edge clock clk)
Path Group: asynchronous
Path Type: min

Fanout         Cap        Slew       Delay        Time   Description
---------------------------------------------------------------------------------------------
                                  0.000000    0.000000   clock clk (rise edge)
                                  0.000000    0.000000   clock network delay (propagated)
                                 10.000000   10.000000 v input external delay
     1    0.002822    0.008682    0.004458   10.004458 v rst (in)
                                                         rst (net)
                      0.008682    0.000000   10.004458 v input1/A (sky130_fd_sc_hd__clkbuf_1)
     1    0.005082    0.038333    0.083029   10.087486 v input1/X (sky130_fd_sc_hd__clkbuf_1)
                                                         net1 (net)
                      0.038333    0.000114   10.087601 v wire672/A (sky130_fd_sc_hd__clkbuf_1)
     1    0.005822    0.042435    0.098683   10.186283 v wire672/X (sky130_fd_sc_hd__clkbuf_1)
                                                         net672 (net)
                      0.042435    0.000151   10.186434 v fanout671/A (sky130_fd_sc_hd__buf_4)
     8    0.082221    0.110311    0.207469   10.393903 v fanout671/X (sky130_fd_sc_hd__buf_4)
                                                         net671 (net)
                      0.112053    0.011060   10.404963 v fanout669/A (sky130_fd_sc_hd__buf_4)
    10    0.054765    0.079036    0.220187   10.625150 v fanout669/X (sky130_fd_sc_hd__buf_4)
                                                         net669 (net)
                      0.079077    0.001679   10.626828 v _586_/A (sky130_fd_sc_hd__inv_2)
     1    0.003913    0.032944    0.056919   10.683747 ^ _586_/Y (sky130_fd_sc_hd__inv_2)
                                                         _068_ (net)
                      0.032944    0.000012   10.683760 ^ _660_/RESET_B (sky130_fd_sc_hd__dfrtp_1)
                                             10.683760   data arrival time

                                  0.000000    0.000000   clock clk (rise edge)
                                  0.000000    0.000000   clock source latency
     1    0.030636    0.143136    0.099091    0.099091 ^ clk (in)
                                                         clk (net)
                      0.143142    0.000000    0.099091 ^ clkbuf_0_clk/A (sky130_fd_sc_hd__clkbuf_16)
     8    0.130486    0.143741    0.240533    0.339624 ^ clkbuf_0_clk/X (sky130_fd_sc_hd__clkbuf_16)
                                                         clknet_0_clk (net)
                      0.143971    0.003841    0.343466 ^ clkbuf_3_5__f_clk/A (sky130_fd_sc_hd__clkbuf_16)
    15    0.047278    0.066748    0.182039    0.525504 ^ clkbuf_3_5__f_clk/X (sky130_fd_sc_hd__clkbuf_16)
                                                         clknet_3_5__leaf_clk (net)
                      0.066750    0.000502    0.526007 ^ _660_/CLK (sky130_fd_sc_hd__dfrtp_1)
                                  0.250000    0.776007   clock uncertainty
                                  0.000000    0.776007   clock reconvergence pessimism
                                  0.322862    1.098869   library removal time
                                              1.098869   data required time
---------------------------------------------------------------------------------------------
                                              1.098869   data required time
                                            -10.683760   data arrival time
---------------------------------------------------------------------------------------------
                                              9.584891   slack (MET)


Startpoint: rst (input port clocked by clk)
Endpoint: _627_ (removal check against rising-edge clock clk)
Path Group: asynchronous
Path Type: min

Fanout         Cap        Slew       Delay        Time   Description
---------------------------------------------------------------------------------------------
                                  0.000000    0.000000   clock clk (rise edge)
                                  0.000000    0.000000   clock network delay (propagated)
                                 10.000000   10.000000 v input external delay
     1    0.002822    0.008682    0.004458   10.004458 v rst (in)
                                                         rst (net)
                      0.008682    0.000000   10.004458 v input1/A (sky130_fd_sc_hd__clkbuf_1)
     1    0.005082    0.038333    0.083029   10.087486 v input1/X (sky130_fd_sc_hd__clkbuf_1)
                                                         net1 (net)
                      0.038333    0.000114   10.087601 v wire672/A (sky130_fd_sc_hd__clkbuf_1)
     1    0.005822    0.042435    0.098683   10.186283 v wire672/X (sky130_fd_sc_hd__clkbuf_1)
                                                         net672 (net)
                      0.042435    0.000151   10.186434 v fanout671/A (sky130_fd_sc_hd__buf_4)
     8    0.082221    0.110311    0.207469   10.393903 v fanout671/X (sky130_fd_sc_hd__buf_4)
                                                         net671 (net)
                      0.112053    0.011060   10.404963 v fanout669/A (sky130_fd_sc_hd__buf_4)
    10    0.054765    0.079036    0.220187   10.625150 v fanout669/X (sky130_fd_sc_hd__buf_4)
                                                         net669 (net)
                      0.079067    0.001487   10.626637 v _553_/A (sky130_fd_sc_hd__inv_2)
     1    0.003997    0.033244    0.057285   10.683922 ^ _553_/Y (sky130_fd_sc_hd__inv_2)
                                                         _035_ (net)
                      0.033244    0.000030   10.683951 ^ _627_/RESET_B (sky130_fd_sc_hd__dfrtp_1)
                                             10.683951   data arrival time

                                  0.000000    0.000000   clock clk (rise edge)
                                  0.000000    0.000000   clock source latency
     1    0.030636    0.143136    0.099091    0.099091 ^ clk (in)
                                                         clk (net)
                      0.143142    0.000000    0.099091 ^ clkbuf_0_clk/A (sky130_fd_sc_hd__clkbuf_16)
     8    0.130486    0.143741    0.240533    0.339624 ^ clkbuf_0_clk/X (sky130_fd_sc_hd__clkbuf_16)
                                                         clknet_0_clk (net)
                      0.143971    0.003841    0.343466 ^ clkbuf_3_5__f_clk/A (sky130_fd_sc_hd__clkbuf_16)
    15    0.047278    0.066748    0.182039    0.525504 ^ clkbuf_3_5__f_clk/X (sky130_fd_sc_hd__clkbuf_16)
                                                         clknet_3_5__leaf_clk (net)
                      0.066750    0.000526    0.526030 ^ _627_/CLK (sky130_fd_sc_hd__dfrtp_1)
                                  0.250000    0.776030   clock uncertainty
                                  0.000000    0.776030   clock reconvergence pessimism
                                  0.322945    1.098975   library removal time
                                              1.098975   data required time
---------------------------------------------------------------------------------------------
                                              1.098975   data required time
                                            -10.683951   data arrival time
---------------------------------------------------------------------------------------------
                                              9.584976   slack (MET)


Startpoint: rst (input port clocked by clk)
Endpoint: _632_ (removal check against rising-edge clock clk)
Path Group: asynchronous
Path Type: min

Fanout         Cap        Slew       Delay        Time   Description
---------------------------------------------------------------------------------------------
                                  0.000000    0.000000   clock clk (rise edge)
                                  0.000000    0.000000   clock network delay (propagated)
                                 10.000000   10.000000 v input external delay
     1    0.002822    0.008682    0.004458   10.004458 v rst (in)
                                                         rst (net)
                      0.008682    0.000000   10.004458 v input1/A (sky130_fd_sc_hd__clkbuf_1)
     1    0.005082    0.038333    0.083029   10.087486 v input1/X (sky130_fd_sc_hd__clkbuf_1)
                                                         net1 (net)
                      0.038333    0.000114   10.087601 v wire672/A (sky130_fd_sc_hd__clkbuf_1)
     1    0.005822    0.042435    0.098683   10.186283 v wire672/X (sky130_fd_sc_hd__clkbuf_1)
                                                         net672 (net)
                      0.042435    0.000151   10.186434 v fanout671/A (sky130_fd_sc_hd__buf_4)
     8    0.082221    0.110311    0.207469   10.393903 v fanout671/X (sky130_fd_sc_hd__buf_4)
                                                         net671 (net)
                      0.112202    0.011508   10.405411 v fanout670/A (sky130_fd_sc_hd__buf_4)
    10    0.055626    0.079949    0.221043   10.626453 v fanout670/X (sky130_fd_sc_hd__buf_4)
                                                         net670 (net)
                      0.079962    0.001060   10.627513 v _558_/A (sky130_fd_sc_hd__inv_2)
     1    0.003981    0.033378    0.057534   10.685048 ^ _558_/Y (sky130_fd_sc_hd__inv_2)
                                                         _040_ (net)
                      0.033378    0.000031   10.685079 ^ _632_/RESET_B (sky130_fd_sc_hd__dfrtp_1)
                                             10.685079   data arrival time

                                  0.000000    0.000000   clock clk (rise edge)
                                  0.000000    0.000000   clock source latency
     1    0.030636    0.143136    0.099091    0.099091 ^ clk (in)
                                                         clk (net)
                      0.143142    0.000000    0.099091 ^ clkbuf_0_clk/A (sky130_fd_sc_hd__clkbuf_16)
     8    0.130486    0.143741    0.240533    0.339624 ^ clkbuf_0_clk/X (sky130_fd_sc_hd__clkbuf_16)
                                                         clknet_0_clk (net)
                      0.143971    0.003841    0.343466 ^ clkbuf_3_5__f_clk/A (sky130_fd_sc_hd__clkbuf_16)
    15    0.047278    0.066748    0.182039    0.525504 ^ clkbuf_3_5__f_clk/X (sky130_fd_sc_hd__clkbuf_16)
                                                         clknet_3_5__leaf_clk (net)
                      0.066765    0.001018    0.526523 ^ _632_/CLK (sky130_fd_sc_hd__dfrtp_1)
                                  0.250000    0.776523   clock uncertainty
                                  0.000000    0.776523   clock reconvergence pessimism
                                  0.322985    1.099508   library removal time
                                              1.099508   data required time
---------------------------------------------------------------------------------------------
                                              1.099508   data required time
                                            -10.685079   data arrival time
---------------------------------------------------------------------------------------------
                                              9.585571   slack (MET)


Startpoint: rst (input port clocked by clk)
Endpoint: _626_ (removal check against rising-edge clock clk)
Path Group: asynchronous
Path Type: min

Fanout         Cap        Slew       Delay        Time   Description
---------------------------------------------------------------------------------------------
                                  0.000000    0.000000   clock clk (rise edge)
                                  0.000000    0.000000   clock network delay (propagated)
                                 10.000000   10.000000 v input external delay
     1    0.002822    0.008682    0.004458   10.004458 v rst (in)
                                                         rst (net)
                      0.008682    0.000000   10.004458 v input1/A (sky130_fd_sc_hd__clkbuf_1)
     1    0.005082    0.038333    0.083029   10.087486 v input1/X (sky130_fd_sc_hd__clkbuf_1)
                                                         net1 (net)
                      0.038333    0.000114   10.087601 v wire672/A (sky130_fd_sc_hd__clkbuf_1)
     1    0.005822    0.042435    0.098683   10.186283 v wire672/X (sky130_fd_sc_hd__clkbuf_1)
                                                         net672 (net)
                      0.042435    0.000151   10.186434 v fanout671/A (sky130_fd_sc_hd__buf_4)
     8    0.082221    0.110311    0.207469   10.393903 v fanout671/X (sky130_fd_sc_hd__buf_4)
                                                         net671 (net)
                      0.112053    0.011060   10.404963 v fanout669/A (sky130_fd_sc_hd__buf_4)
    10    0.054765    0.079036    0.220187   10.625150 v fanout669/X (sky130_fd_sc_hd__buf_4)
                                                         net669 (net)
                      0.079059    0.001321   10.626471 v _552_/A (sky130_fd_sc_hd__inv_2)
     1    0.004264    0.034220    0.058486   10.684957 ^ _552_/Y (sky130_fd_sc_hd__inv_2)
                                                         _034_ (net)
                      0.034220    0.000038   10.684995 ^ _626_/RESET_B (sky130_fd_sc_hd__dfrtp_1)
                                             10.684995   data arrival time

                                  0.000000    0.000000   clock clk (rise edge)
                                  0.000000    0.000000   clock source latency
     1    0.030636    0.143136    0.099091    0.099091 ^ clk (in)
                                                         clk (net)
                      0.143142    0.000000    0.099091 ^ clkbuf_0_clk/A (sky130_fd_sc_hd__clkbuf_16)
     8    0.130486    0.143741    0.240533    0.339624 ^ clkbuf_0_clk/X (sky130_fd_sc_hd__clkbuf_16)
                                                         clknet_0_clk (net)
                      0.143971    0.003841    0.343466 ^ clkbuf_3_5__f_clk/A (sky130_fd_sc_hd__clkbuf_16)
    15    0.047278    0.066748    0.182039    0.525504 ^ clkbuf_3_5__f_clk/X (sky130_fd_sc_hd__clkbuf_16)
                                                         clknet_3_5__leaf_clk (net)
                      0.066750    0.000530    0.526034 ^ _626_/CLK (sky130_fd_sc_hd__dfrtp_1)
                                  0.250000    0.776034   clock uncertainty
                                  0.000000    0.776034   clock reconvergence pessimism
                                  0.323213    1.099247   library removal time
                                              1.099247   data required time
---------------------------------------------------------------------------------------------
                                              1.099247   data required time
                                            -10.684995   data arrival time
---------------------------------------------------------------------------------------------
                                              9.585748   slack (MET)


Startpoint: rst (input port clocked by clk)
Endpoint: _624_ (removal check against rising-edge clock clk)
Path Group: asynchronous
Path Type: min

Fanout         Cap        Slew       Delay        Time   Description
---------------------------------------------------------------------------------------------
                                  0.000000    0.000000   clock clk (rise edge)
                                  0.000000    0.000000   clock network delay (propagated)
                                 10.000000   10.000000 v input external delay
     1    0.002822    0.008682    0.004458   10.004458 v rst (in)
                                                         rst (net)
                      0.008682    0.000000   10.004458 v input1/A (sky130_fd_sc_hd__clkbuf_1)
     1    0.005082    0.038333    0.083029   10.087486 v input1/X (sky130_fd_sc_hd__clkbuf_1)
                                                         net1 (net)
                      0.038333    0.000114   10.087601 v wire672/A (sky130_fd_sc_hd__clkbuf_1)
     1    0.005822    0.042435    0.098683   10.186283 v wire672/X (sky130_fd_sc_hd__clkbuf_1)
                                                         net672 (net)
                      0.042435    0.000151   10.186434 v fanout671/A (sky130_fd_sc_hd__buf_4)
     8    0.082221    0.110311    0.207469   10.393903 v fanout671/X (sky130_fd_sc_hd__buf_4)
                                                         net671 (net)
                      0.112053    0.011060   10.404963 v fanout669/A (sky130_fd_sc_hd__buf_4)
    10    0.054765    0.079036    0.220187   10.625150 v fanout669/X (sky130_fd_sc_hd__buf_4)
                                                         net669 (net)
                      0.079044    0.000910   10.626060 v _550_/A (sky130_fd_sc_hd__inv_2)
     1    0.003909    0.032923    0.056882   10.682942 ^ _550_/Y (sky130_fd_sc_hd__inv_2)
                                                         _032_ (net)
                      0.032923    0.000028   10.682970 ^ _624_/RESET_B (sky130_fd_sc_hd__dfrtp_1)
                                             10.682970   data arrival time

                                  0.000000    0.000000   clock clk (rise edge)
                                  0.000000    0.000000   clock source latency
     1    0.030636    0.143136    0.099091    0.099091 ^ clk (in)
                                                         clk (net)
                      0.143142    0.000000    0.099091 ^ clkbuf_0_clk/A (sky130_fd_sc_hd__clkbuf_16)
     8    0.130486    0.143741    0.240533    0.339624 ^ clkbuf_0_clk/X (sky130_fd_sc_hd__clkbuf_16)
                                                         clknet_0_clk (net)
                      0.143963    0.003743    0.343367 ^ clkbuf_3_4__f_clk/A (sky130_fd_sc_hd__clkbuf_16)
    12    0.044256    0.063986    0.179637    0.523004 ^ clkbuf_3_4__f_clk/X (sky130_fd_sc_hd__clkbuf_16)
                                                         clknet_3_4__leaf_clk (net)
                      0.064059    0.001878    0.524882 ^ _624_/CLK (sky130_fd_sc_hd__dfrtp_1)
                                  0.250000    0.774882   clock uncertainty
                                  0.000000    0.774882   clock reconvergence pessimism
                                  0.322122    1.097004   library removal time
                                              1.097004   data required time
---------------------------------------------------------------------------------------------
                                              1.097004   data required time
                                            -10.682970   data arrival time
---------------------------------------------------------------------------------------------
                                              9.585966   slack (MET)


Startpoint: rst (input port clocked by clk)
Endpoint: _659_ (removal check against rising-edge clock clk)
Path Group: asynchronous
Path Type: min

Fanout         Cap        Slew       Delay        Time   Description
---------------------------------------------------------------------------------------------
                                  0.000000    0.000000   clock clk (rise edge)
                                  0.000000    0.000000   clock network delay (propagated)
                                 10.000000   10.000000 v input external delay
     1    0.002822    0.008682    0.004458   10.004458 v rst (in)
                                                         rst (net)
                      0.008682    0.000000   10.004458 v input1/A (sky130_fd_sc_hd__clkbuf_1)
     1    0.005082    0.038333    0.083029   10.087486 v input1/X (sky130_fd_sc_hd__clkbuf_1)
                                                         net1 (net)
                      0.038333    0.000114   10.087601 v wire672/A (sky130_fd_sc_hd__clkbuf_1)
     1    0.005822    0.042435    0.098683   10.186283 v wire672/X (sky130_fd_sc_hd__clkbuf_1)
                                                         net672 (net)
                      0.042435    0.000151   10.186434 v fanout671/A (sky130_fd_sc_hd__buf_4)
     8    0.082221    0.110311    0.207469   10.393903 v fanout671/X (sky130_fd_sc_hd__buf_4)
                                                         net671 (net)
                      0.112053    0.011060   10.404963 v fanout669/A (sky130_fd_sc_hd__buf_4)
    10    0.054765    0.079036    0.220187   10.625150 v fanout669/X (sky130_fd_sc_hd__buf_4)
                                                         net669 (net)
                      0.079079    0.001713   10.626863 v _585_/A (sky130_fd_sc_hd__inv_2)
     1    0.004262    0.034218    0.058486   10.685349 ^ _585_/Y (sky130_fd_sc_hd__inv_2)
                                                         _067_ (net)
                      0.034218    0.000036   10.685386 ^ _659_/RESET_B (sky130_fd_sc_hd__dfrtp_1)
                                             10.685386   data arrival time

                                  0.000000    0.000000   clock clk (rise edge)
                                  0.000000    0.000000   clock source latency
     1    0.030636    0.143136    0.099091    0.099091 ^ clk (in)
                                                         clk (net)
                      0.143142    0.000000    0.099091 ^ clkbuf_0_clk/A (sky130_fd_sc_hd__clkbuf_16)
     8    0.130486    0.143741    0.240533    0.339624 ^ clkbuf_0_clk/X (sky130_fd_sc_hd__clkbuf_16)
                                                         clknet_0_clk (net)
                      0.143971    0.003841    0.343466 ^ clkbuf_3_5__f_clk/A (sky130_fd_sc_hd__clkbuf_16)
    15    0.047278    0.066748    0.182039    0.525504 ^ clkbuf_3_5__f_clk/X (sky130_fd_sc_hd__clkbuf_16)
                                                         clknet_3_5__leaf_clk (net)
                      0.066751    0.000564    0.526068 ^ _659_/CLK (sky130_fd_sc_hd__dfrtp_1)
                                  0.250000    0.776068   clock uncertainty
                                  0.000000    0.776068   clock reconvergence pessimism
                                  0.323213    1.099281   library removal time
                                              1.099281   data required time
---------------------------------------------------------------------------------------------
                                              1.099281   data required time
                                            -10.685386   data arrival time
---------------------------------------------------------------------------------------------
                                              9.586104   slack (MET)


Startpoint: rst (input port clocked by clk)
Endpoint: _661_ (removal check against rising-edge clock clk)
Path Group: asynchronous
Path Type: min

Fanout         Cap        Slew       Delay        Time   Description
---------------------------------------------------------------------------------------------
                                  0.000000    0.000000   clock clk (rise edge)
                                  0.000000    0.000000   clock network delay (propagated)
                                 10.000000   10.000000 v input external delay
     1    0.002822    0.008682    0.004458   10.004458 v rst (in)
                                                         rst (net)
                      0.008682    0.000000   10.004458 v input1/A (sky130_fd_sc_hd__clkbuf_1)
     1    0.005082    0.038333    0.083029   10.087486 v input1/X (sky130_fd_sc_hd__clkbuf_1)
                                                         net1 (net)
                      0.038333    0.000114   10.087601 v wire672/A (sky130_fd_sc_hd__clkbuf_1)
     1    0.005822    0.042435    0.098683   10.186283 v wire672/X (sky130_fd_sc_hd__clkbuf_1)
                                                         net672 (net)
                      0.042435    0.000151   10.186434 v fanout671/A (sky130_fd_sc_hd__buf_4)
     8    0.082221    0.110311    0.207469   10.393903 v fanout671/X (sky130_fd_sc_hd__buf_4)
                                                         net671 (net)
                      0.112202    0.011508   10.405411 v fanout670/A (sky130_fd_sc_hd__buf_4)
    10    0.055626    0.079949    0.221043   10.626453 v fanout670/X (sky130_fd_sc_hd__buf_4)
                                                         net670 (net)
                      0.079967    0.001200   10.627654 v _587_/A (sky130_fd_sc_hd__inv_2)
     1    0.004176    0.034092    0.058419   10.686072 ^ _587_/Y (sky130_fd_sc_hd__inv_2)
                                                         _069_ (net)
                      0.034092    0.000036   10.686109 ^ _661_/RESET_B (sky130_fd_sc_hd__dfrtp_1)
                                             10.686109   data arrival time

                                  0.000000    0.000000   clock clk (rise edge)
                                  0.000000    0.000000   clock source latency
     1    0.030636    0.143136    0.099091    0.099091 ^ clk (in)
                                                         clk (net)
                      0.143142    0.000000    0.099091 ^ clkbuf_0_clk/A (sky130_fd_sc_hd__clkbuf_16)
     8    0.130486    0.143741    0.240533    0.339624 ^ clkbuf_0_clk/X (sky130_fd_sc_hd__clkbuf_16)
                                                         clknet_0_clk (net)
                      0.143971    0.003841    0.343466 ^ clkbuf_3_5__f_clk/A (sky130_fd_sc_hd__clkbuf_16)
    15    0.047278    0.066748    0.182039    0.525504 ^ clkbuf_3_5__f_clk/X (sky130_fd_sc_hd__clkbuf_16)
                                                         clknet_3_5__leaf_clk (net)
                      0.066773    0.001189    0.526694 ^ _661_/CLK (sky130_fd_sc_hd__dfrtp_1)
                                  0.250000    0.776694   clock uncertainty
                                  0.000000    0.776694   clock reconvergence pessimism
                                  0.323184    1.099878   library removal time
                                              1.099878   data required time
---------------------------------------------------------------------------------------------
                                              1.099878   data required time
                                            -10.686109   data arrival time
---------------------------------------------------------------------------------------------
                                              9.586230   slack (MET)


Startpoint: rst (input port clocked by clk)
Endpoint: _630_ (removal check against rising-edge clock clk)
Path Group: asynchronous
Path Type: min

Fanout         Cap        Slew       Delay        Time   Description
---------------------------------------------------------------------------------------------
                                  0.000000    0.000000   clock clk (rise edge)
                                  0.000000    0.000000   clock network delay (propagated)
                                 10.000000   10.000000 v input external delay
     1    0.002822    0.008682    0.004458   10.004458 v rst (in)
                                                         rst (net)
                      0.008682    0.000000   10.004458 v input1/A (sky130_fd_sc_hd__clkbuf_1)
     1    0.005082    0.038333    0.083029   10.087486 v input1/X (sky130_fd_sc_hd__clkbuf_1)
                                                         net1 (net)
                      0.038333    0.000114   10.087601 v wire672/A (sky130_fd_sc_hd__clkbuf_1)
     1    0.005822    0.042435    0.098683   10.186283 v wire672/X (sky130_fd_sc_hd__clkbuf_1)
                                                         net672 (net)
                      0.042435    0.000151   10.186434 v fanout671/A (sky130_fd_sc_hd__buf_4)
     8    0.082221    0.110311    0.207469   10.393903 v fanout671/X (sky130_fd_sc_hd__buf_4)
                                                         net671 (net)
                      0.112202    0.011508   10.405411 v fanout670/A (sky130_fd_sc_hd__buf_4)
    10    0.055626    0.079949    0.221043   10.626453 v fanout670/X (sky130_fd_sc_hd__buf_4)
                                                         net670 (net)
                      0.079949    0.000280   10.626734 v _556_/A (sky130_fd_sc_hd__inv_2)
     1    0.004284    0.034491    0.058912   10.685645 ^ _556_/Y (sky130_fd_sc_hd__inv_2)
                                                         _038_ (net)
                      0.034491    0.000021   10.685667 ^ _630_/RESET_B (sky130_fd_sc_hd__dfrtp_1)
                                             10.685667   data arrival time

                                  0.000000    0.000000   clock clk (rise edge)
                                  0.000000    0.000000   clock source latency
     1    0.030636    0.143136    0.099091    0.099091 ^ clk (in)
                                                         clk (net)
                      0.143142    0.000000    0.099091 ^ clkbuf_0_clk/A (sky130_fd_sc_hd__clkbuf_16)
     8    0.130486    0.143741    0.240533    0.339624 ^ clkbuf_0_clk/X (sky130_fd_sc_hd__clkbuf_16)
                                                         clknet_0_clk (net)
                      0.143971    0.003841    0.343466 ^ clkbuf_3_5__f_clk/A (sky130_fd_sc_hd__clkbuf_16)
    15    0.047278    0.066748    0.182039    0.525504 ^ clkbuf_3_5__f_clk/X (sky130_fd_sc_hd__clkbuf_16)
                                                         clknet_3_5__leaf_clk (net)
                      0.066751    0.000558    0.526062 ^ _630_/CLK (sky130_fd_sc_hd__dfrtp_1)
                                  0.250000    0.776062   clock uncertainty
                                  0.000000    0.776062   clock reconvergence pessimism
                                  0.323287    1.099350   library removal time
                                              1.099350   data required time
---------------------------------------------------------------------------------------------
                                              1.099350   data required time
                                            -10.685667   data arrival time
---------------------------------------------------------------------------------------------
                                              9.586317   slack (MET)


Startpoint: rst (input port clocked by clk)
Endpoint: _610_ (removal check against rising-edge clock clk)
Path Group: asynchronous
Path Type: min

Fanout         Cap        Slew       Delay        Time   Description
---------------------------------------------------------------------------------------------
                                  0.000000    0.000000   clock clk (rise edge)
                                  0.000000    0.000000   clock network delay (propagated)
                                 10.000000   10.000000 v input external delay
     1    0.002822    0.008682    0.004458   10.004458 v rst (in)
                                                         rst (net)
                      0.008682    0.000000   10.004458 v input1/A (sky130_fd_sc_hd__clkbuf_1)
     1    0.005082    0.038333    0.083029   10.087486 v input1/X (sky130_fd_sc_hd__clkbuf_1)
                                                         net1 (net)
                      0.038333    0.000114   10.087601 v wire672/A (sky130_fd_sc_hd__clkbuf_1)
     1    0.005822    0.042435    0.098683   10.186283 v wire672/X (sky130_fd_sc_hd__clkbuf_1)
                                                         net672 (net)
                      0.042435    0.000151   10.186434 v fanout671/A (sky130_fd_sc_hd__buf_4)
     8    0.082221    0.110311    0.207469   10.393903 v fanout671/X (sky130_fd_sc_hd__buf_4)
                                                         net671 (net)
                      0.111729    0.010018   10.403921 v fanout666/A (sky130_fd_sc_hd__buf_4)
     9    0.052303    0.079925    0.217509   10.621429 v fanout666/X (sky130_fd_sc_hd__buf_4)
                                                         net666 (net)
                      0.079942    0.001092   10.622521 v _536_/A (sky130_fd_sc_hd__inv_2)
     1    0.004190    0.034140    0.058476   10.680997 ^ _536_/Y (sky130_fd_sc_hd__inv_2)
                                                         _018_ (net)
                      0.034140    0.000036   10.681032 ^ _610_/RESET_B (sky130_fd_sc_hd__dfrtp_1)
                                             10.681032   data arrival time

                                  0.000000    0.000000   clock clk (rise edge)
                                  0.000000    0.000000   clock source latency
     1    0.030636    0.143136    0.099091    0.099091 ^ clk (in)
                                                         clk (net)
                      0.143142    0.000000    0.099091 ^ clkbuf_0_clk/A (sky130_fd_sc_hd__clkbuf_16)
     8    0.130486    0.143741    0.240533    0.339624 ^ clkbuf_0_clk/X (sky130_fd_sc_hd__clkbuf_16)
                                                         clknet_0_clk (net)
                      0.143851    0.001902    0.341526 ^ clkbuf_3_6__f_clk/A (sky130_fd_sc_hd__clkbuf_16)
    12    0.044451    0.064237    0.180106    0.521632 ^ clkbuf_3_6__f_clk/X (sky130_fd_sc_hd__clkbuf_16)
                                                         clknet_3_6__leaf_clk (net)
                      0.064239    0.000481    0.522113 ^ _610_/CLK (sky130_fd_sc_hd__dfrtp_1)
                                  0.250000    0.772112   clock uncertainty
                                  0.000000    0.772112   clock reconvergence pessimism
                                  0.322506    1.094619   library removal time
                                              1.094619   data required time
---------------------------------------------------------------------------------------------
                                              1.094619   data required time
                                            -10.681032   data arrival time
---------------------------------------------------------------------------------------------
                                              9.586413   slack (MET)


Startpoint: rst (input port clocked by clk)
Endpoint: _662_ (removal check against rising-edge clock clk)
Path Group: asynchronous
Path Type: min

Fanout         Cap        Slew       Delay        Time   Description
---------------------------------------------------------------------------------------------
                                  0.000000    0.000000   clock clk (rise edge)
                                  0.000000    0.000000   clock network delay (propagated)
                                 10.000000   10.000000 v input external delay
     1    0.002822    0.008682    0.004458   10.004458 v rst (in)
                                                         rst (net)
                      0.008682    0.000000   10.004458 v input1/A (sky130_fd_sc_hd__clkbuf_1)
     1    0.005082    0.038333    0.083029   10.087486 v input1/X (sky130_fd_sc_hd__clkbuf_1)
                                                         net1 (net)
                      0.038333    0.000114   10.087601 v wire672/A (sky130_fd_sc_hd__clkbuf_1)
     1    0.005822    0.042435    0.098683   10.186283 v wire672/X (sky130_fd_sc_hd__clkbuf_1)
                                                         net672 (net)
                      0.042435    0.000151   10.186434 v fanout671/A (sky130_fd_sc_hd__buf_4)
     8    0.082221    0.110311    0.207469   10.393903 v fanout671/X (sky130_fd_sc_hd__buf_4)
                                                         net671 (net)
                      0.112202    0.011508   10.405411 v fanout670/A (sky130_fd_sc_hd__buf_4)
    10    0.055626    0.079949    0.221043   10.626453 v fanout670/X (sky130_fd_sc_hd__buf_4)
                                                         net670 (net)
                      0.079968    0.001236   10.627690 v _588_/A (sky130_fd_sc_hd__inv_2)
     1    0.004201    0.034187    0.058543   10.686234 ^ _588_/Y (sky130_fd_sc_hd__inv_2)
                                                         _070_ (net)
                      0.034187    0.000020   10.686254 ^ _662_/RESET_B (sky130_fd_sc_hd__dfrtp_1)
                                             10.686254   data arrival time

                                  0.000000    0.000000   clock clk (rise edge)
                                  0.000000    0.000000   clock source latency
     1    0.030636    0.143136    0.099091    0.099091 ^ clk (in)
                                                         clk (net)
                      0.143142    0.000000    0.099091 ^ clkbuf_0_clk/A (sky130_fd_sc_hd__clkbuf_16)
     8    0.130486    0.143741    0.240533    0.339624 ^ clkbuf_0_clk/X (sky130_fd_sc_hd__clkbuf_16)
                                                         clknet_0_clk (net)
                      0.143971    0.003841    0.343466 ^ clkbuf_3_5__f_clk/A (sky130_fd_sc_hd__clkbuf_16)
    15    0.047278    0.066748    0.182039    0.525504 ^ clkbuf_3_5__f_clk/X (sky130_fd_sc_hd__clkbuf_16)
                                                         clknet_3_5__leaf_clk (net)
                      0.066770    0.001135    0.526639 ^ _662_/CLK (sky130_fd_sc_hd__dfrtp_1)
                                  0.250000    0.776639   clock uncertainty
                                  0.000000    0.776639   clock reconvergence pessimism
                                  0.323209    1.099849   library removal time
                                              1.099849   data required time
---------------------------------------------------------------------------------------------
                                              1.099849   data required time
                                            -10.686254   data arrival time
---------------------------------------------------------------------------------------------
                                              9.586406   slack (MET)


Startpoint: rst (input port clocked by clk)
Endpoint: _625_ (removal check against rising-edge clock clk)
Path Group: asynchronous
Path Type: min

Fanout         Cap        Slew       Delay        Time   Description
---------------------------------------------------------------------------------------------
                                  0.000000    0.000000   clock clk (rise edge)
                                  0.000000    0.000000   clock network delay (propagated)
                                 10.000000   10.000000 v input external delay
     1    0.002822    0.008682    0.004458   10.004458 v rst (in)
                                                         rst (net)
                      0.008682    0.000000   10.004458 v input1/A (sky130_fd_sc_hd__clkbuf_1)
     1    0.005082    0.038333    0.083029   10.087486 v input1/X (sky130_fd_sc_hd__clkbuf_1)
                                                         net1 (net)
                      0.038333    0.000114   10.087601 v wire672/A (sky130_fd_sc_hd__clkbuf_1)
     1    0.005822    0.042435    0.098683   10.186283 v wire672/X (sky130_fd_sc_hd__clkbuf_1)
                                                         net672 (net)
                      0.042435    0.000151   10.186434 v fanout671/A (sky130_fd_sc_hd__buf_4)
     8    0.082221    0.110311    0.207469   10.393903 v fanout671/X (sky130_fd_sc_hd__buf_4)
                                                         net671 (net)
                      0.112053    0.011060   10.404963 v fanout669/A (sky130_fd_sc_hd__buf_4)
    10    0.054765    0.079036    0.220187   10.625150 v fanout669/X (sky130_fd_sc_hd__buf_4)
                                                         net669 (net)
                      0.079052    0.001141   10.626291 v _551_/A (sky130_fd_sc_hd__inv_2)
     1    0.003987    0.033207    0.057237   10.683528 ^ _551_/Y (sky130_fd_sc_hd__inv_2)
                                                         _033_ (net)
                      0.033207    0.000030   10.683558 ^ _625_/RESET_B (sky130_fd_sc_hd__dfrtp_1)
                                             10.683558   data arrival time

                                  0.000000    0.000000   clock clk (rise edge)
                                  0.000000    0.000000   clock source latency
     1    0.030636    0.143136    0.099091    0.099091 ^ clk (in)
                                                         clk (net)
                      0.143142    0.000000    0.099091 ^ clkbuf_0_clk/A (sky130_fd_sc_hd__clkbuf_16)
     8    0.130486    0.143741    0.240533    0.339624 ^ clkbuf_0_clk/X (sky130_fd_sc_hd__clkbuf_16)
                                                         clknet_0_clk (net)
                      0.143963    0.003743    0.343367 ^ clkbuf_3_4__f_clk/A (sky130_fd_sc_hd__clkbuf_16)
    12    0.044256    0.063986    0.179637    0.523004 ^ clkbuf_3_4__f_clk/X (sky130_fd_sc_hd__clkbuf_16)
                                                         clknet_3_4__leaf_clk (net)
                      0.064060    0.001895    0.524899 ^ _625_/CLK (sky130_fd_sc_hd__dfrtp_1)
                                  0.250000    0.774899   clock uncertainty
                                  0.000000    0.774899   clock reconvergence pessimism
                                  0.322201    1.097100   library removal time
                                              1.097100   data required time
---------------------------------------------------------------------------------------------
                                              1.097100   data required time
                                            -10.683558   data arrival time
---------------------------------------------------------------------------------------------
                                              9.586458   slack (MET)


Startpoint: rst (input port clocked by clk)
Endpoint: _633_ (removal check against rising-edge clock clk)
Path Group: asynchronous
Path Type: min

Fanout         Cap        Slew       Delay        Time   Description
---------------------------------------------------------------------------------------------
                                  0.000000    0.000000   clock clk (rise edge)
                                  0.000000    0.000000   clock network delay (propagated)
                                 10.000000   10.000000 v input external delay
     1    0.002822    0.008682    0.004458   10.004458 v rst (in)
                                                         rst (net)
                      0.008682    0.000000   10.004458 v input1/A (sky130_fd_sc_hd__clkbuf_1)
     1    0.005082    0.038333    0.083029   10.087486 v input1/X (sky130_fd_sc_hd__clkbuf_1)
                                                         net1 (net)
                      0.038333    0.000114   10.087601 v wire672/A (sky130_fd_sc_hd__clkbuf_1)
     1    0.005822    0.042435    0.098683   10.186283 v wire672/X (sky130_fd_sc_hd__clkbuf_1)
                                                         net672 (net)
                      0.042435    0.000151   10.186434 v fanout671/A (sky130_fd_sc_hd__buf_4)
     8    0.082221    0.110311    0.207469   10.393903 v fanout671/X (sky130_fd_sc_hd__buf_4)
                                                         net671 (net)
                      0.112202    0.011508   10.405411 v fanout670/A (sky130_fd_sc_hd__buf_4)
    10    0.055626    0.079949    0.221043   10.626453 v fanout670/X (sky130_fd_sc_hd__buf_4)
                                                         net670 (net)
                      0.079962    0.001078   10.627532 v _559_/A (sky130_fd_sc_hd__inv_2)
     1    0.004293    0.034526    0.058950   10.686482 ^ _559_/Y (sky130_fd_sc_hd__inv_2)
                                                         _041_ (net)
                      0.034526    0.000038   10.686521 ^ _633_/RESET_B (sky130_fd_sc_hd__dfrtp_1)
                                             10.686521   data arrival time

                                  0.000000    0.000000   clock clk (rise edge)
                                  0.000000    0.000000   clock source latency
     1    0.030636    0.143136    0.099091    0.099091 ^ clk (in)
                                                         clk (net)
                      0.143142    0.000000    0.099091 ^ clkbuf_0_clk/A (sky130_fd_sc_hd__clkbuf_16)
     8    0.130486    0.143741    0.240533    0.339624 ^ clkbuf_0_clk/X (sky130_fd_sc_hd__clkbuf_16)
                                                         clknet_0_clk (net)
                      0.143971    0.003841    0.343466 ^ clkbuf_3_5__f_clk/A (sky130_fd_sc_hd__clkbuf_16)
    15    0.047278    0.066748    0.182039    0.525504 ^ clkbuf_3_5__f_clk/X (sky130_fd_sc_hd__clkbuf_16)
                                                         clknet_3_5__leaf_clk (net)
                      0.066764    0.000991    0.526495 ^ _633_/CLK (sky130_fd_sc_hd__dfrtp_1)
                                  0.250000    0.776495   clock uncertainty
                                  0.000000    0.776495   clock reconvergence pessimism
                                  0.323301    1.099796   library removal time
                                              1.099796   data required time
---------------------------------------------------------------------------------------------
                                              1.099796   data required time
                                            -10.686521   data arrival time
---------------------------------------------------------------------------------------------
                                              9.586724   slack (MET)


Startpoint: rst (input port clocked by clk)
Endpoint: _631_ (removal check against rising-edge clock clk)
Path Group: asynchronous
Path Type: min

Fanout         Cap        Slew       Delay        Time   Description
---------------------------------------------------------------------------------------------
                                  0.000000    0.000000   clock clk (rise edge)
                                  0.000000    0.000000   clock network delay (propagated)
                                 10.000000   10.000000 v input external delay
     1    0.002822    0.008682    0.004458   10.004458 v rst (in)
                                                         rst (net)
                      0.008682    0.000000   10.004458 v input1/A (sky130_fd_sc_hd__clkbuf_1)
     1    0.005082    0.038333    0.083029   10.087486 v input1/X (sky130_fd_sc_hd__clkbuf_1)
                                                         net1 (net)
                      0.038333    0.000114   10.087601 v wire672/A (sky130_fd_sc_hd__clkbuf_1)
     1    0.005822    0.042435    0.098683   10.186283 v wire672/X (sky130_fd_sc_hd__clkbuf_1)
                                                         net672 (net)
                      0.042435    0.000151   10.186434 v fanout671/A (sky130_fd_sc_hd__buf_4)
     8    0.082221    0.110311    0.207469   10.393903 v fanout671/X (sky130_fd_sc_hd__buf_4)
                                                         net671 (net)
                      0.112202    0.011508   10.405411 v fanout670/A (sky130_fd_sc_hd__buf_4)
    10    0.055626    0.079949    0.221043   10.626453 v fanout670/X (sky130_fd_sc_hd__buf_4)
                                                         net670 (net)
                      0.079955    0.000823   10.627277 v _557_/A (sky130_fd_sc_hd__inv_2)
     1    0.004528    0.035357    0.059827   10.687104 ^ _557_/Y (sky130_fd_sc_hd__inv_2)
                                                         _039_ (net)
                      0.035357    0.000044   10.687147 ^ _631_/RESET_B (sky130_fd_sc_hd__dfrtp_1)
                                             10.687147   data arrival time

                                  0.000000    0.000000   clock clk (rise edge)
                                  0.000000    0.000000   clock source latency
     1    0.030636    0.143136    0.099091    0.099091 ^ clk (in)
                                                         clk (net)
                      0.143142    0.000000    0.099091 ^ clkbuf_0_clk/A (sky130_fd_sc_hd__clkbuf_16)
     8    0.130486    0.143741    0.240533    0.339624 ^ clkbuf_0_clk/X (sky130_fd_sc_hd__clkbuf_16)
                                                         clknet_0_clk (net)
                      0.143971    0.003841    0.343466 ^ clkbuf_3_5__f_clk/A (sky130_fd_sc_hd__clkbuf_16)
    15    0.047278    0.066748    0.182039    0.525504 ^ clkbuf_3_5__f_clk/X (sky130_fd_sc_hd__clkbuf_16)
                                                         clknet_3_5__leaf_clk (net)
                      0.066759    0.000866    0.526370 ^ _631_/CLK (sky130_fd_sc_hd__dfrtp_1)
                                  0.250000    0.776370   clock uncertainty
                                  0.000000    0.776370   clock reconvergence pessimism
                                  0.323528    1.099898   library removal time
                                              1.099898   data required time
---------------------------------------------------------------------------------------------
                                              1.099898   data required time
                                            -10.687147   data arrival time
---------------------------------------------------------------------------------------------
                                              9.587250   slack (MET)


Startpoint: rst (input port clocked by clk)
Endpoint: _656_ (removal check against rising-edge clock clk)
Path Group: asynchronous
Path Type: min

Fanout         Cap        Slew       Delay        Time   Description
---------------------------------------------------------------------------------------------
                                  0.000000    0.000000   clock clk (rise edge)
                                  0.000000    0.000000   clock network delay (propagated)
                                 10.000000   10.000000 v input external delay
     1    0.002822    0.008682    0.004458   10.004458 v rst (in)
                                                         rst (net)
                      0.008682    0.000000   10.004458 v input1/A (sky130_fd_sc_hd__clkbuf_1)
     1    0.005082    0.038333    0.083029   10.087486 v input1/X (sky130_fd_sc_hd__clkbuf_1)
                                                         net1 (net)
                      0.038333    0.000114   10.087601 v wire672/A (sky130_fd_sc_hd__clkbuf_1)
     1    0.005822    0.042435    0.098683   10.186283 v wire672/X (sky130_fd_sc_hd__clkbuf_1)
                                                         net672 (net)
                      0.042435    0.000151   10.186434 v fanout671/A (sky130_fd_sc_hd__buf_4)
     8    0.082221    0.110311    0.207469   10.393903 v fanout671/X (sky130_fd_sc_hd__buf_4)
                                                         net671 (net)
                      0.112053    0.011060   10.404963 v fanout669/A (sky130_fd_sc_hd__buf_4)
    10    0.054765    0.079036    0.220187   10.625150 v fanout669/X (sky130_fd_sc_hd__buf_4)
                                                         net669 (net)
                      0.079036    0.000163   10.625314 v _582_/A (sky130_fd_sc_hd__inv_2)
     1    0.004351    0.034539    0.058877   10.684191 ^ _582_/Y (sky130_fd_sc_hd__inv_2)
                                                         _064_ (net)
                      0.034539    0.000022   10.684213 ^ _656_/RESET_B (sky130_fd_sc_hd__dfrtp_1)
                                             10.684213   data arrival time

                                  0.000000    0.000000   clock clk (rise edge)
                                  0.000000    0.000000   clock source latency
     1    0.030636    0.143136    0.099091    0.099091 ^ clk (in)
                                                         clk (net)
                      0.143142    0.000000    0.099091 ^ clkbuf_0_clk/A (sky130_fd_sc_hd__clkbuf_16)
     8    0.130486    0.143741    0.240533    0.339624 ^ clkbuf_0_clk/X (sky130_fd_sc_hd__clkbuf_16)
                                                         clknet_0_clk (net)
                      0.143963    0.003743    0.343367 ^ clkbuf_3_4__f_clk/A (sky130_fd_sc_hd__clkbuf_16)
    12    0.044256    0.063986    0.179637    0.523004 ^ clkbuf_3_4__f_clk/X (sky130_fd_sc_hd__clkbuf_16)
                                                         clknet_3_4__leaf_clk (net)
                      0.063996    0.000928    0.523932 ^ _656_/CLK (sky130_fd_sc_hd__dfrtp_1)
                                  0.250000    0.773933   clock uncertainty
                                  0.000000    0.773933   clock reconvergence pessimism
                                  0.322550    1.096482   library removal time
                                              1.096482   data required time
---------------------------------------------------------------------------------------------
                                              1.096482   data required time
                                            -10.684213   data arrival time
---------------------------------------------------------------------------------------------
                                              9.587730   slack (MET)


Startpoint: rst (input port clocked by clk)
Endpoint: _663_ (removal check against rising-edge clock clk)
Path Group: asynchronous
Path Type: min

Fanout         Cap        Slew       Delay        Time   Description
---------------------------------------------------------------------------------------------
                                  0.000000    0.000000   clock clk (rise edge)
                                  0.000000    0.000000   clock network delay (propagated)
                                 10.000000   10.000000 v input external delay
     1    0.002822    0.008682    0.004458   10.004458 v rst (in)
                                                         rst (net)
                      0.008682    0.000000   10.004458 v input1/A (sky130_fd_sc_hd__clkbuf_1)
     1    0.005082    0.038333    0.083029   10.087486 v input1/X (sky130_fd_sc_hd__clkbuf_1)
                                                         net1 (net)
                      0.038333    0.000114   10.087601 v wire672/A (sky130_fd_sc_hd__clkbuf_1)
     1    0.005822    0.042435    0.098683   10.186283 v wire672/X (sky130_fd_sc_hd__clkbuf_1)
                                                         net672 (net)
                      0.042435    0.000151   10.186434 v fanout671/A (sky130_fd_sc_hd__buf_4)
     8    0.082221    0.110311    0.207469   10.393903 v fanout671/X (sky130_fd_sc_hd__buf_4)
                                                         net671 (net)
                      0.112202    0.011508   10.405411 v fanout670/A (sky130_fd_sc_hd__buf_4)
    10    0.055626    0.079949    0.221043   10.626453 v fanout670/X (sky130_fd_sc_hd__buf_4)
                                                         net670 (net)
                      0.079979    0.001489   10.627943 v _589_/A (sky130_fd_sc_hd__inv_2)
     1    0.004646    0.035769    0.060239   10.688182 ^ _589_/Y (sky130_fd_sc_hd__inv_2)
                                                         _071_ (net)
                      0.035769    0.000029   10.688211 ^ _663_/RESET_B (sky130_fd_sc_hd__dfrtp_1)
                                             10.688211   data arrival time

                                  0.000000    0.000000   clock clk (rise edge)
                                  0.000000    0.000000   clock source latency
     1    0.030636    0.143136    0.099091    0.099091 ^ clk (in)
                                                         clk (net)
                      0.143142    0.000000    0.099091 ^ clkbuf_0_clk/A (sky130_fd_sc_hd__clkbuf_16)
     8    0.130486    0.143741    0.240533    0.339624 ^ clkbuf_0_clk/X (sky130_fd_sc_hd__clkbuf_16)
                                                         clknet_0_clk (net)
                      0.143971    0.003841    0.343466 ^ clkbuf_3_5__f_clk/A (sky130_fd_sc_hd__clkbuf_16)
    15    0.047278    0.066748    0.182039    0.525504 ^ clkbuf_3_5__f_clk/X (sky130_fd_sc_hd__clkbuf_16)
                                                         clknet_3_5__leaf_clk (net)
                      0.066777    0.001263    0.526767 ^ _663_/CLK (sky130_fd_sc_hd__dfrtp_1)
                                  0.250000    0.776767   clock uncertainty
                                  0.000000    0.776767   clock reconvergence pessimism
                                  0.323646    1.100413   library removal time
                                              1.100413   data required time
---------------------------------------------------------------------------------------------
                                              1.100413   data required time
                                            -10.688211   data arrival time
---------------------------------------------------------------------------------------------
                                              9.587798   slack (MET)


Startpoint: rst (input port clocked by clk)
Endpoint: _641_ (removal check against rising-edge clock clk)
Path Group: asynchronous
Path Type: min

Fanout         Cap        Slew       Delay        Time   Description
---------------------------------------------------------------------------------------------
                                  0.000000    0.000000   clock clk (rise edge)
                                  0.000000    0.000000   clock network delay (propagated)
                                 10.000000   10.000000 v input external delay
     1    0.002822    0.008682    0.004458   10.004458 v rst (in)
                                                         rst (net)
                      0.008682    0.000000   10.004458 v input1/A (sky130_fd_sc_hd__clkbuf_1)
     1    0.005082    0.038333    0.083029   10.087486 v input1/X (sky130_fd_sc_hd__clkbuf_1)
                                                         net1 (net)
                      0.038333    0.000114   10.087601 v wire672/A (sky130_fd_sc_hd__clkbuf_1)
     1    0.005822    0.042435    0.098683   10.186283 v wire672/X (sky130_fd_sc_hd__clkbuf_1)
                                                         net672 (net)
                      0.042435    0.000151   10.186434 v fanout671/A (sky130_fd_sc_hd__buf_4)
     8    0.082221    0.110311    0.207469   10.393903 v fanout671/X (sky130_fd_sc_hd__buf_4)
                                                         net671 (net)
                      0.111432    0.008955   10.402858 v fanout665/A (sky130_fd_sc_hd__buf_4)
    10    0.052852    0.080543    0.218017   10.620874 v fanout665/X (sky130_fd_sc_hd__buf_4)
                                                         net665 (net)
                      0.080543    0.000303   10.621177 v _567_/A (sky130_fd_sc_hd__inv_2)
     1    0.004131    0.034052    0.058426   10.679604 ^ _567_/Y (sky130_fd_sc_hd__inv_2)
                                                         _049_ (net)
                      0.034052    0.000033   10.679636 ^ _641_/RESET_B (sky130_fd_sc_hd__dfrtp_1)
                                             10.679636   data arrival time

                                  0.000000    0.000000   clock clk (rise edge)
                                  0.000000    0.000000   clock source latency
     1    0.030636    0.143136    0.099091    0.099091 ^ clk (in)
                                                         clk (net)
                      0.143142    0.000000    0.099091 ^ clkbuf_0_clk/A (sky130_fd_sc_hd__clkbuf_16)
     8    0.130486    0.143741    0.240533    0.339624 ^ clkbuf_0_clk/X (sky130_fd_sc_hd__clkbuf_16)
                                                         clknet_0_clk (net)
                      0.143971    0.003845    0.343469 ^ clkbuf_3_0__f_clk/A (sky130_fd_sc_hd__clkbuf_16)
     7    0.039504    0.059861    0.176543    0.520012 ^ clkbuf_3_0__f_clk/X (sky130_fd_sc_hd__clkbuf_16)
                                                         clknet_3_0__leaf_clk (net)
                      0.059861    0.000227    0.520239 ^ _641_/CLK (sky130_fd_sc_hd__dfrtp_1)
                                  0.250000    0.770239   clock uncertainty
                                  0.000000    0.770239   clock reconvergence pessimism
                                  0.321288    1.091527   library removal time
                                              1.091527   data required time
---------------------------------------------------------------------------------------------
                                              1.091527   data required time
                                            -10.679636   data arrival time
---------------------------------------------------------------------------------------------
                                              9.588108   slack (MET)


Startpoint: rst (input port clocked by clk)
Endpoint: _609_ (removal check against rising-edge clock clk)
Path Group: asynchronous
Path Type: min

Fanout         Cap        Slew       Delay        Time   Description
---------------------------------------------------------------------------------------------
                                  0.000000    0.000000   clock clk (rise edge)
                                  0.000000    0.000000   clock network delay (propagated)
                                 10.000000   10.000000 v input external delay
     1    0.002822    0.008682    0.004458   10.004458 v rst (in)
                                                         rst (net)
                      0.008682    0.000000   10.004458 v input1/A (sky130_fd_sc_hd__clkbuf_1)
     1    0.005082    0.038333    0.083029   10.087486 v input1/X (sky130_fd_sc_hd__clkbuf_1)
                                                         net1 (net)
                      0.038333    0.000114   10.087601 v wire672/A (sky130_fd_sc_hd__clkbuf_1)
     1    0.005822    0.042435    0.098683   10.186283 v wire672/X (sky130_fd_sc_hd__clkbuf_1)
                                                         net672 (net)
                      0.042435    0.000151   10.186434 v fanout671/A (sky130_fd_sc_hd__buf_4)
     8    0.082221    0.110311    0.207469   10.393903 v fanout671/X (sky130_fd_sc_hd__buf_4)
                                                         net671 (net)
                      0.111729    0.010018   10.403921 v fanout666/A (sky130_fd_sc_hd__buf_4)
     9    0.052303    0.079925    0.217509   10.621429 v fanout666/X (sky130_fd_sc_hd__buf_4)
                                                         net666 (net)
                      0.079934    0.000841   10.622271 v _535_/A (sky130_fd_sc_hd__inv_2)
     1    0.003811    0.032758    0.056754   10.679024 ^ _535_/Y (sky130_fd_sc_hd__inv_2)
                                                         _017_ (net)
                      0.032758    0.000026   10.679049 ^ _609_/RESET_B (sky130_fd_sc_hd__dfrtp_1)
                                             10.679049   data arrival time

                                  0.000000    0.000000   clock clk (rise edge)
                                  0.000000    0.000000   clock source latency
     1    0.030636    0.143136    0.099091    0.099091 ^ clk (in)
                                                         clk (net)
                      0.143142    0.000000    0.099091 ^ clkbuf_0_clk/A (sky130_fd_sc_hd__clkbuf_16)
     8    0.130486    0.143741    0.240533    0.339624 ^ clkbuf_0_clk/X (sky130_fd_sc_hd__clkbuf_16)
                                                         clknet_0_clk (net)
                      0.143931    0.003332    0.342956 ^ clkbuf_3_1__f_clk/A (sky130_fd_sc_hd__clkbuf_16)
     9    0.039664    0.059990    0.176602    0.519558 ^ clkbuf_3_1__f_clk/X (sky130_fd_sc_hd__clkbuf_16)
                                                         clknet_3_1__leaf_clk (net)
                      0.059990    0.000121    0.519679 ^ _609_/CLK (sky130_fd_sc_hd__dfrtp_1)
                                  0.250000    0.769679   clock uncertainty
                                  0.000000    0.769679   clock reconvergence pessimism
                                  0.320968    1.090646   library removal time
                                              1.090646   data required time
---------------------------------------------------------------------------------------------
                                              1.090646   data required time
                                            -10.679049   data arrival time
---------------------------------------------------------------------------------------------
                                              9.588404   slack (MET)


Startpoint: rst (input port clocked by clk)
Endpoint: _665_ (removal check against rising-edge clock clk)
Path Group: asynchronous
Path Type: min

Fanout         Cap        Slew       Delay        Time   Description
---------------------------------------------------------------------------------------------
                                  0.000000    0.000000   clock clk (rise edge)
                                  0.000000    0.000000   clock network delay (propagated)
                                 10.000000   10.000000 v input external delay
     1    0.002822    0.008682    0.004458   10.004458 v rst (in)
                                                         rst (net)
                      0.008682    0.000000   10.004458 v input1/A (sky130_fd_sc_hd__clkbuf_1)
     1    0.005082    0.038333    0.083029   10.087486 v input1/X (sky130_fd_sc_hd__clkbuf_1)
                                                         net1 (net)
                      0.038333    0.000114   10.087601 v wire672/A (sky130_fd_sc_hd__clkbuf_1)
     1    0.005822    0.042435    0.098683   10.186283 v wire672/X (sky130_fd_sc_hd__clkbuf_1)
                                                         net672 (net)
                      0.042435    0.000151   10.186434 v fanout671/A (sky130_fd_sc_hd__buf_4)
     8    0.082221    0.110311    0.207469   10.393903 v fanout671/X (sky130_fd_sc_hd__buf_4)
                                                         net671 (net)
                      0.112202    0.011508   10.405411 v fanout670/A (sky130_fd_sc_hd__buf_4)
    10    0.055626    0.079949    0.221043   10.626453 v fanout670/X (sky130_fd_sc_hd__buf_4)
                                                         net670 (net)
                      0.079988    0.001642   10.628096 v _591_/A (sky130_fd_sc_hd__inv_2)
     1    0.004892    0.036621    0.061068   10.689164 ^ _591_/Y (sky130_fd_sc_hd__inv_2)
                                                         _073_ (net)
                      0.036621    0.000060   10.689225 ^ _665_/RESET_B (sky130_fd_sc_hd__dfrtp_1)
                                             10.689225   data arrival time

                                  0.000000    0.000000   clock clk (rise edge)
                                  0.000000    0.000000   clock source latency
     1    0.030636    0.143136    0.099091    0.099091 ^ clk (in)
                                                         clk (net)
                      0.143142    0.000000    0.099091 ^ clkbuf_0_clk/A (sky130_fd_sc_hd__clkbuf_16)
     8    0.130486    0.143741    0.240533    0.339624 ^ clkbuf_0_clk/X (sky130_fd_sc_hd__clkbuf_16)
                                                         clknet_0_clk (net)
                      0.143971    0.003841    0.343466 ^ clkbuf_3_5__f_clk/A (sky130_fd_sc_hd__clkbuf_16)
    15    0.047278    0.066748    0.182039    0.525504 ^ clkbuf_3_5__f_clk/X (sky130_fd_sc_hd__clkbuf_16)
                                                         clknet_3_5__leaf_clk (net)
                      0.066782    0.001340    0.526844 ^ _665_/CLK (sky130_fd_sc_hd__dfrtp_1)
                                  0.250000    0.776844   clock uncertainty
                                  0.000000    0.776844   clock reconvergence pessimism
                                  0.323882    1.100726   library removal time
                                              1.100726   data required time
---------------------------------------------------------------------------------------------
                                              1.100726   data required time
                                            -10.689225   data arrival time
---------------------------------------------------------------------------------------------
                                              9.588499   slack (MET)


Startpoint: rst (input port clocked by clk)
Endpoint: _658_ (removal check against rising-edge clock clk)
Path Group: asynchronous
Path Type: min

Fanout         Cap        Slew       Delay        Time   Description
---------------------------------------------------------------------------------------------
                                  0.000000    0.000000   clock clk (rise edge)
                                  0.000000    0.000000   clock network delay (propagated)
                                 10.000000   10.000000 v input external delay
     1    0.002822    0.008682    0.004458   10.004458 v rst (in)
                                                         rst (net)
                      0.008682    0.000000   10.004458 v input1/A (sky130_fd_sc_hd__clkbuf_1)
     1    0.005082    0.038333    0.083029   10.087486 v input1/X (sky130_fd_sc_hd__clkbuf_1)
                                                         net1 (net)
                      0.038333    0.000114   10.087601 v wire672/A (sky130_fd_sc_hd__clkbuf_1)
     1    0.005822    0.042435    0.098683   10.186283 v wire672/X (sky130_fd_sc_hd__clkbuf_1)
                                                         net672 (net)
                      0.042435    0.000151   10.186434 v fanout671/A (sky130_fd_sc_hd__buf_4)
     8    0.082221    0.110311    0.207469   10.393903 v fanout671/X (sky130_fd_sc_hd__buf_4)
                                                         net671 (net)
                      0.112053    0.011060   10.404963 v fanout669/A (sky130_fd_sc_hd__buf_4)
    10    0.054765    0.079036    0.220187   10.625150 v fanout669/X (sky130_fd_sc_hd__buf_4)
                                                         net669 (net)
                      0.079067    0.001503   10.626653 v _584_/A (sky130_fd_sc_hd__inv_2)
     1    0.004052    0.033446    0.057535   10.684188 ^ _584_/Y (sky130_fd_sc_hd__inv_2)
                                                         _066_ (net)
                      0.033446    0.000031   10.684219 ^ _658_/RESET_B (sky130_fd_sc_hd__dfrtp_1)
                                             10.684219   data arrival time

                                  0.000000    0.000000   clock clk (rise edge)
                                  0.000000    0.000000   clock source latency
     1    0.030636    0.143136    0.099091    0.099091 ^ clk (in)
                                                         clk (net)
                      0.143142    0.000000    0.099091 ^ clkbuf_0_clk/A (sky130_fd_sc_hd__clkbuf_16)
     8    0.130486    0.143741    0.240533    0.339624 ^ clkbuf_0_clk/X (sky130_fd_sc_hd__clkbuf_16)
                                                         clknet_0_clk (net)
                      0.143963    0.003743    0.343367 ^ clkbuf_3_4__f_clk/A (sky130_fd_sc_hd__clkbuf_16)
    12    0.044256    0.063986    0.179637    0.523004 ^ clkbuf_3_4__f_clk/X (sky130_fd_sc_hd__clkbuf_16)
                                                         clknet_3_4__leaf_clk (net)
                      0.063986    0.000401    0.523405 ^ _658_/CLK (sky130_fd_sc_hd__dfrtp_1)
                                  0.250000    0.773405   clock uncertainty
                                  0.000000    0.773405   clock reconvergence pessimism
                                  0.322247    1.095652   library removal time
                                              1.095652   data required time
---------------------------------------------------------------------------------------------
                                              1.095652   data required time
                                            -10.684219   data arrival time
---------------------------------------------------------------------------------------------
                                              9.588568   slack (MET)


Startpoint: rst (input port clocked by clk)
Endpoint: _608_ (removal check against rising-edge clock clk)
Path Group: asynchronous
Path Type: min

Fanout         Cap        Slew       Delay        Time   Description
---------------------------------------------------------------------------------------------
                                  0.000000    0.000000   clock clk (rise edge)
                                  0.000000    0.000000   clock network delay (propagated)
                                 10.000000   10.000000 v input external delay
     1    0.002822    0.008682    0.004458   10.004458 v rst (in)
                                                         rst (net)
                      0.008682    0.000000   10.004458 v input1/A (sky130_fd_sc_hd__clkbuf_1)
     1    0.005082    0.038333    0.083029   10.087486 v input1/X (sky130_fd_sc_hd__clkbuf_1)
                                                         net1 (net)
                      0.038333    0.000114   10.087601 v wire672/A (sky130_fd_sc_hd__clkbuf_1)
     1    0.005822    0.042435    0.098683   10.186283 v wire672/X (sky130_fd_sc_hd__clkbuf_1)
                                                         net672 (net)
                      0.042435    0.000151   10.186434 v fanout671/A (sky130_fd_sc_hd__buf_4)
     8    0.082221    0.110311    0.207469   10.393903 v fanout671/X (sky130_fd_sc_hd__buf_4)
                                                         net671 (net)
                      0.111432    0.008955   10.402858 v fanout665/A (sky130_fd_sc_hd__buf_4)
    10    0.052852    0.080543    0.218017   10.620874 v fanout665/X (sky130_fd_sc_hd__buf_4)
                                                         net665 (net)
                      0.080561    0.001169   10.622043 v _534_/A (sky130_fd_sc_hd__inv_2)
     1    0.004015    0.033629    0.057904   10.679947 ^ _534_/Y (sky130_fd_sc_hd__inv_2)
                                                         _016_ (net)
                      0.033629    0.000031   10.679978 ^ _608_/RESET_B (sky130_fd_sc_hd__dfrtp_1)
                                             10.679978   data arrival time

                                  0.000000    0.000000   clock clk (rise edge)
                                  0.000000    0.000000   clock source latency
     1    0.030636    0.143136    0.099091    0.099091 ^ clk (in)
                                                         clk (net)
                      0.143142    0.000000    0.099091 ^ clkbuf_0_clk/A (sky130_fd_sc_hd__clkbuf_16)
     8    0.130486    0.143741    0.240533    0.339624 ^ clkbuf_0_clk/X (sky130_fd_sc_hd__clkbuf_16)
                                                         clknet_0_clk (net)
                      0.143931    0.003332    0.342956 ^ clkbuf_3_1__f_clk/A (sky130_fd_sc_hd__clkbuf_16)
     9    0.039664    0.059990    0.176602    0.519558 ^ clkbuf_3_1__f_clk/X (sky130_fd_sc_hd__clkbuf_16)
                                                         clknet_3_1__leaf_clk (net)
                      0.059994    0.000473    0.520031 ^ _608_/CLK (sky130_fd_sc_hd__dfrtp_1)
                                  0.250000    0.770031   clock uncertainty
                                  0.000000    0.770031   clock reconvergence pessimism
                                  0.321208    1.091239   library removal time
                                              1.091239   data required time
---------------------------------------------------------------------------------------------
                                              1.091239   data required time
                                            -10.679978   data arrival time
---------------------------------------------------------------------------------------------
                                              9.588739   slack (MET)


Startpoint: rst (input port clocked by clk)
Endpoint: _606_ (removal check against rising-edge clock clk)
Path Group: asynchronous
Path Type: min

Fanout         Cap        Slew       Delay        Time   Description
---------------------------------------------------------------------------------------------
                                  0.000000    0.000000   clock clk (rise edge)
                                  0.000000    0.000000   clock network delay (propagated)
                                 10.000000   10.000000 v input external delay
     1    0.002822    0.008682    0.004458   10.004458 v rst (in)
                                                         rst (net)
                      0.008682    0.000000   10.004458 v input1/A (sky130_fd_sc_hd__clkbuf_1)
     1    0.005082    0.038333    0.083029   10.087486 v input1/X (sky130_fd_sc_hd__clkbuf_1)
                                                         net1 (net)
                      0.038333    0.000114   10.087601 v wire672/A (sky130_fd_sc_hd__clkbuf_1)
     1    0.005822    0.042435    0.098683   10.186283 v wire672/X (sky130_fd_sc_hd__clkbuf_1)
                                                         net672 (net)
                      0.042435    0.000151   10.186434 v fanout671/A (sky130_fd_sc_hd__buf_4)
     8    0.082221    0.110311    0.207469   10.393903 v fanout671/X (sky130_fd_sc_hd__buf_4)
                                                         net671 (net)
                      0.111432    0.008955   10.402858 v fanout665/A (sky130_fd_sc_hd__buf_4)
    10    0.052852    0.080543    0.218017   10.620874 v fanout665/X (sky130_fd_sc_hd__buf_4)
                                                         net665 (net)
                      0.080558    0.001054   10.621928 v _532_/A (sky130_fd_sc_hd__inv_2)
     1    0.004086    0.033889    0.058226   10.680155 ^ _532_/Y (sky130_fd_sc_hd__inv_2)
                                                         _014_ (net)
                      0.033889    0.000031   10.680186 ^ _606_/RESET_B (sky130_fd_sc_hd__dfrtp_1)
                                             10.680186   data arrival time

                                  0.000000    0.000000   clock clk (rise edge)
                                  0.000000    0.000000   clock source latency
     1    0.030636    0.143136    0.099091    0.099091 ^ clk (in)
                                                         clk (net)
                      0.143142    0.000000    0.099091 ^ clkbuf_0_clk/A (sky130_fd_sc_hd__clkbuf_16)
     8    0.130486    0.143741    0.240533    0.339624 ^ clkbuf_0_clk/X (sky130_fd_sc_hd__clkbuf_16)
                                                         clknet_0_clk (net)
                      0.143931    0.003332    0.342956 ^ clkbuf_3_1__f_clk/A (sky130_fd_sc_hd__clkbuf_16)
     9    0.039664    0.059990    0.176602    0.519558 ^ clkbuf_3_1__f_clk/X (sky130_fd_sc_hd__clkbuf_16)
                                                         clknet_3_1__leaf_clk (net)
                      0.059992    0.000389    0.519947 ^ _606_/CLK (sky130_fd_sc_hd__dfrtp_1)
                                  0.250000    0.769947   clock uncertainty
                                  0.000000    0.769947   clock reconvergence pessimism
                                  0.321279    1.091226   library removal time
                                              1.091226   data required time
---------------------------------------------------------------------------------------------
                                              1.091226   data required time
                                            -10.680186   data arrival time
---------------------------------------------------------------------------------------------
                                              9.588960   slack (MET)


Startpoint: rst (input port clocked by clk)
Endpoint: _602_ (removal check against rising-edge clock clk)
Path Group: asynchronous
Path Type: min

Fanout         Cap        Slew       Delay        Time   Description
---------------------------------------------------------------------------------------------
                                  0.000000    0.000000   clock clk (rise edge)
                                  0.000000    0.000000   clock network delay (propagated)
                                 10.000000   10.000000 v input external delay
     1    0.002822    0.008682    0.004458   10.004458 v rst (in)
                                                         rst (net)
                      0.008682    0.000000   10.004458 v input1/A (sky130_fd_sc_hd__clkbuf_1)
     1    0.005082    0.038333    0.083029   10.087486 v input1/X (sky130_fd_sc_hd__clkbuf_1)
                                                         net1 (net)
                      0.038333    0.000114   10.087601 v wire672/A (sky130_fd_sc_hd__clkbuf_1)
     1    0.005822    0.042435    0.098683   10.186283 v wire672/X (sky130_fd_sc_hd__clkbuf_1)
                                                         net672 (net)
                      0.042435    0.000151   10.186434 v fanout671/A (sky130_fd_sc_hd__buf_4)
     8    0.082221    0.110311    0.207469   10.393903 v fanout671/X (sky130_fd_sc_hd__buf_4)
                                                         net671 (net)
                      0.111432    0.008955   10.402858 v fanout665/A (sky130_fd_sc_hd__buf_4)
    10    0.052852    0.080543    0.218017   10.620874 v fanout665/X (sky130_fd_sc_hd__buf_4)
                                                         net665 (net)
                      0.080548    0.000669   10.621543 v _528_/A (sky130_fd_sc_hd__inv_2)
     1    0.004341    0.034835    0.059384   10.680927 ^ _528_/Y (sky130_fd_sc_hd__inv_2)
                                                         _010_ (net)
                      0.034835    0.000040   10.680967 ^ _602_/RESET_B (sky130_fd_sc_hd__dfrtp_1)
                                             10.680967   data arrival time

                                  0.000000    0.000000   clock clk (rise edge)
                                  0.000000    0.000000   clock source latency
     1    0.030636    0.143136    0.099091    0.099091 ^ clk (in)
                                                         clk (net)
                      0.143142    0.000000    0.099091 ^ clkbuf_0_clk/A (sky130_fd_sc_hd__clkbuf_16)
     8    0.130486    0.143741    0.240533    0.339624 ^ clkbuf_0_clk/X (sky130_fd_sc_hd__clkbuf_16)
                                                         clknet_0_clk (net)
                      0.143971    0.003845    0.343469 ^ clkbuf_3_0__f_clk/A (sky130_fd_sc_hd__clkbuf_16)
     7    0.039504    0.059861    0.176543    0.520012 ^ clkbuf_3_0__f_clk/X (sky130_fd_sc_hd__clkbuf_16)
                                                         clknet_3_0__leaf_clk (net)
                      0.059863    0.000367    0.520380 ^ _602_/CLK (sky130_fd_sc_hd__dfrtp_1)
                                  0.250000    0.770380   clock uncertainty
                                  0.000000    0.770380   clock reconvergence pessimism
                                  0.321504    1.091884   library removal time
                                              1.091884   data required time
---------------------------------------------------------------------------------------------
                                              1.091884   data required time
                                            -10.680967   data arrival time
---------------------------------------------------------------------------------------------
                                              9.589084   slack (MET)


Startpoint: rst (input port clocked by clk)
Endpoint: _612_ (removal check against rising-edge clock clk)
Path Group: asynchronous
Path Type: min

Fanout         Cap        Slew       Delay        Time   Description
---------------------------------------------------------------------------------------------
                                  0.000000    0.000000   clock clk (rise edge)
                                  0.000000    0.000000   clock network delay (propagated)
                                 10.000000   10.000000 v input external delay
     1    0.002822    0.008682    0.004458   10.004458 v rst (in)
                                                         rst (net)
                      0.008682    0.000000   10.004458 v input1/A (sky130_fd_sc_hd__clkbuf_1)
     1    0.005082    0.038333    0.083029   10.087486 v input1/X (sky130_fd_sc_hd__clkbuf_1)
                                                         net1 (net)
                      0.038333    0.000114   10.087601 v wire672/A (sky130_fd_sc_hd__clkbuf_1)
     1    0.005822    0.042435    0.098683   10.186283 v wire672/X (sky130_fd_sc_hd__clkbuf_1)
                                                         net672 (net)
                      0.042435    0.000151   10.186434 v fanout671/A (sky130_fd_sc_hd__buf_4)
     8    0.082221    0.110311    0.207469   10.393903 v fanout671/X (sky130_fd_sc_hd__buf_4)
                                                         net671 (net)
                      0.111729    0.010018   10.403921 v fanout666/A (sky130_fd_sc_hd__buf_4)
     9    0.052303    0.079925    0.217509   10.621429 v fanout666/X (sky130_fd_sc_hd__buf_4)
                                                         net666 (net)
                      0.079944    0.001164   10.622593 v _538_/A (sky130_fd_sc_hd__inv_2)
     1    0.005140    0.037474    0.061899   10.684492 ^ _538_/Y (sky130_fd_sc_hd__inv_2)
                                                         _020_ (net)
                      0.037474    0.000047   10.684539 ^ _612_/RESET_B (sky130_fd_sc_hd__dfrtp_1)
                                             10.684539   data arrival time

                                  0.000000    0.000000   clock clk (rise edge)
                                  0.000000    0.000000   clock source latency
     1    0.030636    0.143136    0.099091    0.099091 ^ clk (in)
                                                         clk (net)
                      0.143142    0.000000    0.099091 ^ clkbuf_0_clk/A (sky130_fd_sc_hd__clkbuf_16)
     8    0.130486    0.143741    0.240533    0.339624 ^ clkbuf_0_clk/X (sky130_fd_sc_hd__clkbuf_16)
                                                         clknet_0_clk (net)
                      0.143851    0.001902    0.341526 ^ clkbuf_3_6__f_clk/A (sky130_fd_sc_hd__clkbuf_16)
    12    0.044451    0.064237    0.180106    0.521632 ^ clkbuf_3_6__f_clk/X (sky130_fd_sc_hd__clkbuf_16)
                                                         clknet_3_6__leaf_clk (net)
                      0.064238    0.000404    0.522035 ^ _612_/CLK (sky130_fd_sc_hd__dfrtp_1)
                                  0.250000    0.772035   clock uncertainty
                                  0.000000    0.772035   clock reconvergence pessimism
                                  0.323423    1.095458   library removal time
                                              1.095458   data required time
---------------------------------------------------------------------------------------------
                                              1.095458   data required time
                                            -10.684539   data arrival time
---------------------------------------------------------------------------------------------
                                              9.589081   slack (MET)


Startpoint: rst (input port clocked by clk)
Endpoint: _664_ (removal check against rising-edge clock clk)
Path Group: asynchronous
Path Type: min

Fanout         Cap        Slew       Delay        Time   Description
---------------------------------------------------------------------------------------------
                                  0.000000    0.000000   clock clk (rise edge)
                                  0.000000    0.000000   clock network delay (propagated)
                                 10.000000   10.000000 v input external delay
     1    0.002822    0.008682    0.004458   10.004458 v rst (in)
                                                         rst (net)
                      0.008682    0.000000   10.004458 v input1/A (sky130_fd_sc_hd__clkbuf_1)
     1    0.005082    0.038333    0.083029   10.087486 v input1/X (sky130_fd_sc_hd__clkbuf_1)
                                                         net1 (net)
                      0.038333    0.000114   10.087601 v wire672/A (sky130_fd_sc_hd__clkbuf_1)
     1    0.005822    0.042435    0.098683   10.186283 v wire672/X (sky130_fd_sc_hd__clkbuf_1)
                                                         net672 (net)
                      0.042435    0.000151   10.186434 v fanout671/A (sky130_fd_sc_hd__buf_4)
     8    0.082221    0.110311    0.207469   10.393903 v fanout671/X (sky130_fd_sc_hd__buf_4)
                                                         net671 (net)
                      0.112202    0.011508   10.405411 v fanout670/A (sky130_fd_sc_hd__buf_4)
    10    0.055626    0.079949    0.221043   10.626453 v fanout670/X (sky130_fd_sc_hd__buf_4)
                                                         net670 (net)
                      0.079986    0.001610   10.628064 v _590_/A (sky130_fd_sc_hd__inv_2)
     1    0.005147    0.037507    0.061935   10.690000 ^ _590_/Y (sky130_fd_sc_hd__inv_2)
                                                         _072_ (net)
                      0.037507    0.000062   10.690062 ^ _664_/RESET_B (sky130_fd_sc_hd__dfrtp_1)
                                             10.690062   data arrival time

                                  0.000000    0.000000   clock clk (rise edge)
                                  0.000000    0.000000   clock source latency
     1    0.030636    0.143136    0.099091    0.099091 ^ clk (in)
                                                         clk (net)
                      0.143142    0.000000    0.099091 ^ clkbuf_0_clk/A (sky130_fd_sc_hd__clkbuf_16)
     8    0.130486    0.143741    0.240533    0.339624 ^ clkbuf_0_clk/X (sky130_fd_sc_hd__clkbuf_16)
                                                         clknet_0_clk (net)
                      0.143971    0.003841    0.343466 ^ clkbuf_3_5__f_clk/A (sky130_fd_sc_hd__clkbuf_16)
    15    0.047278    0.066748    0.182039    0.525504 ^ clkbuf_3_5__f_clk/X (sky130_fd_sc_hd__clkbuf_16)
                                                         clknet_3_5__leaf_clk (net)
                      0.066780    0.001310    0.526815 ^ _664_/CLK (sky130_fd_sc_hd__dfrtp_1)
                                  0.250000    0.776815   clock uncertainty
                                  0.000000    0.776815   clock reconvergence pessimism
                                  0.324125    1.100940   library removal time
                                              1.100940   data required time
---------------------------------------------------------------------------------------------
                                              1.100940   data required time
                                            -10.690062   data arrival time
---------------------------------------------------------------------------------------------
                                              9.589122   slack (MET)


Startpoint: rst (input port clocked by clk)
Endpoint: _605_ (removal check against rising-edge clock clk)
Path Group: asynchronous
Path Type: min

Fanout         Cap        Slew       Delay        Time   Description
---------------------------------------------------------------------------------------------
                                  0.000000    0.000000   clock clk (rise edge)
                                  0.000000    0.000000   clock network delay (propagated)
                                 10.000000   10.000000 v input external delay
     1    0.002822    0.008682    0.004458   10.004458 v rst (in)
                                                         rst (net)
                      0.008682    0.000000   10.004458 v input1/A (sky130_fd_sc_hd__clkbuf_1)
     1    0.005082    0.038333    0.083029   10.087486 v input1/X (sky130_fd_sc_hd__clkbuf_1)
                                                         net1 (net)
                      0.038333    0.000114   10.087601 v wire672/A (sky130_fd_sc_hd__clkbuf_1)
     1    0.005822    0.042435    0.098683   10.186283 v wire672/X (sky130_fd_sc_hd__clkbuf_1)
                                                         net672 (net)
                      0.042435    0.000151   10.186434 v fanout671/A (sky130_fd_sc_hd__buf_4)
     8    0.082221    0.110311    0.207469   10.393903 v fanout671/X (sky130_fd_sc_hd__buf_4)
                                                         net671 (net)
                      0.111432    0.008955   10.402858 v fanout665/A (sky130_fd_sc_hd__buf_4)
    10    0.052852    0.080543    0.218017   10.620874 v fanout665/X (sky130_fd_sc_hd__buf_4)
                                                         net665 (net)
                      0.080556    0.001006   10.621881 v _531_/A (sky130_fd_sc_hd__inv_2)
     1    0.004221    0.034387    0.058839   10.680719 ^ _531_/Y (sky130_fd_sc_hd__inv_2)
                                                         _013_ (net)
                      0.034387    0.000036   10.680757 ^ _605_/RESET_B (sky130_fd_sc_hd__dfrtp_1)
                                             10.680757   data arrival time

                                  0.000000    0.000000   clock clk (rise edge)
                                  0.000000    0.000000   clock source latency
     1    0.030636    0.143136    0.099091    0.099091 ^ clk (in)
                                                         clk (net)
                      0.143142    0.000000    0.099091 ^ clkbuf_0_clk/A (sky130_fd_sc_hd__clkbuf_16)
     8    0.130486    0.143741    0.240533    0.339624 ^ clkbuf_0_clk/X (sky130_fd_sc_hd__clkbuf_16)
                                                         clknet_0_clk (net)
                      0.143931    0.003332    0.342956 ^ clkbuf_3_1__f_clk/A (sky130_fd_sc_hd__clkbuf_16)
     9    0.039664    0.059990    0.176602    0.519558 ^ clkbuf_3_1__f_clk/X (sky130_fd_sc_hd__clkbuf_16)
                                                         clknet_3_1__leaf_clk (net)
                      0.059994    0.000449    0.520007 ^ _605_/CLK (sky130_fd_sc_hd__dfrtp_1)
                                  0.250000    0.770007   clock uncertainty
                                  0.000000    0.770007   clock reconvergence pessimism
                                  0.321417    1.091424   library removal time
                                              1.091424   data required time
---------------------------------------------------------------------------------------------
                                              1.091424   data required time
                                            -10.680757   data arrival time
---------------------------------------------------------------------------------------------
                                              9.589333   slack (MET)


Startpoint: rst (input port clocked by clk)
Endpoint: _604_ (removal check against rising-edge clock clk)
Path Group: asynchronous
Path Type: min

Fanout         Cap        Slew       Delay        Time   Description
---------------------------------------------------------------------------------------------
                                  0.000000    0.000000   clock clk (rise edge)
                                  0.000000    0.000000   clock network delay (propagated)
                                 10.000000   10.000000 v input external delay
     1    0.002822    0.008682    0.004458   10.004458 v rst (in)
                                                         rst (net)
                      0.008682    0.000000   10.004458 v input1/A (sky130_fd_sc_hd__clkbuf_1)
     1    0.005082    0.038333    0.083029   10.087486 v input1/X (sky130_fd_sc_hd__clkbuf_1)
                                                         net1 (net)
                      0.038333    0.000114   10.087601 v wire672/A (sky130_fd_sc_hd__clkbuf_1)
     1    0.005822    0.042435    0.098683   10.186283 v wire672/X (sky130_fd_sc_hd__clkbuf_1)
                                                         net672 (net)
                      0.042435    0.000151   10.186434 v fanout671/A (sky130_fd_sc_hd__buf_4)
     8    0.082221    0.110311    0.207469   10.393903 v fanout671/X (sky130_fd_sc_hd__buf_4)
                                                         net671 (net)
                      0.111432    0.008955   10.402858 v fanout665/A (sky130_fd_sc_hd__buf_4)
    10    0.052852    0.080543    0.218017   10.620874 v fanout665/X (sky130_fd_sc_hd__buf_4)
                                                         net665 (net)
                      0.080554    0.000946   10.621820 v _530_/A (sky130_fd_sc_hd__inv_2)
     1    0.004321    0.034761    0.059296   10.681116 ^ _530_/Y (sky130_fd_sc_hd__inv_2)
                                                         _012_ (net)
                      0.034761    0.000037   10.681153 ^ _604_/RESET_B (sky130_fd_sc_hd__dfrtp_1)
                                             10.681153   data arrival time

                                  0.000000    0.000000   clock clk (rise edge)
                                  0.000000    0.000000   clock source latency
     1    0.030636    0.143136    0.099091    0.099091 ^ clk (in)
                                                         clk (net)
                      0.143142    0.000000    0.099091 ^ clkbuf_0_clk/A (sky130_fd_sc_hd__clkbuf_16)
     8    0.130486    0.143741    0.240533    0.339624 ^ clkbuf_0_clk/X (sky130_fd_sc_hd__clkbuf_16)
                                                         clknet_0_clk (net)
                      0.143971    0.003845    0.343469 ^ clkbuf_3_0__f_clk/A (sky130_fd_sc_hd__clkbuf_16)
     7    0.039504    0.059861    0.176543    0.520012 ^ clkbuf_3_0__f_clk/X (sky130_fd_sc_hd__clkbuf_16)
                                                         clknet_3_0__leaf_clk (net)
                      0.059862    0.000304    0.520316 ^ _604_/CLK (sky130_fd_sc_hd__dfrtp_1)
                                  0.250000    0.770316   clock uncertainty
                                  0.000000    0.770316   clock reconvergence pessimism
                                  0.321484    1.091799   library removal time
                                              1.091799   data required time
---------------------------------------------------------------------------------------------
                                              1.091799   data required time
                                            -10.681153   data arrival time
---------------------------------------------------------------------------------------------
                                              9.589354   slack (MET)


Startpoint: rst (input port clocked by clk)
Endpoint: _657_ (removal check against rising-edge clock clk)
Path Group: asynchronous
Path Type: min

Fanout         Cap        Slew       Delay        Time   Description
---------------------------------------------------------------------------------------------
                                  0.000000    0.000000   clock clk (rise edge)
                                  0.000000    0.000000   clock network delay (propagated)
                                 10.000000   10.000000 v input external delay
     1    0.002822    0.008682    0.004458   10.004458 v rst (in)
                                                         rst (net)
                      0.008682    0.000000   10.004458 v input1/A (sky130_fd_sc_hd__clkbuf_1)
     1    0.005082    0.038333    0.083029   10.087486 v input1/X (sky130_fd_sc_hd__clkbuf_1)
                                                         net1 (net)
                      0.038333    0.000114   10.087601 v wire672/A (sky130_fd_sc_hd__clkbuf_1)
     1    0.005822    0.042435    0.098683   10.186283 v wire672/X (sky130_fd_sc_hd__clkbuf_1)
                                                         net672 (net)
                      0.042435    0.000151   10.186434 v fanout671/A (sky130_fd_sc_hd__buf_4)
     8    0.082221    0.110311    0.207469   10.393903 v fanout671/X (sky130_fd_sc_hd__buf_4)
                                                         net671 (net)
                      0.112053    0.011060   10.404963 v fanout669/A (sky130_fd_sc_hd__buf_4)
    10    0.054765    0.079036    0.220187   10.625150 v fanout669/X (sky130_fd_sc_hd__buf_4)
                                                         net669 (net)
                      0.079036    0.000205   10.625355 v _583_/A (sky130_fd_sc_hd__inv_2)
     1    0.005201    0.037494    0.061756   10.687111 ^ _583_/Y (sky130_fd_sc_hd__inv_2)
                                                         _065_ (net)
                      0.037494    0.000060   10.687171 ^ _657_/RESET_B (sky130_fd_sc_hd__dfrtp_1)
                                             10.687171   data arrival time

                                  0.000000    0.000000   clock clk (rise edge)
                                  0.000000    0.000000   clock source latency
     1    0.030636    0.143136    0.099091    0.099091 ^ clk (in)
                                                         clk (net)
                      0.143142    0.000000    0.099091 ^ clkbuf_0_clk/A (sky130_fd_sc_hd__clkbuf_16)
     8    0.130486    0.143741    0.240533    0.339624 ^ clkbuf_0_clk/X (sky130_fd_sc_hd__clkbuf_16)
                                                         clknet_0_clk (net)
                      0.143963    0.003743    0.343367 ^ clkbuf_3_4__f_clk/A (sky130_fd_sc_hd__clkbuf_16)
    12    0.044256    0.063986    0.179637    0.523004 ^ clkbuf_3_4__f_clk/X (sky130_fd_sc_hd__clkbuf_16)
                                                         clknet_3_4__leaf_clk (net)
                      0.063986    0.000594    0.523598 ^ _657_/CLK (sky130_fd_sc_hd__dfrtp_1)
                                  0.250000    0.773598   clock uncertainty
                                  0.000000    0.773598   clock reconvergence pessimism
                                  0.323360    1.096957   library removal time
                                              1.096957   data required time
---------------------------------------------------------------------------------------------
                                              1.096957   data required time
                                            -10.687171   data arrival time
---------------------------------------------------------------------------------------------
                                              9.590214   slack (MET)


Startpoint: rst (input port clocked by clk)
Endpoint: _603_ (removal check against rising-edge clock clk)
Path Group: asynchronous
Path Type: min

Fanout         Cap        Slew       Delay        Time   Description
---------------------------------------------------------------------------------------------
                                  0.000000    0.000000   clock clk (rise edge)
                                  0.000000    0.000000   clock network delay (propagated)
                                 10.000000   10.000000 v input external delay
     1    0.002822    0.008682    0.004458   10.004458 v rst (in)
                                                         rst (net)
                      0.008682    0.000000   10.004458 v input1/A (sky130_fd_sc_hd__clkbuf_1)
     1    0.005082    0.038333    0.083029   10.087486 v input1/X (sky130_fd_sc_hd__clkbuf_1)
                                                         net1 (net)
                      0.038333    0.000114   10.087601 v wire672/A (sky130_fd_sc_hd__clkbuf_1)
     1    0.005822    0.042435    0.098683   10.186283 v wire672/X (sky130_fd_sc_hd__clkbuf_1)
                                                         net672 (net)
                      0.042435    0.000151   10.186434 v fanout671/A (sky130_fd_sc_hd__buf_4)
     8    0.082221    0.110311    0.207469   10.393903 v fanout671/X (sky130_fd_sc_hd__buf_4)
                                                         net671 (net)
                      0.111432    0.008955   10.402858 v fanout665/A (sky130_fd_sc_hd__buf_4)
    10    0.052852    0.080543    0.218017   10.620874 v fanout665/X (sky130_fd_sc_hd__buf_4)
                                                         net665 (net)
                      0.080550    0.000796   10.621670 v _529_/A (sky130_fd_sc_hd__inv_2)
     1    0.004754    0.036267    0.060816   10.682487 ^ _529_/Y (sky130_fd_sc_hd__inv_2)
                                                         _011_ (net)
                      0.036267    0.000049   10.682535 ^ _603_/RESET_B (sky130_fd_sc_hd__dfrtp_1)
                                             10.682535   data arrival time

                                  0.000000    0.000000   clock clk (rise edge)
                                  0.000000    0.000000   clock source latency
     1    0.030636    0.143136    0.099091    0.099091 ^ clk (in)
                                                         clk (net)
                      0.143142    0.000000    0.099091 ^ clkbuf_0_clk/A (sky130_fd_sc_hd__clkbuf_16)
     8    0.130486    0.143741    0.240533    0.339624 ^ clkbuf_0_clk/X (sky130_fd_sc_hd__clkbuf_16)
                                                         clknet_0_clk (net)
                      0.143971    0.003845    0.343469 ^ clkbuf_3_0__f_clk/A (sky130_fd_sc_hd__clkbuf_16)
     7    0.039504    0.059861    0.176543    0.520012 ^ clkbuf_3_0__f_clk/X (sky130_fd_sc_hd__clkbuf_16)
                                                         clknet_3_0__leaf_clk (net)
                      0.059863    0.000349    0.520361 ^ _603_/CLK (sky130_fd_sc_hd__dfrtp_1)
                                  0.250000    0.770361   clock uncertainty
                                  0.000000    0.770361   clock reconvergence pessimism
                                  0.321898    1.092259   library removal time
                                              1.092259   data required time
---------------------------------------------------------------------------------------------
                                              1.092259   data required time
                                            -10.682535   data arrival time
---------------------------------------------------------------------------------------------
                                              9.590277   slack (MET)


Startpoint: rst (input port clocked by clk)
Endpoint: _611_ (removal check against rising-edge clock clk)
Path Group: asynchronous
Path Type: min

Fanout         Cap        Slew       Delay        Time   Description
---------------------------------------------------------------------------------------------
                                  0.000000    0.000000   clock clk (rise edge)
                                  0.000000    0.000000   clock network delay (propagated)
                                 10.000000   10.000000 v input external delay
     1    0.002822    0.008682    0.004458   10.004458 v rst (in)
                                                         rst (net)
                      0.008682    0.000000   10.004458 v input1/A (sky130_fd_sc_hd__clkbuf_1)
     1    0.005082    0.038333    0.083029   10.087486 v input1/X (sky130_fd_sc_hd__clkbuf_1)
                                                         net1 (net)
                      0.038333    0.000114   10.087601 v wire672/A (sky130_fd_sc_hd__clkbuf_1)
     1    0.005822    0.042435    0.098683   10.186283 v wire672/X (sky130_fd_sc_hd__clkbuf_1)
                                                         net672 (net)
                      0.042435    0.000151   10.186434 v fanout671/A (sky130_fd_sc_hd__buf_4)
     8    0.082221    0.110311    0.207469   10.393903 v fanout671/X (sky130_fd_sc_hd__buf_4)
                                                         net671 (net)
                      0.111729    0.010018   10.403921 v fanout666/A (sky130_fd_sc_hd__buf_4)
     9    0.052303    0.079925    0.217509   10.621429 v fanout666/X (sky130_fd_sc_hd__buf_4)
                                                         net666 (net)
                      0.079943    0.001119   10.622548 v _537_/A (sky130_fd_sc_hd__inv_2)
     1    0.005881    0.040089    0.064402   10.686951 ^ _537_/Y (sky130_fd_sc_hd__inv_2)
                                                         _019_ (net)
                      0.040089    0.000084   10.687035 ^ _611_/RESET_B (sky130_fd_sc_hd__dfrtp_1)
                                             10.687035   data arrival time

                                  0.000000    0.000000   clock clk (rise edge)
                                  0.000000    0.000000   clock source latency
     1    0.030636    0.143136    0.099091    0.099091 ^ clk (in)
                                                         clk (net)
                      0.143142    0.000000    0.099091 ^ clkbuf_0_clk/A (sky130_fd_sc_hd__clkbuf_16)
     8    0.130486    0.143741    0.240533    0.339624 ^ clkbuf_0_clk/X (sky130_fd_sc_hd__clkbuf_16)
                                                         clknet_0_clk (net)
                      0.143851    0.001902    0.341526 ^ clkbuf_3_6__f_clk/A (sky130_fd_sc_hd__clkbuf_16)
    12    0.044451    0.064237    0.180106    0.521632 ^ clkbuf_3_6__f_clk/X (sky130_fd_sc_hd__clkbuf_16)
                                                         clknet_3_6__leaf_clk (net)
                      0.064239    0.000458    0.522090 ^ _611_/CLK (sky130_fd_sc_hd__dfrtp_1)
                                  0.250000    0.772090   clock uncertainty
                                  0.000000    0.772090   clock reconvergence pessimism
                                  0.324142    1.096232   library removal time
                                              1.096232   data required time
---------------------------------------------------------------------------------------------
                                              1.096232   data required time
                                            -10.687035   data arrival time
---------------------------------------------------------------------------------------------
                                              9.590802   slack (MET)


Startpoint: rst (input port clocked by clk)
Endpoint: _614_ (removal check against rising-edge clock clk)
Path Group: asynchronous
Path Type: min

Fanout         Cap        Slew       Delay        Time   Description
---------------------------------------------------------------------------------------------
                                  0.000000    0.000000   clock clk (rise edge)
                                  0.000000    0.000000   clock network delay (propagated)
                                 10.000000   10.000000 v input external delay
     1    0.002822    0.008682    0.004458   10.004458 v rst (in)
                                                         rst (net)
                      0.008682    0.000000   10.004458 v input1/A (sky130_fd_sc_hd__clkbuf_1)
     1    0.005082    0.038333    0.083029   10.087486 v input1/X (sky130_fd_sc_hd__clkbuf_1)
                                                         net1 (net)
                      0.038333    0.000114   10.087601 v wire672/A (sky130_fd_sc_hd__clkbuf_1)
     1    0.005822    0.042435    0.098683   10.186283 v wire672/X (sky130_fd_sc_hd__clkbuf_1)
                                                         net672 (net)
                      0.042435    0.000151   10.186434 v fanout671/A (sky130_fd_sc_hd__buf_4)
     8    0.082221    0.110311    0.207469   10.393903 v fanout671/X (sky130_fd_sc_hd__buf_4)
                                                         net671 (net)
                      0.111821    0.010325   10.404228 v fanout667/A (sky130_fd_sc_hd__buf_4)
    10    0.057482    0.081919    0.222382   10.626610 v fanout667/X (sky130_fd_sc_hd__buf_4)
                                                         net667 (net)
                      0.081946    0.001450   10.628060 v _540_/A (sky130_fd_sc_hd__inv_2)
     1    0.003891    0.033470    0.057829   10.685890 ^ _540_/Y (sky130_fd_sc_hd__inv_2)
                                                         _022_ (net)
                      0.033470    0.000028   10.685918 ^ _614_/RESET_B (sky130_fd_sc_hd__dfrtp_1)
                                             10.685918   data arrival time

                                  0.000000    0.000000   clock clk (rise edge)
                                  0.000000    0.000000   clock source latency
     1    0.030636    0.143136    0.099091    0.099091 ^ clk (in)
                                                         clk (net)
                      0.143142    0.000000    0.099091 ^ clkbuf_0_clk/A (sky130_fd_sc_hd__clkbuf_16)
     8    0.130486    0.143741    0.240533    0.339624 ^ clkbuf_0_clk/X (sky130_fd_sc_hd__clkbuf_16)
                                                         clknet_0_clk (net)
                      0.143851    0.001902    0.341526 ^ clkbuf_3_6__f_clk/A (sky130_fd_sc_hd__clkbuf_16)
    12    0.044451    0.064237    0.180106    0.521632 ^ clkbuf_3_6__f_clk/X (sky130_fd_sc_hd__clkbuf_16)
                                                         clknet_3_6__leaf_clk (net)
                      0.064241    0.000539    0.522171 ^ _614_/CLK (sky130_fd_sc_hd__dfrtp_1)
                                  0.250000    0.772171   clock uncertainty
                                  0.000000    0.772171   clock reconvergence pessimism
                                  0.322322    1.094493   library removal time
                                              1.094493   data required time
---------------------------------------------------------------------------------------------
                                              1.094493   data required time
                                            -10.685918   data arrival time
---------------------------------------------------------------------------------------------
                                              9.591425   slack (MET)


Startpoint: rst (input port clocked by clk)
Endpoint: _615_ (removal check against rising-edge clock clk)
Path Group: asynchronous
Path Type: min

Fanout         Cap        Slew       Delay        Time   Description
---------------------------------------------------------------------------------------------
                                  0.000000    0.000000   clock clk (rise edge)
                                  0.000000    0.000000   clock network delay (propagated)
                                 10.000000   10.000000 v input external delay
     1    0.002822    0.008682    0.004458   10.004458 v rst (in)
                                                         rst (net)
                      0.008682    0.000000   10.004458 v input1/A (sky130_fd_sc_hd__clkbuf_1)
     1    0.005082    0.038333    0.083029   10.087486 v input1/X (sky130_fd_sc_hd__clkbuf_1)
                                                         net1 (net)
                      0.038333    0.000114   10.087601 v wire672/A (sky130_fd_sc_hd__clkbuf_1)
     1    0.005822    0.042435    0.098683   10.186283 v wire672/X (sky130_fd_sc_hd__clkbuf_1)
                                                         net672 (net)
                      0.042435    0.000151   10.186434 v fanout671/A (sky130_fd_sc_hd__buf_4)
     8    0.082221    0.110311    0.207469   10.393903 v fanout671/X (sky130_fd_sc_hd__buf_4)
                                                         net671 (net)
                      0.111821    0.010325   10.404228 v fanout667/A (sky130_fd_sc_hd__buf_4)
    10    0.057482    0.081919    0.222382   10.626610 v fanout667/X (sky130_fd_sc_hd__buf_4)
                                                         net667 (net)
                      0.081956    0.001656   10.628266 v _541_/A (sky130_fd_sc_hd__inv_2)
     1    0.003843    0.033297    0.057613   10.685879 ^ _541_/Y (sky130_fd_sc_hd__inv_2)
                                                         _023_ (net)
                      0.033297    0.000026   10.685905 ^ _615_/RESET_B (sky130_fd_sc_hd__dfrtp_1)
                                             10.685905   data arrival time

                                  0.000000    0.000000   clock clk (rise edge)
                                  0.000000    0.000000   clock source latency
     1    0.030636    0.143136    0.099091    0.099091 ^ clk (in)
                                                         clk (net)
                      0.143142    0.000000    0.099091 ^ clkbuf_0_clk/A (sky130_fd_sc_hd__clkbuf_16)
     8    0.130486    0.143741    0.240533    0.339624 ^ clkbuf_0_clk/X (sky130_fd_sc_hd__clkbuf_16)
                                                         clknet_0_clk (net)
                      0.143851    0.001902    0.341526 ^ clkbuf_3_6__f_clk/A (sky130_fd_sc_hd__clkbuf_16)
    12    0.044451    0.064237    0.180106    0.521632 ^ clkbuf_3_6__f_clk/X (sky130_fd_sc_hd__clkbuf_16)
                                                         clknet_3_6__leaf_clk (net)
                      0.064241    0.000565    0.522197 ^ _615_/CLK (sky130_fd_sc_hd__dfrtp_1)
                                  0.250000    0.772197   clock uncertainty
                                  0.000000    0.772197   clock reconvergence pessimism
                                  0.322275    1.094472   library removal time
                                              1.094472   data required time
---------------------------------------------------------------------------------------------
                                              1.094472   data required time
                                            -10.685905   data arrival time
---------------------------------------------------------------------------------------------
                                              9.591433   slack (MET)


Startpoint: rst (input port clocked by clk)
Endpoint: _613_ (removal check against rising-edge clock clk)
Path Group: asynchronous
Path Type: min

Fanout         Cap        Slew       Delay        Time   Description
---------------------------------------------------------------------------------------------
                                  0.000000    0.000000   clock clk (rise edge)
                                  0.000000    0.000000   clock network delay (propagated)
                                 10.000000   10.000000 v input external delay
     1    0.002822    0.008682    0.004458   10.004458 v rst (in)
                                                         rst (net)
                      0.008682    0.000000   10.004458 v input1/A (sky130_fd_sc_hd__clkbuf_1)
     1    0.005082    0.038333    0.083029   10.087486 v input1/X (sky130_fd_sc_hd__clkbuf_1)
                                                         net1 (net)
                      0.038333    0.000114   10.087601 v wire672/A (sky130_fd_sc_hd__clkbuf_1)
     1    0.005822    0.042435    0.098683   10.186283 v wire672/X (sky130_fd_sc_hd__clkbuf_1)
                                                         net672 (net)
                      0.042435    0.000151   10.186434 v fanout671/A (sky130_fd_sc_hd__buf_4)
     8    0.082221    0.110311    0.207469   10.393903 v fanout671/X (sky130_fd_sc_hd__buf_4)
                                                         net671 (net)
                      0.111821    0.010325   10.404228 v fanout667/A (sky130_fd_sc_hd__buf_4)
    10    0.057482    0.081919    0.222382   10.626610 v fanout667/X (sky130_fd_sc_hd__buf_4)
                                                         net667 (net)
                      0.081949    0.001524   10.628134 v _539_/A (sky130_fd_sc_hd__inv_2)
     1    0.003957    0.033715    0.058139   10.686274 ^ _539_/Y (sky130_fd_sc_hd__inv_2)
                                                         _021_ (net)
                      0.033715    0.000029   10.686303 ^ _613_/RESET_B (sky130_fd_sc_hd__dfrtp_1)
                                             10.686303   data arrival time

                                  0.000000    0.000000   clock clk (rise edge)
                                  0.000000    0.000000   clock source latency
     1    0.030636    0.143136    0.099091    0.099091 ^ clk (in)
                                                         clk (net)
                      0.143142    0.000000    0.099091 ^ clkbuf_0_clk/A (sky130_fd_sc_hd__clkbuf_16)
     8    0.130486    0.143741    0.240533    0.339624 ^ clkbuf_0_clk/X (sky130_fd_sc_hd__clkbuf_16)
                                                         clknet_0_clk (net)
                      0.143851    0.001902    0.341526 ^ clkbuf_3_6__f_clk/A (sky130_fd_sc_hd__clkbuf_16)
    12    0.044451    0.064237    0.180106    0.521632 ^ clkbuf_3_6__f_clk/X (sky130_fd_sc_hd__clkbuf_16)
                                                         clknet_3_6__leaf_clk (net)
                      0.064239    0.000465    0.522097 ^ _613_/CLK (sky130_fd_sc_hd__dfrtp_1)
                                  0.250000    0.772097   clock uncertainty
                                  0.000000    0.772097   clock reconvergence pessimism
                                  0.322390    1.094486   library removal time
                                              1.094486   data required time
---------------------------------------------------------------------------------------------
                                              1.094486   data required time
                                            -10.686303   data arrival time
---------------------------------------------------------------------------------------------
                                              9.591817   slack (MET)


Startpoint: rst (input port clocked by clk)
Endpoint: _607_ (removal check against rising-edge clock clk)
Path Group: asynchronous
Path Type: min

Fanout         Cap        Slew       Delay        Time   Description
---------------------------------------------------------------------------------------------
                                  0.000000    0.000000   clock clk (rise edge)
                                  0.000000    0.000000   clock network delay (propagated)
                                 10.000000   10.000000 v input external delay
     1    0.002822    0.008682    0.004458   10.004458 v rst (in)
                                                         rst (net)
                      0.008682    0.000000   10.004458 v input1/A (sky130_fd_sc_hd__clkbuf_1)
     1    0.005082    0.038333    0.083029   10.087486 v input1/X (sky130_fd_sc_hd__clkbuf_1)
                                                         net1 (net)
                      0.038333    0.000114   10.087601 v wire672/A (sky130_fd_sc_hd__clkbuf_1)
     1    0.005822    0.042435    0.098683   10.186283 v wire672/X (sky130_fd_sc_hd__clkbuf_1)
                                                         net672 (net)
                      0.042435    0.000151   10.186434 v fanout671/A (sky130_fd_sc_hd__buf_4)
     8    0.082221    0.110311    0.207469   10.393903 v fanout671/X (sky130_fd_sc_hd__buf_4)
                                                         net671 (net)
                      0.111432    0.008955   10.402858 v fanout665/A (sky130_fd_sc_hd__buf_4)
    10    0.052852    0.080543    0.218017   10.620874 v fanout665/X (sky130_fd_sc_hd__buf_4)
                                                         net665 (net)
                      0.080561    0.001158   10.622032 v _533_/A (sky130_fd_sc_hd__inv_2)
     1    0.005128    0.037560    0.062085   10.684118 ^ _533_/Y (sky130_fd_sc_hd__inv_2)
                                                         _015_ (net)
                      0.037560    0.000067   10.684184 ^ _607_/RESET_B (sky130_fd_sc_hd__dfrtp_1)
                                             10.684184   data arrival time

                                  0.000000    0.000000   clock clk (rise edge)
                                  0.000000    0.000000   clock source latency
     1    0.030636    0.143136    0.099091    0.099091 ^ clk (in)
                                                         clk (net)
                      0.143142    0.000000    0.099091 ^ clkbuf_0_clk/A (sky130_fd_sc_hd__clkbuf_16)
     8    0.130486    0.143741    0.240533    0.339624 ^ clkbuf_0_clk/X (sky130_fd_sc_hd__clkbuf_16)
                                                         clknet_0_clk (net)
                      0.143931    0.003332    0.342956 ^ clkbuf_3_1__f_clk/A (sky130_fd_sc_hd__clkbuf_16)
     9    0.039664    0.059990    0.176602    0.519558 ^ clkbuf_3_1__f_clk/X (sky130_fd_sc_hd__clkbuf_16)
                                                         clknet_3_1__leaf_clk (net)
                      0.059994    0.000452    0.520010 ^ _607_/CLK (sky130_fd_sc_hd__dfrtp_1)
                                  0.250000    0.770010   clock uncertainty
                                  0.000000    0.770010   clock reconvergence pessimism
                                  0.322289    1.092299   library removal time
                                              1.092299   data required time
---------------------------------------------------------------------------------------------
                                              1.092299   data required time
                                            -10.684184   data arrival time
---------------------------------------------------------------------------------------------
                                              9.591886   slack (MET)


Startpoint: rst (input port clocked by clk)
Endpoint: _646_ (removal check against rising-edge clock clk)
Path Group: asynchronous
Path Type: min

Fanout         Cap        Slew       Delay        Time   Description
---------------------------------------------------------------------------------------------
                                  0.000000    0.000000   clock clk (rise edge)
                                  0.000000    0.000000   clock network delay (propagated)
                                 10.000000   10.000000 v input external delay
     1    0.002822    0.008682    0.004458   10.004458 v rst (in)
                                                         rst (net)
                      0.008682    0.000000   10.004458 v input1/A (sky130_fd_sc_hd__clkbuf_1)
     1    0.005082    0.038333    0.083029   10.087486 v input1/X (sky130_fd_sc_hd__clkbuf_1)
                                                         net1 (net)
                      0.038333    0.000114   10.087601 v wire672/A (sky130_fd_sc_hd__clkbuf_1)
     1    0.005822    0.042435    0.098683   10.186283 v wire672/X (sky130_fd_sc_hd__clkbuf_1)
                                                         net672 (net)
                      0.042435    0.000151   10.186434 v fanout671/A (sky130_fd_sc_hd__buf_4)
     8    0.082221    0.110311    0.207469   10.393903 v fanout671/X (sky130_fd_sc_hd__buf_4)
                                                         net671 (net)
                      0.111729    0.010018   10.403921 v fanout666/A (sky130_fd_sc_hd__buf_4)
     9    0.052303    0.079925    0.217509   10.621429 v fanout666/X (sky130_fd_sc_hd__buf_4)
                                                         net666 (net)
                      0.079939    0.001018   10.622447 v _572_/A (sky130_fd_sc_hd__inv_2)
     1    0.004975    0.036900    0.061333   10.683781 ^ _572_/Y (sky130_fd_sc_hd__inv_2)
                                                         _054_ (net)
                      0.036900    0.000057   10.683837 ^ _646_/RESET_B (sky130_fd_sc_hd__dfrtp_1)
                                             10.683837   data arrival time

                                  0.000000    0.000000   clock clk (rise edge)
                                  0.000000    0.000000   clock source latency
     1    0.030636    0.143136    0.099091    0.099091 ^ clk (in)
                                                         clk (net)
                      0.143142    0.000000    0.099091 ^ clkbuf_0_clk/A (sky130_fd_sc_hd__clkbuf_16)
     8    0.130486    0.143741    0.240533    0.339624 ^ clkbuf_0_clk/X (sky130_fd_sc_hd__clkbuf_16)
                                                         clknet_0_clk (net)
                      0.143931    0.003332    0.342956 ^ clkbuf_3_1__f_clk/A (sky130_fd_sc_hd__clkbuf_16)
     9    0.039664    0.059990    0.176602    0.519558 ^ clkbuf_3_1__f_clk/X (sky130_fd_sc_hd__clkbuf_16)
                                                         clknet_3_1__leaf_clk (net)
                      0.059990    0.000146    0.519704 ^ _646_/CLK (sky130_fd_sc_hd__dfrtp_1)
                                  0.250000    0.769704   clock uncertainty
                                  0.000000    0.769704   clock reconvergence pessimism
                                  0.322107    1.091811   library removal time
                                              1.091811   data required time
---------------------------------------------------------------------------------------------
                                              1.091811   data required time
                                            -10.683837   data arrival time
---------------------------------------------------------------------------------------------
                                              9.592026   slack (MET)


Startpoint: rst (input port clocked by clk)
Endpoint: _618_ (removal check against rising-edge clock clk)
Path Group: asynchronous
Path Type: min

Fanout         Cap        Slew       Delay        Time   Description
---------------------------------------------------------------------------------------------
                                  0.000000    0.000000   clock clk (rise edge)
                                  0.000000    0.000000   clock network delay (propagated)
                                 10.000000   10.000000 v input external delay
     1    0.002822    0.008682    0.004458   10.004458 v rst (in)
                                                         rst (net)
                      0.008682    0.000000   10.004458 v input1/A (sky130_fd_sc_hd__clkbuf_1)
     1    0.005082    0.038333    0.083029   10.087486 v input1/X (sky130_fd_sc_hd__clkbuf_1)
                                                         net1 (net)
                      0.038333    0.000114   10.087601 v wire672/A (sky130_fd_sc_hd__clkbuf_1)
     1    0.005822    0.042435    0.098683   10.186283 v wire672/X (sky130_fd_sc_hd__clkbuf_1)
                                                         net672 (net)
                      0.042435    0.000151   10.186434 v fanout671/A (sky130_fd_sc_hd__buf_4)
     8    0.082221    0.110311    0.207469   10.393903 v fanout671/X (sky130_fd_sc_hd__buf_4)
                                                         net671 (net)
                      0.111821    0.010325   10.404228 v fanout667/A (sky130_fd_sc_hd__buf_4)
    10    0.057482    0.081919    0.222382   10.626610 v fanout667/X (sky130_fd_sc_hd__buf_4)
                                                         net667 (net)
                      0.081969    0.001885   10.628495 v _544_/A (sky130_fd_sc_hd__inv_2)
     1    0.004186    0.034566    0.059199   10.687694 ^ _544_/Y (sky130_fd_sc_hd__inv_2)
                                                         _026_ (net)
                      0.034566    0.000032   10.687726 ^ _618_/RESET_B (sky130_fd_sc_hd__dfrtp_1)
                                             10.687726   data arrival time

                                  0.000000    0.000000   clock clk (rise edge)
                                  0.000000    0.000000   clock source latency
     1    0.030636    0.143136    0.099091    0.099091 ^ clk (in)
                                                         clk (net)
                      0.143142    0.000000    0.099091 ^ clkbuf_0_clk/A (sky130_fd_sc_hd__clkbuf_16)
     8    0.130486    0.143741    0.240533    0.339624 ^ clkbuf_0_clk/X (sky130_fd_sc_hd__clkbuf_16)
                                                         clknet_0_clk (net)
                      0.143899    0.002841    0.342465 ^ clkbuf_3_7__f_clk/A (sky130_fd_sc_hd__clkbuf_16)
     7    0.043903    0.063730    0.179650    0.522115 ^ clkbuf_3_7__f_clk/X (sky130_fd_sc_hd__clkbuf_16)
                                                         clknet_3_7__leaf_clk (net)
                      0.063747    0.000958    0.523074 ^ _618_/CLK (sky130_fd_sc_hd__dfrtp_1)
                                  0.250000    0.773074   clock uncertainty
                                  0.000000    0.773074   clock reconvergence pessimism
                                  0.322489    1.095563   library removal time
                                              1.095563   data required time
---------------------------------------------------------------------------------------------
                                              1.095563   data required time
                                            -10.687726   data arrival time
---------------------------------------------------------------------------------------------
                                              9.592163   slack (MET)


Startpoint: rst (input port clocked by clk)
Endpoint: _642_ (removal check against rising-edge clock clk)
Path Group: asynchronous
Path Type: min

Fanout         Cap        Slew       Delay        Time   Description
---------------------------------------------------------------------------------------------
                                  0.000000    0.000000   clock clk (rise edge)
                                  0.000000    0.000000   clock network delay (propagated)
                                 10.000000   10.000000 v input external delay
     1    0.002822    0.008682    0.004458   10.004458 v rst (in)
                                                         rst (net)
                      0.008682    0.000000   10.004458 v input1/A (sky130_fd_sc_hd__clkbuf_1)
     1    0.005082    0.038333    0.083029   10.087486 v input1/X (sky130_fd_sc_hd__clkbuf_1)
                                                         net1 (net)
                      0.038333    0.000114   10.087601 v wire672/A (sky130_fd_sc_hd__clkbuf_1)
     1    0.005822    0.042435    0.098683   10.186283 v wire672/X (sky130_fd_sc_hd__clkbuf_1)
                                                         net672 (net)
                      0.042435    0.000151   10.186434 v fanout671/A (sky130_fd_sc_hd__buf_4)
     8    0.082221    0.110311    0.207469   10.393903 v fanout671/X (sky130_fd_sc_hd__buf_4)
                                                         net671 (net)
                      0.111432    0.008955   10.402858 v fanout665/A (sky130_fd_sc_hd__buf_4)
    10    0.052852    0.080543    0.218017   10.620874 v fanout665/X (sky130_fd_sc_hd__buf_4)
                                                         net665 (net)
                      0.080543    0.000164   10.621038 v _568_/A (sky130_fd_sc_hd__inv_2)
     1    0.005729    0.039662    0.064120   10.685159 ^ _568_/Y (sky130_fd_sc_hd__inv_2)
                                                         _050_ (net)
                      0.039662    0.000068   10.685227 ^ _642_/RESET_B (sky130_fd_sc_hd__dfrtp_1)
                                             10.685227   data arrival time

                                  0.000000    0.000000   clock clk (rise edge)
                                  0.000000    0.000000   clock source latency
     1    0.030636    0.143136    0.099091    0.099091 ^ clk (in)
                                                         clk (net)
                      0.143142    0.000000    0.099091 ^ clkbuf_0_clk/A (sky130_fd_sc_hd__clkbuf_16)
     8    0.130486    0.143741    0.240533    0.339624 ^ clkbuf_0_clk/X (sky130_fd_sc_hd__clkbuf_16)
                                                         clknet_0_clk (net)
                      0.143971    0.003845    0.343469 ^ clkbuf_3_0__f_clk/A (sky130_fd_sc_hd__clkbuf_16)
     7    0.039504    0.059861    0.176543    0.520012 ^ clkbuf_3_0__f_clk/X (sky130_fd_sc_hd__clkbuf_16)
                                                         clknet_3_0__leaf_clk (net)
                      0.059861    0.000171    0.520183 ^ _642_/CLK (sky130_fd_sc_hd__dfrtp_1)
                                  0.250000    0.770183   clock uncertainty
                                  0.000000    0.770183   clock reconvergence pessimism
                                  0.322831    1.093015   library removal time
                                              1.093015   data required time
---------------------------------------------------------------------------------------------
                                              1.093015   data required time
                                            -10.685227   data arrival time
---------------------------------------------------------------------------------------------
                                              9.592213   slack (MET)


Startpoint: rst (input port clocked by clk)
Endpoint: _616_ (removal check against rising-edge clock clk)
Path Group: asynchronous
Path Type: min

Fanout         Cap        Slew       Delay        Time   Description
---------------------------------------------------------------------------------------------
                                  0.000000    0.000000   clock clk (rise edge)
                                  0.000000    0.000000   clock network delay (propagated)
                                 10.000000   10.000000 v input external delay
     1    0.002822    0.008682    0.004458   10.004458 v rst (in)
                                                         rst (net)
                      0.008682    0.000000   10.004458 v input1/A (sky130_fd_sc_hd__clkbuf_1)
     1    0.005082    0.038333    0.083029   10.087486 v input1/X (sky130_fd_sc_hd__clkbuf_1)
                                                         net1 (net)
                      0.038333    0.000114   10.087601 v wire672/A (sky130_fd_sc_hd__clkbuf_1)
     1    0.005822    0.042435    0.098683   10.186283 v wire672/X (sky130_fd_sc_hd__clkbuf_1)
                                                         net672 (net)
                      0.042435    0.000151   10.186434 v fanout671/A (sky130_fd_sc_hd__buf_4)
     8    0.082221    0.110311    0.207469   10.393903 v fanout671/X (sky130_fd_sc_hd__buf_4)
                                                         net671 (net)
                      0.111821    0.010325   10.404228 v fanout667/A (sky130_fd_sc_hd__buf_4)
    10    0.057482    0.081919    0.222382   10.626610 v fanout667/X (sky130_fd_sc_hd__buf_4)
                                                         net667 (net)
                      0.081966    0.001831   10.628441 v _542_/A (sky130_fd_sc_hd__inv_2)
     1    0.004419    0.035422    0.060204   10.688645 ^ _542_/Y (sky130_fd_sc_hd__inv_2)
                                                         _024_ (net)
                      0.035422    0.000042   10.688686 ^ _616_/RESET_B (sky130_fd_sc_hd__dfrtp_1)
                                             10.688686   data arrival time

                                  0.000000    0.000000   clock clk (rise edge)
                                  0.000000    0.000000   clock source latency
     1    0.030636    0.143136    0.099091    0.099091 ^ clk (in)
                                                         clk (net)
                      0.143142    0.000000    0.099091 ^ clkbuf_0_clk/A (sky130_fd_sc_hd__clkbuf_16)
     8    0.130486    0.143741    0.240533    0.339624 ^ clkbuf_0_clk/X (sky130_fd_sc_hd__clkbuf_16)
                                                         clknet_0_clk (net)
                      0.143899    0.002841    0.342465 ^ clkbuf_3_7__f_clk/A (sky130_fd_sc_hd__clkbuf_16)
     7    0.043903    0.063730    0.179650    0.522115 ^ clkbuf_3_7__f_clk/X (sky130_fd_sc_hd__clkbuf_16)
                                                         clknet_3_7__leaf_clk (net)
                      0.063744    0.000888    0.523003 ^ _616_/CLK (sky130_fd_sc_hd__dfrtp_1)
                                  0.250000    0.773003   clock uncertainty
                                  0.000000    0.773003   clock reconvergence pessimism
                                  0.322724    1.095727   library removal time
                                              1.095727   data required time
---------------------------------------------------------------------------------------------
                                              1.095727   data required time
                                            -10.688686   data arrival time
---------------------------------------------------------------------------------------------
                                              9.592959   slack (MET)


Startpoint: rst (input port clocked by clk)
Endpoint: _636_ (removal check against rising-edge clock clk)
Path Group: asynchronous
Path Type: min

Fanout         Cap        Slew       Delay        Time   Description
---------------------------------------------------------------------------------------------
                                  0.000000    0.000000   clock clk (rise edge)
                                  0.000000    0.000000   clock network delay (propagated)
                                 10.000000   10.000000 v input external delay
     1    0.002822    0.008682    0.004458   10.004458 v rst (in)
                                                         rst (net)
                      0.008682    0.000000   10.004458 v input1/A (sky130_fd_sc_hd__clkbuf_1)
     1    0.005082    0.038333    0.083029   10.087486 v input1/X (sky130_fd_sc_hd__clkbuf_1)
                                                         net1 (net)
                      0.038333    0.000114   10.087601 v wire672/A (sky130_fd_sc_hd__clkbuf_1)
     1    0.005822    0.042435    0.098683   10.186283 v wire672/X (sky130_fd_sc_hd__clkbuf_1)
                                                         net672 (net)
                      0.042435    0.000151   10.186434 v fanout671/A (sky130_fd_sc_hd__buf_4)
     8    0.082221    0.110311    0.207469   10.393903 v fanout671/X (sky130_fd_sc_hd__buf_4)
                                                         net671 (net)
                      0.110311    0.000139   10.394042 v fanout663/A (sky130_fd_sc_hd__buf_4)
    10    0.065002    0.090589    0.225977   10.620020 v fanout663/X (sky130_fd_sc_hd__buf_4)
                                                         net663 (net)
                      0.091157    0.005342   10.625361 v _562_/A (sky130_fd_sc_hd__inv_2)
     1    0.003997    0.035828    0.061628   10.686990 ^ _562_/Y (sky130_fd_sc_hd__inv_2)
                                                         _044_ (net)
                      0.035828    0.000030   10.687019 ^ _636_/RESET_B (sky130_fd_sc_hd__dfrtp_1)
                                             10.687019   data arrival time

                                  0.000000    0.000000   clock clk (rise edge)
                                  0.000000    0.000000   clock source latency
     1    0.030636    0.143136    0.099091    0.099091 ^ clk (in)
                                                         clk (net)
                      0.143142    0.000000    0.099091 ^ clkbuf_0_clk/A (sky130_fd_sc_hd__clkbuf_16)
     8    0.130486    0.143741    0.240533    0.339624 ^ clkbuf_0_clk/X (sky130_fd_sc_hd__clkbuf_16)
                                                         clknet_0_clk (net)
                      0.144000    0.004178    0.343802 ^ clkbuf_3_3__f_clk/A (sky130_fd_sc_hd__clkbuf_16)
    10    0.040553    0.060757    0.177202    0.521004 ^ clkbuf_3_3__f_clk/X (sky130_fd_sc_hd__clkbuf_16)
                                                         clknet_3_3__leaf_clk (net)
                      0.060766    0.000694    0.521698 ^ _636_/CLK (sky130_fd_sc_hd__dfrtp_1)
                                  0.250000    0.771698   clock uncertainty
                                  0.000000    0.771698   clock reconvergence pessimism
                                  0.322024    1.093722   library removal time
                                              1.093722   data required time
---------------------------------------------------------------------------------------------
                                              1.093722   data required time
                                            -10.687019   data arrival time
---------------------------------------------------------------------------------------------
                                              9.593298   slack (MET)


Startpoint: rst (input port clocked by clk)
Endpoint: _640_ (removal check against rising-edge clock clk)
Path Group: asynchronous
Path Type: min

Fanout         Cap        Slew       Delay        Time   Description
---------------------------------------------------------------------------------------------
                                  0.000000    0.000000   clock clk (rise edge)
                                  0.000000    0.000000   clock network delay (propagated)
                                 10.000000   10.000000 v input external delay
     1    0.002822    0.008682    0.004458   10.004458 v rst (in)
                                                         rst (net)
                      0.008682    0.000000   10.004458 v input1/A (sky130_fd_sc_hd__clkbuf_1)
     1    0.005082    0.038333    0.083029   10.087486 v input1/X (sky130_fd_sc_hd__clkbuf_1)
                                                         net1 (net)
                      0.038333    0.000114   10.087601 v wire672/A (sky130_fd_sc_hd__clkbuf_1)
     1    0.005822    0.042435    0.098683   10.186283 v wire672/X (sky130_fd_sc_hd__clkbuf_1)
                                                         net672 (net)
                      0.042435    0.000151   10.186434 v fanout671/A (sky130_fd_sc_hd__buf_4)
     8    0.082221    0.110311    0.207469   10.393903 v fanout671/X (sky130_fd_sc_hd__buf_4)
                                                         net671 (net)
                      0.110311    0.000139   10.394042 v fanout663/A (sky130_fd_sc_hd__buf_4)
    10    0.065002    0.090589    0.225977   10.620020 v fanout663/X (sky130_fd_sc_hd__buf_4)
                                                         net663 (net)
                      0.091270    0.005909   10.625929 v _566_/A (sky130_fd_sc_hd__inv_2)
     1    0.003865    0.035343    0.061017   10.686946 ^ _566_/Y (sky130_fd_sc_hd__inv_2)
                                                         _048_ (net)
                      0.035343    0.000028   10.686975 ^ _640_/RESET_B (sky130_fd_sc_hd__dfrtp_1)
                                             10.686975   data arrival time

                                  0.000000    0.000000   clock clk (rise edge)
                                  0.000000    0.000000   clock source latency
     1    0.030636    0.143136    0.099091    0.099091 ^ clk (in)
                                                         clk (net)
                      0.143142    0.000000    0.099091 ^ clkbuf_0_clk/A (sky130_fd_sc_hd__clkbuf_16)
     8    0.130486    0.143741    0.240533    0.339624 ^ clkbuf_0_clk/X (sky130_fd_sc_hd__clkbuf_16)
                                                         clknet_0_clk (net)
                      0.144000    0.004178    0.343802 ^ clkbuf_3_3__f_clk/A (sky130_fd_sc_hd__clkbuf_16)
    10    0.040553    0.060757    0.177202    0.521004 ^ clkbuf_3_3__f_clk/X (sky130_fd_sc_hd__clkbuf_16)
                                                         clknet_3_3__leaf_clk (net)
                      0.060757    0.000290    0.521295 ^ _640_/CLK (sky130_fd_sc_hd__dfrtp_1)
                                  0.250000    0.771295   clock uncertainty
                                  0.000000    0.771295   clock reconvergence pessimism
                                  0.321888    1.093183   library removal time
                                              1.093183   data required time
---------------------------------------------------------------------------------------------
                                              1.093183   data required time
                                            -10.686975   data arrival time
---------------------------------------------------------------------------------------------
                                              9.593792   slack (MET)


Startpoint: rst (input port clocked by clk)
Endpoint: _639_ (removal check against rising-edge clock clk)
Path Group: asynchronous
Path Type: min

Fanout         Cap        Slew       Delay        Time   Description
---------------------------------------------------------------------------------------------
                                  0.000000    0.000000   clock clk (rise edge)
                                  0.000000    0.000000   clock network delay (propagated)
                                 10.000000   10.000000 v input external delay
     1    0.002822    0.008682    0.004458   10.004458 v rst (in)
                                                         rst (net)
                      0.008682    0.000000   10.004458 v input1/A (sky130_fd_sc_hd__clkbuf_1)
     1    0.005082    0.038333    0.083029   10.087486 v input1/X (sky130_fd_sc_hd__clkbuf_1)
                                                         net1 (net)
                      0.038333    0.000114   10.087601 v wire672/A (sky130_fd_sc_hd__clkbuf_1)
     1    0.005822    0.042435    0.098683   10.186283 v wire672/X (sky130_fd_sc_hd__clkbuf_1)
                                                         net672 (net)
                      0.042435    0.000151   10.186434 v fanout671/A (sky130_fd_sc_hd__buf_4)
     8    0.082221    0.110311    0.207469   10.393903 v fanout671/X (sky130_fd_sc_hd__buf_4)
                                                         net671 (net)
                      0.110311    0.000139   10.394042 v fanout663/A (sky130_fd_sc_hd__buf_4)
    10    0.065002    0.090589    0.225977   10.620020 v fanout663/X (sky130_fd_sc_hd__buf_4)
                                                         net663 (net)
                      0.091288    0.005998   10.626018 v _565_/A (sky130_fd_sc_hd__inv_2)
     1    0.003932    0.035604    0.061354   10.687371 ^ _565_/Y (sky130_fd_sc_hd__inv_2)
                                                         _047_ (net)
                      0.035604    0.000028   10.687400 ^ _639_/RESET_B (sky130_fd_sc_hd__dfrtp_1)
                                             10.687400   data arrival time

                                  0.000000    0.000000   clock clk (rise edge)
                                  0.000000    0.000000   clock source latency
     1    0.030636    0.143136    0.099091    0.099091 ^ clk (in)
                                                         clk (net)
                      0.143142    0.000000    0.099091 ^ clkbuf_0_clk/A (sky130_fd_sc_hd__clkbuf_16)
     8    0.130486    0.143741    0.240533    0.339624 ^ clkbuf_0_clk/X (sky130_fd_sc_hd__clkbuf_16)
                                                         clknet_0_clk (net)
                      0.144000    0.004178    0.343802 ^ clkbuf_3_3__f_clk/A (sky130_fd_sc_hd__clkbuf_16)
    10    0.040553    0.060757    0.177202    0.521004 ^ clkbuf_3_3__f_clk/X (sky130_fd_sc_hd__clkbuf_16)
                                                         clknet_3_3__leaf_clk (net)
                      0.060757    0.000250    0.521254 ^ _639_/CLK (sky130_fd_sc_hd__dfrtp_1)
                                  0.250000    0.771254   clock uncertainty
                                  0.000000    0.771254   clock reconvergence pessimism
                                  0.321959    1.093214   library removal time
                                              1.093214   data required time
---------------------------------------------------------------------------------------------
                                              1.093214   data required time
                                            -10.687400   data arrival time
---------------------------------------------------------------------------------------------
                                              9.594186   slack (MET)


Startpoint: rst (input port clocked by clk)
Endpoint: _601_ (removal check against rising-edge clock clk)
Path Group: asynchronous
Path Type: min

Fanout         Cap        Slew       Delay        Time   Description
---------------------------------------------------------------------------------------------
                                  0.000000    0.000000   clock clk (rise edge)
                                  0.000000    0.000000   clock network delay (propagated)
                                 10.000000   10.000000 v input external delay
     1    0.002822    0.008682    0.004458   10.004458 v rst (in)
                                                         rst (net)
                      0.008682    0.000000   10.004458 v input1/A (sky130_fd_sc_hd__clkbuf_1)
     1    0.005082    0.038333    0.083029   10.087486 v input1/X (sky130_fd_sc_hd__clkbuf_1)
                                                         net1 (net)
                      0.038333    0.000114   10.087601 v wire672/A (sky130_fd_sc_hd__clkbuf_1)
     1    0.005822    0.042435    0.098683   10.186283 v wire672/X (sky130_fd_sc_hd__clkbuf_1)
                                                         net672 (net)
                      0.042435    0.000151   10.186434 v fanout671/A (sky130_fd_sc_hd__buf_4)
     8    0.082221    0.110311    0.207469   10.393903 v fanout671/X (sky130_fd_sc_hd__buf_4)
                                                         net671 (net)
                      0.110311    0.000139   10.394042 v fanout663/A (sky130_fd_sc_hd__buf_4)
    10    0.065002    0.090589    0.225977   10.620020 v fanout663/X (sky130_fd_sc_hd__buf_4)
                                                         net663 (net)
                      0.091281    0.005963   10.625983 v _527_/A (sky130_fd_sc_hd__inv_2)
     1    0.004117    0.036323    0.062272   10.688255 ^ _527_/Y (sky130_fd_sc_hd__inv_2)
                                                         _009_ (net)
                      0.036323    0.000017   10.688272 ^ _601_/RESET_B (sky130_fd_sc_hd__dfrtp_1)
                                             10.688272   data arrival time

                                  0.000000    0.000000   clock clk (rise edge)
                                  0.000000    0.000000   clock source latency
     1    0.030636    0.143136    0.099091    0.099091 ^ clk (in)
                                                         clk (net)
                      0.143142    0.000000    0.099091 ^ clkbuf_0_clk/A (sky130_fd_sc_hd__clkbuf_16)
     8    0.130486    0.143741    0.240533    0.339624 ^ clkbuf_0_clk/X (sky130_fd_sc_hd__clkbuf_16)
                                                         clknet_0_clk (net)
                      0.144000    0.004178    0.343802 ^ clkbuf_3_3__f_clk/A (sky130_fd_sc_hd__clkbuf_16)
    10    0.040553    0.060757    0.177202    0.521004 ^ clkbuf_3_3__f_clk/X (sky130_fd_sc_hd__clkbuf_16)
                                                         clknet_3_3__leaf_clk (net)
                      0.060770    0.000803    0.521807 ^ _601_/CLK (sky130_fd_sc_hd__dfrtp_1)
                                  0.250000    0.771807   clock uncertainty
                                  0.000000    0.771807   clock reconvergence pessimism
                                  0.322161    1.093968   library removal time
                                              1.093968   data required time
---------------------------------------------------------------------------------------------
                                              1.093968   data required time
                                            -10.688272   data arrival time
---------------------------------------------------------------------------------------------
                                              9.594304   slack (MET)


Startpoint: rst (input port clocked by clk)
Endpoint: _635_ (removal check against rising-edge clock clk)
Path Group: asynchronous
Path Type: min

Fanout         Cap        Slew       Delay        Time   Description
---------------------------------------------------------------------------------------------
                                  0.000000    0.000000   clock clk (rise edge)
                                  0.000000    0.000000   clock network delay (propagated)
                                 10.000000   10.000000 v input external delay
     1    0.002822    0.008682    0.004458   10.004458 v rst (in)
                                                         rst (net)
                      0.008682    0.000000   10.004458 v input1/A (sky130_fd_sc_hd__clkbuf_1)
     1    0.005082    0.038333    0.083029   10.087486 v input1/X (sky130_fd_sc_hd__clkbuf_1)
                                                         net1 (net)
                      0.038333    0.000114   10.087601 v wire672/A (sky130_fd_sc_hd__clkbuf_1)
     1    0.005822    0.042435    0.098683   10.186283 v wire672/X (sky130_fd_sc_hd__clkbuf_1)
                                                         net672 (net)
                      0.042435    0.000151   10.186434 v fanout671/A (sky130_fd_sc_hd__buf_4)
     8    0.082221    0.110311    0.207469   10.393903 v fanout671/X (sky130_fd_sc_hd__buf_4)
                                                         net671 (net)
                      0.110311    0.000139   10.394042 v fanout663/A (sky130_fd_sc_hd__buf_4)
    10    0.065002    0.090589    0.225977   10.620020 v fanout663/X (sky130_fd_sc_hd__buf_4)
                                                         net663 (net)
                      0.091094    0.005001   10.625021 v _561_/A (sky130_fd_sc_hd__inv_2)
     1    0.004349    0.037200    0.063344   10.688365 ^ _561_/Y (sky130_fd_sc_hd__inv_2)
                                                         _043_ (net)
                      0.037200    0.000022   10.688387 ^ _635_/RESET_B (sky130_fd_sc_hd__dfrtp_1)
                                             10.688387   data arrival time

                                  0.000000    0.000000   clock clk (rise edge)
                                  0.000000    0.000000   clock source latency
     1    0.030636    0.143136    0.099091    0.099091 ^ clk (in)
                                                         clk (net)
                      0.143142    0.000000    0.099091 ^ clkbuf_0_clk/A (sky130_fd_sc_hd__clkbuf_16)
     8    0.130486    0.143741    0.240533    0.339624 ^ clkbuf_0_clk/X (sky130_fd_sc_hd__clkbuf_16)
                                                         clknet_0_clk (net)
                      0.144000    0.004178    0.343802 ^ clkbuf_3_3__f_clk/A (sky130_fd_sc_hd__clkbuf_16)
    10    0.040553    0.060757    0.177202    0.521004 ^ clkbuf_3_3__f_clk/X (sky130_fd_sc_hd__clkbuf_16)
                                                         clknet_3_3__leaf_clk (net)
                      0.060764    0.000628    0.521632 ^ _635_/CLK (sky130_fd_sc_hd__dfrtp_1)
                                  0.250000    0.771632   clock uncertainty
                                  0.000000    0.771632   clock reconvergence pessimism
                                  0.322400    1.094033   library removal time
                                              1.094033   data required time
---------------------------------------------------------------------------------------------
                                              1.094033   data required time
                                            -10.688387   data arrival time
---------------------------------------------------------------------------------------------
                                              9.594355   slack (MET)


Startpoint: rst (input port clocked by clk)
Endpoint: _600_ (removal check against rising-edge clock clk)
Path Group: asynchronous
Path Type: min

Fanout         Cap        Slew       Delay        Time   Description
---------------------------------------------------------------------------------------------
                                  0.000000    0.000000   clock clk (rise edge)
                                  0.000000    0.000000   clock network delay (propagated)
                                 10.000000   10.000000 v input external delay
     1    0.002822    0.008682    0.004458   10.004458 v rst (in)
                                                         rst (net)
                      0.008682    0.000000   10.004458 v input1/A (sky130_fd_sc_hd__clkbuf_1)
     1    0.005082    0.038333    0.083029   10.087486 v input1/X (sky130_fd_sc_hd__clkbuf_1)
                                                         net1 (net)
                      0.038333    0.000114   10.087601 v wire672/A (sky130_fd_sc_hd__clkbuf_1)
     1    0.005822    0.042435    0.098683   10.186283 v wire672/X (sky130_fd_sc_hd__clkbuf_1)
                                                         net672 (net)
                      0.042435    0.000151   10.186434 v fanout671/A (sky130_fd_sc_hd__buf_4)
     8    0.082221    0.110311    0.207469   10.393903 v fanout671/X (sky130_fd_sc_hd__buf_4)
                                                         net671 (net)
                      0.110311    0.000139   10.394042 v fanout663/A (sky130_fd_sc_hd__buf_4)
    10    0.065002    0.090589    0.225977   10.620020 v fanout663/X (sky130_fd_sc_hd__buf_4)
                                                         net663 (net)
                      0.091012    0.004512   10.624532 v _526_/A (sky130_fd_sc_hd__inv_2)
     1    0.004823    0.038745    0.064980   10.689512 ^ _526_/Y (sky130_fd_sc_hd__inv_2)
                                                         _008_ (net)
                      0.038745    0.000054   10.689566 ^ _600_/RESET_B (sky130_fd_sc_hd__dfrtp_1)
                                             10.689566   data arrival time

                                  0.000000    0.000000   clock clk (rise edge)
                                  0.000000    0.000000   clock source latency
     1    0.030636    0.143136    0.099091    0.099091 ^ clk (in)
                                                         clk (net)
                      0.143142    0.000000    0.099091 ^ clkbuf_0_clk/A (sky130_fd_sc_hd__clkbuf_16)
     8    0.130486    0.143741    0.240533    0.339624 ^ clkbuf_0_clk/X (sky130_fd_sc_hd__clkbuf_16)
                                                         clknet_0_clk (net)
                      0.144000    0.004178    0.343802 ^ clkbuf_3_3__f_clk/A (sky130_fd_sc_hd__clkbuf_16)
    10    0.040553    0.060757    0.177202    0.521004 ^ clkbuf_3_3__f_clk/X (sky130_fd_sc_hd__clkbuf_16)
                                                         clknet_3_3__leaf_clk (net)
                      0.060769    0.000779    0.521783 ^ _600_/CLK (sky130_fd_sc_hd__dfrtp_1)
                                  0.250000    0.771783   clock uncertainty
                                  0.000000    0.771783   clock reconvergence pessimism
                                  0.322827    1.094610   library removal time
                                              1.094610   data required time
---------------------------------------------------------------------------------------------
                                              1.094610   data required time
                                            -10.689566   data arrival time
---------------------------------------------------------------------------------------------
                                              9.594956   slack (MET)


Startpoint: rst (input port clocked by clk)
Endpoint: _634_ (removal check against rising-edge clock clk)
Path Group: asynchronous
Path Type: min

Fanout         Cap        Slew       Delay        Time   Description
---------------------------------------------------------------------------------------------
                                  0.000000    0.000000   clock clk (rise edge)
                                  0.000000    0.000000   clock network delay (propagated)
                                 10.000000   10.000000 v input external delay
     1    0.002822    0.008682    0.004458   10.004458 v rst (in)
                                                         rst (net)
                      0.008682    0.000000   10.004458 v input1/A (sky130_fd_sc_hd__clkbuf_1)
     1    0.005082    0.038333    0.083029   10.087486 v input1/X (sky130_fd_sc_hd__clkbuf_1)
                                                         net1 (net)
                      0.038333    0.000114   10.087601 v wire672/A (sky130_fd_sc_hd__clkbuf_1)
     1    0.005822    0.042435    0.098683   10.186283 v wire672/X (sky130_fd_sc_hd__clkbuf_1)
                                                         net672 (net)
                      0.042435    0.000151   10.186434 v fanout671/A (sky130_fd_sc_hd__buf_4)
     8    0.082221    0.110311    0.207469   10.393903 v fanout671/X (sky130_fd_sc_hd__buf_4)
                                                         net671 (net)
                      0.110311    0.000139   10.394042 v fanout663/A (sky130_fd_sc_hd__buf_4)
    10    0.065002    0.090589    0.225977   10.620020 v fanout663/X (sky130_fd_sc_hd__buf_4)
                                                         net663 (net)
                      0.090985    0.004337   10.624357 v _560_/A (sky130_fd_sc_hd__inv_2)
     1    0.004958    0.039183    0.065442   10.689798 ^ _560_/Y (sky130_fd_sc_hd__inv_2)
                                                         _042_ (net)
                      0.039183    0.000062   10.689861 ^ _634_/RESET_B (sky130_fd_sc_hd__dfrtp_1)
                                             10.689861   data arrival time

                                  0.000000    0.000000   clock clk (rise edge)
                                  0.000000    0.000000   clock source latency
     1    0.030636    0.143136    0.099091    0.099091 ^ clk (in)
                                                         clk (net)
                      0.143142    0.000000    0.099091 ^ clkbuf_0_clk/A (sky130_fd_sc_hd__clkbuf_16)
     8    0.130486    0.143741    0.240533    0.339624 ^ clkbuf_0_clk/X (sky130_fd_sc_hd__clkbuf_16)
                                                         clknet_0_clk (net)
                      0.144000    0.004178    0.343802 ^ clkbuf_3_3__f_clk/A (sky130_fd_sc_hd__clkbuf_16)
    10    0.040553    0.060757    0.177202    0.521004 ^ clkbuf_3_3__f_clk/X (sky130_fd_sc_hd__clkbuf_16)
                                                         clknet_3_3__leaf_clk (net)
                      0.060768    0.000736    0.521740 ^ _634_/CLK (sky130_fd_sc_hd__dfrtp_1)
                                  0.250000    0.771740   clock uncertainty
                                  0.000000    0.771740   clock reconvergence pessimism
                                  0.322947    1.094687   library removal time
                                              1.094687   data required time
---------------------------------------------------------------------------------------------
                                              1.094687   data required time
                                            -10.689861   data arrival time
---------------------------------------------------------------------------------------------
                                              9.595174   slack (MET)


Startpoint: rst (input port clocked by clk)
Endpoint: _638_ (removal check against rising-edge clock clk)
Path Group: asynchronous
Path Type: min

Fanout         Cap        Slew       Delay        Time   Description
---------------------------------------------------------------------------------------------
                                  0.000000    0.000000   clock clk (rise edge)
                                  0.000000    0.000000   clock network delay (propagated)
                                 10.000000   10.000000 v input external delay
     1    0.002822    0.008682    0.004458   10.004458 v rst (in)
                                                         rst (net)
                      0.008682    0.000000   10.004458 v input1/A (sky130_fd_sc_hd__clkbuf_1)
     1    0.005082    0.038333    0.083029   10.087486 v input1/X (sky130_fd_sc_hd__clkbuf_1)
                                                         net1 (net)
                      0.038333    0.000114   10.087601 v wire672/A (sky130_fd_sc_hd__clkbuf_1)
     1    0.005822    0.042435    0.098683   10.186283 v wire672/X (sky130_fd_sc_hd__clkbuf_1)
                                                         net672 (net)
                      0.042435    0.000151   10.186434 v fanout671/A (sky130_fd_sc_hd__buf_4)
     8    0.082221    0.110311    0.207469   10.393903 v fanout671/X (sky130_fd_sc_hd__buf_4)
                                                         net671 (net)
                      0.110311    0.000139   10.394042 v fanout663/A (sky130_fd_sc_hd__buf_4)
    10    0.065002    0.090589    0.225977   10.620020 v fanout663/X (sky130_fd_sc_hd__buf_4)
                                                         net663 (net)
                      0.091255    0.005837   10.625857 v _564_/A (sky130_fd_sc_hd__inv_2)
     1    0.004385    0.037359    0.063546   10.689403 ^ _564_/Y (sky130_fd_sc_hd__inv_2)
                                                         _046_ (net)
                      0.037359    0.000023   10.689425 ^ _638_/RESET_B (sky130_fd_sc_hd__dfrtp_1)
                                             10.689425   data arrival time

                                  0.000000    0.000000   clock clk (rise edge)
                                  0.000000    0.000000   clock source latency
     1    0.030636    0.143136    0.099091    0.099091 ^ clk (in)
                                                         clk (net)
                      0.143142    0.000000    0.099091 ^ clkbuf_0_clk/A (sky130_fd_sc_hd__clkbuf_16)
     8    0.130486    0.143741    0.240533    0.339624 ^ clkbuf_0_clk/X (sky130_fd_sc_hd__clkbuf_16)
                                                         clknet_0_clk (net)
                      0.144000    0.004178    0.343802 ^ clkbuf_3_3__f_clk/A (sky130_fd_sc_hd__clkbuf_16)
    10    0.040553    0.060757    0.177202    0.521004 ^ clkbuf_3_3__f_clk/X (sky130_fd_sc_hd__clkbuf_16)
                                                         clknet_3_3__leaf_clk (net)
                      0.060757    0.000281    0.521285 ^ _638_/CLK (sky130_fd_sc_hd__dfrtp_1)
                                  0.250000    0.771285   clock uncertainty
                                  0.000000    0.771285   clock reconvergence pessimism
                                  0.322442    1.093728   library removal time
                                              1.093728   data required time
---------------------------------------------------------------------------------------------
                                              1.093728   data required time
                                            -10.689425   data arrival time
---------------------------------------------------------------------------------------------
                                              9.595697   slack (MET)


Startpoint: rst (input port clocked by clk)
Endpoint: _649_ (removal check against rising-edge clock clk)
Path Group: asynchronous
Path Type: min

Fanout         Cap        Slew       Delay        Time   Description
---------------------------------------------------------------------------------------------
                                  0.000000    0.000000   clock clk (rise edge)
                                  0.000000    0.000000   clock network delay (propagated)
                                 10.000000   10.000000 v input external delay
     1    0.002822    0.008682    0.004458   10.004458 v rst (in)
                                                         rst (net)
                      0.008682    0.000000   10.004458 v input1/A (sky130_fd_sc_hd__clkbuf_1)
     1    0.005082    0.038333    0.083029   10.087486 v input1/X (sky130_fd_sc_hd__clkbuf_1)
                                                         net1 (net)
                      0.038333    0.000114   10.087601 v wire672/A (sky130_fd_sc_hd__clkbuf_1)
     1    0.005822    0.042435    0.098683   10.186283 v wire672/X (sky130_fd_sc_hd__clkbuf_1)
                                                         net672 (net)
                      0.042435    0.000151   10.186434 v fanout671/A (sky130_fd_sc_hd__buf_4)
     8    0.082221    0.110311    0.207469   10.393903 v fanout671/X (sky130_fd_sc_hd__buf_4)
                                                         net671 (net)
                      0.111821    0.010325   10.404228 v fanout667/A (sky130_fd_sc_hd__buf_4)
    10    0.057482    0.081919    0.222382   10.626610 v fanout667/X (sky130_fd_sc_hd__buf_4)
                                                         net667 (net)
                      0.081919    0.000358   10.626968 v _575_/A (sky130_fd_sc_hd__inv_2)
     1    0.005932    0.040655    0.065348   10.692316 ^ _575_/Y (sky130_fd_sc_hd__inv_2)
                                                         _057_ (net)
                      0.040655    0.000061   10.692377 ^ _649_/RESET_B (sky130_fd_sc_hd__dfrtp_1)
                                             10.692377   data arrival time

                                  0.000000    0.000000   clock clk (rise edge)
                                  0.000000    0.000000   clock source latency
     1    0.030636    0.143136    0.099091    0.099091 ^ clk (in)
                                                         clk (net)
                      0.143142    0.000000    0.099091 ^ clkbuf_0_clk/A (sky130_fd_sc_hd__clkbuf_16)
     8    0.130486    0.143741    0.240533    0.339624 ^ clkbuf_0_clk/X (sky130_fd_sc_hd__clkbuf_16)
                                                         clknet_0_clk (net)
                      0.143851    0.001902    0.341526 ^ clkbuf_3_6__f_clk/A (sky130_fd_sc_hd__clkbuf_16)
    12    0.044451    0.064237    0.180106    0.521632 ^ clkbuf_3_6__f_clk/X (sky130_fd_sc_hd__clkbuf_16)
                                                         clknet_3_6__leaf_clk (net)
                      0.064238    0.000408    0.522040 ^ _649_/CLK (sky130_fd_sc_hd__dfrtp_1)
                                  0.250000    0.772040   clock uncertainty
                                  0.000000    0.772040   clock reconvergence pessimism
                                  0.324298    1.096337   library removal time
                                              1.096337   data required time
---------------------------------------------------------------------------------------------
                                              1.096337   data required time
                                            -10.692377   data arrival time
---------------------------------------------------------------------------------------------
                                              9.596040   slack (MET)


Startpoint: rst (input port clocked by clk)
Endpoint: _637_ (removal check against rising-edge clock clk)
Path Group: asynchronous
Path Type: min

Fanout         Cap        Slew       Delay        Time   Description
---------------------------------------------------------------------------------------------
                                  0.000000    0.000000   clock clk (rise edge)
                                  0.000000    0.000000   clock network delay (propagated)
                                 10.000000   10.000000 v input external delay
     1    0.002822    0.008682    0.004458   10.004458 v rst (in)
                                                         rst (net)
                      0.008682    0.000000   10.004458 v input1/A (sky130_fd_sc_hd__clkbuf_1)
     1    0.005082    0.038333    0.083029   10.087486 v input1/X (sky130_fd_sc_hd__clkbuf_1)
                                                         net1 (net)
                      0.038333    0.000114   10.087601 v wire672/A (sky130_fd_sc_hd__clkbuf_1)
     1    0.005822    0.042435    0.098683   10.186283 v wire672/X (sky130_fd_sc_hd__clkbuf_1)
                                                         net672 (net)
                      0.042435    0.000151   10.186434 v fanout671/A (sky130_fd_sc_hd__buf_4)
     8    0.082221    0.110311    0.207469   10.393903 v fanout671/X (sky130_fd_sc_hd__buf_4)
                                                         net671 (net)
                      0.110311    0.000139   10.394042 v fanout663/A (sky130_fd_sc_hd__buf_4)
    10    0.065002    0.090589    0.225977   10.620020 v fanout663/X (sky130_fd_sc_hd__buf_4)
                                                         net663 (net)
                      0.091252    0.005824   10.625844 v _563_/A (sky130_fd_sc_hd__inv_2)
     1    0.004662    0.038269    0.064516   10.690360 ^ _563_/Y (sky130_fd_sc_hd__inv_2)
                                                         _045_ (net)
                      0.038269    0.000028   10.690389 ^ _637_/RESET_B (sky130_fd_sc_hd__dfrtp_1)
                                             10.690389   data arrival time

                                  0.000000    0.000000   clock clk (rise edge)
                                  0.000000    0.000000   clock source latency
     1    0.030636    0.143136    0.099091    0.099091 ^ clk (in)
                                                         clk (net)
                      0.143142    0.000000    0.099091 ^ clkbuf_0_clk/A (sky130_fd_sc_hd__clkbuf_16)
     8    0.130486    0.143741    0.240533    0.339624 ^ clkbuf_0_clk/X (sky130_fd_sc_hd__clkbuf_16)
                                                         clknet_0_clk (net)
                      0.144000    0.004178    0.343802 ^ clkbuf_3_3__f_clk/A (sky130_fd_sc_hd__clkbuf_16)
    10    0.040553    0.060757    0.177202    0.521004 ^ clkbuf_3_3__f_clk/X (sky130_fd_sc_hd__clkbuf_16)
                                                         clknet_3_3__leaf_clk (net)
                      0.060757    0.000222    0.521227 ^ _637_/CLK (sky130_fd_sc_hd__dfrtp_1)
                                  0.250000    0.771227   clock uncertainty
                                  0.000000    0.771227   clock reconvergence pessimism
                                  0.322693    1.093919   library removal time
                                              1.093919   data required time
---------------------------------------------------------------------------------------------
                                              1.093919   data required time
                                            -10.690389   data arrival time
---------------------------------------------------------------------------------------------
                                              9.596470   slack (MET)


Startpoint: rst (input port clocked by clk)
Endpoint: _651_ (removal check against rising-edge clock clk)
Path Group: asynchronous
Path Type: min

Fanout         Cap        Slew       Delay        Time   Description
---------------------------------------------------------------------------------------------
                                  0.000000    0.000000   clock clk (rise edge)
                                  0.000000    0.000000   clock network delay (propagated)
                                 10.000000   10.000000 v input external delay
     1    0.002822    0.008682    0.004458   10.004458 v rst (in)
                                                         rst (net)
                      0.008682    0.000000   10.004458 v input1/A (sky130_fd_sc_hd__clkbuf_1)
     1    0.005082    0.038333    0.083029   10.087486 v input1/X (sky130_fd_sc_hd__clkbuf_1)
                                                         net1 (net)
                      0.038333    0.000114   10.087601 v wire672/A (sky130_fd_sc_hd__clkbuf_1)
     1    0.005822    0.042435    0.098683   10.186283 v wire672/X (sky130_fd_sc_hd__clkbuf_1)
                                                         net672 (net)
                      0.042435    0.000151   10.186434 v fanout671/A (sky130_fd_sc_hd__buf_4)
     8    0.082221    0.110311    0.207469   10.393903 v fanout671/X (sky130_fd_sc_hd__buf_4)
                                                         net671 (net)
                      0.111821    0.010325   10.404228 v fanout667/A (sky130_fd_sc_hd__buf_4)
    10    0.057482    0.081919    0.222382   10.626610 v fanout667/X (sky130_fd_sc_hd__buf_4)
                                                         net667 (net)
                      0.081923    0.000774   10.627384 v _577_/A (sky130_fd_sc_hd__inv_2)
     1    0.006297    0.041973    0.066586   10.693970 ^ _577_/Y (sky130_fd_sc_hd__inv_2)
                                                         _059_ (net)
                      0.041973    0.000083   10.694052 ^ _651_/RESET_B (sky130_fd_sc_hd__dfrtp_1)
                                             10.694052   data arrival time

                                  0.000000    0.000000   clock clk (rise edge)
                                  0.000000    0.000000   clock source latency
     1    0.030636    0.143136    0.099091    0.099091 ^ clk (in)
                                                         clk (net)
                      0.143142    0.000000    0.099091 ^ clkbuf_0_clk/A (sky130_fd_sc_hd__clkbuf_16)
     8    0.130486    0.143741    0.240533    0.339624 ^ clkbuf_0_clk/X (sky130_fd_sc_hd__clkbuf_16)
                                                         clknet_0_clk (net)
                      0.143851    0.001902    0.341526 ^ clkbuf_3_6__f_clk/A (sky130_fd_sc_hd__clkbuf_16)
    12    0.044451    0.064237    0.180106    0.521632 ^ clkbuf_3_6__f_clk/X (sky130_fd_sc_hd__clkbuf_16)
                                                         clknet_3_6__leaf_clk (net)
                      0.064239    0.000486    0.522118 ^ _651_/CLK (sky130_fd_sc_hd__dfrtp_1)
                                  0.250000    0.772118   clock uncertainty
                                  0.000000    0.772118   clock reconvergence pessimism
                                  0.324661    1.096779   library removal time
                                              1.096779   data required time
---------------------------------------------------------------------------------------------
                                              1.096779   data required time
                                            -10.694052   data arrival time
---------------------------------------------------------------------------------------------
                                              9.597274   slack (MET)


Startpoint: rst (input port clocked by clk)
Endpoint: _617_ (removal check against rising-edge clock clk)
Path Group: asynchronous
Path Type: min

Fanout         Cap        Slew       Delay        Time   Description
---------------------------------------------------------------------------------------------
                                  0.000000    0.000000   clock clk (rise edge)
                                  0.000000    0.000000   clock network delay (propagated)
                                 10.000000   10.000000 v input external delay
     1    0.002822    0.008682    0.004458   10.004458 v rst (in)
                                                         rst (net)
                      0.008682    0.000000   10.004458 v input1/A (sky130_fd_sc_hd__clkbuf_1)
     1    0.005082    0.038333    0.083029   10.087486 v input1/X (sky130_fd_sc_hd__clkbuf_1)
                                                         net1 (net)
                      0.038333    0.000114   10.087601 v wire672/A (sky130_fd_sc_hd__clkbuf_1)
     1    0.005822    0.042435    0.098683   10.186283 v wire672/X (sky130_fd_sc_hd__clkbuf_1)
                                                         net672 (net)
                      0.042435    0.000151   10.186434 v fanout671/A (sky130_fd_sc_hd__buf_4)
     8    0.082221    0.110311    0.207469   10.393903 v fanout671/X (sky130_fd_sc_hd__buf_4)
                                                         net671 (net)
                      0.111821    0.010325   10.404228 v fanout667/A (sky130_fd_sc_hd__buf_4)
    10    0.057482    0.081919    0.222382   10.626610 v fanout667/X (sky130_fd_sc_hd__buf_4)
                                                         net667 (net)
                      0.081966    0.001823   10.628433 v _543_/A (sky130_fd_sc_hd__inv_2)
     1    0.006186    0.041573    0.066218   10.694652 ^ _543_/Y (sky130_fd_sc_hd__inv_2)
                                                         _025_ (net)
                      0.041573    0.000104   10.694756 ^ _617_/RESET_B (sky130_fd_sc_hd__dfrtp_1)
                                             10.694756   data arrival time

                                  0.000000    0.000000   clock clk (rise edge)
                                  0.000000    0.000000   clock source latency
     1    0.030636    0.143136    0.099091    0.099091 ^ clk (in)
                                                         clk (net)
                      0.143142    0.000000    0.099091 ^ clkbuf_0_clk/A (sky130_fd_sc_hd__clkbuf_16)
     8    0.130486    0.143741    0.240533    0.339624 ^ clkbuf_0_clk/X (sky130_fd_sc_hd__clkbuf_16)
                                                         clknet_0_clk (net)
                      0.143899    0.002841    0.342465 ^ clkbuf_3_7__f_clk/A (sky130_fd_sc_hd__clkbuf_16)
     7    0.043903    0.063730    0.179650    0.522115 ^ clkbuf_3_7__f_clk/X (sky130_fd_sc_hd__clkbuf_16)
                                                         clknet_3_7__leaf_clk (net)
                      0.063741    0.000811    0.522926 ^ _617_/CLK (sky130_fd_sc_hd__dfrtp_1)
                                  0.250000    0.772926   clock uncertainty
                                  0.000000    0.772926   clock reconvergence pessimism
                                  0.324415    1.097341   library removal time
                                              1.097341   data required time
---------------------------------------------------------------------------------------------
                                              1.097341   data required time
                                            -10.694756   data arrival time
---------------------------------------------------------------------------------------------
                                              9.597415   slack (MET)


Startpoint: rst (input port clocked by clk)
Endpoint: _643_ (removal check against rising-edge clock clk)
Path Group: asynchronous
Path Type: min

Fanout         Cap        Slew       Delay        Time   Description
---------------------------------------------------------------------------------------------
                                  0.000000    0.000000   clock clk (rise edge)
                                  0.000000    0.000000   clock network delay (propagated)
                                 10.000000   10.000000 v input external delay
     1    0.002822    0.008682    0.004458   10.004458 v rst (in)
                                                         rst (net)
                      0.008682    0.000000   10.004458 v input1/A (sky130_fd_sc_hd__clkbuf_1)
     1    0.005082    0.038333    0.083029   10.087486 v input1/X (sky130_fd_sc_hd__clkbuf_1)
                                                         net1 (net)
                      0.038333    0.000114   10.087601 v wire672/A (sky130_fd_sc_hd__clkbuf_1)
     1    0.005822    0.042435    0.098683   10.186283 v wire672/X (sky130_fd_sc_hd__clkbuf_1)
                                                         net672 (net)
                      0.042435    0.000151   10.186434 v fanout671/A (sky130_fd_sc_hd__buf_4)
     8    0.082221    0.110311    0.207469   10.393903 v fanout671/X (sky130_fd_sc_hd__buf_4)
                                                         net671 (net)
                      0.111432    0.008955   10.402858 v fanout665/A (sky130_fd_sc_hd__buf_4)
    10    0.052852    0.080543    0.218017   10.620874 v fanout665/X (sky130_fd_sc_hd__buf_4)
                                                         net665 (net)
                      0.080543    0.000190   10.621064 v _569_/A (sky130_fd_sc_hd__inv_2)
     1    0.008104    0.048433    0.072141   10.693205 ^ _569_/Y (sky130_fd_sc_hd__inv_2)
                                                         _051_ (net)
                      0.048433    0.000206   10.693411 ^ _643_/RESET_B (sky130_fd_sc_hd__dfrtp_1)
                                             10.693411   data arrival time

                                  0.000000    0.000000   clock clk (rise edge)
                                  0.000000    0.000000   clock source latency
     1    0.030636    0.143136    0.099091    0.099091 ^ clk (in)
                                                         clk (net)
                      0.143142    0.000000    0.099091 ^ clkbuf_0_clk/A (sky130_fd_sc_hd__clkbuf_16)
     8    0.130486    0.143741    0.240533    0.339624 ^ clkbuf_0_clk/X (sky130_fd_sc_hd__clkbuf_16)
                                                         clknet_0_clk (net)
                      0.143971    0.003845    0.343469 ^ clkbuf_3_0__f_clk/A (sky130_fd_sc_hd__clkbuf_16)
     7    0.039504    0.059861    0.176543    0.520012 ^ clkbuf_3_0__f_clk/X (sky130_fd_sc_hd__clkbuf_16)
                                                         clknet_3_0__leaf_clk (net)
                      0.059861    0.000198    0.520210 ^ _643_/CLK (sky130_fd_sc_hd__dfrtp_1)
                                  0.250000    0.770210   clock uncertainty
                                  0.000000    0.770210   clock reconvergence pessimism
                                  0.325244    1.095454   library removal time
                                              1.095454   data required time
---------------------------------------------------------------------------------------------
                                              1.095454   data required time
                                            -10.693411   data arrival time
---------------------------------------------------------------------------------------------
                                              9.597957   slack (MET)


Startpoint: rst (input port clocked by clk)
Endpoint: _647_ (removal check against rising-edge clock clk)
Path Group: asynchronous
Path Type: min

Fanout         Cap        Slew       Delay        Time   Description
---------------------------------------------------------------------------------------------
                                  0.000000    0.000000   clock clk (rise edge)
                                  0.000000    0.000000   clock network delay (propagated)
                                 10.000000   10.000000 v input external delay
     1    0.002822    0.008682    0.004458   10.004458 v rst (in)
                                                         rst (net)
                      0.008682    0.000000   10.004458 v input1/A (sky130_fd_sc_hd__clkbuf_1)
     1    0.005082    0.038333    0.083029   10.087486 v input1/X (sky130_fd_sc_hd__clkbuf_1)
                                                         net1 (net)
                      0.038333    0.000114   10.087601 v wire672/A (sky130_fd_sc_hd__clkbuf_1)
     1    0.005822    0.042435    0.098683   10.186283 v wire672/X (sky130_fd_sc_hd__clkbuf_1)
                                                         net672 (net)
                      0.042435    0.000151   10.186434 v fanout671/A (sky130_fd_sc_hd__buf_4)
     8    0.082221    0.110311    0.207469   10.393903 v fanout671/X (sky130_fd_sc_hd__buf_4)
                                                         net671 (net)
                      0.111729    0.010018   10.403921 v fanout666/A (sky130_fd_sc_hd__buf_4)
     9    0.052303    0.079925    0.217509   10.621429 v fanout666/X (sky130_fd_sc_hd__buf_4)
                                                         net666 (net)
                      0.079927    0.000451   10.621881 v _573_/A (sky130_fd_sc_hd__inv_2)
     1    0.009684    0.054392    0.077219   10.699100 ^ _573_/Y (sky130_fd_sc_hd__inv_2)
                                                         _055_ (net)
                      0.054392    0.000290   10.699389 ^ _647_/RESET_B (sky130_fd_sc_hd__dfrtp_1)
                                             10.699389   data arrival time

                                  0.000000    0.000000   clock clk (rise edge)
                                  0.000000    0.000000   clock source latency
     1    0.030636    0.143136    0.099091    0.099091 ^ clk (in)
                                                         clk (net)
                      0.143142    0.000000    0.099091 ^ clkbuf_0_clk/A (sky130_fd_sc_hd__clkbuf_16)
     8    0.130486    0.143741    0.240533    0.339624 ^ clkbuf_0_clk/X (sky130_fd_sc_hd__clkbuf_16)
                                                         clknet_0_clk (net)
                      0.143851    0.001902    0.341526 ^ clkbuf_3_6__f_clk/A (sky130_fd_sc_hd__clkbuf_16)
    12    0.044451    0.064237    0.180106    0.521632 ^ clkbuf_3_6__f_clk/X (sky130_fd_sc_hd__clkbuf_16)
                                                         clknet_3_6__leaf_clk (net)
                      0.064237    0.000296    0.521928 ^ _647_/CLK (sky130_fd_sc_hd__dfrtp_1)
                                  0.250000    0.771928   clock uncertainty
                                  0.000000    0.771928   clock reconvergence pessimism
                                  0.328076    1.100004   library removal time
                                              1.100004   data required time
---------------------------------------------------------------------------------------------
                                              1.100004   data required time
                                            -10.699389   data arrival time
---------------------------------------------------------------------------------------------
                                              9.599385   slack (MET)


Startpoint: rst (input port clocked by clk)
Endpoint: _644_ (removal check against rising-edge clock clk)
Path Group: asynchronous
Path Type: min

Fanout         Cap        Slew       Delay        Time   Description
---------------------------------------------------------------------------------------------
                                  0.000000    0.000000   clock clk (rise edge)
                                  0.000000    0.000000   clock network delay (propagated)
                                 10.000000   10.000000 v input external delay
     1    0.002822    0.008682    0.004458   10.004458 v rst (in)
                                                         rst (net)
                      0.008682    0.000000   10.004458 v input1/A (sky130_fd_sc_hd__clkbuf_1)
     1    0.005082    0.038333    0.083029   10.087486 v input1/X (sky130_fd_sc_hd__clkbuf_1)
                                                         net1 (net)
                      0.038333    0.000114   10.087601 v wire672/A (sky130_fd_sc_hd__clkbuf_1)
     1    0.005822    0.042435    0.098683   10.186283 v wire672/X (sky130_fd_sc_hd__clkbuf_1)
                                                         net672 (net)
                      0.042435    0.000151   10.186434 v fanout671/A (sky130_fd_sc_hd__buf_4)
     8    0.082221    0.110311    0.207469   10.393903 v fanout671/X (sky130_fd_sc_hd__buf_4)
                                                         net671 (net)
                      0.111729    0.010018   10.403921 v fanout666/A (sky130_fd_sc_hd__buf_4)
     9    0.052303    0.079925    0.217509   10.621429 v fanout666/X (sky130_fd_sc_hd__buf_4)
                                                         net666 (net)
                      0.079929    0.000591   10.622020 v _570_/A (sky130_fd_sc_hd__inv_2)
     1    0.008512    0.049863    0.073328   10.695348 ^ _570_/Y (sky130_fd_sc_hd__inv_2)
                                                         _052_ (net)
                      0.049863    0.000091   10.695439 ^ _644_/RESET_B (sky130_fd_sc_hd__dfrtp_1)
                                             10.695439   data arrival time

                                  0.000000    0.000000   clock clk (rise edge)
                                  0.000000    0.000000   clock source latency
     1    0.030636    0.143136    0.099091    0.099091 ^ clk (in)
                                                         clk (net)
                      0.143142    0.000000    0.099091 ^ clkbuf_0_clk/A (sky130_fd_sc_hd__clkbuf_16)
     8    0.130486    0.143741    0.240533    0.339624 ^ clkbuf_0_clk/X (sky130_fd_sc_hd__clkbuf_16)
                                                         clknet_0_clk (net)
                      0.143931    0.003332    0.342956 ^ clkbuf_3_1__f_clk/A (sky130_fd_sc_hd__clkbuf_16)
     9    0.039664    0.059990    0.176602    0.519558 ^ clkbuf_3_1__f_clk/X (sky130_fd_sc_hd__clkbuf_16)
                                                         clknet_3_1__leaf_clk (net)
                      0.059990    0.000189    0.519747 ^ _644_/CLK (sky130_fd_sc_hd__dfrtp_1)
                                  0.250000    0.769747   clock uncertainty
                                  0.000000    0.769747   clock reconvergence pessimism
                                  0.325672    1.095419   library removal time
                                              1.095419   data required time
---------------------------------------------------------------------------------------------
                                              1.095419   data required time
                                            -10.695439   data arrival time
---------------------------------------------------------------------------------------------
                                              9.600020   slack (MET)


Startpoint: rst (input port clocked by clk)
Endpoint: _648_ (removal check against rising-edge clock clk)
Path Group: asynchronous
Path Type: min

Fanout         Cap        Slew       Delay        Time   Description
---------------------------------------------------------------------------------------------
                                  0.000000    0.000000   clock clk (rise edge)
                                  0.000000    0.000000   clock network delay (propagated)
                                 10.000000   10.000000 v input external delay
     1    0.002822    0.008682    0.004458   10.004458 v rst (in)
                                                         rst (net)
                      0.008682    0.000000   10.004458 v input1/A (sky130_fd_sc_hd__clkbuf_1)
     1    0.005082    0.038333    0.083029   10.087486 v input1/X (sky130_fd_sc_hd__clkbuf_1)
                                                         net1 (net)
                      0.038333    0.000114   10.087601 v wire672/A (sky130_fd_sc_hd__clkbuf_1)
     1    0.005822    0.042435    0.098683   10.186283 v wire672/X (sky130_fd_sc_hd__clkbuf_1)
                                                         net672 (net)
                      0.042435    0.000151   10.186434 v fanout671/A (sky130_fd_sc_hd__buf_4)
     8    0.082221    0.110311    0.207469   10.393903 v fanout671/X (sky130_fd_sc_hd__buf_4)
                                                         net671 (net)
                      0.111729    0.010018   10.403921 v fanout666/A (sky130_fd_sc_hd__buf_4)
     9    0.052303    0.079925    0.217509   10.621429 v fanout666/X (sky130_fd_sc_hd__buf_4)
                                                         net666 (net)
                      0.079927    0.000432   10.621861 v _574_/A (sky130_fd_sc_hd__inv_2)
     1    0.010113    0.056019    0.078745   10.700606 ^ _574_/Y (sky130_fd_sc_hd__inv_2)
                                                         _056_ (net)
                      0.056019    0.000124   10.700730 ^ _648_/RESET_B (sky130_fd_sc_hd__dfrtp_1)
                                             10.700730   data arrival time

                                  0.000000    0.000000   clock clk (rise edge)
                                  0.000000    0.000000   clock source latency
     1    0.030636    0.143136    0.099091    0.099091 ^ clk (in)
                                                         clk (net)
                      0.143142    0.000000    0.099091 ^ clkbuf_0_clk/A (sky130_fd_sc_hd__clkbuf_16)
     8    0.130486    0.143741    0.240533    0.339624 ^ clkbuf_0_clk/X (sky130_fd_sc_hd__clkbuf_16)
                                                         clknet_0_clk (net)
                      0.143851    0.001902    0.341526 ^ clkbuf_3_6__f_clk/A (sky130_fd_sc_hd__clkbuf_16)
    12    0.044451    0.064237    0.180106    0.521632 ^ clkbuf_3_6__f_clk/X (sky130_fd_sc_hd__clkbuf_16)
                                                         clknet_3_6__leaf_clk (net)
                      0.064237    0.000314    0.521945 ^ _648_/CLK (sky130_fd_sc_hd__dfrtp_1)
                                  0.250000    0.771946   clock uncertainty
                                  0.000000    0.771946   clock reconvergence pessimism
                                  0.328523    1.100468   library removal time
                                              1.100468   data required time
---------------------------------------------------------------------------------------------
                                              1.100468   data required time
                                            -10.700730   data arrival time
---------------------------------------------------------------------------------------------
                                              9.600263   slack (MET)


Startpoint: rst (input port clocked by clk)
Endpoint: _650_ (removal check against rising-edge clock clk)
Path Group: asynchronous
Path Type: min

Fanout         Cap        Slew       Delay        Time   Description
---------------------------------------------------------------------------------------------
                                  0.000000    0.000000   clock clk (rise edge)
                                  0.000000    0.000000   clock network delay (propagated)
                                 10.000000   10.000000 v input external delay
     1    0.002822    0.008682    0.004458   10.004458 v rst (in)
                                                         rst (net)
                      0.008682    0.000000   10.004458 v input1/A (sky130_fd_sc_hd__clkbuf_1)
     1    0.005082    0.038333    0.083029   10.087486 v input1/X (sky130_fd_sc_hd__clkbuf_1)
                                                         net1 (net)
                      0.038333    0.000114   10.087601 v wire672/A (sky130_fd_sc_hd__clkbuf_1)
     1    0.005822    0.042435    0.098683   10.186283 v wire672/X (sky130_fd_sc_hd__clkbuf_1)
                                                         net672 (net)
                      0.042435    0.000151   10.186434 v fanout671/A (sky130_fd_sc_hd__buf_4)
     8    0.082221    0.110311    0.207469   10.393903 v fanout671/X (sky130_fd_sc_hd__buf_4)
                                                         net671 (net)
                      0.111821    0.010325   10.404228 v fanout667/A (sky130_fd_sc_hd__buf_4)
    10    0.057482    0.081919    0.222382   10.626610 v fanout667/X (sky130_fd_sc_hd__buf_4)
                                                         net667 (net)
                      0.081919    0.000342   10.626952 v _576_/A (sky130_fd_sc_hd__inv_2)
     1    0.007700    0.047145    0.071315   10.698268 ^ _576_/Y (sky130_fd_sc_hd__inv_2)
                                                         _058_ (net)
                      0.047145    0.000208   10.698475 ^ _650_/RESET_B (sky130_fd_sc_hd__dfrtp_1)
                                             10.698475   data arrival time

                                  0.000000    0.000000   clock clk (rise edge)
                                  0.000000    0.000000   clock source latency
     1    0.030636    0.143136    0.099091    0.099091 ^ clk (in)
                                                         clk (net)
                      0.143142    0.000000    0.099091 ^ clkbuf_0_clk/A (sky130_fd_sc_hd__clkbuf_16)
     8    0.130486    0.143741    0.240533    0.339624 ^ clkbuf_0_clk/X (sky130_fd_sc_hd__clkbuf_16)
                                                         clknet_0_clk (net)
                      0.143851    0.001902    0.341526 ^ clkbuf_3_6__f_clk/A (sky130_fd_sc_hd__clkbuf_16)
    12    0.044451    0.064237    0.180106    0.521632 ^ clkbuf_3_6__f_clk/X (sky130_fd_sc_hd__clkbuf_16)
                                                         clknet_3_6__leaf_clk (net)
                      0.064239    0.000454    0.522086 ^ _650_/CLK (sky130_fd_sc_hd__dfrtp_1)
                                  0.250000    0.772086   clock uncertainty
                                  0.000000    0.772086   clock reconvergence pessimism
                                  0.326083    1.098169   library removal time
                                              1.098169   data required time
---------------------------------------------------------------------------------------------
                                              1.098169   data required time
                                            -10.698475   data arrival time
---------------------------------------------------------------------------------------------
                                              9.600307   slack (MET)


Startpoint: rst (input port clocked by clk)
Endpoint: _622_ (removal check against rising-edge clock clk)
Path Group: asynchronous
Path Type: min

Fanout         Cap        Slew       Delay        Time   Description
---------------------------------------------------------------------------------------------
                                  0.000000    0.000000   clock clk (rise edge)
                                  0.000000    0.000000   clock network delay (propagated)
                                 10.000000   10.000000 v input external delay
     1    0.002822    0.008682    0.004458   10.004458 v rst (in)
                                                         rst (net)
                      0.008682    0.000000   10.004458 v input1/A (sky130_fd_sc_hd__clkbuf_1)
     1    0.005082    0.038333    0.083029   10.087486 v input1/X (sky130_fd_sc_hd__clkbuf_1)
                                                         net1 (net)
                      0.038333    0.000114   10.087601 v wire672/A (sky130_fd_sc_hd__clkbuf_1)
     1    0.005822    0.042435    0.098683   10.186283 v wire672/X (sky130_fd_sc_hd__clkbuf_1)
                                                         net672 (net)
                      0.042435    0.000151   10.186434 v fanout671/A (sky130_fd_sc_hd__buf_4)
     8    0.082221    0.110311    0.207469   10.393903 v fanout671/X (sky130_fd_sc_hd__buf_4)
                                                         net671 (net)
                      0.111903    0.010590   10.404492 v fanout668/A (sky130_fd_sc_hd__clkbuf_4)
     8    0.044894    0.098473    0.228952   10.633445 v fanout668/X (sky130_fd_sc_hd__clkbuf_4)
                                                         net668 (net)
                      0.098481    0.000954   10.634398 v _548_/A (sky130_fd_sc_hd__inv_2)
     1    0.003947    0.037192    0.063999   10.698397 ^ _548_/Y (sky130_fd_sc_hd__inv_2)
                                                         _030_ (net)
                      0.037192    0.000029   10.698426 ^ _622_/RESET_B (sky130_fd_sc_hd__dfrtp_1)
                                             10.698426   data arrival time

                                  0.000000    0.000000   clock clk (rise edge)
                                  0.000000    0.000000   clock source latency
     1    0.030636    0.143136    0.099091    0.099091 ^ clk (in)
                                                         clk (net)
                      0.143142    0.000000    0.099091 ^ clkbuf_0_clk/A (sky130_fd_sc_hd__clkbuf_16)
     8    0.130486    0.143741    0.240533    0.339624 ^ clkbuf_0_clk/X (sky130_fd_sc_hd__clkbuf_16)
                                                         clknet_0_clk (net)
                      0.143963    0.003743    0.343367 ^ clkbuf_3_4__f_clk/A (sky130_fd_sc_hd__clkbuf_16)
    12    0.044256    0.063986    0.179637    0.523004 ^ clkbuf_3_4__f_clk/X (sky130_fd_sc_hd__clkbuf_16)
                                                         clknet_3_4__leaf_clk (net)
                      0.064051    0.001789    0.524793 ^ _622_/CLK (sky130_fd_sc_hd__dfrtp_1)
                                  0.250000    0.774793   clock uncertainty
                                  0.000000    0.774793   clock reconvergence pessimism
                                  0.323294    1.098087   library removal time
                                              1.098087   data required time
---------------------------------------------------------------------------------------------
                                              1.098087   data required time
                                            -10.698426   data arrival time
---------------------------------------------------------------------------------------------
                                              9.600340   slack (MET)


Startpoint: rst (input port clocked by clk)
Endpoint: _621_ (removal check against rising-edge clock clk)
Path Group: asynchronous
Path Type: min

Fanout         Cap        Slew       Delay        Time   Description
---------------------------------------------------------------------------------------------
                                  0.000000    0.000000   clock clk (rise edge)
                                  0.000000    0.000000   clock network delay (propagated)
                                 10.000000   10.000000 v input external delay
     1    0.002822    0.008682    0.004458   10.004458 v rst (in)
                                                         rst (net)
                      0.008682    0.000000   10.004458 v input1/A (sky130_fd_sc_hd__clkbuf_1)
     1    0.005082    0.038333    0.083029   10.087486 v input1/X (sky130_fd_sc_hd__clkbuf_1)
                                                         net1 (net)
                      0.038333    0.000114   10.087601 v wire672/A (sky130_fd_sc_hd__clkbuf_1)
     1    0.005822    0.042435    0.098683   10.186283 v wire672/X (sky130_fd_sc_hd__clkbuf_1)
                                                         net672 (net)
                      0.042435    0.000151   10.186434 v fanout671/A (sky130_fd_sc_hd__buf_4)
     8    0.082221    0.110311    0.207469   10.393903 v fanout671/X (sky130_fd_sc_hd__buf_4)
                                                         net671 (net)
                      0.111903    0.010590   10.404492 v fanout668/A (sky130_fd_sc_hd__clkbuf_4)
     8    0.044894    0.098473    0.228952   10.633445 v fanout668/X (sky130_fd_sc_hd__clkbuf_4)
                                                         net668 (net)
                      0.098479    0.000856   10.634301 v _547_/A (sky130_fd_sc_hd__inv_2)
     1    0.003957    0.037228    0.064047   10.698347 ^ _547_/Y (sky130_fd_sc_hd__inv_2)
                                                         _029_ (net)
                      0.037228    0.000029   10.698377 ^ _621_/RESET_B (sky130_fd_sc_hd__dfrtp_1)
                                             10.698377   data arrival time

                                  0.000000    0.000000   clock clk (rise edge)
                                  0.000000    0.000000   clock source latency
     1    0.030636    0.143136    0.099091    0.099091 ^ clk (in)
                                                         clk (net)
                      0.143142    0.000000    0.099091 ^ clkbuf_0_clk/A (sky130_fd_sc_hd__clkbuf_16)
     8    0.130486    0.143741    0.240533    0.339624 ^ clkbuf_0_clk/X (sky130_fd_sc_hd__clkbuf_16)
                                                         clknet_0_clk (net)
                      0.143963    0.003743    0.343367 ^ clkbuf_3_4__f_clk/A (sky130_fd_sc_hd__clkbuf_16)
    12    0.044256    0.063986    0.179637    0.523004 ^ clkbuf_3_4__f_clk/X (sky130_fd_sc_hd__clkbuf_16)
                                                         clknet_3_4__leaf_clk (net)
                      0.064044    0.001709    0.524713 ^ _621_/CLK (sky130_fd_sc_hd__dfrtp_1)
                                  0.250000    0.774713   clock uncertainty
                                  0.000000    0.774713   clock reconvergence pessimism
                                  0.323303    1.098016   library removal time
                                              1.098016   data required time
---------------------------------------------------------------------------------------------
                                              1.098016   data required time
                                            -10.698377   data arrival time
---------------------------------------------------------------------------------------------
                                              9.600362   slack (MET)


Startpoint: rst (input port clocked by clk)
Endpoint: _623_ (removal check against rising-edge clock clk)
Path Group: asynchronous
Path Type: min

Fanout         Cap        Slew       Delay        Time   Description
---------------------------------------------------------------------------------------------
                                  0.000000    0.000000   clock clk (rise edge)
                                  0.000000    0.000000   clock network delay (propagated)
                                 10.000000   10.000000 v input external delay
     1    0.002822    0.008682    0.004458   10.004458 v rst (in)
                                                         rst (net)
                      0.008682    0.000000   10.004458 v input1/A (sky130_fd_sc_hd__clkbuf_1)
     1    0.005082    0.038333    0.083029   10.087486 v input1/X (sky130_fd_sc_hd__clkbuf_1)
                                                         net1 (net)
                      0.038333    0.000114   10.087601 v wire672/A (sky130_fd_sc_hd__clkbuf_1)
     1    0.005822    0.042435    0.098683   10.186283 v wire672/X (sky130_fd_sc_hd__clkbuf_1)
                                                         net672 (net)
                      0.042435    0.000151   10.186434 v fanout671/A (sky130_fd_sc_hd__buf_4)
     8    0.082221    0.110311    0.207469   10.393903 v fanout671/X (sky130_fd_sc_hd__buf_4)
                                                         net671 (net)
                      0.111903    0.010590   10.404492 v fanout668/A (sky130_fd_sc_hd__clkbuf_4)
     8    0.044894    0.098473    0.228952   10.633445 v fanout668/X (sky130_fd_sc_hd__clkbuf_4)
                                                         net668 (net)
                      0.098484    0.001045   10.634490 v _549_/A (sky130_fd_sc_hd__inv_2)
     1    0.004041    0.037568    0.064484   10.698974 ^ _549_/Y (sky130_fd_sc_hd__inv_2)
                                                         _031_ (net)
                      0.037568    0.000031   10.699005 ^ _623_/RESET_B (sky130_fd_sc_hd__dfrtp_1)
                                             10.699005   data arrival time

                                  0.000000    0.000000   clock clk (rise edge)
                                  0.000000    0.000000   clock source latency
     1    0.030636    0.143136    0.099091    0.099091 ^ clk (in)
                                                         clk (net)
                      0.143142    0.000000    0.099091 ^ clkbuf_0_clk/A (sky130_fd_sc_hd__clkbuf_16)
     8    0.130486    0.143741    0.240533    0.339624 ^ clkbuf_0_clk/X (sky130_fd_sc_hd__clkbuf_16)
                                                         clknet_0_clk (net)
                      0.143963    0.003743    0.343367 ^ clkbuf_3_4__f_clk/A (sky130_fd_sc_hd__clkbuf_16)
    12    0.044256    0.063986    0.179637    0.523004 ^ clkbuf_3_4__f_clk/X (sky130_fd_sc_hd__clkbuf_16)
                                                         clknet_3_4__leaf_clk (net)
                      0.064056    0.001851    0.524855 ^ _623_/CLK (sky130_fd_sc_hd__dfrtp_1)
                                  0.250000    0.774855   clock uncertainty
                                  0.000000    0.774855   clock reconvergence pessimism
                                  0.323399    1.098255   library removal time
                                              1.098255   data required time
---------------------------------------------------------------------------------------------
                                              1.098255   data required time
                                            -10.699005   data arrival time
---------------------------------------------------------------------------------------------
                                              9.600750   slack (MET)


Startpoint: rst (input port clocked by clk)
Endpoint: _655_ (removal check against rising-edge clock clk)
Path Group: asynchronous
Path Type: min

Fanout         Cap        Slew       Delay        Time   Description
---------------------------------------------------------------------------------------------
                                  0.000000    0.000000   clock clk (rise edge)
                                  0.000000    0.000000   clock network delay (propagated)
                                 10.000000   10.000000 v input external delay
     1    0.002822    0.008682    0.004458   10.004458 v rst (in)
                                                         rst (net)
                      0.008682    0.000000   10.004458 v input1/A (sky130_fd_sc_hd__clkbuf_1)
     1    0.005082    0.038333    0.083029   10.087486 v input1/X (sky130_fd_sc_hd__clkbuf_1)
                                                         net1 (net)
                      0.038333    0.000114   10.087601 v wire672/A (sky130_fd_sc_hd__clkbuf_1)
     1    0.005822    0.042435    0.098683   10.186283 v wire672/X (sky130_fd_sc_hd__clkbuf_1)
                                                         net672 (net)
                      0.042435    0.000151   10.186434 v fanout671/A (sky130_fd_sc_hd__buf_4)
     8    0.082221    0.110311    0.207469   10.393903 v fanout671/X (sky130_fd_sc_hd__buf_4)
                                                         net671 (net)
                      0.111903    0.010590   10.404492 v fanout668/A (sky130_fd_sc_hd__clkbuf_4)
     8    0.044894    0.098473    0.228952   10.633445 v fanout668/X (sky130_fd_sc_hd__clkbuf_4)
                                                         net668 (net)
                      0.098484    0.001066   10.634510 v _581_/A (sky130_fd_sc_hd__inv_2)
     1    0.003932    0.037131    0.063920   10.698431 ^ _581_/Y (sky130_fd_sc_hd__inv_2)
                                                         _063_ (net)
                      0.037131    0.000028   10.698460 ^ _655_/RESET_B (sky130_fd_sc_hd__dfrtp_1)
                                             10.698460   data arrival time

                                  0.000000    0.000000   clock clk (rise edge)
                                  0.000000    0.000000   clock source latency
     1    0.030636    0.143136    0.099091    0.099091 ^ clk (in)
                                                         clk (net)
                      0.143142    0.000000    0.099091 ^ clkbuf_0_clk/A (sky130_fd_sc_hd__clkbuf_16)
     8    0.130486    0.143741    0.240533    0.339624 ^ clkbuf_0_clk/X (sky130_fd_sc_hd__clkbuf_16)
                                                         clknet_0_clk (net)
                      0.143963    0.003743    0.343367 ^ clkbuf_3_4__f_clk/A (sky130_fd_sc_hd__clkbuf_16)
    12    0.044256    0.063986    0.179637    0.523004 ^ clkbuf_3_4__f_clk/X (sky130_fd_sc_hd__clkbuf_16)
                                                         clknet_3_4__leaf_clk (net)
                      0.064011    0.001226    0.524230 ^ _655_/CLK (sky130_fd_sc_hd__dfrtp_1)
                                  0.250000    0.774230   clock uncertainty
                                  0.000000    0.774230   clock reconvergence pessimism
                                  0.323266    1.097496   library removal time
                                              1.097496   data required time
---------------------------------------------------------------------------------------------
                                              1.097496   data required time
                                            -10.698460   data arrival time
---------------------------------------------------------------------------------------------
                                              9.600963   slack (MET)


Startpoint: rst (input port clocked by clk)
Endpoint: _652_ (removal check against rising-edge clock clk)
Path Group: asynchronous
Path Type: min

Fanout         Cap        Slew       Delay        Time   Description
---------------------------------------------------------------------------------------------
                                  0.000000    0.000000   clock clk (rise edge)
                                  0.000000    0.000000   clock network delay (propagated)
                                 10.000000   10.000000 v input external delay
     1    0.002822    0.008682    0.004458   10.004458 v rst (in)
                                                         rst (net)
                      0.008682    0.000000   10.004458 v input1/A (sky130_fd_sc_hd__clkbuf_1)
     1    0.005082    0.038333    0.083029   10.087486 v input1/X (sky130_fd_sc_hd__clkbuf_1)
                                                         net1 (net)
                      0.038333    0.000114   10.087601 v wire672/A (sky130_fd_sc_hd__clkbuf_1)
     1    0.005822    0.042435    0.098683   10.186283 v wire672/X (sky130_fd_sc_hd__clkbuf_1)
                                                         net672 (net)
                      0.042435    0.000151   10.186434 v fanout671/A (sky130_fd_sc_hd__buf_4)
     8    0.082221    0.110311    0.207469   10.393903 v fanout671/X (sky130_fd_sc_hd__buf_4)
                                                         net671 (net)
                      0.111821    0.010325   10.404228 v fanout667/A (sky130_fd_sc_hd__buf_4)
    10    0.057482    0.081919    0.222382   10.626610 v fanout667/X (sky130_fd_sc_hd__buf_4)
                                                         net667 (net)
                      0.081919    0.000299   10.626909 v _578_/A (sky130_fd_sc_hd__inv_2)
     1    0.008257    0.049234    0.073214   10.700124 ^ _578_/Y (sky130_fd_sc_hd__inv_2)
                                                         _060_ (net)
                      0.049235    0.000228   10.700352 ^ _652_/RESET_B (sky130_fd_sc_hd__dfrtp_1)
                                             10.700352   data arrival time

                                  0.000000    0.000000   clock clk (rise edge)
                                  0.000000    0.000000   clock source latency
     1    0.030636    0.143136    0.099091    0.099091 ^ clk (in)
                                                         clk (net)
                      0.143142    0.000000    0.099091 ^ clkbuf_0_clk/A (sky130_fd_sc_hd__clkbuf_16)
     8    0.130486    0.143741    0.240533    0.339624 ^ clkbuf_0_clk/X (sky130_fd_sc_hd__clkbuf_16)
                                                         clknet_0_clk (net)
                      0.143899    0.002841    0.342465 ^ clkbuf_3_7__f_clk/A (sky130_fd_sc_hd__clkbuf_16)
     7    0.043903    0.063730    0.179650    0.522115 ^ clkbuf_3_7__f_clk/X (sky130_fd_sc_hd__clkbuf_16)
                                                         clknet_3_7__leaf_clk (net)
                      0.063737    0.000679    0.522794 ^ _652_/CLK (sky130_fd_sc_hd__dfrtp_1)
                                  0.250000    0.772794   clock uncertainty
                                  0.000000    0.772794   clock reconvergence pessimism
                                  0.326521    1.099315   library removal time
                                              1.099315   data required time
---------------------------------------------------------------------------------------------
                                              1.099315   data required time
                                            -10.700352   data arrival time
---------------------------------------------------------------------------------------------
                                              9.601037   slack (MET)


Startpoint: rst (input port clocked by clk)
Endpoint: _645_ (removal check against rising-edge clock clk)
Path Group: asynchronous
Path Type: min

Fanout         Cap        Slew       Delay        Time   Description
---------------------------------------------------------------------------------------------
                                  0.000000    0.000000   clock clk (rise edge)
                                  0.000000    0.000000   clock network delay (propagated)
                                 10.000000   10.000000 v input external delay
     1    0.002822    0.008682    0.004458   10.004458 v rst (in)
                                                         rst (net)
                      0.008682    0.000000   10.004458 v input1/A (sky130_fd_sc_hd__clkbuf_1)
     1    0.005082    0.038333    0.083029   10.087486 v input1/X (sky130_fd_sc_hd__clkbuf_1)
                                                         net1 (net)
                      0.038333    0.000114   10.087601 v wire672/A (sky130_fd_sc_hd__clkbuf_1)
     1    0.005822    0.042435    0.098683   10.186283 v wire672/X (sky130_fd_sc_hd__clkbuf_1)
                                                         net672 (net)
                      0.042435    0.000151   10.186434 v fanout671/A (sky130_fd_sc_hd__buf_4)
     8    0.082221    0.110311    0.207469   10.393903 v fanout671/X (sky130_fd_sc_hd__buf_4)
                                                         net671 (net)
                      0.111729    0.010018   10.403921 v fanout666/A (sky130_fd_sc_hd__buf_4)
     9    0.052303    0.079925    0.217509   10.621429 v fanout666/X (sky130_fd_sc_hd__buf_4)
                                                         net666 (net)
                      0.079928    0.000554   10.621984 v _571_/A (sky130_fd_sc_hd__inv_2)
     1    0.009003    0.051775    0.074897   10.696880 ^ _571_/Y (sky130_fd_sc_hd__inv_2)
                                                         _053_ (net)
                      0.051775    0.000274   10.697154 ^ _645_/RESET_B (sky130_fd_sc_hd__dfrtp_1)
                                             10.697154   data arrival time

                                  0.000000    0.000000   clock clk (rise edge)
                                  0.000000    0.000000   clock source latency
     1    0.030636    0.143136    0.099091    0.099091 ^ clk (in)
                                                         clk (net)
                      0.143142    0.000000    0.099091 ^ clkbuf_0_clk/A (sky130_fd_sc_hd__clkbuf_16)
     8    0.130486    0.143741    0.240533    0.339624 ^ clkbuf_0_clk/X (sky130_fd_sc_hd__clkbuf_16)
                                                         clknet_0_clk (net)
                      0.143931    0.003332    0.342956 ^ clkbuf_3_1__f_clk/A (sky130_fd_sc_hd__clkbuf_16)
     9    0.039664    0.059990    0.176602    0.519558 ^ clkbuf_3_1__f_clk/X (sky130_fd_sc_hd__clkbuf_16)
                                                         clknet_3_1__leaf_clk (net)
                      0.059990    0.000194    0.519751 ^ _645_/CLK (sky130_fd_sc_hd__dfrtp_1)
                                  0.250000    0.769751   clock uncertainty
                                  0.000000    0.769751   clock reconvergence pessimism
                                  0.326198    1.095950   library removal time
                                              1.095950   data required time
---------------------------------------------------------------------------------------------
                                              1.095950   data required time
                                            -10.697154   data arrival time
---------------------------------------------------------------------------------------------
                                              9.601204   slack (MET)


Startpoint: rst (input port clocked by clk)
Endpoint: _653_ (removal check against rising-edge clock clk)
Path Group: asynchronous
Path Type: min

Fanout         Cap        Slew       Delay        Time   Description
---------------------------------------------------------------------------------------------
                                  0.000000    0.000000   clock clk (rise edge)
                                  0.000000    0.000000   clock network delay (propagated)
                                 10.000000   10.000000 v input external delay
     1    0.002822    0.008682    0.004458   10.004458 v rst (in)
                                                         rst (net)
                      0.008682    0.000000   10.004458 v input1/A (sky130_fd_sc_hd__clkbuf_1)
     1    0.005082    0.038333    0.083029   10.087486 v input1/X (sky130_fd_sc_hd__clkbuf_1)
                                                         net1 (net)
                      0.038333    0.000114   10.087601 v wire672/A (sky130_fd_sc_hd__clkbuf_1)
     1    0.005822    0.042435    0.098683   10.186283 v wire672/X (sky130_fd_sc_hd__clkbuf_1)
                                                         net672 (net)
                      0.042435    0.000151   10.186434 v fanout671/A (sky130_fd_sc_hd__buf_4)
     8    0.082221    0.110311    0.207469   10.393903 v fanout671/X (sky130_fd_sc_hd__buf_4)
                                                         net671 (net)
                      0.111903    0.010590   10.404492 v fanout668/A (sky130_fd_sc_hd__clkbuf_4)
     8    0.044894    0.098473    0.228952   10.633445 v fanout668/X (sky130_fd_sc_hd__clkbuf_4)
                                                         net668 (net)
                      0.098473    0.000256   10.633700 v _579_/A (sky130_fd_sc_hd__inv_2)
     1    0.003877    0.036911    0.063634   10.697335 ^ _579_/Y (sky130_fd_sc_hd__inv_2)
                                                         _061_ (net)
                      0.036911    0.000026   10.697361 ^ _653_/RESET_B (sky130_fd_sc_hd__dfrtp_1)
                                             10.697361   data arrival time

                                  0.000000    0.000000   clock clk (rise edge)
                                  0.000000    0.000000   clock source latency
     1    0.030636    0.143136    0.099091    0.099091 ^ clk (in)
                                                         clk (net)
                      0.143142    0.000000    0.099091 ^ clkbuf_0_clk/A (sky130_fd_sc_hd__clkbuf_16)
     8    0.130486    0.143741    0.240533    0.339624 ^ clkbuf_0_clk/X (sky130_fd_sc_hd__clkbuf_16)
                                                         clknet_0_clk (net)
                      0.143899    0.002841    0.342465 ^ clkbuf_3_7__f_clk/A (sky130_fd_sc_hd__clkbuf_16)
     7    0.043903    0.063730    0.179650    0.522115 ^ clkbuf_3_7__f_clk/X (sky130_fd_sc_hd__clkbuf_16)
                                                         clknet_3_7__leaf_clk (net)
                      0.063731    0.000406    0.522521 ^ _653_/CLK (sky130_fd_sc_hd__dfrtp_1)
                                  0.250000    0.772521   clock uncertainty
                                  0.000000    0.772521   clock reconvergence pessimism
                                  0.323130    1.095651   library removal time
                                              1.095651   data required time
---------------------------------------------------------------------------------------------
                                              1.095651   data required time
                                            -10.697361   data arrival time
---------------------------------------------------------------------------------------------
                                              9.601710   slack (MET)


Startpoint: rst (input port clocked by clk)
Endpoint: _620_ (removal check against rising-edge clock clk)
Path Group: asynchronous
Path Type: min

Fanout         Cap        Slew       Delay        Time   Description
---------------------------------------------------------------------------------------------
                                  0.000000    0.000000   clock clk (rise edge)
                                  0.000000    0.000000   clock network delay (propagated)
                                 10.000000   10.000000 v input external delay
     1    0.002822    0.008682    0.004458   10.004458 v rst (in)
                                                         rst (net)
                      0.008682    0.000000   10.004458 v input1/A (sky130_fd_sc_hd__clkbuf_1)
     1    0.005082    0.038333    0.083029   10.087486 v input1/X (sky130_fd_sc_hd__clkbuf_1)
                                                         net1 (net)
                      0.038333    0.000114   10.087601 v wire672/A (sky130_fd_sc_hd__clkbuf_1)
     1    0.005822    0.042435    0.098683   10.186283 v wire672/X (sky130_fd_sc_hd__clkbuf_1)
                                                         net672 (net)
                      0.042435    0.000151   10.186434 v fanout671/A (sky130_fd_sc_hd__buf_4)
     8    0.082221    0.110311    0.207469   10.393903 v fanout671/X (sky130_fd_sc_hd__buf_4)
                                                         net671 (net)
                      0.111903    0.010590   10.404492 v fanout668/A (sky130_fd_sc_hd__clkbuf_4)
     8    0.044894    0.098473    0.228952   10.633445 v fanout668/X (sky130_fd_sc_hd__clkbuf_4)
                                                         net668 (net)
                      0.098478    0.000799   10.634244 v _546_/A (sky130_fd_sc_hd__inv_2)
     1    0.004521    0.039390    0.066712   10.700956 ^ _546_/Y (sky130_fd_sc_hd__inv_2)
                                                         _028_ (net)
                      0.039390    0.000047   10.701003 ^ _620_/RESET_B (sky130_fd_sc_hd__dfrtp_1)
                                             10.701003   data arrival time

                                  0.000000    0.000000   clock clk (rise edge)
                                  0.000000    0.000000   clock source latency
     1    0.030636    0.143136    0.099091    0.099091 ^ clk (in)
                                                         clk (net)
                      0.143142    0.000000    0.099091 ^ clkbuf_0_clk/A (sky130_fd_sc_hd__clkbuf_16)
     8    0.130486    0.143741    0.240533    0.339624 ^ clkbuf_0_clk/X (sky130_fd_sc_hd__clkbuf_16)
                                                         clknet_0_clk (net)
                      0.143963    0.003743    0.343367 ^ clkbuf_3_4__f_clk/A (sky130_fd_sc_hd__clkbuf_16)
    12    0.044256    0.063986    0.179637    0.523004 ^ clkbuf_3_4__f_clk/X (sky130_fd_sc_hd__clkbuf_16)
                                                         clknet_3_4__leaf_clk (net)
                      0.064034    0.001574    0.524578 ^ _620_/CLK (sky130_fd_sc_hd__dfrtp_1)
                                  0.250000    0.774578   clock uncertainty
                                  0.000000    0.774578   clock reconvergence pessimism
                                  0.323894    1.098472   library removal time
                                              1.098472   data required time
---------------------------------------------------------------------------------------------
                                              1.098472   data required time
                                            -10.701003   data arrival time
---------------------------------------------------------------------------------------------
                                              9.602530   slack (MET)


Startpoint: rst (input port clocked by clk)
Endpoint: _654_ (removal check against rising-edge clock clk)
Path Group: asynchronous
Path Type: min

Fanout         Cap        Slew       Delay        Time   Description
---------------------------------------------------------------------------------------------
                                  0.000000    0.000000   clock clk (rise edge)
                                  0.000000    0.000000   clock network delay (propagated)
                                 10.000000   10.000000 v input external delay
     1    0.002822    0.008682    0.004458   10.004458 v rst (in)
                                                         rst (net)
                      0.008682    0.000000   10.004458 v input1/A (sky130_fd_sc_hd__clkbuf_1)
     1    0.005082    0.038333    0.083029   10.087486 v input1/X (sky130_fd_sc_hd__clkbuf_1)
                                                         net1 (net)
                      0.038333    0.000114   10.087601 v wire672/A (sky130_fd_sc_hd__clkbuf_1)
     1    0.005822    0.042435    0.098683   10.186283 v wire672/X (sky130_fd_sc_hd__clkbuf_1)
                                                         net672 (net)
                      0.042435    0.000151   10.186434 v fanout671/A (sky130_fd_sc_hd__buf_4)
     8    0.082221    0.110311    0.207469   10.393903 v fanout671/X (sky130_fd_sc_hd__buf_4)
                                                         net671 (net)
                      0.111903    0.010590   10.404492 v fanout668/A (sky130_fd_sc_hd__clkbuf_4)
     8    0.044894    0.098473    0.228952   10.633445 v fanout668/X (sky130_fd_sc_hd__clkbuf_4)
                                                         net668 (net)
                      0.098473    0.000203   10.633648 v _580_/A (sky130_fd_sc_hd__inv_2)
     1    0.004910    0.040619    0.068097   10.701745 ^ _580_/Y (sky130_fd_sc_hd__inv_2)
                                                         _062_ (net)
                      0.040619    0.000054   10.701798 ^ _654_/RESET_B (sky130_fd_sc_hd__dfrtp_1)
                                             10.701798   data arrival time

                                  0.000000    0.000000   clock clk (rise edge)
                                  0.000000    0.000000   clock source latency
     1    0.030636    0.143136    0.099091    0.099091 ^ clk (in)
                                                         clk (net)
                      0.143142    0.000000    0.099091 ^ clkbuf_0_clk/A (sky130_fd_sc_hd__clkbuf_16)
     8    0.130486    0.143741    0.240533    0.339624 ^ clkbuf_0_clk/X (sky130_fd_sc_hd__clkbuf_16)
                                                         clknet_0_clk (net)
                      0.143963    0.003743    0.343367 ^ clkbuf_3_4__f_clk/A (sky130_fd_sc_hd__clkbuf_16)
    12    0.044256    0.063986    0.179637    0.523004 ^ clkbuf_3_4__f_clk/X (sky130_fd_sc_hd__clkbuf_16)
                                                         clknet_3_4__leaf_clk (net)
                      0.064019    0.001361    0.524365 ^ _654_/CLK (sky130_fd_sc_hd__dfrtp_1)
                                  0.250000    0.774365   clock uncertainty
                                  0.000000    0.774365   clock reconvergence pessimism
                                  0.324228    1.098593   library removal time
                                              1.098593   data required time
---------------------------------------------------------------------------------------------
                                              1.098593   data required time
                                            -10.701798   data arrival time
---------------------------------------------------------------------------------------------
                                              9.603206   slack (MET)


Startpoint: rst (input port clocked by clk)
Endpoint: _619_ (removal check against rising-edge clock clk)
Path Group: asynchronous
Path Type: min

Fanout         Cap        Slew       Delay        Time   Description
---------------------------------------------------------------------------------------------
                                  0.000000    0.000000   clock clk (rise edge)
                                  0.000000    0.000000   clock network delay (propagated)
                                 10.000000   10.000000 v input external delay
     1    0.002822    0.008682    0.004458   10.004458 v rst (in)
                                                         rst (net)
                      0.008682    0.000000   10.004458 v input1/A (sky130_fd_sc_hd__clkbuf_1)
     1    0.005082    0.038333    0.083029   10.087486 v input1/X (sky130_fd_sc_hd__clkbuf_1)
                                                         net1 (net)
                      0.038333    0.000114   10.087601 v wire672/A (sky130_fd_sc_hd__clkbuf_1)
     1    0.005822    0.042435    0.098683   10.186283 v wire672/X (sky130_fd_sc_hd__clkbuf_1)
                                                         net672 (net)
                      0.042435    0.000151   10.186434 v fanout671/A (sky130_fd_sc_hd__buf_4)
     8    0.082221    0.110311    0.207469   10.393903 v fanout671/X (sky130_fd_sc_hd__buf_4)
                                                         net671 (net)
                      0.111903    0.010590   10.404492 v fanout668/A (sky130_fd_sc_hd__clkbuf_4)
     8    0.044894    0.098473    0.228952   10.633445 v fanout668/X (sky130_fd_sc_hd__clkbuf_4)
                                                         net668 (net)
                      0.098477    0.000702   10.634147 v _545_/A (sky130_fd_sc_hd__inv_2)
     1    0.004885    0.040543    0.068012   10.702159 ^ _545_/Y (sky130_fd_sc_hd__inv_2)
                                                         _027_ (net)
                      0.040543    0.000051   10.702209 ^ _619_/RESET_B (sky130_fd_sc_hd__dfrtp_1)
                                             10.702209   data arrival time

                                  0.000000    0.000000   clock clk (rise edge)
                                  0.000000    0.000000   clock source latency
     1    0.030636    0.143136    0.099091    0.099091 ^ clk (in)
                                                         clk (net)
                      0.143142    0.000000    0.099091 ^ clkbuf_0_clk/A (sky130_fd_sc_hd__clkbuf_16)
     8    0.130486    0.143741    0.240533    0.339624 ^ clkbuf_0_clk/X (sky130_fd_sc_hd__clkbuf_16)
                                                         clknet_0_clk (net)
                      0.143899    0.002841    0.342465 ^ clkbuf_3_7__f_clk/A (sky130_fd_sc_hd__clkbuf_16)
     7    0.043903    0.063730    0.179650    0.522115 ^ clkbuf_3_7__f_clk/X (sky130_fd_sc_hd__clkbuf_16)
                                                         clknet_3_7__leaf_clk (net)
                      0.063748    0.000984    0.523100 ^ _619_/CLK (sky130_fd_sc_hd__dfrtp_1)
                                  0.250000    0.773100   clock uncertainty
                                  0.000000    0.773100   clock reconvergence pessimism
                                  0.324133    1.097233   library removal time
                                              1.097233   data required time
---------------------------------------------------------------------------------------------
                                              1.097233   data required time
                                            -10.702209   data arrival time
---------------------------------------------------------------------------------------------
                                              9.604976   slack (MET)


Startpoint: wr_en (input port clocked by clk)
Endpoint: sram0 (falling edge-triggered flip-flop clocked by clk)
Path Group: clk
Path Type: min

Fanout         Cap        Slew       Delay        Time   Description
---------------------------------------------------------------------------------------------
                                  0.000000    0.000000   clock clk (rise edge)
                                  0.000000    0.000000   clock network delay (propagated)
                                 10.000000   10.000000 v input external delay
     1    0.002726    0.008460    0.004293   10.004293 v wr_en (in)
                                                         wr_en (net)
                      0.008460    0.000000   10.004293 v input42/A (sky130_fd_sc_hd__clkbuf_2)
     4    0.015797    0.067036    0.122127   10.126421 v input42/X (sky130_fd_sc_hd__clkbuf_2)
                                                         net42 (net)
                      0.067037    0.000375   10.126796 v max_cap624/A (sky130_fd_sc_hd__clkbuf_2)
     4    0.021151    0.086025    0.161880   10.288676 v max_cap624/X (sky130_fd_sc_hd__clkbuf_2)
                                                         net624 (net)
                      0.086033    0.000862   10.289538 v max_cap623/A (sky130_fd_sc_hd__clkbuf_2)
     4    0.021809    0.088260    0.172481   10.462019 v max_cap623/X (sky130_fd_sc_hd__clkbuf_2)
                                                         net623 (net)
                      0.088260    0.000284   10.462303 v _283_/A (sky130_fd_sc_hd__inv_2)
     3    0.007826    0.048646    0.074375   10.536678 ^ _283_/Y (sky130_fd_sc_hd__inv_2)
                                                         web0 (net)
                      0.048646    0.000072   10.536751 ^ max_cap620/A (sky130_fd_sc_hd__clkbuf_2)
     3    0.014809    0.087712    0.137821   10.674572 ^ max_cap620/X (sky130_fd_sc_hd__clkbuf_2)
                                                         net620 (net)
                      0.116950    0.000180   10.674752 ^ sram0/web0 (sky130_sram_1kbyte_1rw1r_32x256_8)
                                             10.674752   data arrival time

                                  0.000000    0.000000   clock clk (rise edge)
                                  0.000000    0.000000   clock source latency
     1    0.030636    0.143136    0.099091    0.099091 ^ clk (in)
                                                         clk (net)
                      0.143142    0.000000    0.099091 ^ clkbuf_0_clk/A (sky130_fd_sc_hd__clkbuf_16)
     8    0.130486    0.143741    0.240533    0.339624 ^ clkbuf_0_clk/X (sky130_fd_sc_hd__clkbuf_16)
                                                         clknet_0_clk (net)
                      0.144155    0.005613    0.345237 ^ clkbuf_3_2__f_clk/A (sky130_fd_sc_hd__clkbuf_16)
    10    0.047671    0.067122    0.182525    0.527762 ^ clkbuf_3_2__f_clk/X (sky130_fd_sc_hd__clkbuf_16)
                                                         clknet_3_2__leaf_clk (net)
                      0.089500    0.000558    0.528320 ^ sram0/clk0 (sky130_sram_1kbyte_1rw1r_32x256_8)
                                  0.250000    0.778320   clock uncertainty
                                  0.000000    0.778320   clock reconvergence pessimism
                                 -0.056000    0.722320   library hold time
                                              0.722320   data required time
---------------------------------------------------------------------------------------------
                                              0.722320   data required time
                                            -10.674752   data arrival time
---------------------------------------------------------------------------------------------
                                              9.952432   slack (MET)


Startpoint: wr_en (input port clocked by clk)
Endpoint: _600_ (rising edge-triggered flip-flop clocked by clk)
Path Group: clk
Path Type: min

Fanout         Cap        Slew       Delay        Time   Description
---------------------------------------------------------------------------------------------
                                  0.000000    0.000000   clock clk (rise edge)
                                  0.000000    0.000000   clock network delay (propagated)
                                 10.000000   10.000000 v input external delay
     1    0.002726    0.008460    0.004293   10.004293 v wr_en (in)
                                                         wr_en (net)
                      0.008460    0.000000   10.004293 v input42/A (sky130_fd_sc_hd__clkbuf_2)
     4    0.015797    0.067036    0.122127   10.126421 v input42/X (sky130_fd_sc_hd__clkbuf_2)
                                                         net42 (net)
                      0.067037    0.000375   10.126796 v max_cap624/A (sky130_fd_sc_hd__clkbuf_2)
     4    0.021151    0.086025    0.161880   10.288676 v max_cap624/X (sky130_fd_sc_hd__clkbuf_2)
                                                         net624 (net)
                      0.086033    0.000862   10.289538 v max_cap623/A (sky130_fd_sc_hd__clkbuf_2)
     4    0.021809    0.088260    0.172481   10.462019 v max_cap623/X (sky130_fd_sc_hd__clkbuf_2)
                                                         net623 (net)
                      0.088260    0.000284   10.462303 v _283_/A (sky130_fd_sc_hd__inv_2)
     3    0.007826    0.048646    0.074375   10.536678 ^ _283_/Y (sky130_fd_sc_hd__inv_2)
                                                         web0 (net)
                      0.048646    0.000072   10.536751 ^ max_cap620/A (sky130_fd_sc_hd__clkbuf_2)
     3    0.014809    0.087712    0.137821   10.674572 ^ max_cap620/X (sky130_fd_sc_hd__clkbuf_2)
                                                         net620 (net)
                      0.087712    0.000151   10.674723 ^ max_cap619/A (sky130_fd_sc_hd__buf_1)
     1    0.011482    0.141838    0.161692   10.836414 ^ max_cap619/X (sky130_fd_sc_hd__buf_1)
                                                         net619 (net)
                      0.141842    0.000607   10.837022 ^ _600_/D (sky130_fd_sc_hd__dfrtp_1)
                                             10.837022   data arrival time

                                  0.000000    0.000000   clock clk (rise edge)
                                  0.000000    0.000000   clock source latency
     1    0.030636    0.143136    0.099091    0.099091 ^ clk (in)
                                                         clk (net)
                      0.143142    0.000000    0.099091 ^ clkbuf_0_clk/A (sky130_fd_sc_hd__clkbuf_16)
     8    0.130486    0.143741    0.240533    0.339624 ^ clkbuf_0_clk/X (sky130_fd_sc_hd__clkbuf_16)
                                                         clknet_0_clk (net)
                      0.144000    0.004178    0.343802 ^ clkbuf_3_3__f_clk/A (sky130_fd_sc_hd__clkbuf_16)
    10    0.040553    0.060757    0.177202    0.521004 ^ clkbuf_3_3__f_clk/X (sky130_fd_sc_hd__clkbuf_16)
                                                         clknet_3_3__leaf_clk (net)
                      0.060769    0.000779    0.521783 ^ _600_/CLK (sky130_fd_sc_hd__dfrtp_1)
                                  0.250000    0.771783   clock uncertainty
                                  0.000000    0.771783   clock reconvergence pessimism
                                 -0.052869    0.718914   library hold time
                                              0.718914   data required time
---------------------------------------------------------------------------------------------
                                              0.718914   data required time
                                            -10.837022   data arrival time
---------------------------------------------------------------------------------------------
                                             10.118108   slack (MET)


Startpoint: _661_ (rising edge-triggered flip-flop clocked by clk)
Endpoint: acc_out[27] (output port clocked by clk)
Path Group: clk
Path Type: min

Fanout         Cap        Slew       Delay        Time   Description
---------------------------------------------------------------------------------------------
                                  0.000000    0.000000   clock clk (rise edge)
                                  0.000000    0.000000   clock source latency
     1    0.030636    0.143136    0.099091    0.099091 ^ clk (in)
                                                         clk (net)
                      0.143142    0.000000    0.099091 ^ clkbuf_0_clk/A (sky130_fd_sc_hd__clkbuf_16)
     8    0.130486    0.143741    0.240533    0.339624 ^ clkbuf_0_clk/X (sky130_fd_sc_hd__clkbuf_16)
                                                         clknet_0_clk (net)
                      0.143971    0.003841    0.343466 ^ clkbuf_3_5__f_clk/A (sky130_fd_sc_hd__clkbuf_16)
    15    0.047278    0.066748    0.182039    0.525504 ^ clkbuf_3_5__f_clk/X (sky130_fd_sc_hd__clkbuf_16)
                                                         clknet_3_5__leaf_clk (net)
                      0.066773    0.001189    0.526694 ^ _661_/CLK (sky130_fd_sc_hd__dfrtp_1)
     2    0.004552    0.058334    0.334992    0.861686 ^ _661_/Q (sky130_fd_sc_hd__dfrtp_1)
                                                         net62 (net)
                      0.058334    0.000026    0.861713 ^ output62/A (sky130_fd_sc_hd__buf_2)
     1    0.034256    0.170107    0.203182    1.064895 ^ output62/X (sky130_fd_sc_hd__buf_2)
                                                         acc_out[27] (net)
                      0.170107    0.000345    1.065239 ^ acc_out[27] (out)
                                              1.065239   data arrival time

                                  0.000000    0.000000   clock clk (rise edge)
                                  0.000000    0.000000   clock network delay (propagated)
                                  0.250000    0.250000   clock uncertainty
                                  0.000000    0.250000   clock reconvergence pessimism
                                -10.000000   -9.750000   output external delay
                                             -9.750000   data required time
---------------------------------------------------------------------------------------------
                                             -9.750000   data required time
                                             -1.065239   data arrival time
---------------------------------------------------------------------------------------------
                                             10.815240   slack (MET)


Startpoint: _664_ (rising edge-triggered flip-flop clocked by clk)
Endpoint: acc_out[30] (output port clocked by clk)
Path Group: clk
Path Type: min

Fanout         Cap        Slew       Delay        Time   Description
---------------------------------------------------------------------------------------------
                                  0.000000    0.000000   clock clk (rise edge)
                                  0.000000    0.000000   clock source latency
     1    0.030636    0.143136    0.099091    0.099091 ^ clk (in)
                                                         clk (net)
                      0.143142    0.000000    0.099091 ^ clkbuf_0_clk/A (sky130_fd_sc_hd__clkbuf_16)
     8    0.130486    0.143741    0.240533    0.339624 ^ clkbuf_0_clk/X (sky130_fd_sc_hd__clkbuf_16)
                                                         clknet_0_clk (net)
                      0.143971    0.003841    0.343466 ^ clkbuf_3_5__f_clk/A (sky130_fd_sc_hd__clkbuf_16)
    15    0.047278    0.066748    0.182039    0.525504 ^ clkbuf_3_5__f_clk/X (sky130_fd_sc_hd__clkbuf_16)
                                                         clknet_3_5__leaf_clk (net)
                      0.066780    0.001310    0.526815 ^ _664_/CLK (sky130_fd_sc_hd__dfrtp_1)
     2    0.004485    0.057827    0.334545    0.861360 ^ _664_/Q (sky130_fd_sc_hd__dfrtp_1)
                                                         net66 (net)
                      0.057827    0.000012    0.861372 ^ output66/A (sky130_fd_sc_hd__buf_2)
     1    0.034816    0.172740    0.204767    1.066139 ^ output66/X (sky130_fd_sc_hd__buf_2)
                                                         acc_out[30] (net)
                      0.172740    0.000472    1.066611 ^ acc_out[30] (out)
                                              1.066611   data arrival time

                                  0.000000    0.000000   clock clk (rise edge)
                                  0.000000    0.000000   clock network delay (propagated)
                                  0.250000    0.250000   clock uncertainty
                                  0.000000    0.250000   clock reconvergence pessimism
                                -10.000000   -9.750000   output external delay
                                             -9.750000   data required time
---------------------------------------------------------------------------------------------
                                             -9.750000   data required time
                                             -1.066611   data arrival time
---------------------------------------------------------------------------------------------
                                             10.816612   slack (MET)


Startpoint: _665_ (rising edge-triggered flip-flop clocked by clk)
Endpoint: acc_out[31] (output port clocked by clk)
Path Group: clk
Path Type: min

Fanout         Cap        Slew       Delay        Time   Description
---------------------------------------------------------------------------------------------
                                  0.000000    0.000000   clock clk (rise edge)
                                  0.000000    0.000000   clock source latency
     1    0.030636    0.143136    0.099091    0.099091 ^ clk (in)
                                                         clk (net)
                      0.143142    0.000000    0.099091 ^ clkbuf_0_clk/A (sky130_fd_sc_hd__clkbuf_16)
     8    0.130486    0.143741    0.240533    0.339624 ^ clkbuf_0_clk/X (sky130_fd_sc_hd__clkbuf_16)
                                                         clknet_0_clk (net)
                      0.143971    0.003841    0.343466 ^ clkbuf_3_5__f_clk/A (sky130_fd_sc_hd__clkbuf_16)
    15    0.047278    0.066748    0.182039    0.525504 ^ clkbuf_3_5__f_clk/X (sky130_fd_sc_hd__clkbuf_16)
                                                         clknet_3_5__leaf_clk (net)
                      0.066782    0.001340    0.526844 ^ _665_/CLK (sky130_fd_sc_hd__dfrtp_1)
     2    0.005045    0.062077    0.338321    0.865165 ^ _665_/Q (sky130_fd_sc_hd__dfrtp_1)
                                                         net67 (net)
                      0.062077    0.000042    0.865207 ^ output67/A (sky130_fd_sc_hd__buf_2)
     1    0.034329    0.170473    0.204797    1.070004 ^ output67/X (sky130_fd_sc_hd__buf_2)
                                                         acc_out[31] (net)
                      0.170473    0.000357    1.070361 ^ acc_out[31] (out)
                                              1.070361   data arrival time

                                  0.000000    0.000000   clock clk (rise edge)
                                  0.000000    0.000000   clock network delay (propagated)
                                  0.250000    0.250000   clock uncertainty
                                  0.000000    0.250000   clock reconvergence pessimism
                                -10.000000   -9.750000   output external delay
                                             -9.750000   data required time
---------------------------------------------------------------------------------------------
                                             -9.750000   data required time
                                             -1.070361   data arrival time
---------------------------------------------------------------------------------------------
                                             10.820361   slack (MET)


Startpoint: _663_ (rising edge-triggered flip-flop clocked by clk)
Endpoint: acc_out[29] (output port clocked by clk)
Path Group: clk
Path Type: min

Fanout         Cap        Slew       Delay        Time   Description
---------------------------------------------------------------------------------------------
                                  0.000000    0.000000   clock clk (rise edge)
                                  0.000000    0.000000   clock source latency
     1    0.030636    0.143136    0.099091    0.099091 ^ clk (in)
                                                         clk (net)
                      0.143142    0.000000    0.099091 ^ clkbuf_0_clk/A (sky130_fd_sc_hd__clkbuf_16)
     8    0.130486    0.143741    0.240533    0.339624 ^ clkbuf_0_clk/X (sky130_fd_sc_hd__clkbuf_16)
                                                         clknet_0_clk (net)
                      0.143971    0.003841    0.343466 ^ clkbuf_3_5__f_clk/A (sky130_fd_sc_hd__clkbuf_16)
    15    0.047278    0.066748    0.182039    0.525504 ^ clkbuf_3_5__f_clk/X (sky130_fd_sc_hd__clkbuf_16)
                                                         clknet_3_5__leaf_clk (net)
                      0.066777    0.001263    0.526767 ^ _663_/CLK (sky130_fd_sc_hd__dfrtp_1)
     2    0.005285    0.063972    0.339935    0.866702 ^ _663_/Q (sky130_fd_sc_hd__dfrtp_1)
                                                         net64 (net)
                      0.063972    0.000051    0.866753 ^ output64/A (sky130_fd_sc_hd__buf_2)
     1    0.034269    0.170200    0.205303    1.072056 ^ output64/X (sky130_fd_sc_hd__buf_2)
                                                         acc_out[29] (net)
                      0.170200    0.000345    1.072401 ^ acc_out[29] (out)
                                              1.072401   data arrival time

                                  0.000000    0.000000   clock clk (rise edge)
                                  0.000000    0.000000   clock network delay (propagated)
                                  0.250000    0.250000   clock uncertainty
                                  0.000000    0.250000   clock reconvergence pessimism
                                -10.000000   -9.750000   output external delay
                                             -9.750000   data required time
---------------------------------------------------------------------------------------------
                                             -9.750000   data required time
                                             -1.072401   data arrival time
---------------------------------------------------------------------------------------------
                                             10.822401   slack (MET)


Startpoint: _655_ (rising edge-triggered flip-flop clocked by clk)
Endpoint: acc_out[21] (output port clocked by clk)
Path Group: clk
Path Type: min

Fanout         Cap        Slew       Delay        Time   Description
---------------------------------------------------------------------------------------------
                                  0.000000    0.000000   clock clk (rise edge)
                                  0.000000    0.000000   clock source latency
     1    0.030636    0.143136    0.099091    0.099091 ^ clk (in)
                                                         clk (net)
                      0.143142    0.000000    0.099091 ^ clkbuf_0_clk/A (sky130_fd_sc_hd__clkbuf_16)
     8    0.130486    0.143741    0.240533    0.339624 ^ clkbuf_0_clk/X (sky130_fd_sc_hd__clkbuf_16)
                                                         clknet_0_clk (net)
                      0.143963    0.003743    0.343367 ^ clkbuf_3_4__f_clk/A (sky130_fd_sc_hd__clkbuf_16)
    12    0.044256    0.063986    0.179637    0.523004 ^ clkbuf_3_4__f_clk/X (sky130_fd_sc_hd__clkbuf_16)
                                                         clknet_3_4__leaf_clk (net)
                      0.064011    0.001226    0.524230 ^ _655_/CLK (sky130_fd_sc_hd__dfrtp_1)
     2    0.006062    0.070008    0.344136    0.868366 ^ _655_/Q (sky130_fd_sc_hd__dfrtp_1)
                                                         net56 (net)
                      0.070008    0.000083    0.868449 ^ output56/A (sky130_fd_sc_hd__buf_2)
     1    0.034569    0.171644    0.208488    1.076937 ^ output56/X (sky130_fd_sc_hd__buf_2)
                                                         acc_out[21] (net)
                      0.171644    0.000394    1.077331 ^ acc_out[21] (out)
                                              1.077331   data arrival time

                                  0.000000    0.000000   clock clk (rise edge)
                                  0.000000    0.000000   clock network delay (propagated)
                                  0.250000    0.250000   clock uncertainty
                                  0.000000    0.250000   clock reconvergence pessimism
                                -10.000000   -9.750000   output external delay
                                             -9.750000   data required time
---------------------------------------------------------------------------------------------
                                             -9.750000   data required time
                                             -1.077331   data arrival time
---------------------------------------------------------------------------------------------
                                             10.827332   slack (MET)


Startpoint: _659_ (rising edge-triggered flip-flop clocked by clk)
Endpoint: acc_out[25] (output port clocked by clk)
Path Group: clk
Path Type: min

Fanout         Cap        Slew       Delay        Time   Description
---------------------------------------------------------------------------------------------
                                  0.000000    0.000000   clock clk (rise edge)
                                  0.000000    0.000000   clock source latency
     1    0.030636    0.143136    0.099091    0.099091 ^ clk (in)
                                                         clk (net)
                      0.143142    0.000000    0.099091 ^ clkbuf_0_clk/A (sky130_fd_sc_hd__clkbuf_16)
     8    0.130486    0.143741    0.240533    0.339624 ^ clkbuf_0_clk/X (sky130_fd_sc_hd__clkbuf_16)
                                                         clknet_0_clk (net)
                      0.143971    0.003841    0.343466 ^ clkbuf_3_5__f_clk/A (sky130_fd_sc_hd__clkbuf_16)
    15    0.047278    0.066748    0.182039    0.525504 ^ clkbuf_3_5__f_clk/X (sky130_fd_sc_hd__clkbuf_16)
                                                         clknet_3_5__leaf_clk (net)
                      0.066751    0.000564    0.526068 ^ _659_/CLK (sky130_fd_sc_hd__dfrtp_1)
     2    0.006263    0.071581    0.346511    0.872579 ^ _659_/Q (sky130_fd_sc_hd__dfrtp_1)
                                                         net60 (net)
                      0.071581    0.000084    0.872663 ^ output60/A (sky130_fd_sc_hd__buf_2)
     1    0.034323    0.170498    0.208277    1.080940 ^ output60/X (sky130_fd_sc_hd__buf_2)
                                                         acc_out[25] (net)
                      0.170498    0.000357    1.081297 ^ acc_out[25] (out)
                                              1.081297   data arrival time

                                  0.000000    0.000000   clock clk (rise edge)
                                  0.000000    0.000000   clock network delay (propagated)
                                  0.250000    0.250000   clock uncertainty
                                  0.000000    0.250000   clock reconvergence pessimism
                                -10.000000   -9.750000   output external delay
                                             -9.750000   data required time
---------------------------------------------------------------------------------------------
                                             -9.750000   data required time
                                             -1.081297   data arrival time
---------------------------------------------------------------------------------------------
                                             10.831297   slack (MET)


Startpoint: _654_ (rising edge-triggered flip-flop clocked by clk)
Endpoint: acc_out[20] (output port clocked by clk)
Path Group: clk
Path Type: min

Fanout         Cap        Slew       Delay        Time   Description
---------------------------------------------------------------------------------------------
                                  0.000000    0.000000   clock clk (rise edge)
                                  0.000000    0.000000   clock source latency
     1    0.030636    0.143136    0.099091    0.099091 ^ clk (in)
                                                         clk (net)
                      0.143142    0.000000    0.099091 ^ clkbuf_0_clk/A (sky130_fd_sc_hd__clkbuf_16)
     8    0.130486    0.143741    0.240533    0.339624 ^ clkbuf_0_clk/X (sky130_fd_sc_hd__clkbuf_16)
                                                         clknet_0_clk (net)
                      0.143963    0.003743    0.343367 ^ clkbuf_3_4__f_clk/A (sky130_fd_sc_hd__clkbuf_16)
    12    0.044256    0.063986    0.179637    0.523004 ^ clkbuf_3_4__f_clk/X (sky130_fd_sc_hd__clkbuf_16)
                                                         clknet_3_4__leaf_clk (net)
                      0.064019    0.001361    0.524365 ^ _654_/CLK (sky130_fd_sc_hd__dfrtp_1)
     2    0.006660    0.074705    0.348189    0.872555 ^ _654_/Q (sky130_fd_sc_hd__dfrtp_1)
                                                         net55 (net)
                      0.074705    0.000070    0.872624 ^ output55/A (sky130_fd_sc_hd__buf_2)
     1    0.034398    0.170865    0.209676    1.082300 ^ output55/X (sky130_fd_sc_hd__buf_2)
                                                         acc_out[20] (net)
                      0.170865    0.000358    1.082658 ^ acc_out[20] (out)
                                              1.082658   data arrival time

                                  0.000000    0.000000   clock clk (rise edge)
                                  0.000000    0.000000   clock network delay (propagated)
                                  0.250000    0.250000   clock uncertainty
                                  0.000000    0.250000   clock reconvergence pessimism
                                -10.000000   -9.750000   output external delay
                                             -9.750000   data required time
---------------------------------------------------------------------------------------------
                                             -9.750000   data required time
                                             -1.082658   data arrival time
---------------------------------------------------------------------------------------------
                                             10.832658   slack (MET)


Startpoint: _653_ (rising edge-triggered flip-flop clocked by clk)
Endpoint: acc_out[19] (output port clocked by clk)
Path Group: clk
Path Type: min

Fanout         Cap        Slew       Delay        Time   Description
---------------------------------------------------------------------------------------------
                                  0.000000    0.000000   clock clk (rise edge)
                                  0.000000    0.000000   clock source latency
     1    0.030636    0.143136    0.099091    0.099091 ^ clk (in)
                                                         clk (net)
                      0.143142    0.000000    0.099091 ^ clkbuf_0_clk/A (sky130_fd_sc_hd__clkbuf_16)
     8    0.130486    0.143741    0.240533    0.339624 ^ clkbuf_0_clk/X (sky130_fd_sc_hd__clkbuf_16)
                                                         clknet_0_clk (net)
                      0.143899    0.002841    0.342465 ^ clkbuf_3_7__f_clk/A (sky130_fd_sc_hd__clkbuf_16)
     7    0.043903    0.063730    0.179650    0.522115 ^ clkbuf_3_7__f_clk/X (sky130_fd_sc_hd__clkbuf_16)
                                                         clknet_3_7__leaf_clk (net)
                      0.063731    0.000406    0.522521 ^ _653_/CLK (sky130_fd_sc_hd__dfrtp_1)
     2    0.006503    0.073463    0.347010    0.869532 ^ _653_/Q (sky130_fd_sc_hd__dfrtp_1)
                                                         net53 (net)
                      0.073463    0.000088    0.869620 ^ output53/A (sky130_fd_sc_hd__buf_2)
     1    0.035527    0.176163    0.212848    1.082468 ^ output53/X (sky130_fd_sc_hd__buf_2)
                                                         acc_out[19] (net)
                      0.176163    0.000534    1.083002 ^ acc_out[19] (out)
                                              1.083002   data arrival time

                                  0.000000    0.000000   clock clk (rise edge)
                                  0.000000    0.000000   clock network delay (propagated)
                                  0.250000    0.250000   clock uncertainty
                                  0.000000    0.250000   clock reconvergence pessimism
                                -10.000000   -9.750000   output external delay
                                             -9.750000   data required time
---------------------------------------------------------------------------------------------
                                             -9.750000   data required time
                                             -1.083002   data arrival time
---------------------------------------------------------------------------------------------
                                             10.833002   slack (MET)


Startpoint: _662_ (rising edge-triggered flip-flop clocked by clk)
Endpoint: acc_out[28] (output port clocked by clk)
Path Group: clk
Path Type: min

Fanout         Cap        Slew       Delay        Time   Description
---------------------------------------------------------------------------------------------
                                  0.000000    0.000000   clock clk (rise edge)
                                  0.000000    0.000000   clock source latency
     1    0.030636    0.143136    0.099091    0.099091 ^ clk (in)
                                                         clk (net)
                      0.143142    0.000000    0.099091 ^ clkbuf_0_clk/A (sky130_fd_sc_hd__clkbuf_16)
     8    0.130486    0.143741    0.240533    0.339624 ^ clkbuf_0_clk/X (sky130_fd_sc_hd__clkbuf_16)
                                                         clknet_0_clk (net)
                      0.143971    0.003841    0.343466 ^ clkbuf_3_5__f_clk/A (sky130_fd_sc_hd__clkbuf_16)
    15    0.047278    0.066748    0.182039    0.525504 ^ clkbuf_3_5__f_clk/X (sky130_fd_sc_hd__clkbuf_16)
                                                         clknet_3_5__leaf_clk (net)
                      0.066770    0.001135    0.526639 ^ _662_/CLK (sky130_fd_sc_hd__dfrtp_1)
     2    0.006458    0.073110    0.347841    0.874480 ^ _662_/Q (sky130_fd_sc_hd__dfrtp_1)
                                                         net63 (net)
                      0.073110    0.000071    0.874551 ^ output63/A (sky130_fd_sc_hd__buf_2)
     1    0.034392    0.170828    0.209068    1.083619 ^ output63/X (sky130_fd_sc_hd__buf_2)
                                                         acc_out[28] (net)
                      0.170828    0.000358    1.083977 ^ acc_out[28] (out)
                                              1.083977   data arrival time

                                  0.000000    0.000000   clock clk (rise edge)
                                  0.000000    0.000000   clock network delay (propagated)
                                  0.250000    0.250000   clock uncertainty
                                  0.000000    0.250000   clock reconvergence pessimism
                                -10.000000   -9.750000   output external delay
                                             -9.750000   data required time
---------------------------------------------------------------------------------------------
                                             -9.750000   data required time
                                             -1.083977   data arrival time
---------------------------------------------------------------------------------------------
                                             10.833977   slack (MET)


Startpoint: _656_ (rising edge-triggered flip-flop clocked by clk)
Endpoint: acc_out[22] (output port clocked by clk)
Path Group: clk
Path Type: min

Fanout         Cap        Slew       Delay        Time   Description
---------------------------------------------------------------------------------------------
                                  0.000000    0.000000   clock clk (rise edge)
                                  0.000000    0.000000   clock source latency
     1    0.030636    0.143136    0.099091    0.099091 ^ clk (in)
                                                         clk (net)
                      0.143142    0.000000    0.099091 ^ clkbuf_0_clk/A (sky130_fd_sc_hd__clkbuf_16)
     8    0.130486    0.143741    0.240533    0.339624 ^ clkbuf_0_clk/X (sky130_fd_sc_hd__clkbuf_16)
                                                         clknet_0_clk (net)
                      0.143963    0.003743    0.343367 ^ clkbuf_3_4__f_clk/A (sky130_fd_sc_hd__clkbuf_16)
    12    0.044256    0.063986    0.179637    0.523004 ^ clkbuf_3_4__f_clk/X (sky130_fd_sc_hd__clkbuf_16)
                                                         clknet_3_4__leaf_clk (net)
                      0.063996    0.000928    0.523932 ^ _656_/CLK (sky130_fd_sc_hd__dfrtp_1)
     2    0.007092    0.078128    0.351062    0.874995 ^ _656_/Q (sky130_fd_sc_hd__dfrtp_1)
                                                         net57 (net)
                      0.078128    0.000122    0.875117 ^ output57/A (sky130_fd_sc_hd__buf_2)
     1    0.035529    0.176210    0.214521    1.089638 ^ output57/X (sky130_fd_sc_hd__buf_2)
                                                         acc_out[22] (net)
                      0.176210    0.000604    1.090243 ^ acc_out[22] (out)
                                              1.090243   data arrival time

                                  0.000000    0.000000   clock clk (rise edge)
                                  0.000000    0.000000   clock network delay (propagated)
                                  0.250000    0.250000   clock uncertainty
                                  0.000000    0.250000   clock reconvergence pessimism
                                -10.000000   -9.750000   output external delay
                                             -9.750000   data required time
---------------------------------------------------------------------------------------------
                                             -9.750000   data required time
                                             -1.090243   data arrival time
---------------------------------------------------------------------------------------------
                                             10.840242   slack (MET)


Startpoint: _643_ (rising edge-triggered flip-flop clocked by clk)
Endpoint: acc_out[9] (output port clocked by clk)
Path Group: clk
Path Type: min

Fanout         Cap        Slew       Delay        Time   Description
---------------------------------------------------------------------------------------------
                                  0.000000    0.000000   clock clk (rise edge)
                                  0.000000    0.000000   clock source latency
     1    0.030636    0.143136    0.099091    0.099091 ^ clk (in)
                                                         clk (net)
                      0.143142    0.000000    0.099091 ^ clkbuf_0_clk/A (sky130_fd_sc_hd__clkbuf_16)
     8    0.130486    0.143741    0.240533    0.339624 ^ clkbuf_0_clk/X (sky130_fd_sc_hd__clkbuf_16)
                                                         clknet_0_clk (net)
                      0.143971    0.003845    0.343469 ^ clkbuf_3_0__f_clk/A (sky130_fd_sc_hd__clkbuf_16)
     7    0.039504    0.059861    0.176543    0.520012 ^ clkbuf_3_0__f_clk/X (sky130_fd_sc_hd__clkbuf_16)
                                                         clknet_3_0__leaf_clk (net)
                      0.059861    0.000198    0.520210 ^ _643_/CLK (sky130_fd_sc_hd__dfrtp_1)
     2    0.008095    0.086138    0.356258    0.876468 ^ _643_/Q (sky130_fd_sc_hd__dfrtp_1)
                                                         net74 (net)
                      0.086138    0.000202    0.876670 ^ output74/A (sky130_fd_sc_hd__buf_2)
     1    0.034691    0.172304    0.214843    1.091512 ^ output74/X (sky130_fd_sc_hd__buf_2)
                                                         acc_out[9] (net)
                      0.172304    0.000384    1.091897 ^ acc_out[9] (out)
                                              1.091897   data arrival time

                                  0.000000    0.000000   clock clk (rise edge)
                                  0.000000    0.000000   clock network delay (propagated)
                                  0.250000    0.250000   clock uncertainty
                                  0.000000    0.250000   clock reconvergence pessimism
                                -10.000000   -9.750000   output external delay
                                             -9.750000   data required time
---------------------------------------------------------------------------------------------
                                             -9.750000   data required time
                                             -1.091897   data arrival time
---------------------------------------------------------------------------------------------
                                             10.841897   slack (MET)


Startpoint: _657_ (rising edge-triggered flip-flop clocked by clk)
Endpoint: acc_out[23] (output port clocked by clk)
Path Group: clk
Path Type: min

Fanout         Cap        Slew       Delay        Time   Description
---------------------------------------------------------------------------------------------
                                  0.000000    0.000000   clock clk (rise edge)
                                  0.000000    0.000000   clock source latency
     1    0.030636    0.143136    0.099091    0.099091 ^ clk (in)
                                                         clk (net)
                      0.143142    0.000000    0.099091 ^ clkbuf_0_clk/A (sky130_fd_sc_hd__clkbuf_16)
     8    0.130486    0.143741    0.240533    0.339624 ^ clkbuf_0_clk/X (sky130_fd_sc_hd__clkbuf_16)
                                                         clknet_0_clk (net)
                      0.143963    0.003743    0.343367 ^ clkbuf_3_4__f_clk/A (sky130_fd_sc_hd__clkbuf_16)
    12    0.044256    0.063986    0.179637    0.523004 ^ clkbuf_3_4__f_clk/X (sky130_fd_sc_hd__clkbuf_16)
                                                         clknet_3_4__leaf_clk (net)
                      0.063986    0.000594    0.523598 ^ _657_/CLK (sky130_fd_sc_hd__dfrtp_1)
     2    0.007355    0.080213    0.352854    0.876452 ^ _657_/Q (sky130_fd_sc_hd__dfrtp_1)
                                                         net58 (net)
                      0.080213    0.000068    0.876520 ^ output58/A (sky130_fd_sc_hd__buf_2)
     1    0.035896    0.177898    0.216521    1.093041 ^ output58/X (sky130_fd_sc_hd__buf_2)
                                                         acc_out[23] (net)
                      0.177898    0.000587    1.093627 ^ acc_out[23] (out)
                                              1.093627   data arrival time

                                  0.000000    0.000000   clock clk (rise edge)
                                  0.000000    0.000000   clock network delay (propagated)
                                  0.250000    0.250000   clock uncertainty
                                  0.000000    0.250000   clock reconvergence pessimism
                                -10.000000   -9.750000   output external delay
                                             -9.750000   data required time
---------------------------------------------------------------------------------------------
                                             -9.750000   data required time
                                             -1.093627   data arrival time
---------------------------------------------------------------------------------------------
                                             10.843628   slack (MET)


Startpoint: _642_ (rising edge-triggered flip-flop clocked by clk)
Endpoint: acc_out[8] (output port clocked by clk)
Path Group: clk
Path Type: min

Fanout         Cap        Slew       Delay        Time   Description
---------------------------------------------------------------------------------------------
                                  0.000000    0.000000   clock clk (rise edge)
                                  0.000000    0.000000   clock source latency
     1    0.030636    0.143136    0.099091    0.099091 ^ clk (in)
                                                         clk (net)
                      0.143142    0.000000    0.099091 ^ clkbuf_0_clk/A (sky130_fd_sc_hd__clkbuf_16)
     8    0.130486    0.143741    0.240533    0.339624 ^ clkbuf_0_clk/X (sky130_fd_sc_hd__clkbuf_16)
                                                         clknet_0_clk (net)
                      0.143971    0.003845    0.343469 ^ clkbuf_3_0__f_clk/A (sky130_fd_sc_hd__clkbuf_16)
     7    0.039504    0.059861    0.176543    0.520012 ^ clkbuf_3_0__f_clk/X (sky130_fd_sc_hd__clkbuf_16)
                                                         clknet_3_0__leaf_clk (net)
                      0.059861    0.000171    0.520183 ^ _642_/CLK (sky130_fd_sc_hd__dfrtp_1)
     2    0.009252    0.094335    0.364101    0.884285 ^ _642_/Q (sky130_fd_sc_hd__dfrtp_1)
                                                         net73 (net)
                      0.094335    0.000114    0.884399 ^ output73/A (sky130_fd_sc_hd__buf_2)
     1    0.034425    0.171119    0.216970    1.101368 ^ output73/X (sky130_fd_sc_hd__buf_2)
                                                         acc_out[8] (net)
                      0.171119    0.000403    1.101771 ^ acc_out[8] (out)
                                              1.101771   data arrival time

                                  0.000000    0.000000   clock clk (rise edge)
                                  0.000000    0.000000   clock network delay (propagated)
                                  0.250000    0.250000   clock uncertainty
                                  0.000000    0.250000   clock reconvergence pessimism
                                -10.000000   -9.750000   output external delay
                                             -9.750000   data required time
---------------------------------------------------------------------------------------------
                                             -9.750000   data required time
                                             -1.101771   data arrival time
---------------------------------------------------------------------------------------------
                                             10.851771   slack (MET)


Startpoint: _649_ (rising edge-triggered flip-flop clocked by clk)
Endpoint: acc_out[15] (output port clocked by clk)
Path Group: clk
Path Type: min

Fanout         Cap        Slew       Delay        Time   Description
---------------------------------------------------------------------------------------------
                                  0.000000    0.000000   clock clk (rise edge)
                                  0.000000    0.000000   clock source latency
     1    0.030636    0.143136    0.099091    0.099091 ^ clk (in)
                                                         clk (net)
                      0.143142    0.000000    0.099091 ^ clkbuf_0_clk/A (sky130_fd_sc_hd__clkbuf_16)
     8    0.130486    0.143741    0.240533    0.339624 ^ clkbuf_0_clk/X (sky130_fd_sc_hd__clkbuf_16)
                                                         clknet_0_clk (net)
                      0.143851    0.001902    0.341526 ^ clkbuf_3_6__f_clk/A (sky130_fd_sc_hd__clkbuf_16)
    12    0.044451    0.064237    0.180106    0.521632 ^ clkbuf_3_6__f_clk/X (sky130_fd_sc_hd__clkbuf_16)
                                                         clknet_3_6__leaf_clk (net)
                      0.064238    0.000408    0.522040 ^ _649_/CLK (sky130_fd_sc_hd__dfrtp_1)
     2    0.009732    0.069212    0.397803    0.919843 v _649_/Q (sky130_fd_sc_hd__dfrtp_1)
                                                         net49 (net)
                      0.069212    0.000098    0.919941 v output49/A (sky130_fd_sc_hd__buf_2)
     1    0.034493    0.089820    0.191579    1.111520 v output49/X (sky130_fd_sc_hd__buf_2)
                                                         acc_out[15] (net)
                      0.089821    0.000359    1.111878 v acc_out[15] (out)
                                              1.111878   data arrival time

                                  0.000000    0.000000   clock clk (rise edge)
                                  0.000000    0.000000   clock network delay (propagated)
                                  0.250000    0.250000   clock uncertainty
                                  0.000000    0.250000   clock reconvergence pessimism
                                -10.000000   -9.750000   output external delay
                                             -9.750000   data required time
---------------------------------------------------------------------------------------------
                                             -9.750000   data required time
                                             -1.111878   data arrival time
---------------------------------------------------------------------------------------------
                                             10.861878   slack (MET)


Startpoint: _645_ (rising edge-triggered flip-flop clocked by clk)
Endpoint: acc_out[11] (output port clocked by clk)
Path Group: clk
Path Type: min

Fanout         Cap        Slew       Delay        Time   Description
---------------------------------------------------------------------------------------------
                                  0.000000    0.000000   clock clk (rise edge)
                                  0.000000    0.000000   clock source latency
     1    0.030636    0.143136    0.099091    0.099091 ^ clk (in)
                                                         clk (net)
                      0.143142    0.000000    0.099091 ^ clkbuf_0_clk/A (sky130_fd_sc_hd__clkbuf_16)
     8    0.130486    0.143741    0.240533    0.339624 ^ clkbuf_0_clk/X (sky130_fd_sc_hd__clkbuf_16)
                                                         clknet_0_clk (net)
                      0.143931    0.003332    0.342956 ^ clkbuf_3_1__f_clk/A (sky130_fd_sc_hd__clkbuf_16)
     9    0.039664    0.059990    0.176602    0.519558 ^ clkbuf_3_1__f_clk/X (sky130_fd_sc_hd__clkbuf_16)
                                                         clknet_3_1__leaf_clk (net)
                      0.059990    0.000194    0.519751 ^ _645_/CLK (sky130_fd_sc_hd__dfrtp_1)
     2    0.010870    0.074065    0.400846    0.920597 v _645_/Q (sky130_fd_sc_hd__dfrtp_1)
                                                         net45 (net)
                      0.074065    0.000083    0.920681 v output45/A (sky130_fd_sc_hd__buf_2)
     1    0.034578    0.090010    0.193944    1.114625 v output45/X (sky130_fd_sc_hd__buf_2)
                                                         acc_out[11] (net)
                      0.090011    0.000362    1.114988 v acc_out[11] (out)
                                              1.114988   data arrival time

                                  0.000000    0.000000   clock clk (rise edge)
                                  0.000000    0.000000   clock network delay (propagated)
                                  0.250000    0.250000   clock uncertainty
                                  0.000000    0.250000   clock reconvergence pessimism
                                -10.000000   -9.750000   output external delay
                                             -9.750000   data required time
---------------------------------------------------------------------------------------------
                                             -9.750000   data required time
                                             -1.114988   data arrival time
---------------------------------------------------------------------------------------------
                                             10.864987   slack (MET)


Startpoint: _650_ (rising edge-triggered flip-flop clocked by clk)
Endpoint: acc_out[16] (output port clocked by clk)
Path Group: clk
Path Type: min

Fanout         Cap        Slew       Delay        Time   Description
---------------------------------------------------------------------------------------------
                                  0.000000    0.000000   clock clk (rise edge)
                                  0.000000    0.000000   clock source latency
     1    0.030636    0.143136    0.099091    0.099091 ^ clk (in)
                                                         clk (net)
                      0.143142    0.000000    0.099091 ^ clkbuf_0_clk/A (sky130_fd_sc_hd__clkbuf_16)
     8    0.130486    0.143741    0.240533    0.339624 ^ clkbuf_0_clk/X (sky130_fd_sc_hd__clkbuf_16)
                                                         clknet_0_clk (net)
                      0.143851    0.001902    0.341526 ^ clkbuf_3_6__f_clk/A (sky130_fd_sc_hd__clkbuf_16)
    12    0.044451    0.064237    0.180106    0.521632 ^ clkbuf_3_6__f_clk/X (sky130_fd_sc_hd__clkbuf_16)
                                                         clknet_3_6__leaf_clk (net)
                      0.064239    0.000454    0.522086 ^ _650_/CLK (sky130_fd_sc_hd__dfrtp_1)
     2    0.011406    0.076398    0.404571    0.926657 v _650_/Q (sky130_fd_sc_hd__dfrtp_1)
                                                         net50 (net)
                      0.076398    0.000149    0.926807 v output50/A (sky130_fd_sc_hd__buf_2)
     1    0.034463    0.089765    0.194794    1.121600 v output50/X (sky130_fd_sc_hd__buf_2)
                                                         acc_out[16] (net)
                      0.089765    0.000358    1.121958 v acc_out[16] (out)
                                              1.121958   data arrival time

                                  0.000000    0.000000   clock clk (rise edge)
                                  0.000000    0.000000   clock network delay (propagated)
                                  0.250000    0.250000   clock uncertainty
                                  0.000000    0.250000   clock reconvergence pessimism
                                -10.000000   -9.750000   output external delay
                                             -9.750000   data required time
---------------------------------------------------------------------------------------------
                                             -9.750000   data required time
                                             -1.121958   data arrival time
---------------------------------------------------------------------------------------------
                                             10.871959   slack (MET)


Startpoint: _658_ (rising edge-triggered flip-flop clocked by clk)
Endpoint: acc_out[24] (output port clocked by clk)
Path Group: clk
Path Type: min

Fanout         Cap        Slew       Delay        Time   Description
---------------------------------------------------------------------------------------------
                                  0.000000    0.000000   clock clk (rise edge)
                                  0.000000    0.000000   clock source latency
     1    0.030636    0.143136    0.099091    0.099091 ^ clk (in)
                                                         clk (net)
                      0.143142    0.000000    0.099091 ^ clkbuf_0_clk/A (sky130_fd_sc_hd__clkbuf_16)
     8    0.130486    0.143741    0.240533    0.339624 ^ clkbuf_0_clk/X (sky130_fd_sc_hd__clkbuf_16)
                                                         clknet_0_clk (net)
                      0.143963    0.003743    0.343367 ^ clkbuf_3_4__f_clk/A (sky130_fd_sc_hd__clkbuf_16)
    12    0.044256    0.063986    0.179637    0.523004 ^ clkbuf_3_4__f_clk/X (sky130_fd_sc_hd__clkbuf_16)
                                                         clknet_3_4__leaf_clk (net)
                      0.063986    0.000401    0.523405 ^ _658_/CLK (sky130_fd_sc_hd__dfrtp_1)
     2    0.004998    0.049085    0.372723    0.896128 v _658_/Q (sky130_fd_sc_hd__dfrtp_1)
                                                         net59 (net)
                      0.049085    0.000042    0.896170 v max_cap531/A (sky130_fd_sc_hd__clkbuf_1)
     2    0.006487    0.046036    0.106549    1.002719 v max_cap531/X (sky130_fd_sc_hd__clkbuf_1)
                                                         net531 (net)
                      0.046036    0.000090    1.002809 v output59/A (sky130_fd_sc_hd__buf_2)
     1    0.034354    0.089555    0.180948    1.183757 v output59/X (sky130_fd_sc_hd__buf_2)
                                                         acc_out[24] (net)
                      0.089556    0.000357    1.184114 v acc_out[24] (out)
                                              1.184114   data arrival time

                                  0.000000    0.000000   clock clk (rise edge)
                                  0.000000    0.000000   clock network delay (propagated)
                                  0.250000    0.250000   clock uncertainty
                                  0.000000    0.250000   clock reconvergence pessimism
                                -10.000000   -9.750000   output external delay
                                             -9.750000   data required time
---------------------------------------------------------------------------------------------
                                             -9.750000   data required time
                                             -1.184114   data arrival time
---------------------------------------------------------------------------------------------
                                             10.934114   slack (MET)


Startpoint: _660_ (rising edge-triggered flip-flop clocked by clk)
Endpoint: acc_out[26] (output port clocked by clk)
Path Group: clk
Path Type: min

Fanout         Cap        Slew       Delay        Time   Description
---------------------------------------------------------------------------------------------
                                  0.000000    0.000000   clock clk (rise edge)
                                  0.000000    0.000000   clock source latency
     1    0.030636    0.143136    0.099091    0.099091 ^ clk (in)
                                                         clk (net)
                      0.143142    0.000000    0.099091 ^ clkbuf_0_clk/A (sky130_fd_sc_hd__clkbuf_16)
     8    0.130486    0.143741    0.240533    0.339624 ^ clkbuf_0_clk/X (sky130_fd_sc_hd__clkbuf_16)
                                                         clknet_0_clk (net)
                      0.143971    0.003841    0.343466 ^ clkbuf_3_5__f_clk/A (sky130_fd_sc_hd__clkbuf_16)
    15    0.047278    0.066748    0.182039    0.525504 ^ clkbuf_3_5__f_clk/X (sky130_fd_sc_hd__clkbuf_16)
                                                         clknet_3_5__leaf_clk (net)
                      0.066750    0.000502    0.526007 ^ _660_/CLK (sky130_fd_sc_hd__dfrtp_1)
     2    0.006490    0.055948    0.381778    0.907785 v _660_/Q (sky130_fd_sc_hd__dfrtp_1)
                                                         net61 (net)
                      0.055948    0.000063    0.907848 v max_cap529/A (sky130_fd_sc_hd__clkbuf_1)
     2    0.004741    0.036659    0.101543    1.009391 v max_cap529/X (sky130_fd_sc_hd__clkbuf_1)
                                                         net529 (net)
                      0.036659    0.000037    1.009428 v output61/A (sky130_fd_sc_hd__buf_2)
     1    0.034329    0.089570    0.176863    1.186291 v output61/X (sky130_fd_sc_hd__buf_2)
                                                         acc_out[26] (net)
                      0.089570    0.000357    1.186648 v acc_out[26] (out)
                                              1.186648   data arrival time

                                  0.000000    0.000000   clock clk (rise edge)
                                  0.000000    0.000000   clock network delay (propagated)
                                  0.250000    0.250000   clock uncertainty
                                  0.000000    0.250000   clock reconvergence pessimism
                                -10.000000   -9.750000   output external delay
                                             -9.750000   data required time
---------------------------------------------------------------------------------------------
                                             -9.750000   data required time
                                             -1.186648   data arrival time
---------------------------------------------------------------------------------------------
                                             10.936647   slack (MET)


Startpoint: _634_ (rising edge-triggered flip-flop clocked by clk)
Endpoint: acc_out[0] (output port clocked by clk)
Path Group: clk
Path Type: min

Fanout         Cap        Slew       Delay        Time   Description
---------------------------------------------------------------------------------------------
                                  0.000000    0.000000   clock clk (rise edge)
                                  0.000000    0.000000   clock source latency
     1    0.030636    0.143136    0.099091    0.099091 ^ clk (in)
                                                         clk (net)
                      0.143142    0.000000    0.099091 ^ clkbuf_0_clk/A (sky130_fd_sc_hd__clkbuf_16)
     8    0.130486    0.143741    0.240533    0.339624 ^ clkbuf_0_clk/X (sky130_fd_sc_hd__clkbuf_16)
                                                         clknet_0_clk (net)
                      0.144000    0.004178    0.343802 ^ clkbuf_3_3__f_clk/A (sky130_fd_sc_hd__clkbuf_16)
    10    0.040553    0.060757    0.177202    0.521004 ^ clkbuf_3_3__f_clk/X (sky130_fd_sc_hd__clkbuf_16)
                                                         clknet_3_3__leaf_clk (net)
                      0.060768    0.000736    0.521740 ^ _634_/CLK (sky130_fd_sc_hd__dfrtp_1)
     2    0.008382    0.065258    0.389775    0.911515 v _634_/Q (sky130_fd_sc_hd__dfrtp_1)
                                                         net43 (net)
                      0.065258    0.000084    0.911599 v wire568/A (sky130_fd_sc_hd__clkbuf_1)
     1    0.005936    0.043132    0.111134    1.022732 v wire568/X (sky130_fd_sc_hd__clkbuf_1)
                                                         net568 (net)
                      0.043132    0.000150    1.022882 v output43/A (sky130_fd_sc_hd__buf_2)
     1    0.033996    0.088718    0.179183    1.202065 v output43/X (sky130_fd_sc_hd__buf_2)
                                                         acc_out[0] (net)
                      0.088718    0.000166    1.202231 v acc_out[0] (out)
                                              1.202231   data arrival time

                                  0.000000    0.000000   clock clk (rise edge)
                                  0.000000    0.000000   clock network delay (propagated)
                                  0.250000    0.250000   clock uncertainty
                                  0.000000    0.250000   clock reconvergence pessimism
                                -10.000000   -9.750000   output external delay
                                             -9.750000   data required time
---------------------------------------------------------------------------------------------
                                             -9.750000   data required time
                                             -1.202231   data arrival time
---------------------------------------------------------------------------------------------
                                             10.952231   slack (MET)


Startpoint: _651_ (rising edge-triggered flip-flop clocked by clk)
Endpoint: acc_out[17] (output port clocked by clk)
Path Group: clk
Path Type: min

Fanout         Cap        Slew       Delay        Time   Description
---------------------------------------------------------------------------------------------
                                  0.000000    0.000000   clock clk (rise edge)
                                  0.000000    0.000000   clock source latency
     1    0.030636    0.143136    0.099091    0.099091 ^ clk (in)
                                                         clk (net)
                      0.143142    0.000000    0.099091 ^ clkbuf_0_clk/A (sky130_fd_sc_hd__clkbuf_16)
     8    0.130486    0.143741    0.240533    0.339624 ^ clkbuf_0_clk/X (sky130_fd_sc_hd__clkbuf_16)
                                                         clknet_0_clk (net)
                      0.143851    0.001902    0.341526 ^ clkbuf_3_6__f_clk/A (sky130_fd_sc_hd__clkbuf_16)
    12    0.044451    0.064237    0.180106    0.521632 ^ clkbuf_3_6__f_clk/X (sky130_fd_sc_hd__clkbuf_16)
                                                         clknet_3_6__leaf_clk (net)
                      0.064239    0.000486    0.522118 ^ _651_/CLK (sky130_fd_sc_hd__dfrtp_1)
     2    0.007457    0.060736    0.386068    0.908186 v _651_/Q (sky130_fd_sc_hd__dfrtp_1)
                                                         net51 (net)
                      0.060736    0.000059    0.908244 v max_cap538/A (sky130_fd_sc_hd__clkbuf_1)
     2    0.008665    0.057210    0.121467    1.029711 v max_cap538/X (sky130_fd_sc_hd__clkbuf_1)
                                                         net538 (net)
                      0.057210    0.000190    1.029901 v output51/A (sky130_fd_sc_hd__buf_2)
     1    0.034687    0.090316    0.186320    1.216221 v output51/X (sky130_fd_sc_hd__buf_2)
                                                         acc_out[17] (net)
                      0.090319    0.000559    1.216780 v acc_out[17] (out)
                                              1.216780   data arrival time

                                  0.000000    0.000000   clock clk (rise edge)
                                  0.000000    0.000000   clock network delay (propagated)
                                  0.250000    0.250000   clock uncertainty
                                  0.000000    0.250000   clock reconvergence pessimism
                                -10.000000   -9.750000   output external delay
                                             -9.750000   data required time
---------------------------------------------------------------------------------------------
                                             -9.750000   data required time
                                             -1.216780   data arrival time
---------------------------------------------------------------------------------------------
                                             10.966781   slack (MET)


Startpoint: _652_ (rising edge-triggered flip-flop clocked by clk)
Endpoint: acc_out[18] (output port clocked by clk)
Path Group: clk
Path Type: min

Fanout         Cap        Slew       Delay        Time   Description
---------------------------------------------------------------------------------------------
                                  0.000000    0.000000   clock clk (rise edge)
                                  0.000000    0.000000   clock source latency
     1    0.030636    0.143136    0.099091    0.099091 ^ clk (in)
                                                         clk (net)
                      0.143142    0.000000    0.099091 ^ clkbuf_0_clk/A (sky130_fd_sc_hd__clkbuf_16)
     8    0.130486    0.143741    0.240533    0.339624 ^ clkbuf_0_clk/X (sky130_fd_sc_hd__clkbuf_16)
                                                         clknet_0_clk (net)
                      0.143899    0.002841    0.342465 ^ clkbuf_3_7__f_clk/A (sky130_fd_sc_hd__clkbuf_16)
     7    0.043903    0.063730    0.179650    0.522115 ^ clkbuf_3_7__f_clk/X (sky130_fd_sc_hd__clkbuf_16)
                                                         clknet_3_7__leaf_clk (net)
                      0.063737    0.000679    0.522794 ^ _652_/CLK (sky130_fd_sc_hd__dfrtp_1)
     2    0.011639    0.077419    0.405292    0.928086 v _652_/Q (sky130_fd_sc_hd__dfrtp_1)
                                                         net52 (net)
                      0.077419    0.000208    0.928295 v max_cap537/A (sky130_fd_sc_hd__clkbuf_1)
     2    0.006461    0.046039    0.118940    1.047235 v max_cap537/X (sky130_fd_sc_hd__clkbuf_1)
                                                         net537 (net)
                      0.046039    0.000092    1.047328 v output52/A (sky130_fd_sc_hd__buf_2)
     1    0.034385    0.089619    0.181015    1.228342 v output52/X (sky130_fd_sc_hd__buf_2)
                                                         acc_out[18] (net)
                      0.089619    0.000349    1.228691 v acc_out[18] (out)
                                              1.228691   data arrival time

                                  0.000000    0.000000   clock clk (rise edge)
                                  0.000000    0.000000   clock network delay (propagated)
                                  0.250000    0.250000   clock uncertainty
                                  0.000000    0.250000   clock reconvergence pessimism
                                -10.000000   -9.750000   output external delay
                                             -9.750000   data required time
---------------------------------------------------------------------------------------------
                                             -9.750000   data required time
                                             -1.228691   data arrival time
---------------------------------------------------------------------------------------------
                                             10.978692   slack (MET)


Startpoint: _637_ (rising edge-triggered flip-flop clocked by clk)
Endpoint: acc_out[3] (output port clocked by clk)
Path Group: clk
Path Type: min

Fanout         Cap        Slew       Delay        Time   Description
---------------------------------------------------------------------------------------------
                                  0.000000    0.000000   clock clk (rise edge)
                                  0.000000    0.000000   clock source latency
     1    0.030636    0.143136    0.099091    0.099091 ^ clk (in)
                                                         clk (net)
                      0.143142    0.000000    0.099091 ^ clkbuf_0_clk/A (sky130_fd_sc_hd__clkbuf_16)
     8    0.130486    0.143741    0.240533    0.339624 ^ clkbuf_0_clk/X (sky130_fd_sc_hd__clkbuf_16)
                                                         clknet_0_clk (net)
                      0.144000    0.004178    0.343802 ^ clkbuf_3_3__f_clk/A (sky130_fd_sc_hd__clkbuf_16)
    10    0.040553    0.060757    0.177202    0.521004 ^ clkbuf_3_3__f_clk/X (sky130_fd_sc_hd__clkbuf_16)
                                                         clknet_3_3__leaf_clk (net)
                      0.060757    0.000222    0.521227 ^ _637_/CLK (sky130_fd_sc_hd__dfrtp_1)
     2    0.006739    0.057123    0.380920    0.902146 v _637_/Q (sky130_fd_sc_hd__dfrtp_1)
                                                         net68 (net)
                      0.057123    0.000039    0.902185 v wire560/A (sky130_fd_sc_hd__buf_1)
     1    0.012807    0.079886    0.137319    1.039504 v wire560/X (sky130_fd_sc_hd__buf_1)
                                                         net560 (net)
                      0.079888    0.000479    1.039982 v output68/A (sky130_fd_sc_hd__buf_2)
     1    0.034315    0.089396    0.196195    1.236178 v output68/X (sky130_fd_sc_hd__buf_2)
                                                         acc_out[3] (net)
                      0.089396    0.000244    1.236422 v acc_out[3] (out)
                                              1.236422   data arrival time

                                  0.000000    0.000000   clock clk (rise edge)
                                  0.000000    0.000000   clock network delay (propagated)
                                  0.250000    0.250000   clock uncertainty
                                  0.000000    0.250000   clock reconvergence pessimism
                                -10.000000   -9.750000   output external delay
                                             -9.750000   data required time
---------------------------------------------------------------------------------------------
                                             -9.750000   data required time
                                             -1.236422   data arrival time
---------------------------------------------------------------------------------------------
                                             10.986422   slack (MET)


Startpoint: _646_ (rising edge-triggered flip-flop clocked by clk)
Endpoint: acc_out[12] (output port clocked by clk)
Path Group: clk
Path Type: min

Fanout         Cap        Slew       Delay        Time   Description
---------------------------------------------------------------------------------------------
                                  0.000000    0.000000   clock clk (rise edge)
                                  0.000000    0.000000   clock source latency
     1    0.030636    0.143136    0.099091    0.099091 ^ clk (in)
                                                         clk (net)
                      0.143142    0.000000    0.099091 ^ clkbuf_0_clk/A (sky130_fd_sc_hd__clkbuf_16)
     8    0.130486    0.143741    0.240533    0.339624 ^ clkbuf_0_clk/X (sky130_fd_sc_hd__clkbuf_16)
                                                         clknet_0_clk (net)
                      0.143931    0.003332    0.342956 ^ clkbuf_3_1__f_clk/A (sky130_fd_sc_hd__clkbuf_16)
     9    0.039664    0.059990    0.176602    0.519558 ^ clkbuf_3_1__f_clk/X (sky130_fd_sc_hd__clkbuf_16)
                                                         clknet_3_1__leaf_clk (net)
                      0.059990    0.000146    0.519704 ^ _646_/CLK (sky130_fd_sc_hd__dfrtp_1)
     2    0.012636    0.081736    0.407910    0.927614 v _646_/Q (sky130_fd_sc_hd__dfrtp_1)
                                                         net46 (net)
                      0.081736    0.000304    0.927918 v wire545/A (sky130_fd_sc_hd__clkbuf_1)
     2    0.010003    0.064559    0.136434    1.064351 v wire545/X (sky130_fd_sc_hd__clkbuf_1)
                                                         net545 (net)
                      0.064559    0.000214    1.064565 v output46/A (sky130_fd_sc_hd__buf_2)
     1    0.034387    0.089582    0.189275    1.253840 v output46/X (sky130_fd_sc_hd__buf_2)
                                                         acc_out[12] (net)
                      0.089582    0.000346    1.254186 v acc_out[12] (out)
                                              1.254186   data arrival time

                                  0.000000    0.000000   clock clk (rise edge)
                                  0.000000    0.000000   clock network delay (propagated)
                                  0.250000    0.250000   clock uncertainty
                                  0.000000    0.250000   clock reconvergence pessimism
                                -10.000000   -9.750000   output external delay
                                             -9.750000   data required time
---------------------------------------------------------------------------------------------
                                             -9.750000   data required time
                                             -1.254186   data arrival time
---------------------------------------------------------------------------------------------
                                             11.004186   slack (MET)


Startpoint: _640_ (rising edge-triggered flip-flop clocked by clk)
Endpoint: acc_out[6] (output port clocked by clk)
Path Group: clk
Path Type: min

Fanout         Cap        Slew       Delay        Time   Description
---------------------------------------------------------------------------------------------
                                  0.000000    0.000000   clock clk (rise edge)
                                  0.000000    0.000000   clock source latency
     1    0.030636    0.143136    0.099091    0.099091 ^ clk (in)
                                                         clk (net)
                      0.143142    0.000000    0.099091 ^ clkbuf_0_clk/A (sky130_fd_sc_hd__clkbuf_16)
     8    0.130486    0.143741    0.240533    0.339624 ^ clkbuf_0_clk/X (sky130_fd_sc_hd__clkbuf_16)
                                                         clknet_0_clk (net)
                      0.144000    0.004178    0.343802 ^ clkbuf_3_3__f_clk/A (sky130_fd_sc_hd__clkbuf_16)
    10    0.040553    0.060757    0.177202    0.521004 ^ clkbuf_3_3__f_clk/X (sky130_fd_sc_hd__clkbuf_16)
                                                         clknet_3_3__leaf_clk (net)
                      0.060757    0.000290    0.521295 ^ _640_/CLK (sky130_fd_sc_hd__dfrtp_1)
     2    0.009358    0.067622    0.394993    0.916288 v _640_/Q (sky130_fd_sc_hd__dfrtp_1)
                                                         net71 (net)
                      0.067622    0.000196    0.916484 v wire553/A (sky130_fd_sc_hd__buf_1)
     1    0.013203    0.082132    0.143502    1.059986 v wire553/X (sky130_fd_sc_hd__buf_1)
                                                         net553 (net)
                      0.082136    0.000598    1.060584 v output71/A (sky130_fd_sc_hd__buf_2)
     1    0.035345    0.091747    0.198906    1.259490 v output71/X (sky130_fd_sc_hd__buf_2)
                                                         acc_out[6] (net)
                      0.091749    0.000539    1.260029 v acc_out[6] (out)
                                              1.260029   data arrival time

                                  0.000000    0.000000   clock clk (rise edge)
                                  0.000000    0.000000   clock network delay (propagated)
                                  0.250000    0.250000   clock uncertainty
                                  0.000000    0.250000   clock reconvergence pessimism
                                -10.000000   -9.750000   output external delay
                                             -9.750000   data required time
---------------------------------------------------------------------------------------------
                                             -9.750000   data required time
                                             -1.260029   data arrival time
---------------------------------------------------------------------------------------------
                                             11.010030   slack (MET)


Startpoint: _641_ (rising edge-triggered flip-flop clocked by clk)
Endpoint: acc_out[7] (output port clocked by clk)
Path Group: clk
Path Type: min

Fanout         Cap        Slew       Delay        Time   Description
---------------------------------------------------------------------------------------------
                                  0.000000    0.000000   clock clk (rise edge)
                                  0.000000    0.000000   clock source latency
     1    0.030636    0.143136    0.099091    0.099091 ^ clk (in)
                                                         clk (net)
                      0.143142    0.000000    0.099091 ^ clkbuf_0_clk/A (sky130_fd_sc_hd__clkbuf_16)
     8    0.130486    0.143741    0.240533    0.339624 ^ clkbuf_0_clk/X (sky130_fd_sc_hd__clkbuf_16)
                                                         clknet_0_clk (net)
                      0.143971    0.003845    0.343469 ^ clkbuf_3_0__f_clk/A (sky130_fd_sc_hd__clkbuf_16)
     7    0.039504    0.059861    0.176543    0.520012 ^ clkbuf_3_0__f_clk/X (sky130_fd_sc_hd__clkbuf_16)
                                                         clknet_3_0__leaf_clk (net)
                      0.059861    0.000227    0.520239 ^ _641_/CLK (sky130_fd_sc_hd__dfrtp_1)
     2    0.011435    0.076512    0.403029    0.923268 v _641_/Q (sky130_fd_sc_hd__dfrtp_1)
                                                         net72 (net)
                      0.076512    0.000306    0.923574 v wire551/A (sky130_fd_sc_hd__buf_1)
     1    0.012475    0.078107    0.144480    1.068054 v wire551/X (sky130_fd_sc_hd__buf_1)
                                                         net551 (net)
                      0.078110    0.000520    1.068574 v output72/A (sky130_fd_sc_hd__buf_2)
     1    0.034797    0.090477    0.196203    1.264777 v output72/X (sky130_fd_sc_hd__buf_2)
                                                         acc_out[7] (net)
                      0.090478    0.000350    1.265127 v acc_out[7] (out)
                                              1.265127   data arrival time

                                  0.000000    0.000000   clock clk (rise edge)
                                  0.000000    0.000000   clock network delay (propagated)
                                  0.250000    0.250000   clock uncertainty
                                  0.000000    0.250000   clock reconvergence pessimism
                                -10.000000   -9.750000   output external delay
                                             -9.750000   data required time
---------------------------------------------------------------------------------------------
                                             -9.750000   data required time
                                             -1.265127   data arrival time
---------------------------------------------------------------------------------------------
                                             11.015128   slack (MET)


Startpoint: _635_ (rising edge-triggered flip-flop clocked by clk)
Endpoint: acc_out[1] (output port clocked by clk)
Path Group: clk
Path Type: min

Fanout         Cap        Slew       Delay        Time   Description
---------------------------------------------------------------------------------------------
                                  0.000000    0.000000   clock clk (rise edge)
                                  0.000000    0.000000   clock source latency
     1    0.030636    0.143136    0.099091    0.099091 ^ clk (in)
                                                         clk (net)
                      0.143142    0.000000    0.099091 ^ clkbuf_0_clk/A (sky130_fd_sc_hd__clkbuf_16)
     8    0.130486    0.143741    0.240533    0.339624 ^ clkbuf_0_clk/X (sky130_fd_sc_hd__clkbuf_16)
                                                         clknet_0_clk (net)
                      0.144000    0.004178    0.343802 ^ clkbuf_3_3__f_clk/A (sky130_fd_sc_hd__clkbuf_16)
    10    0.040553    0.060757    0.177202    0.521004 ^ clkbuf_3_3__f_clk/X (sky130_fd_sc_hd__clkbuf_16)
                                                         clknet_3_3__leaf_clk (net)
                      0.060764    0.000628    0.521632 ^ _635_/CLK (sky130_fd_sc_hd__dfrtp_1)
     2    0.005718    0.052325    0.375408    0.897040 v _635_/Q (sky130_fd_sc_hd__dfrtp_1)
                                                         net54 (net)
                      0.052325    0.000063    0.897103 v wire566/A (sky130_fd_sc_hd__clkbuf_1)
     1    0.006021    0.043520    0.105812    1.002916 v wire566/X (sky130_fd_sc_hd__clkbuf_1)
                                                         net566 (net)
                      0.043520    0.000129    1.003045 v wire565/A (sky130_fd_sc_hd__clkbuf_1)
     1    0.006131    0.044102    0.102421    1.105466 v wire565/X (sky130_fd_sc_hd__clkbuf_1)
                                                         net565 (net)
                      0.044102    0.000159    1.105625 v output54/A (sky130_fd_sc_hd__buf_2)
     1    0.034042    0.088848    0.179625    1.285249 v output54/X (sky130_fd_sc_hd__buf_2)
                                                         acc_out[1] (net)
                      0.088848    0.000242    1.285492 v acc_out[1] (out)
                                              1.285492   data arrival time

                                  0.000000    0.000000   clock clk (rise edge)
                                  0.000000    0.000000   clock network delay (propagated)
                                  0.250000    0.250000   clock uncertainty
                                  0.000000    0.250000   clock reconvergence pessimism
                                -10.000000   -9.750000   output external delay
                                             -9.750000   data required time
---------------------------------------------------------------------------------------------
                                             -9.750000   data required time
                                             -1.285492   data arrival time
---------------------------------------------------------------------------------------------
                                             11.035492   slack (MET)


Startpoint: _636_ (rising edge-triggered flip-flop clocked by clk)
Endpoint: acc_out[2] (output port clocked by clk)
Path Group: clk
Path Type: min

Fanout         Cap        Slew       Delay        Time   Description
---------------------------------------------------------------------------------------------
                                  0.000000    0.000000   clock clk (rise edge)
                                  0.000000    0.000000   clock source latency
     1    0.030636    0.143136    0.099091    0.099091 ^ clk (in)
                                                         clk (net)
                      0.143142    0.000000    0.099091 ^ clkbuf_0_clk/A (sky130_fd_sc_hd__clkbuf_16)
     8    0.130486    0.143741    0.240533    0.339624 ^ clkbuf_0_clk/X (sky130_fd_sc_hd__clkbuf_16)
                                                         clknet_0_clk (net)
                      0.144000    0.004178    0.343802 ^ clkbuf_3_3__f_clk/A (sky130_fd_sc_hd__clkbuf_16)
    10    0.040553    0.060757    0.177202    0.521004 ^ clkbuf_3_3__f_clk/X (sky130_fd_sc_hd__clkbuf_16)
                                                         clknet_3_3__leaf_clk (net)
                      0.060766    0.000694    0.521698 ^ _636_/CLK (sky130_fd_sc_hd__dfrtp_1)
     2    0.004816    0.048292    0.370556    0.892254 v _636_/Q (sky130_fd_sc_hd__dfrtp_1)
                                                         net65 (net)
                      0.048292    0.000018    0.892272 v max_cap564/A (sky130_fd_sc_hd__clkbuf_1)
     1    0.007720    0.052287    0.111842    1.004113 v max_cap564/X (sky130_fd_sc_hd__clkbuf_1)
                                                         net564 (net)
                      0.052287    0.000194    1.004307 v wire562/A (sky130_fd_sc_hd__clkbuf_1)
     1    0.007012    0.048925    0.110334    1.114641 v wire562/X (sky130_fd_sc_hd__clkbuf_1)
                                                         net562 (net)
                      0.048925    0.000184    1.114826 v output65/A (sky130_fd_sc_hd__buf_2)
     1    0.034154    0.089061    0.181898    1.296723 v output65/X (sky130_fd_sc_hd__buf_2)
                                                         acc_out[2] (net)
                      0.089061    0.000260    1.296984 v acc_out[2] (out)
                                              1.296984   data arrival time

                                  0.000000    0.000000   clock clk (rise edge)
                                  0.000000    0.000000   clock network delay (propagated)
                                  0.250000    0.250000   clock uncertainty
                                  0.000000    0.250000   clock reconvergence pessimism
                                -10.000000   -9.750000   output external delay
                                             -9.750000   data required time
---------------------------------------------------------------------------------------------
                                             -9.750000   data required time
                                             -1.296984   data arrival time
---------------------------------------------------------------------------------------------
                                             11.046984   slack (MET)


Startpoint: _638_ (rising edge-triggered flip-flop clocked by clk)
Endpoint: acc_out[4] (output port clocked by clk)
Path Group: clk
Path Type: min

Fanout         Cap        Slew       Delay        Time   Description
---------------------------------------------------------------------------------------------
                                  0.000000    0.000000   clock clk (rise edge)
                                  0.000000    0.000000   clock source latency
     1    0.030636    0.143136    0.099091    0.099091 ^ clk (in)
                                                         clk (net)
                      0.143142    0.000000    0.099091 ^ clkbuf_0_clk/A (sky130_fd_sc_hd__clkbuf_16)
     8    0.130486    0.143741    0.240533    0.339624 ^ clkbuf_0_clk/X (sky130_fd_sc_hd__clkbuf_16)
                                                         clknet_0_clk (net)
                      0.144000    0.004178    0.343802 ^ clkbuf_3_3__f_clk/A (sky130_fd_sc_hd__clkbuf_16)
    10    0.040553    0.060757    0.177202    0.521004 ^ clkbuf_3_3__f_clk/X (sky130_fd_sc_hd__clkbuf_16)
                                                         clknet_3_3__leaf_clk (net)
                      0.060757    0.000281    0.521285 ^ _638_/CLK (sky130_fd_sc_hd__dfrtp_1)
     2    0.007212    0.059505    0.383470    0.904756 v _638_/Q (sky130_fd_sc_hd__dfrtp_1)
                                                         net69 (net)
                      0.059505    0.000038    0.904794 v wire558/A (sky130_fd_sc_hd__clkbuf_1)
     1    0.007888    0.053122    0.117546    1.022340 v wire558/X (sky130_fd_sc_hd__clkbuf_1)
                                                         net558 (net)
                      0.053122    0.000222    1.022562 v wire557/A (sky130_fd_sc_hd__clkbuf_1)
     1    0.005864    0.042675    0.105434    1.127996 v wire557/X (sky130_fd_sc_hd__clkbuf_1)
                                                         net557 (net)
                      0.042675    0.000147    1.128143 v output69/A (sky130_fd_sc_hd__buf_2)
     1    0.035457    0.092053    0.181376    1.309519 v output69/X (sky130_fd_sc_hd__buf_2)
                                                         acc_out[4] (net)
                      0.092056    0.000588    1.310106 v acc_out[4] (out)
                                              1.310106   data arrival time

                                  0.000000    0.000000   clock clk (rise edge)
                                  0.000000    0.000000   clock network delay (propagated)
                                  0.250000    0.250000   clock uncertainty
                                  0.000000    0.250000   clock reconvergence pessimism
                                -10.000000   -9.750000   output external delay
                                             -9.750000   data required time
---------------------------------------------------------------------------------------------
                                             -9.750000   data required time
                                             -1.310106   data arrival time
---------------------------------------------------------------------------------------------
                                             11.060107   slack (MET)


Startpoint: _644_ (rising edge-triggered flip-flop clocked by clk)
Endpoint: acc_out[10] (output port clocked by clk)
Path Group: clk
Path Type: min

Fanout         Cap        Slew       Delay        Time   Description
---------------------------------------------------------------------------------------------
                                  0.000000    0.000000   clock clk (rise edge)
                                  0.000000    0.000000   clock source latency
     1    0.030636    0.143136    0.099091    0.099091 ^ clk (in)
                                                         clk (net)
                      0.143142    0.000000    0.099091 ^ clkbuf_0_clk/A (sky130_fd_sc_hd__clkbuf_16)
     8    0.130486    0.143741    0.240533    0.339624 ^ clkbuf_0_clk/X (sky130_fd_sc_hd__clkbuf_16)
                                                         clknet_0_clk (net)
                      0.143931    0.003332    0.342956 ^ clkbuf_3_1__f_clk/A (sky130_fd_sc_hd__clkbuf_16)
     9    0.039664    0.059990    0.176602    0.519558 ^ clkbuf_3_1__f_clk/X (sky130_fd_sc_hd__clkbuf_16)
                                                         clknet_3_1__leaf_clk (net)
                      0.059990    0.000189    0.519747 ^ _644_/CLK (sky130_fd_sc_hd__dfrtp_1)
     1    0.004294    0.046095    0.367446    0.887193 v _644_/Q (sky130_fd_sc_hd__dfrtp_1)
                                                         net44 (net)
                      0.046095    0.000058    0.887251 v wire548/A (sky130_fd_sc_hd__clkbuf_1)
     2    0.010204    0.065566    0.121539    1.008790 v wire548/X (sky130_fd_sc_hd__clkbuf_1)
                                                         net548 (net)
                      0.065566    0.000090    1.008880 v max_cap547/A (sky130_fd_sc_hd__clkbuf_1)
     2    0.007546    0.051536    0.118689    1.127569 v max_cap547/X (sky130_fd_sc_hd__clkbuf_1)
                                                         net547 (net)
                      0.051536    0.000171    1.127740 v output44/A (sky130_fd_sc_hd__buf_2)
     1    0.034512    0.089858    0.183610    1.311350 v output44/X (sky130_fd_sc_hd__buf_2)
                                                         acc_out[10] (net)
                      0.089858    0.000362    1.311712 v acc_out[10] (out)
                                              1.311712   data arrival time

                                  0.000000    0.000000   clock clk (rise edge)
                                  0.000000    0.000000   clock network delay (propagated)
                                  0.250000    0.250000   clock uncertainty
                                  0.000000    0.250000   clock reconvergence pessimism
                                -10.000000   -9.750000   output external delay
                                             -9.750000   data required time
---------------------------------------------------------------------------------------------
                                             -9.750000   data required time
                                             -1.311712   data arrival time
---------------------------------------------------------------------------------------------
                                             11.061712   slack (MET)


Startpoint: _648_ (rising edge-triggered flip-flop clocked by clk)
Endpoint: acc_out[14] (output port clocked by clk)
Path Group: clk
Path Type: min

Fanout         Cap        Slew       Delay        Time   Description
---------------------------------------------------------------------------------------------
                                  0.000000    0.000000   clock clk (rise edge)
                                  0.000000    0.000000   clock source latency
     1    0.030636    0.143136    0.099091    0.099091 ^ clk (in)
                                                         clk (net)
                      0.143142    0.000000    0.099091 ^ clkbuf_0_clk/A (sky130_fd_sc_hd__clkbuf_16)
     8    0.130486    0.143741    0.240533    0.339624 ^ clkbuf_0_clk/X (sky130_fd_sc_hd__clkbuf_16)
                                                         clknet_0_clk (net)
                      0.143851    0.001902    0.341526 ^ clkbuf_3_6__f_clk/A (sky130_fd_sc_hd__clkbuf_16)
    12    0.044451    0.064237    0.180106    0.521632 ^ clkbuf_3_6__f_clk/X (sky130_fd_sc_hd__clkbuf_16)
                                                         clknet_3_6__leaf_clk (net)
                      0.064237    0.000314    0.521945 ^ _648_/CLK (sky130_fd_sc_hd__dfrtp_1)
     1    0.004729    0.047923    0.371347    0.893293 v _648_/Q (sky130_fd_sc_hd__dfrtp_1)
                                                         net48 (net)
                      0.047923    0.000087    0.893379 v wire542/A (sky130_fd_sc_hd__clkbuf_1)
     2    0.013500    0.083763    0.136029    1.029408 v wire542/X (sky130_fd_sc_hd__clkbuf_1)
                                                         net542 (net)
                      0.083764    0.000411    1.029820 v max_cap541/A (sky130_fd_sc_hd__clkbuf_1)
     2    0.008402    0.055812    0.130635    1.160455 v max_cap541/X (sky130_fd_sc_hd__clkbuf_1)
                                                         net541 (net)
                      0.055812    0.000117    1.160571 v output48/A (sky130_fd_sc_hd__buf_2)
     1    0.034845    0.090676    0.185940    1.346511 v output48/X (sky130_fd_sc_hd__buf_2)
                                                         acc_out[14] (net)
                      0.090680    0.000609    1.347120 v acc_out[14] (out)
                                              1.347120   data arrival time

                                  0.000000    0.000000   clock clk (rise edge)
                                  0.000000    0.000000   clock network delay (propagated)
                                  0.250000    0.250000   clock uncertainty
                                  0.000000    0.250000   clock reconvergence pessimism
                                -10.000000   -9.750000   output external delay
                                             -9.750000   data required time
---------------------------------------------------------------------------------------------
                                             -9.750000   data required time
                                             -1.347120   data arrival time
---------------------------------------------------------------------------------------------
                                             11.097120   slack (MET)


Startpoint: _639_ (rising edge-triggered flip-flop clocked by clk)
Endpoint: acc_out[5] (output port clocked by clk)
Path Group: clk
Path Type: min

Fanout         Cap        Slew       Delay        Time   Description
---------------------------------------------------------------------------------------------
                                  0.000000    0.000000   clock clk (rise edge)
                                  0.000000    0.000000   clock source latency
     1    0.030636    0.143136    0.099091    0.099091 ^ clk (in)
                                                         clk (net)
                      0.143142    0.000000    0.099091 ^ clkbuf_0_clk/A (sky130_fd_sc_hd__clkbuf_16)
     8    0.130486    0.143741    0.240533    0.339624 ^ clkbuf_0_clk/X (sky130_fd_sc_hd__clkbuf_16)
                                                         clknet_0_clk (net)
                      0.144000    0.004178    0.343802 ^ clkbuf_3_3__f_clk/A (sky130_fd_sc_hd__clkbuf_16)
    10    0.040553    0.060757    0.177202    0.521004 ^ clkbuf_3_3__f_clk/X (sky130_fd_sc_hd__clkbuf_16)
                                                         clknet_3_3__leaf_clk (net)
                      0.060757    0.000250    0.521254 ^ _639_/CLK (sky130_fd_sc_hd__dfrtp_1)
     3    0.007844    0.062639    0.386877    0.908132 v _639_/Q (sky130_fd_sc_hd__dfrtp_1)
                                                         net70 (net)
                      0.062639    0.000035    0.908167 v max_cap556/A (sky130_fd_sc_hd__clkbuf_1)
     1    0.008193    0.054651    0.120308    1.028475 v max_cap556/X (sky130_fd_sc_hd__clkbuf_1)
                                                         net556 (net)
                      0.054651    0.000264    1.028739 v wire555/A (sky130_fd_sc_hd__buf_1)
     1    0.011053    0.070290    0.128754    1.157493 v wire555/X (sky130_fd_sc_hd__buf_1)
                                                         net555 (net)
                      0.070293    0.000523    1.158015 v output70/A (sky130_fd_sc_hd__buf_2)
     1    0.034057    0.088831    0.191349    1.349364 v output70/X (sky130_fd_sc_hd__buf_2)
                                                         acc_out[5] (net)
                      0.088831    0.000242    1.349606 v acc_out[5] (out)
                                              1.349606   data arrival time

                                  0.000000    0.000000   clock clk (rise edge)
                                  0.000000    0.000000   clock network delay (propagated)
                                  0.250000    0.250000   clock uncertainty
                                  0.000000    0.250000   clock reconvergence pessimism
                                -10.000000   -9.750000   output external delay
                                             -9.750000   data required time
---------------------------------------------------------------------------------------------
                                             -9.750000   data required time
                                             -1.349606   data arrival time
---------------------------------------------------------------------------------------------
                                             11.099606   slack (MET)


Startpoint: _647_ (rising edge-triggered flip-flop clocked by clk)
Endpoint: acc_out[13] (output port clocked by clk)
Path Group: clk
Path Type: min

Fanout         Cap        Slew       Delay        Time   Description
---------------------------------------------------------------------------------------------
                                  0.000000    0.000000   clock clk (rise edge)
                                  0.000000    0.000000   clock source latency
     1    0.030636    0.143136    0.099091    0.099091 ^ clk (in)
                                                         clk (net)
                      0.143142    0.000000    0.099091 ^ clkbuf_0_clk/A (sky130_fd_sc_hd__clkbuf_16)
     8    0.130486    0.143741    0.240533    0.339624 ^ clkbuf_0_clk/X (sky130_fd_sc_hd__clkbuf_16)
                                                         clknet_0_clk (net)
                      0.143851    0.001902    0.341526 ^ clkbuf_3_6__f_clk/A (sky130_fd_sc_hd__clkbuf_16)
    12    0.044451    0.064237    0.180106    0.521632 ^ clkbuf_3_6__f_clk/X (sky130_fd_sc_hd__clkbuf_16)
                                                         clknet_3_6__leaf_clk (net)
                      0.064237    0.000296    0.521928 ^ _647_/CLK (sky130_fd_sc_hd__dfrtp_1)
     1    0.007560    0.061343    0.386488    0.908416 v _647_/Q (sky130_fd_sc_hd__dfrtp_1)
                                                         net47 (net)
                      0.061343    0.000274    0.908689 v wire544/A (sky130_fd_sc_hd__clkbuf_1)
     2    0.016946    0.102700    0.156636    1.065326 v wire544/X (sky130_fd_sc_hd__clkbuf_1)
                                                         net544 (net)
                      0.102700    0.000294    1.065619 v max_cap543/A (sky130_fd_sc_hd__clkbuf_1)
     2    0.008175    0.054623    0.138052    1.203671 v max_cap543/X (sky130_fd_sc_hd__clkbuf_1)
                                                         net543 (net)
                      0.054623    0.000161    1.203832 v output47/A (sky130_fd_sc_hd__buf_2)
     1    0.034531    0.089886    0.185011    1.388844 v output47/X (sky130_fd_sc_hd__buf_2)
                                                         acc_out[13] (net)
                      0.089887    0.000359    1.389203 v acc_out[13] (out)
                                              1.389203   data arrival time

                                  0.000000    0.000000   clock clk (rise edge)
                                  0.000000    0.000000   clock network delay (propagated)
                                  0.250000    0.250000   clock uncertainty
                                  0.000000    0.250000   clock reconvergence pessimism
                                -10.000000   -9.750000   output external delay
                                             -9.750000   data required time
---------------------------------------------------------------------------------------------
                                             -9.750000   data required time
                                             -1.389203   data arrival time
---------------------------------------------------------------------------------------------
                                             11.139204   slack (MET)


Startpoint: sram0 (falling edge-triggered flip-flop clocked by clk)
Endpoint: _629_ (rising edge-triggered flip-flop clocked by clk)
Path Group: clk
Path Type: min

Fanout         Cap        Slew       Delay        Time   Description
---------------------------------------------------------------------------------------------
                                 25.000000   25.000000   clock clk (fall edge)
                                  0.000000   25.000000   clock source latency
     1    0.029642    0.066884    0.047764   25.047764 v clk (in)
                                                         clk (net)
                      0.066896    0.000000   25.047764 v clkbuf_0_clk/A (sky130_fd_sc_hd__clkbuf_16)
     8    0.122534    0.091055    0.212093   25.259857 v clkbuf_0_clk/X (sky130_fd_sc_hd__clkbuf_16)
                                                         clknet_0_clk (net)
                      0.091610    0.005263   25.265120 v clkbuf_3_2__f_clk/A (sky130_fd_sc_hd__clkbuf_16)
    10    0.045667    0.049299    0.184659   25.449780 v clkbuf_3_2__f_clk/X (sky130_fd_sc_hd__clkbuf_16)
                                                         clknet_3_2__leaf_clk (net)
                      0.065739    0.000549   25.450329 v sram0/clk0 (sky130_sram_1kbyte_1rw1r_32x256_8)
     1    0.003842    0.003231    0.350896   25.801226 ^ sram0/dout0[27] (sky130_sram_1kbyte_1rw1r_32x256_8)
                                                         dout0[27] (net)
                      0.002423    0.000052   25.801277 ^ _629_/D (sky130_fd_sc_hd__dfrtp_1)
                                             25.801277   data arrival time

                                  0.000000    0.000000   clock clk (rise edge)
                                  0.000000    0.000000   clock source latency
     1    0.030636    0.143136    0.099091    0.099091 ^ clk (in)
                                                         clk (net)
                      0.143142    0.000000    0.099091 ^ clkbuf_0_clk/A (sky130_fd_sc_hd__clkbuf_16)
     8    0.130486    0.143741    0.240533    0.339624 ^ clkbuf_0_clk/X (sky130_fd_sc_hd__clkbuf_16)
                                                         clknet_0_clk (net)
                      0.143971    0.003841    0.343466 ^ clkbuf_3_5__f_clk/A (sky130_fd_sc_hd__clkbuf_16)
    15    0.047278    0.066748    0.182039    0.525504 ^ clkbuf_3_5__f_clk/X (sky130_fd_sc_hd__clkbuf_16)
                                                         clknet_3_5__leaf_clk (net)
                      0.066748    0.000368    0.525872 ^ _629_/CLK (sky130_fd_sc_hd__dfrtp_1)
                                  0.250000    0.775872   clock uncertainty
                                  0.000000    0.775872   clock reconvergence pessimism
                                 -0.022892    0.752981   library hold time
                                              0.752981   data required time
---------------------------------------------------------------------------------------------
                                              0.752981   data required time
                                            -25.801277   data arrival time
---------------------------------------------------------------------------------------------
                                             25.048296   slack (MET)


Startpoint: sram0 (falling edge-triggered flip-flop clocked by clk)
Endpoint: _626_ (rising edge-triggered flip-flop clocked by clk)
Path Group: clk
Path Type: min

Fanout         Cap        Slew       Delay        Time   Description
---------------------------------------------------------------------------------------------
                                 25.000000   25.000000   clock clk (fall edge)
                                  0.000000   25.000000   clock source latency
     1    0.029642    0.066884    0.047764   25.047764 v clk (in)
                                                         clk (net)
                      0.066896    0.000000   25.047764 v clkbuf_0_clk/A (sky130_fd_sc_hd__clkbuf_16)
     8    0.122534    0.091055    0.212093   25.259857 v clkbuf_0_clk/X (sky130_fd_sc_hd__clkbuf_16)
                                                         clknet_0_clk (net)
                      0.091610    0.005263   25.265120 v clkbuf_3_2__f_clk/A (sky130_fd_sc_hd__clkbuf_16)
    10    0.045667    0.049299    0.184659   25.449780 v clkbuf_3_2__f_clk/X (sky130_fd_sc_hd__clkbuf_16)
                                                         clknet_3_2__leaf_clk (net)
                      0.065739    0.000549   25.450329 v sram0/clk0 (sky130_sram_1kbyte_1rw1r_32x256_8)
     1    0.003940    0.003287    0.351443   25.801771 ^ sram0/dout0[24] (sky130_sram_1kbyte_1rw1r_32x256_8)
                                                         dout0[24] (net)
                      0.002465    0.000050   25.801823 ^ _626_/D (sky130_fd_sc_hd__dfrtp_1)
                                             25.801823   data arrival time

                                  0.000000    0.000000   clock clk (rise edge)
                                  0.000000    0.000000   clock source latency
     1    0.030636    0.143136    0.099091    0.099091 ^ clk (in)
                                                         clk (net)
                      0.143142    0.000000    0.099091 ^ clkbuf_0_clk/A (sky130_fd_sc_hd__clkbuf_16)
     8    0.130486    0.143741    0.240533    0.339624 ^ clkbuf_0_clk/X (sky130_fd_sc_hd__clkbuf_16)
                                                         clknet_0_clk (net)
                      0.143971    0.003841    0.343466 ^ clkbuf_3_5__f_clk/A (sky130_fd_sc_hd__clkbuf_16)
    15    0.047278    0.066748    0.182039    0.525504 ^ clkbuf_3_5__f_clk/X (sky130_fd_sc_hd__clkbuf_16)
                                                         clknet_3_5__leaf_clk (net)
                      0.066750    0.000530    0.526034 ^ _626_/CLK (sky130_fd_sc_hd__dfrtp_1)
                                  0.250000    0.776034   clock uncertainty
                                  0.000000    0.776034   clock reconvergence pessimism
                                 -0.022900    0.753134   library hold time
                                              0.753134   data required time
---------------------------------------------------------------------------------------------
                                              0.753134   data required time
                                            -25.801823   data arrival time
---------------------------------------------------------------------------------------------
                                             25.048687   slack (MET)


Startpoint: sram0 (falling edge-triggered flip-flop clocked by clk)
Endpoint: _628_ (rising edge-triggered flip-flop clocked by clk)
Path Group: clk
Path Type: min

Fanout         Cap        Slew       Delay        Time   Description
---------------------------------------------------------------------------------------------
                                 25.000000   25.000000   clock clk (fall edge)
                                  0.000000   25.000000   clock source latency
     1    0.029642    0.066884    0.047764   25.047764 v clk (in)
                                                         clk (net)
                      0.066896    0.000000   25.047764 v clkbuf_0_clk/A (sky130_fd_sc_hd__clkbuf_16)
     8    0.122534    0.091055    0.212093   25.259857 v clkbuf_0_clk/X (sky130_fd_sc_hd__clkbuf_16)
                                                         clknet_0_clk (net)
                      0.091610    0.005263   25.265120 v clkbuf_3_2__f_clk/A (sky130_fd_sc_hd__clkbuf_16)
    10    0.045667    0.049299    0.184659   25.449780 v clkbuf_3_2__f_clk/X (sky130_fd_sc_hd__clkbuf_16)
                                                         clknet_3_2__leaf_clk (net)
                      0.065739    0.000549   25.450329 v sram0/clk0 (sky130_sram_1kbyte_1rw1r_32x256_8)
     1    0.004031    0.003340    0.351957   25.802286 ^ sram0/dout0[26] (sky130_sram_1kbyte_1rw1r_32x256_8)
                                                         dout0[26] (net)
                      0.002505    0.000055   25.802341 ^ _628_/D (sky130_fd_sc_hd__dfrtp_1)
                                             25.802341   data arrival time

                                  0.000000    0.000000   clock clk (rise edge)
                                  0.000000    0.000000   clock source latency
     1    0.030636    0.143136    0.099091    0.099091 ^ clk (in)
                                                         clk (net)
                      0.143142    0.000000    0.099091 ^ clkbuf_0_clk/A (sky130_fd_sc_hd__clkbuf_16)
     8    0.130486    0.143741    0.240533    0.339624 ^ clkbuf_0_clk/X (sky130_fd_sc_hd__clkbuf_16)
                                                         clknet_0_clk (net)
                      0.143971    0.003841    0.343466 ^ clkbuf_3_5__f_clk/A (sky130_fd_sc_hd__clkbuf_16)
    15    0.047278    0.066748    0.182039    0.525504 ^ clkbuf_3_5__f_clk/X (sky130_fd_sc_hd__clkbuf_16)
                                                         clknet_3_5__leaf_clk (net)
                      0.066749    0.000449    0.525953 ^ _628_/CLK (sky130_fd_sc_hd__dfrtp_1)
                                  0.250000    0.775953   clock uncertainty
                                  0.000000    0.775953   clock reconvergence pessimism
                                 -0.022909    0.753044   library hold time
                                              0.753044   data required time
---------------------------------------------------------------------------------------------
                                              0.753044   data required time
                                            -25.802341   data arrival time
---------------------------------------------------------------------------------------------
                                             25.049297   slack (MET)


Startpoint: sram0 (falling edge-triggered flip-flop clocked by clk)
Endpoint: _630_ (rising edge-triggered flip-flop clocked by clk)
Path Group: clk
Path Type: min

Fanout         Cap        Slew       Delay        Time   Description
---------------------------------------------------------------------------------------------
                                 25.000000   25.000000   clock clk (fall edge)
                                  0.000000   25.000000   clock source latency
     1    0.029642    0.066884    0.047764   25.047764 v clk (in)
                                                         clk (net)
                      0.066896    0.000000   25.047764 v clkbuf_0_clk/A (sky130_fd_sc_hd__clkbuf_16)
     8    0.122534    0.091055    0.212093   25.259857 v clkbuf_0_clk/X (sky130_fd_sc_hd__clkbuf_16)
                                                         clknet_0_clk (net)
                      0.091610    0.005263   25.265120 v clkbuf_3_2__f_clk/A (sky130_fd_sc_hd__clkbuf_16)
    10    0.045667    0.049299    0.184659   25.449780 v clkbuf_3_2__f_clk/X (sky130_fd_sc_hd__clkbuf_16)
                                                         clknet_3_2__leaf_clk (net)
                      0.065739    0.000549   25.450329 v sram0/clk0 (sky130_sram_1kbyte_1rw1r_32x256_8)
     1    0.004231    0.003456    0.353078   25.803406 ^ sram0/dout0[28] (sky130_sram_1kbyte_1rw1r_32x256_8)
                                                         dout0[28] (net)
                      0.002592    0.000057   25.803463 ^ _630_/D (sky130_fd_sc_hd__dfrtp_1)
                                             25.803463   data arrival time

                                  0.000000    0.000000   clock clk (rise edge)
                                  0.000000    0.000000   clock source latency
     1    0.030636    0.143136    0.099091    0.099091 ^ clk (in)
                                                         clk (net)
                      0.143142    0.000000    0.099091 ^ clkbuf_0_clk/A (sky130_fd_sc_hd__clkbuf_16)
     8    0.130486    0.143741    0.240533    0.339624 ^ clkbuf_0_clk/X (sky130_fd_sc_hd__clkbuf_16)
                                                         clknet_0_clk (net)
                      0.143971    0.003841    0.343466 ^ clkbuf_3_5__f_clk/A (sky130_fd_sc_hd__clkbuf_16)
    15    0.047278    0.066748    0.182039    0.525504 ^ clkbuf_3_5__f_clk/X (sky130_fd_sc_hd__clkbuf_16)
                                                         clknet_3_5__leaf_clk (net)
                      0.066751    0.000558    0.526062 ^ _630_/CLK (sky130_fd_sc_hd__dfrtp_1)
                                  0.250000    0.776062   clock uncertainty
                                  0.000000    0.776062   clock reconvergence pessimism
                                 -0.022927    0.753135   library hold time
                                              0.753135   data required time
---------------------------------------------------------------------------------------------
                                              0.753135   data required time
                                            -25.803463   data arrival time
---------------------------------------------------------------------------------------------
                                             25.050327   slack (MET)


Startpoint: sram0 (falling edge-triggered flip-flop clocked by clk)
Endpoint: _627_ (rising edge-triggered flip-flop clocked by clk)
Path Group: clk
Path Type: min

Fanout         Cap        Slew       Delay        Time   Description
---------------------------------------------------------------------------------------------
                                 25.000000   25.000000   clock clk (fall edge)
                                  0.000000   25.000000   clock source latency
     1    0.029642    0.066884    0.047764   25.047764 v clk (in)
                                                         clk (net)
                      0.066896    0.000000   25.047764 v clkbuf_0_clk/A (sky130_fd_sc_hd__clkbuf_16)
     8    0.122534    0.091055    0.212093   25.259857 v clkbuf_0_clk/X (sky130_fd_sc_hd__clkbuf_16)
                                                         clknet_0_clk (net)
                      0.091610    0.005263   25.265120 v clkbuf_3_2__f_clk/A (sky130_fd_sc_hd__clkbuf_16)
    10    0.045667    0.049299    0.184659   25.449780 v clkbuf_3_2__f_clk/X (sky130_fd_sc_hd__clkbuf_16)
                                                         clknet_3_2__leaf_clk (net)
                      0.065739    0.000549   25.450329 v sram0/clk0 (sky130_sram_1kbyte_1rw1r_32x256_8)
     1    0.004298    0.003495    0.353454   25.803783 ^ sram0/dout0[25] (sky130_sram_1kbyte_1rw1r_32x256_8)
                                                         dout0[25] (net)
                      0.002621    0.000064   25.803846 ^ _627_/D (sky130_fd_sc_hd__dfrtp_1)
                                             25.803846   data arrival time

                                  0.000000    0.000000   clock clk (rise edge)
                                  0.000000    0.000000   clock source latency
     1    0.030636    0.143136    0.099091    0.099091 ^ clk (in)
                                                         clk (net)
                      0.143142    0.000000    0.099091 ^ clkbuf_0_clk/A (sky130_fd_sc_hd__clkbuf_16)
     8    0.130486    0.143741    0.240533    0.339624 ^ clkbuf_0_clk/X (sky130_fd_sc_hd__clkbuf_16)
                                                         clknet_0_clk (net)
                      0.143971    0.003841    0.343466 ^ clkbuf_3_5__f_clk/A (sky130_fd_sc_hd__clkbuf_16)
    15    0.047278    0.066748    0.182039    0.525504 ^ clkbuf_3_5__f_clk/X (sky130_fd_sc_hd__clkbuf_16)
                                                         clknet_3_5__leaf_clk (net)
                      0.066750    0.000526    0.526030 ^ _627_/CLK (sky130_fd_sc_hd__dfrtp_1)
                                  0.250000    0.776030   clock uncertainty
                                  0.000000    0.776030   clock reconvergence pessimism
                                 -0.022933    0.753097   library hold time
                                              0.753097   data required time
---------------------------------------------------------------------------------------------
                                              0.753097   data required time
                                            -25.803846   data arrival time
---------------------------------------------------------------------------------------------
                                             25.050749   slack (MET)


Startpoint: sram0 (falling edge-triggered flip-flop clocked by clk)
Endpoint: _633_ (rising edge-triggered flip-flop clocked by clk)
Path Group: clk
Path Type: min

Fanout         Cap        Slew       Delay        Time   Description
---------------------------------------------------------------------------------------------
                                 25.000000   25.000000   clock clk (fall edge)
                                  0.000000   25.000000   clock source latency
     1    0.029642    0.066884    0.047764   25.047764 v clk (in)
                                                         clk (net)
                      0.066896    0.000000   25.047764 v clkbuf_0_clk/A (sky130_fd_sc_hd__clkbuf_16)
     8    0.122534    0.091055    0.212093   25.259857 v clkbuf_0_clk/X (sky130_fd_sc_hd__clkbuf_16)
                                                         clknet_0_clk (net)
                      0.091610    0.005263   25.265120 v clkbuf_3_2__f_clk/A (sky130_fd_sc_hd__clkbuf_16)
    10    0.045667    0.049299    0.184659   25.449780 v clkbuf_3_2__f_clk/X (sky130_fd_sc_hd__clkbuf_16)
                                                         clknet_3_2__leaf_clk (net)
                      0.065739    0.000549   25.450329 v sram0/clk0 (sky130_sram_1kbyte_1rw1r_32x256_8)
     1    0.004474    0.003598    0.354444   25.804773 ^ sram0/dout0[31] (sky130_sram_1kbyte_1rw1r_32x256_8)
                                                         dout0[31] (net)
                      0.002698    0.000041   25.804813 ^ _633_/D (sky130_fd_sc_hd__dfrtp_1)
                                             25.804813   data arrival time

                                  0.000000    0.000000   clock clk (rise edge)
                                  0.000000    0.000000   clock source latency
     1    0.030636    0.143136    0.099091    0.099091 ^ clk (in)
                                                         clk (net)
                      0.143142    0.000000    0.099091 ^ clkbuf_0_clk/A (sky130_fd_sc_hd__clkbuf_16)
     8    0.130486    0.143741    0.240533    0.339624 ^ clkbuf_0_clk/X (sky130_fd_sc_hd__clkbuf_16)
                                                         clknet_0_clk (net)
                      0.143971    0.003841    0.343466 ^ clkbuf_3_5__f_clk/A (sky130_fd_sc_hd__clkbuf_16)
    15    0.047278    0.066748    0.182039    0.525504 ^ clkbuf_3_5__f_clk/X (sky130_fd_sc_hd__clkbuf_16)
                                                         clknet_3_5__leaf_clk (net)
                      0.066764    0.000991    0.526495 ^ _633_/CLK (sky130_fd_sc_hd__dfrtp_1)
                                  0.250000    0.776495   clock uncertainty
                                  0.000000    0.776495   clock reconvergence pessimism
                                 -0.022947    0.753548   library hold time
                                              0.753548   data required time
---------------------------------------------------------------------------------------------
                                              0.753548   data required time
                                            -25.804813   data arrival time
---------------------------------------------------------------------------------------------
                                             25.051266   slack (MET)


Startpoint: sram0 (falling edge-triggered flip-flop clocked by clk)
Endpoint: _631_ (rising edge-triggered flip-flop clocked by clk)
Path Group: clk
Path Type: min

Fanout         Cap        Slew       Delay        Time   Description
---------------------------------------------------------------------------------------------
                                 25.000000   25.000000   clock clk (fall edge)
                                  0.000000   25.000000   clock source latency
     1    0.029642    0.066884    0.047764   25.047764 v clk (in)
                                                         clk (net)
                      0.066896    0.000000   25.047764 v clkbuf_0_clk/A (sky130_fd_sc_hd__clkbuf_16)
     8    0.122534    0.091055    0.212093   25.259857 v clkbuf_0_clk/X (sky130_fd_sc_hd__clkbuf_16)
                                                         clknet_0_clk (net)
                      0.091610    0.005263   25.265120 v clkbuf_3_2__f_clk/A (sky130_fd_sc_hd__clkbuf_16)
    10    0.045667    0.049299    0.184659   25.449780 v clkbuf_3_2__f_clk/X (sky130_fd_sc_hd__clkbuf_16)
                                                         clknet_3_2__leaf_clk (net)
                      0.065739    0.000549   25.450329 v sram0/clk0 (sky130_sram_1kbyte_1rw1r_32x256_8)
     1    0.004905    0.003848    0.356861   25.807190 ^ sram0/dout0[29] (sky130_sram_1kbyte_1rw1r_32x256_8)
                                                         dout0[29] (net)
                      0.002886    0.000071   25.807261 ^ _631_/D (sky130_fd_sc_hd__dfrtp_1)
                                             25.807261   data arrival time

                                  0.000000    0.000000   clock clk (rise edge)
                                  0.000000    0.000000   clock source latency
     1    0.030636    0.143136    0.099091    0.099091 ^ clk (in)
                                                         clk (net)
                      0.143142    0.000000    0.099091 ^ clkbuf_0_clk/A (sky130_fd_sc_hd__clkbuf_16)
     8    0.130486    0.143741    0.240533    0.339624 ^ clkbuf_0_clk/X (sky130_fd_sc_hd__clkbuf_16)
                                                         clknet_0_clk (net)
                      0.143971    0.003841    0.343466 ^ clkbuf_3_5__f_clk/A (sky130_fd_sc_hd__clkbuf_16)
    15    0.047278    0.066748    0.182039    0.525504 ^ clkbuf_3_5__f_clk/X (sky130_fd_sc_hd__clkbuf_16)
                                                         clknet_3_5__leaf_clk (net)
                      0.066759    0.000866    0.526370 ^ _631_/CLK (sky130_fd_sc_hd__dfrtp_1)
                                  0.250000    0.776370   clock uncertainty
                                  0.000000    0.776370   clock reconvergence pessimism
                                 -0.022987    0.753383   library hold time
                                              0.753383   data required time
---------------------------------------------------------------------------------------------
                                              0.753383   data required time
                                            -25.807261   data arrival time
---------------------------------------------------------------------------------------------
                                             25.053879   slack (MET)


Startpoint: sram0 (falling edge-triggered flip-flop clocked by clk)
Endpoint: _625_ (rising edge-triggered flip-flop clocked by clk)
Path Group: clk
Path Type: min

Fanout         Cap        Slew       Delay        Time   Description
---------------------------------------------------------------------------------------------
                                 25.000000   25.000000   clock clk (fall edge)
                                  0.000000   25.000000   clock source latency
     1    0.029642    0.066884    0.047764   25.047764 v clk (in)
                                                         clk (net)
                      0.066896    0.000000   25.047764 v clkbuf_0_clk/A (sky130_fd_sc_hd__clkbuf_16)
     8    0.122534    0.091055    0.212093   25.259857 v clkbuf_0_clk/X (sky130_fd_sc_hd__clkbuf_16)
                                                         clknet_0_clk (net)
                      0.091610    0.005263   25.265120 v clkbuf_3_2__f_clk/A (sky130_fd_sc_hd__clkbuf_16)
    10    0.045667    0.049299    0.184659   25.449780 v clkbuf_3_2__f_clk/X (sky130_fd_sc_hd__clkbuf_16)
                                                         clknet_3_2__leaf_clk (net)
                      0.065739    0.000549   25.450329 v sram0/clk0 (sky130_sram_1kbyte_1rw1r_32x256_8)
     1    0.004660    0.003706    0.355486   25.805815 ^ sram0/dout0[23] (sky130_sram_1kbyte_1rw1r_32x256_8)
                                                         dout0[23] (net)
                      0.002779    0.000032   25.805847 ^ _625_/D (sky130_fd_sc_hd__dfrtp_1)
                                             25.805847   data arrival time

                                  0.000000    0.000000   clock clk (rise edge)
                                  0.000000    0.000000   clock source latency
     1    0.030636    0.143136    0.099091    0.099091 ^ clk (in)
                                                         clk (net)
                      0.143142    0.000000    0.099091 ^ clkbuf_0_clk/A (sky130_fd_sc_hd__clkbuf_16)
     8    0.130486    0.143741    0.240533    0.339624 ^ clkbuf_0_clk/X (sky130_fd_sc_hd__clkbuf_16)
                                                         clknet_0_clk (net)
                      0.143963    0.003743    0.343367 ^ clkbuf_3_4__f_clk/A (sky130_fd_sc_hd__clkbuf_16)
    12    0.044256    0.063986    0.179637    0.523004 ^ clkbuf_3_4__f_clk/X (sky130_fd_sc_hd__clkbuf_16)
                                                         clknet_3_4__leaf_clk (net)
                      0.064060    0.001895    0.524899 ^ _625_/CLK (sky130_fd_sc_hd__dfrtp_1)
                                  0.250000    0.774899   clock uncertainty
                                  0.000000    0.774899   clock reconvergence pessimism
                                 -0.023331    0.751569   library hold time
                                              0.751569   data required time
---------------------------------------------------------------------------------------------
                                              0.751569   data required time
                                            -25.805847   data arrival time
---------------------------------------------------------------------------------------------
                                             25.054277   slack (MET)


Startpoint: sram0 (falling edge-triggered flip-flop clocked by clk)
Endpoint: _621_ (rising edge-triggered flip-flop clocked by clk)
Path Group: clk
Path Type: min

Fanout         Cap        Slew       Delay        Time   Description
---------------------------------------------------------------------------------------------
                                 25.000000   25.000000   clock clk (fall edge)
                                  0.000000   25.000000   clock source latency
     1    0.029642    0.066884    0.047764   25.047764 v clk (in)
                                                         clk (net)
                      0.066896    0.000000   25.047764 v clkbuf_0_clk/A (sky130_fd_sc_hd__clkbuf_16)
     8    0.122534    0.091055    0.212093   25.259857 v clkbuf_0_clk/X (sky130_fd_sc_hd__clkbuf_16)
                                                         clknet_0_clk (net)
                      0.091610    0.005263   25.265120 v clkbuf_3_2__f_clk/A (sky130_fd_sc_hd__clkbuf_16)
    10    0.045667    0.049299    0.184659   25.449780 v clkbuf_3_2__f_clk/X (sky130_fd_sc_hd__clkbuf_16)
                                                         clknet_3_2__leaf_clk (net)
                      0.065739    0.000549   25.450329 v sram0/clk0 (sky130_sram_1kbyte_1rw1r_32x256_8)
     1    0.004674    0.003713    0.355563   25.805891 ^ sram0/dout0[19] (sky130_sram_1kbyte_1rw1r_32x256_8)
                                                         dout0[19] (net)
                      0.002785    0.000064   25.805956 ^ _621_/D (sky130_fd_sc_hd__dfrtp_1)
                                             25.805956   data arrival time

                                  0.000000    0.000000   clock clk (rise edge)
                                  0.000000    0.000000   clock source latency
     1    0.030636    0.143136    0.099091    0.099091 ^ clk (in)
                                                         clk (net)
                      0.143142    0.000000    0.099091 ^ clkbuf_0_clk/A (sky130_fd_sc_hd__clkbuf_16)
     8    0.130486    0.143741    0.240533    0.339624 ^ clkbuf_0_clk/X (sky130_fd_sc_hd__clkbuf_16)
                                                         clknet_0_clk (net)
                      0.143963    0.003743    0.343367 ^ clkbuf_3_4__f_clk/A (sky130_fd_sc_hd__clkbuf_16)
    12    0.044256    0.063986    0.179637    0.523004 ^ clkbuf_3_4__f_clk/X (sky130_fd_sc_hd__clkbuf_16)
                                                         clknet_3_4__leaf_clk (net)
                      0.064044    0.001709    0.524713 ^ _621_/CLK (sky130_fd_sc_hd__dfrtp_1)
                                  0.250000    0.774713   clock uncertainty
                                  0.000000    0.774713   clock reconvergence pessimism
                                 -0.023334    0.751379   library hold time
                                              0.751379   data required time
---------------------------------------------------------------------------------------------
                                              0.751379   data required time
                                            -25.805956   data arrival time
---------------------------------------------------------------------------------------------
                                             25.054577   slack (MET)


Startpoint: sram0 (falling edge-triggered flip-flop clocked by clk)
Endpoint: _622_ (rising edge-triggered flip-flop clocked by clk)
Path Group: clk
Path Type: min

Fanout         Cap        Slew       Delay        Time   Description
---------------------------------------------------------------------------------------------
                                 25.000000   25.000000   clock clk (fall edge)
                                  0.000000   25.000000   clock source latency
     1    0.029642    0.066884    0.047764   25.047764 v clk (in)
                                                         clk (net)
                      0.066896    0.000000   25.047764 v clkbuf_0_clk/A (sky130_fd_sc_hd__clkbuf_16)
     8    0.122534    0.091055    0.212093   25.259857 v clkbuf_0_clk/X (sky130_fd_sc_hd__clkbuf_16)
                                                         clknet_0_clk (net)
                      0.091610    0.005263   25.265120 v clkbuf_3_2__f_clk/A (sky130_fd_sc_hd__clkbuf_16)
    10    0.045667    0.049299    0.184659   25.449780 v clkbuf_3_2__f_clk/X (sky130_fd_sc_hd__clkbuf_16)
                                                         clknet_3_2__leaf_clk (net)
                      0.065739    0.000549   25.450329 v sram0/clk0 (sky130_sram_1kbyte_1rw1r_32x256_8)
     1    0.004777    0.003773    0.356142   25.806471 ^ sram0/dout0[20] (sky130_sram_1kbyte_1rw1r_32x256_8)
                                                         dout0[20] (net)
                      0.002830    0.000068   25.806538 ^ _622_/D (sky130_fd_sc_hd__dfrtp_1)
                                             25.806538   data arrival time

                                  0.000000    0.000000   clock clk (rise edge)
                                  0.000000    0.000000   clock source latency
     1    0.030636    0.143136    0.099091    0.099091 ^ clk (in)
                                                         clk (net)
                      0.143142    0.000000    0.099091 ^ clkbuf_0_clk/A (sky130_fd_sc_hd__clkbuf_16)
     8    0.130486    0.143741    0.240533    0.339624 ^ clkbuf_0_clk/X (sky130_fd_sc_hd__clkbuf_16)
                                                         clknet_0_clk (net)
                      0.143963    0.003743    0.343367 ^ clkbuf_3_4__f_clk/A (sky130_fd_sc_hd__clkbuf_16)
    12    0.044256    0.063986    0.179637    0.523004 ^ clkbuf_3_4__f_clk/X (sky130_fd_sc_hd__clkbuf_16)
                                                         clknet_3_4__leaf_clk (net)
                      0.064051    0.001789    0.524793 ^ _622_/CLK (sky130_fd_sc_hd__dfrtp_1)
                                  0.250000    0.774793   clock uncertainty
                                  0.000000    0.774793   clock reconvergence pessimism
                                 -0.023343    0.751450   library hold time
                                              0.751450   data required time
---------------------------------------------------------------------------------------------
                                              0.751450   data required time
                                            -25.806538   data arrival time
---------------------------------------------------------------------------------------------
                                             25.055088   slack (MET)


Startpoint: sram0 (falling edge-triggered flip-flop clocked by clk)
Endpoint: _623_ (rising edge-triggered flip-flop clocked by clk)
Path Group: clk
Path Type: min

Fanout         Cap        Slew       Delay        Time   Description
---------------------------------------------------------------------------------------------
                                 25.000000   25.000000   clock clk (fall edge)
                                  0.000000   25.000000   clock source latency
     1    0.029642    0.066884    0.047764   25.047764 v clk (in)
                                                         clk (net)
                      0.066896    0.000000   25.047764 v clkbuf_0_clk/A (sky130_fd_sc_hd__clkbuf_16)
     8    0.122534    0.091055    0.212093   25.259857 v clkbuf_0_clk/X (sky130_fd_sc_hd__clkbuf_16)
                                                         clknet_0_clk (net)
                      0.091610    0.005263   25.265120 v clkbuf_3_2__f_clk/A (sky130_fd_sc_hd__clkbuf_16)
    10    0.045667    0.049299    0.184659   25.449780 v clkbuf_3_2__f_clk/X (sky130_fd_sc_hd__clkbuf_16)
                                                         clknet_3_2__leaf_clk (net)
                      0.065739    0.000549   25.450329 v sram0/clk0 (sky130_sram_1kbyte_1rw1r_32x256_8)
     1    0.004915    0.003853    0.356915   25.807243 ^ sram0/dout0[21] (sky130_sram_1kbyte_1rw1r_32x256_8)
                                                         dout0[21] (net)
                      0.002890    0.000078   25.807322 ^ _623_/D (sky130_fd_sc_hd__dfrtp_1)
                                             25.807322   data arrival time

                                  0.000000    0.000000   clock clk (rise edge)
                                  0.000000    0.000000   clock source latency
     1    0.030636    0.143136    0.099091    0.099091 ^ clk (in)
                                                         clk (net)
                      0.143142    0.000000    0.099091 ^ clkbuf_0_clk/A (sky130_fd_sc_hd__clkbuf_16)
     8    0.130486    0.143741    0.240533    0.339624 ^ clkbuf_0_clk/X (sky130_fd_sc_hd__clkbuf_16)
                                                         clknet_0_clk (net)
                      0.143963    0.003743    0.343367 ^ clkbuf_3_4__f_clk/A (sky130_fd_sc_hd__clkbuf_16)
    12    0.044256    0.063986    0.179637    0.523004 ^ clkbuf_3_4__f_clk/X (sky130_fd_sc_hd__clkbuf_16)
                                                         clknet_3_4__leaf_clk (net)
                      0.064056    0.001851    0.524855 ^ _623_/CLK (sky130_fd_sc_hd__dfrtp_1)
                                  0.250000    0.774855   clock uncertainty
                                  0.000000    0.774855   clock reconvergence pessimism
                                 -0.023354    0.751501   library hold time
                                              0.751501   data required time
---------------------------------------------------------------------------------------------
                                              0.751501   data required time
                                            -25.807322   data arrival time
---------------------------------------------------------------------------------------------
                                             25.055820   slack (MET)


Startpoint: sram0 (falling edge-triggered flip-flop clocked by clk)
Endpoint: _624_ (rising edge-triggered flip-flop clocked by clk)
Path Group: clk
Path Type: min

Fanout         Cap        Slew       Delay        Time   Description
---------------------------------------------------------------------------------------------
                                 25.000000   25.000000   clock clk (fall edge)
                                  0.000000   25.000000   clock source latency
     1    0.029642    0.066884    0.047764   25.047764 v clk (in)
                                                         clk (net)
                      0.066896    0.000000   25.047764 v clkbuf_0_clk/A (sky130_fd_sc_hd__clkbuf_16)
     8    0.122534    0.091055    0.212093   25.259857 v clkbuf_0_clk/X (sky130_fd_sc_hd__clkbuf_16)
                                                         clknet_0_clk (net)
                      0.091610    0.005263   25.265120 v clkbuf_3_2__f_clk/A (sky130_fd_sc_hd__clkbuf_16)
    10    0.045667    0.049299    0.184659   25.449780 v clkbuf_3_2__f_clk/X (sky130_fd_sc_hd__clkbuf_16)
                                                         clknet_3_2__leaf_clk (net)
                      0.065739    0.000549   25.450329 v sram0/clk0 (sky130_sram_1kbyte_1rw1r_32x256_8)
     1    0.005073    0.003945    0.357801   25.808130 ^ sram0/dout0[22] (sky130_sram_1kbyte_1rw1r_32x256_8)
                                                         dout0[22] (net)
                      0.002959    0.000039   25.808168 ^ _624_/D (sky130_fd_sc_hd__dfrtp_1)
                                             25.808168   data arrival time

                                  0.000000    0.000000   clock clk (rise edge)
                                  0.000000    0.000000   clock source latency
     1    0.030636    0.143136    0.099091    0.099091 ^ clk (in)
                                                         clk (net)
                      0.143142    0.000000    0.099091 ^ clkbuf_0_clk/A (sky130_fd_sc_hd__clkbuf_16)
     8    0.130486    0.143741    0.240533    0.339624 ^ clkbuf_0_clk/X (sky130_fd_sc_hd__clkbuf_16)
                                                         clknet_0_clk (net)
                      0.143963    0.003743    0.343367 ^ clkbuf_3_4__f_clk/A (sky130_fd_sc_hd__clkbuf_16)
    12    0.044256    0.063986    0.179637    0.523004 ^ clkbuf_3_4__f_clk/X (sky130_fd_sc_hd__clkbuf_16)
                                                         clknet_3_4__leaf_clk (net)
                      0.064059    0.001878    0.524882 ^ _624_/CLK (sky130_fd_sc_hd__dfrtp_1)
                                  0.250000    0.774882   clock uncertainty
                                  0.000000    0.774882   clock reconvergence pessimism
                                 -0.023368    0.751513   library hold time
                                              0.751513   data required time
---------------------------------------------------------------------------------------------
                                              0.751513   data required time
                                            -25.808168   data arrival time
---------------------------------------------------------------------------------------------
                                             25.056656   slack (MET)


Startpoint: sram0 (falling edge-triggered flip-flop clocked by clk)
Endpoint: _632_ (rising edge-triggered flip-flop clocked by clk)
Path Group: clk
Path Type: min

Fanout         Cap        Slew       Delay        Time   Description
---------------------------------------------------------------------------------------------
                                 25.000000   25.000000   clock clk (fall edge)
                                  0.000000   25.000000   clock source latency
     1    0.029642    0.066884    0.047764   25.047764 v clk (in)
                                                         clk (net)
                      0.066896    0.000000   25.047764 v clkbuf_0_clk/A (sky130_fd_sc_hd__clkbuf_16)
     8    0.122534    0.091055    0.212093   25.259857 v clkbuf_0_clk/X (sky130_fd_sc_hd__clkbuf_16)
                                                         clknet_0_clk (net)
                      0.091610    0.005263   25.265120 v clkbuf_3_2__f_clk/A (sky130_fd_sc_hd__clkbuf_16)
    10    0.045667    0.049299    0.184659   25.449780 v clkbuf_3_2__f_clk/X (sky130_fd_sc_hd__clkbuf_16)
                                                         clknet_3_2__leaf_clk (net)
                      0.065739    0.000549   25.450329 v sram0/clk0 (sky130_sram_1kbyte_1rw1r_32x256_8)
     1    0.005459    0.004169    0.359968   25.810297 ^ sram0/dout0[30] (sky130_sram_1kbyte_1rw1r_32x256_8)
                                                         dout0[30] (net)
                      0.003127    0.000092   25.810389 ^ _632_/D (sky130_fd_sc_hd__dfrtp_1)
                                             25.810389   data arrival time

                                  0.000000    0.000000   clock clk (rise edge)
                                  0.000000    0.000000   clock source latency
     1    0.030636    0.143136    0.099091    0.099091 ^ clk (in)
                                                         clk (net)
                      0.143142    0.000000    0.099091 ^ clkbuf_0_clk/A (sky130_fd_sc_hd__clkbuf_16)
     8    0.130486    0.143741    0.240533    0.339624 ^ clkbuf_0_clk/X (sky130_fd_sc_hd__clkbuf_16)
                                                         clknet_0_clk (net)
                      0.143971    0.003841    0.343466 ^ clkbuf_3_5__f_clk/A (sky130_fd_sc_hd__clkbuf_16)
    15    0.047278    0.066748    0.182039    0.525504 ^ clkbuf_3_5__f_clk/X (sky130_fd_sc_hd__clkbuf_16)
                                                         clknet_3_5__leaf_clk (net)
                      0.066765    0.001018    0.526523 ^ _632_/CLK (sky130_fd_sc_hd__dfrtp_1)
                                  0.250000    0.776523   clock uncertainty
                                  0.000000    0.776523   clock reconvergence pessimism
                                 -0.023037    0.753486   library hold time
                                              0.753486   data required time
---------------------------------------------------------------------------------------------
                                              0.753486   data required time
                                            -25.810389   data arrival time
---------------------------------------------------------------------------------------------
                                             25.056904   slack (MET)


Startpoint: sram0 (falling edge-triggered flip-flop clocked by clk)
Endpoint: _619_ (rising edge-triggered flip-flop clocked by clk)
Path Group: clk
Path Type: min

Fanout         Cap        Slew       Delay        Time   Description
---------------------------------------------------------------------------------------------
                                 25.000000   25.000000   clock clk (fall edge)
                                  0.000000   25.000000   clock source latency
     1    0.029642    0.066884    0.047764   25.047764 v clk (in)
                                                         clk (net)
                      0.066896    0.000000   25.047764 v clkbuf_0_clk/A (sky130_fd_sc_hd__clkbuf_16)
     8    0.122534    0.091055    0.212093   25.259857 v clkbuf_0_clk/X (sky130_fd_sc_hd__clkbuf_16)
                                                         clknet_0_clk (net)
                      0.091610    0.005263   25.265120 v clkbuf_3_2__f_clk/A (sky130_fd_sc_hd__clkbuf_16)
    10    0.045667    0.049299    0.184659   25.449780 v clkbuf_3_2__f_clk/X (sky130_fd_sc_hd__clkbuf_16)
                                                         clknet_3_2__leaf_clk (net)
                      0.065739    0.000549   25.450329 v sram0/clk0 (sky130_sram_1kbyte_1rw1r_32x256_8)
     1    0.005674    0.004294    0.361178   25.811506 ^ sram0/dout0[17] (sky130_sram_1kbyte_1rw1r_32x256_8)
                                                         dout0[17] (net)
                      0.003221    0.000114   25.811621 ^ _619_/D (sky130_fd_sc_hd__dfrtp_1)
                                             25.811621   data arrival time

                                  0.000000    0.000000   clock clk (rise edge)
                                  0.000000    0.000000   clock source latency
     1    0.030636    0.143136    0.099091    0.099091 ^ clk (in)
                                                         clk (net)
                      0.143142    0.000000    0.099091 ^ clkbuf_0_clk/A (sky130_fd_sc_hd__clkbuf_16)
     8    0.130486    0.143741    0.240533    0.339624 ^ clkbuf_0_clk/X (sky130_fd_sc_hd__clkbuf_16)
                                                         clknet_0_clk (net)
                      0.143899    0.002841    0.342465 ^ clkbuf_3_7__f_clk/A (sky130_fd_sc_hd__clkbuf_16)
     7    0.043903    0.063730    0.179650    0.522115 ^ clkbuf_3_7__f_clk/X (sky130_fd_sc_hd__clkbuf_16)
                                                         clknet_3_7__leaf_clk (net)
                      0.063748    0.000984    0.523100 ^ _619_/CLK (sky130_fd_sc_hd__dfrtp_1)
                                  0.250000    0.773100   clock uncertainty
                                  0.000000    0.773100   clock reconvergence pessimism
                                 -0.023465    0.749634   library hold time
                                              0.749634   data required time
---------------------------------------------------------------------------------------------
                                              0.749634   data required time
                                            -25.811621   data arrival time
---------------------------------------------------------------------------------------------
                                             25.061985   slack (MET)


Startpoint: sram0 (falling edge-triggered flip-flop clocked by clk)
Endpoint: _620_ (rising edge-triggered flip-flop clocked by clk)
Path Group: clk
Path Type: min

Fanout         Cap        Slew       Delay        Time   Description
---------------------------------------------------------------------------------------------
                                 25.000000   25.000000   clock clk (fall edge)
                                  0.000000   25.000000   clock source latency
     1    0.029642    0.066884    0.047764   25.047764 v clk (in)
                                                         clk (net)
                      0.066896    0.000000   25.047764 v clkbuf_0_clk/A (sky130_fd_sc_hd__clkbuf_16)
     8    0.122534    0.091055    0.212093   25.259857 v clkbuf_0_clk/X (sky130_fd_sc_hd__clkbuf_16)
                                                         clknet_0_clk (net)
                      0.091610    0.005263   25.265120 v clkbuf_3_2__f_clk/A (sky130_fd_sc_hd__clkbuf_16)
    10    0.045667    0.049299    0.184659   25.449780 v clkbuf_3_2__f_clk/X (sky130_fd_sc_hd__clkbuf_16)
                                                         clknet_3_2__leaf_clk (net)
                      0.065739    0.000549   25.450329 v sram0/clk0 (sky130_sram_1kbyte_1rw1r_32x256_8)
     1    0.005948    0.004453    0.362716   25.813046 ^ sram0/dout0[18] (sky130_sram_1kbyte_1rw1r_32x256_8)
                                                         dout0[18] (net)
                      0.003340    0.000101   25.813147 ^ _620_/D (sky130_fd_sc_hd__dfrtp_1)
                                             25.813147   data arrival time

                                  0.000000    0.000000   clock clk (rise edge)
                                  0.000000    0.000000   clock source latency
     1    0.030636    0.143136    0.099091    0.099091 ^ clk (in)
                                                         clk (net)
                      0.143142    0.000000    0.099091 ^ clkbuf_0_clk/A (sky130_fd_sc_hd__clkbuf_16)
     8    0.130486    0.143741    0.240533    0.339624 ^ clkbuf_0_clk/X (sky130_fd_sc_hd__clkbuf_16)
                                                         clknet_0_clk (net)
                      0.143963    0.003743    0.343367 ^ clkbuf_3_4__f_clk/A (sky130_fd_sc_hd__clkbuf_16)
    12    0.044256    0.063986    0.179637    0.523004 ^ clkbuf_3_4__f_clk/X (sky130_fd_sc_hd__clkbuf_16)
                                                         clknet_3_4__leaf_clk (net)
                      0.064034    0.001574    0.524578 ^ _620_/CLK (sky130_fd_sc_hd__dfrtp_1)
                                  0.250000    0.774578   clock uncertainty
                                  0.000000    0.774578   clock reconvergence pessimism
                                 -0.023452    0.751126   library hold time
                                              0.751126   data required time
---------------------------------------------------------------------------------------------
                                              0.751126   data required time
                                            -25.813147   data arrival time
---------------------------------------------------------------------------------------------
                                             25.062019   slack (MET)


Startpoint: sram0 (falling edge-triggered flip-flop clocked by clk)
Endpoint: _618_ (rising edge-triggered flip-flop clocked by clk)
Path Group: clk
Path Type: min

Fanout         Cap        Slew       Delay        Time   Description
---------------------------------------------------------------------------------------------
                                 25.000000   25.000000   clock clk (fall edge)
                                  0.000000   25.000000   clock source latency
     1    0.029642    0.066884    0.047764   25.047764 v clk (in)
                                                         clk (net)
                      0.066896    0.000000   25.047764 v clkbuf_0_clk/A (sky130_fd_sc_hd__clkbuf_16)
     8    0.122534    0.091055    0.212093   25.259857 v clkbuf_0_clk/X (sky130_fd_sc_hd__clkbuf_16)
                                                         clknet_0_clk (net)
                      0.091610    0.005263   25.265120 v clkbuf_3_2__f_clk/A (sky130_fd_sc_hd__clkbuf_16)
    10    0.045667    0.049299    0.184659   25.449780 v clkbuf_3_2__f_clk/X (sky130_fd_sc_hd__clkbuf_16)
                                                         clknet_3_2__leaf_clk (net)
                      0.065739    0.000549   25.450329 v sram0/clk0 (sky130_sram_1kbyte_1rw1r_32x256_8)
     1    0.006310    0.004663    0.364745   25.815073 ^ sram0/dout0[16] (sky130_sram_1kbyte_1rw1r_32x256_8)
                                                         dout0[16] (net)
                      0.003497    0.000137   25.815210 ^ _618_/D (sky130_fd_sc_hd__dfrtp_1)
                                             25.815210   data arrival time

                                  0.000000    0.000000   clock clk (rise edge)
                                  0.000000    0.000000   clock source latency
     1    0.030636    0.143136    0.099091    0.099091 ^ clk (in)
                                                         clk (net)
                      0.143142    0.000000    0.099091 ^ clkbuf_0_clk/A (sky130_fd_sc_hd__clkbuf_16)
     8    0.130486    0.143741    0.240533    0.339624 ^ clkbuf_0_clk/X (sky130_fd_sc_hd__clkbuf_16)
                                                         clknet_0_clk (net)
                      0.143899    0.002841    0.342465 ^ clkbuf_3_7__f_clk/A (sky130_fd_sc_hd__clkbuf_16)
     7    0.043903    0.063730    0.179650    0.522115 ^ clkbuf_3_7__f_clk/X (sky130_fd_sc_hd__clkbuf_16)
                                                         clknet_3_7__leaf_clk (net)
                      0.063747    0.000958    0.523074 ^ _618_/CLK (sky130_fd_sc_hd__dfrtp_1)
                                  0.250000    0.773074   clock uncertainty
                                  0.000000    0.773074   clock reconvergence pessimism
                                 -0.023523    0.749550   library hold time
                                              0.749550   data required time
---------------------------------------------------------------------------------------------
                                              0.749550   data required time
                                            -25.815210   data arrival time
---------------------------------------------------------------------------------------------
                                             25.065660   slack (MET)


Startpoint: sram0 (falling edge-triggered flip-flop clocked by clk)
Endpoint: _617_ (rising edge-triggered flip-flop clocked by clk)
Path Group: clk
Path Type: min

Fanout         Cap        Slew       Delay        Time   Description
---------------------------------------------------------------------------------------------
                                 25.000000   25.000000   clock clk (fall edge)
                                  0.000000   25.000000   clock source latency
     1    0.029642    0.066884    0.047764   25.047764 v clk (in)
                                                         clk (net)
                      0.066896    0.000000   25.047764 v clkbuf_0_clk/A (sky130_fd_sc_hd__clkbuf_16)
     8    0.122534    0.091055    0.212093   25.259857 v clkbuf_0_clk/X (sky130_fd_sc_hd__clkbuf_16)
                                                         clknet_0_clk (net)
                      0.091610    0.005263   25.265120 v clkbuf_3_2__f_clk/A (sky130_fd_sc_hd__clkbuf_16)
    10    0.045667    0.049299    0.184659   25.449780 v clkbuf_3_2__f_clk/X (sky130_fd_sc_hd__clkbuf_16)
                                                         clknet_3_2__leaf_clk (net)
                      0.065739    0.000549   25.450329 v sram0/clk0 (sky130_sram_1kbyte_1rw1r_32x256_8)
     1    0.007000    0.005059    0.368619   25.818947 ^ sram0/dout0[15] (sky130_sram_1kbyte_1rw1r_32x256_8)
                                                         dout0[15] (net)
                      0.003794    0.000117   25.819065 ^ _617_/D (sky130_fd_sc_hd__dfrtp_1)
                                             25.819065   data arrival time

                                  0.000000    0.000000   clock clk (rise edge)
                                  0.000000    0.000000   clock source latency
     1    0.030636    0.143136    0.099091    0.099091 ^ clk (in)
                                                         clk (net)
                      0.143142    0.000000    0.099091 ^ clkbuf_0_clk/A (sky130_fd_sc_hd__clkbuf_16)
     8    0.130486    0.143741    0.240533    0.339624 ^ clkbuf_0_clk/X (sky130_fd_sc_hd__clkbuf_16)
                                                         clknet_0_clk (net)
                      0.143899    0.002841    0.342465 ^ clkbuf_3_7__f_clk/A (sky130_fd_sc_hd__clkbuf_16)
     7    0.043903    0.063730    0.179650    0.522115 ^ clkbuf_3_7__f_clk/X (sky130_fd_sc_hd__clkbuf_16)
                                                         clknet_3_7__leaf_clk (net)
                      0.063741    0.000811    0.522926 ^ _617_/CLK (sky130_fd_sc_hd__dfrtp_1)
                                  0.250000    0.772926   clock uncertainty
                                  0.000000    0.772926   clock reconvergence pessimism
                                 -0.023586    0.749340   library hold time
                                              0.749340   data required time
---------------------------------------------------------------------------------------------
                                              0.749340   data required time
                                            -25.819065   data arrival time
---------------------------------------------------------------------------------------------
                                             25.069725   slack (MET)


Startpoint: sram0 (falling edge-triggered flip-flop clocked by clk)
Endpoint: _615_ (rising edge-triggered flip-flop clocked by clk)
Path Group: clk
Path Type: min

Fanout         Cap        Slew       Delay        Time   Description
---------------------------------------------------------------------------------------------
                                 25.000000   25.000000   clock clk (fall edge)
                                  0.000000   25.000000   clock source latency
     1    0.029642    0.066884    0.047764   25.047764 v clk (in)
                                                         clk (net)
                      0.066896    0.000000   25.047764 v clkbuf_0_clk/A (sky130_fd_sc_hd__clkbuf_16)
     8    0.122534    0.091055    0.212093   25.259857 v clkbuf_0_clk/X (sky130_fd_sc_hd__clkbuf_16)
                                                         clknet_0_clk (net)
                      0.091610    0.005263   25.265120 v clkbuf_3_2__f_clk/A (sky130_fd_sc_hd__clkbuf_16)
    10    0.045667    0.049299    0.184659   25.449780 v clkbuf_3_2__f_clk/X (sky130_fd_sc_hd__clkbuf_16)
                                                         clknet_3_2__leaf_clk (net)
                      0.065739    0.000549   25.450329 v sram0/clk0 (sky130_sram_1kbyte_1rw1r_32x256_8)
     1    0.008021    0.005602    0.374348   25.824677 ^ sram0/dout0[13] (sky130_sram_1kbyte_1rw1r_32x256_8)
                                                         dout0[13] (net)
                      0.004201    0.000121   25.824797 ^ _615_/D (sky130_fd_sc_hd__dfrtp_1)
                                             25.824797   data arrival time

                                  0.000000    0.000000   clock clk (rise edge)
                                  0.000000    0.000000   clock source latency
     1    0.030636    0.143136    0.099091    0.099091 ^ clk (in)
                                                         clk (net)
                      0.143142    0.000000    0.099091 ^ clkbuf_0_clk/A (sky130_fd_sc_hd__clkbuf_16)
     8    0.130486    0.143741    0.240533    0.339624 ^ clkbuf_0_clk/X (sky130_fd_sc_hd__clkbuf_16)
                                                         clknet_0_clk (net)
                      0.143851    0.001902    0.341526 ^ clkbuf_3_6__f_clk/A (sky130_fd_sc_hd__clkbuf_16)
    12    0.044451    0.064237    0.180106    0.521632 ^ clkbuf_3_6__f_clk/X (sky130_fd_sc_hd__clkbuf_16)
                                                         clknet_3_6__leaf_clk (net)
                      0.064241    0.000565    0.522197 ^ _615_/CLK (sky130_fd_sc_hd__dfrtp_1)
                                  0.250000    0.772197   clock uncertainty
                                  0.000000    0.772197   clock reconvergence pessimism
                                 -0.023604    0.748594   library hold time
                                              0.748594   data required time
---------------------------------------------------------------------------------------------
                                              0.748594   data required time
                                            -25.824797   data arrival time
---------------------------------------------------------------------------------------------
                                             25.076202   slack (MET)


Startpoint: sram0 (falling edge-triggered flip-flop clocked by clk)
Endpoint: _611_ (rising edge-triggered flip-flop clocked by clk)
Path Group: clk
Path Type: min

Fanout         Cap        Slew       Delay        Time   Description
---------------------------------------------------------------------------------------------
                                 25.000000   25.000000   clock clk (fall edge)
                                  0.000000   25.000000   clock source latency
     1    0.029642    0.066884    0.047764   25.047764 v clk (in)
                                                         clk (net)
                      0.066896    0.000000   25.047764 v clkbuf_0_clk/A (sky130_fd_sc_hd__clkbuf_16)
     8    0.122534    0.091055    0.212093   25.259857 v clkbuf_0_clk/X (sky130_fd_sc_hd__clkbuf_16)
                                                         clknet_0_clk (net)
                      0.091610    0.005263   25.265120 v clkbuf_3_2__f_clk/A (sky130_fd_sc_hd__clkbuf_16)
    10    0.045667    0.049299    0.184659   25.449780 v clkbuf_3_2__f_clk/X (sky130_fd_sc_hd__clkbuf_16)
                                                         clknet_3_2__leaf_clk (net)
                      0.065739    0.000549   25.450329 v sram0/clk0 (sky130_sram_1kbyte_1rw1r_32x256_8)
     1    0.008079    0.005633    0.374673   25.825001 ^ sram0/dout0[9] (sky130_sram_1kbyte_1rw1r_32x256_8)
                                                         dout0[9] (net)
                      0.004225    0.000151   25.825153 ^ _611_/D (sky130_fd_sc_hd__dfrtp_1)
                                             25.825153   data arrival time

                                  0.000000    0.000000   clock clk (rise edge)
                                  0.000000    0.000000   clock source latency
     1    0.030636    0.143136    0.099091    0.099091 ^ clk (in)
                                                         clk (net)
                      0.143142    0.000000    0.099091 ^ clkbuf_0_clk/A (sky130_fd_sc_hd__clkbuf_16)
     8    0.130486    0.143741    0.240533    0.339624 ^ clkbuf_0_clk/X (sky130_fd_sc_hd__clkbuf_16)
                                                         clknet_0_clk (net)
                      0.143851    0.001902    0.341526 ^ clkbuf_3_6__f_clk/A (sky130_fd_sc_hd__clkbuf_16)
    12    0.044451    0.064237    0.180106    0.521632 ^ clkbuf_3_6__f_clk/X (sky130_fd_sc_hd__clkbuf_16)
                                                         clknet_3_6__leaf_clk (net)
                      0.064239    0.000458    0.522090 ^ _611_/CLK (sky130_fd_sc_hd__dfrtp_1)
                                  0.250000    0.772090   clock uncertainty
                                  0.000000    0.772090   clock reconvergence pessimism
                                 -0.023609    0.748481   library hold time
                                              0.748481   data required time
---------------------------------------------------------------------------------------------
                                              0.748481   data required time
                                            -25.825153   data arrival time
---------------------------------------------------------------------------------------------
                                             25.076672   slack (MET)


Startpoint: sram0 (falling edge-triggered flip-flop clocked by clk)
Endpoint: _614_ (rising edge-triggered flip-flop clocked by clk)
Path Group: clk
Path Type: min

Fanout         Cap        Slew       Delay        Time   Description
---------------------------------------------------------------------------------------------
                                 25.000000   25.000000   clock clk (fall edge)
                                  0.000000   25.000000   clock source latency
     1    0.029642    0.066884    0.047764   25.047764 v clk (in)
                                                         clk (net)
                      0.066896    0.000000   25.047764 v clkbuf_0_clk/A (sky130_fd_sc_hd__clkbuf_16)
     8    0.122534    0.091055    0.212093   25.259857 v clkbuf_0_clk/X (sky130_fd_sc_hd__clkbuf_16)
                                                         clknet_0_clk (net)
                      0.091610    0.005263   25.265120 v clkbuf_3_2__f_clk/A (sky130_fd_sc_hd__clkbuf_16)
    10    0.045667    0.049299    0.184659   25.449780 v clkbuf_3_2__f_clk/X (sky130_fd_sc_hd__clkbuf_16)
                                                         clknet_3_2__leaf_clk (net)
                      0.065739    0.000549   25.450329 v sram0/clk0 (sky130_sram_1kbyte_1rw1r_32x256_8)
     1    0.008173    0.005683    0.375199   25.825527 ^ sram0/dout0[12] (sky130_sram_1kbyte_1rw1r_32x256_8)
                                                         dout0[12] (net)
                      0.004262    0.000156   25.825684 ^ _614_/D (sky130_fd_sc_hd__dfrtp_1)
                                             25.825684   data arrival time

                                  0.000000    0.000000   clock clk (rise edge)
                                  0.000000    0.000000   clock source latency
     1    0.030636    0.143136    0.099091    0.099091 ^ clk (in)
                                                         clk (net)
                      0.143142    0.000000    0.099091 ^ clkbuf_0_clk/A (sky130_fd_sc_hd__clkbuf_16)
     8    0.130486    0.143741    0.240533    0.339624 ^ clkbuf_0_clk/X (sky130_fd_sc_hd__clkbuf_16)
                                                         clknet_0_clk (net)
                      0.143851    0.001902    0.341526 ^ clkbuf_3_6__f_clk/A (sky130_fd_sc_hd__clkbuf_16)
    12    0.044451    0.064237    0.180106    0.521632 ^ clkbuf_3_6__f_clk/X (sky130_fd_sc_hd__clkbuf_16)
                                                         clknet_3_6__leaf_clk (net)
                      0.064241    0.000539    0.522171 ^ _614_/CLK (sky130_fd_sc_hd__dfrtp_1)
                                  0.250000    0.772171   clock uncertainty
                                  0.000000    0.772171   clock reconvergence pessimism
                                 -0.023616    0.748554   library hold time
                                              0.748554   data required time
---------------------------------------------------------------------------------------------
                                              0.748554   data required time
                                            -25.825684   data arrival time
---------------------------------------------------------------------------------------------
                                             25.077129   slack (MET)


Startpoint: sram0 (falling edge-triggered flip-flop clocked by clk)
Endpoint: _616_ (rising edge-triggered flip-flop clocked by clk)
Path Group: clk
Path Type: min

Fanout         Cap        Slew       Delay        Time   Description
---------------------------------------------------------------------------------------------
                                 25.000000   25.000000   clock clk (fall edge)
                                  0.000000   25.000000   clock source latency
     1    0.029642    0.066884    0.047764   25.047764 v clk (in)
                                                         clk (net)
                      0.066896    0.000000   25.047764 v clkbuf_0_clk/A (sky130_fd_sc_hd__clkbuf_16)
     8    0.122534    0.091055    0.212093   25.259857 v clkbuf_0_clk/X (sky130_fd_sc_hd__clkbuf_16)
                                                         clknet_0_clk (net)
                      0.091610    0.005263   25.265120 v clkbuf_3_2__f_clk/A (sky130_fd_sc_hd__clkbuf_16)
    10    0.045667    0.049299    0.184659   25.449780 v clkbuf_3_2__f_clk/X (sky130_fd_sc_hd__clkbuf_16)
                                                         clknet_3_2__leaf_clk (net)
                      0.065739    0.000549   25.450329 v sram0/clk0 (sky130_sram_1kbyte_1rw1r_32x256_8)
     1    0.008630    0.005926    0.377765   25.828094 ^ sram0/dout0[14] (sky130_sram_1kbyte_1rw1r_32x256_8)
                                                         dout0[14] (net)
                      0.004445    0.000101   25.828196 ^ _616_/D (sky130_fd_sc_hd__dfrtp_1)
                                             25.828196   data arrival time

                                  0.000000    0.000000   clock clk (rise edge)
                                  0.000000    0.000000   clock source latency
     1    0.030636    0.143136    0.099091    0.099091 ^ clk (in)
                                                         clk (net)
                      0.143142    0.000000    0.099091 ^ clkbuf_0_clk/A (sky130_fd_sc_hd__clkbuf_16)
     8    0.130486    0.143741    0.240533    0.339624 ^ clkbuf_0_clk/X (sky130_fd_sc_hd__clkbuf_16)
                                                         clknet_0_clk (net)
                      0.143899    0.002841    0.342465 ^ clkbuf_3_7__f_clk/A (sky130_fd_sc_hd__clkbuf_16)
     7    0.043903    0.063730    0.179650    0.522115 ^ clkbuf_3_7__f_clk/X (sky130_fd_sc_hd__clkbuf_16)
                                                         clknet_3_7__leaf_clk (net)
                      0.063744    0.000888    0.523003 ^ _616_/CLK (sky130_fd_sc_hd__dfrtp_1)
                                  0.250000    0.773003   clock uncertainty
                                  0.000000    0.773003   clock reconvergence pessimism
                                 -0.023722    0.749281   library hold time
                                              0.749281   data required time
---------------------------------------------------------------------------------------------
                                              0.749281   data required time
                                            -25.828196   data arrival time
---------------------------------------------------------------------------------------------
                                             25.078915   slack (MET)


Startpoint: sram0 (falling edge-triggered flip-flop clocked by clk)
Endpoint: _613_ (rising edge-triggered flip-flop clocked by clk)
Path Group: clk
Path Type: min

Fanout         Cap        Slew       Delay        Time   Description
---------------------------------------------------------------------------------------------
                                 25.000000   25.000000   clock clk (fall edge)
                                  0.000000   25.000000   clock source latency
     1    0.029642    0.066884    0.047764   25.047764 v clk (in)
                                                         clk (net)
                      0.066896    0.000000   25.047764 v clkbuf_0_clk/A (sky130_fd_sc_hd__clkbuf_16)
     8    0.122534    0.091055    0.212093   25.259857 v clkbuf_0_clk/X (sky130_fd_sc_hd__clkbuf_16)
                                                         clknet_0_clk (net)
                      0.091610    0.005263   25.265120 v clkbuf_3_2__f_clk/A (sky130_fd_sc_hd__clkbuf_16)
    10    0.045667    0.049299    0.184659   25.449780 v clkbuf_3_2__f_clk/X (sky130_fd_sc_hd__clkbuf_16)
                                                         clknet_3_2__leaf_clk (net)
                      0.065739    0.000549   25.450329 v sram0/clk0 (sky130_sram_1kbyte_1rw1r_32x256_8)
     1    0.008627    0.005924    0.377748   25.828077 ^ sram0/dout0[11] (sky130_sram_1kbyte_1rw1r_32x256_8)
                                                         dout0[11] (net)
                      0.004443    0.000135   25.828211 ^ _613_/D (sky130_fd_sc_hd__dfrtp_1)
                                             25.828211   data arrival time

                                  0.000000    0.000000   clock clk (rise edge)
                                  0.000000    0.000000   clock source latency
     1    0.030636    0.143136    0.099091    0.099091 ^ clk (in)
                                                         clk (net)
                      0.143142    0.000000    0.099091 ^ clkbuf_0_clk/A (sky130_fd_sc_hd__clkbuf_16)
     8    0.130486    0.143741    0.240533    0.339624 ^ clkbuf_0_clk/X (sky130_fd_sc_hd__clkbuf_16)
                                                         clknet_0_clk (net)
                      0.143851    0.001902    0.341526 ^ clkbuf_3_6__f_clk/A (sky130_fd_sc_hd__clkbuf_16)
    12    0.044451    0.064237    0.180106    0.521632 ^ clkbuf_3_6__f_clk/X (sky130_fd_sc_hd__clkbuf_16)
                                                         clknet_3_6__leaf_clk (net)
                      0.064239    0.000465    0.522097 ^ _613_/CLK (sky130_fd_sc_hd__dfrtp_1)
                                  0.250000    0.772097   clock uncertainty
                                  0.000000    0.772097   clock reconvergence pessimism
                                 -0.023654    0.748442   library hold time
                                              0.748442   data required time
---------------------------------------------------------------------------------------------
                                              0.748442   data required time
                                            -25.828211   data arrival time
---------------------------------------------------------------------------------------------
                                             25.079769   slack (MET)


Startpoint: sram0 (falling edge-triggered flip-flop clocked by clk)
Endpoint: _608_ (rising edge-triggered flip-flop clocked by clk)
Path Group: clk
Path Type: min

Fanout         Cap        Slew       Delay        Time   Description
---------------------------------------------------------------------------------------------
                                 25.000000   25.000000   clock clk (fall edge)
                                  0.000000   25.000000   clock source latency
     1    0.029642    0.066884    0.047764   25.047764 v clk (in)
                                                         clk (net)
                      0.066896    0.000000   25.047764 v clkbuf_0_clk/A (sky130_fd_sc_hd__clkbuf_16)
     8    0.122534    0.091055    0.212093   25.259857 v clkbuf_0_clk/X (sky130_fd_sc_hd__clkbuf_16)
                                                         clknet_0_clk (net)
                      0.091610    0.005263   25.265120 v clkbuf_3_2__f_clk/A (sky130_fd_sc_hd__clkbuf_16)
    10    0.045667    0.049299    0.184659   25.449780 v clkbuf_3_2__f_clk/X (sky130_fd_sc_hd__clkbuf_16)
                                                         clknet_3_2__leaf_clk (net)
                      0.065739    0.000549   25.450329 v sram0/clk0 (sky130_sram_1kbyte_1rw1r_32x256_8)
     1    0.009121    0.006187    0.380522   25.830851 ^ sram0/dout0[6] (sky130_sram_1kbyte_1rw1r_32x256_8)
                                                         dout0[6] (net)
                      0.004641    0.000323   25.831175 ^ _608_/D (sky130_fd_sc_hd__dfrtp_1)
                                             25.831175   data arrival time

                                  0.000000    0.000000   clock clk (rise edge)
                                  0.000000    0.000000   clock source latency
     1    0.030636    0.143136    0.099091    0.099091 ^ clk (in)
                                                         clk (net)
                      0.143142    0.000000    0.099091 ^ clkbuf_0_clk/A (sky130_fd_sc_hd__clkbuf_16)
     8    0.130486    0.143741    0.240533    0.339624 ^ clkbuf_0_clk/X (sky130_fd_sc_hd__clkbuf_16)
                                                         clknet_0_clk (net)
                      0.143931    0.003332    0.342956 ^ clkbuf_3_1__f_clk/A (sky130_fd_sc_hd__clkbuf_16)
     9    0.039664    0.059990    0.176602    0.519558 ^ clkbuf_3_1__f_clk/X (sky130_fd_sc_hd__clkbuf_16)
                                                         clknet_3_1__leaf_clk (net)
                      0.059994    0.000473    0.520031 ^ _608_/CLK (sky130_fd_sc_hd__dfrtp_1)
                                  0.250000    0.770031   clock uncertainty
                                  0.000000    0.770031   clock reconvergence pessimism
                                 -0.024271    0.745759   library hold time
                                              0.745759   data required time
---------------------------------------------------------------------------------------------
                                              0.745759   data required time
                                            -25.831175   data arrival time
---------------------------------------------------------------------------------------------
                                             25.085415   slack (MET)


Startpoint: sram0 (falling edge-triggered flip-flop clocked by clk)
Endpoint: _602_ (rising edge-triggered flip-flop clocked by clk)
Path Group: clk
Path Type: min

Fanout         Cap        Slew       Delay        Time   Description
---------------------------------------------------------------------------------------------
                                 25.000000   25.000000   clock clk (fall edge)
                                  0.000000   25.000000   clock source latency
     1    0.029642    0.066884    0.047764   25.047764 v clk (in)
                                                         clk (net)
                      0.066896    0.000000   25.047764 v clkbuf_0_clk/A (sky130_fd_sc_hd__clkbuf_16)
     8    0.122534    0.091055    0.212093   25.259857 v clkbuf_0_clk/X (sky130_fd_sc_hd__clkbuf_16)
                                                         clknet_0_clk (net)
                      0.091610    0.005263   25.265120 v clkbuf_3_2__f_clk/A (sky130_fd_sc_hd__clkbuf_16)
    10    0.045667    0.049299    0.184659   25.449780 v clkbuf_3_2__f_clk/X (sky130_fd_sc_hd__clkbuf_16)
                                                         clknet_3_2__leaf_clk (net)
                      0.065739    0.000549   25.450329 v sram0/clk0 (sky130_sram_1kbyte_1rw1r_32x256_8)
     1    0.009999    0.006655    0.385450   25.835779 ^ sram0/dout0[0] (sky130_sram_1kbyte_1rw1r_32x256_8)
                                                         dout0[0] (net)
                      0.004991    0.000323   25.836102 ^ _602_/D (sky130_fd_sc_hd__dfrtp_1)
                                             25.836102   data arrival time

                                  0.000000    0.000000   clock clk (rise edge)
                                  0.000000    0.000000   clock source latency
     1    0.030636    0.143136    0.099091    0.099091 ^ clk (in)
                                                         clk (net)
                      0.143142    0.000000    0.099091 ^ clkbuf_0_clk/A (sky130_fd_sc_hd__clkbuf_16)
     8    0.130486    0.143741    0.240533    0.339624 ^ clkbuf_0_clk/X (sky130_fd_sc_hd__clkbuf_16)
                                                         clknet_0_clk (net)
                      0.143971    0.003845    0.343469 ^ clkbuf_3_0__f_clk/A (sky130_fd_sc_hd__clkbuf_16)
     7    0.039504    0.059861    0.176543    0.520012 ^ clkbuf_3_0__f_clk/X (sky130_fd_sc_hd__clkbuf_16)
                                                         clknet_3_0__leaf_clk (net)
                      0.059863    0.000367    0.520380 ^ _602_/CLK (sky130_fd_sc_hd__dfrtp_1)
                                  0.250000    0.770380   clock uncertainty
                                  0.000000    0.770380   clock reconvergence pessimism
                                 -0.024363    0.746017   library hold time
                                              0.746017   data required time
---------------------------------------------------------------------------------------------
                                              0.746017   data required time
                                            -25.836102   data arrival time
---------------------------------------------------------------------------------------------
                                             25.090086   slack (MET)


Startpoint: sram0 (falling edge-triggered flip-flop clocked by clk)
Endpoint: _612_ (rising edge-triggered flip-flop clocked by clk)
Path Group: clk
Path Type: min

Fanout         Cap        Slew       Delay        Time   Description
---------------------------------------------------------------------------------------------
                                 25.000000   25.000000   clock clk (fall edge)
                                  0.000000   25.000000   clock source latency
     1    0.029642    0.066884    0.047764   25.047764 v clk (in)
                                                         clk (net)
                      0.066896    0.000000   25.047764 v clkbuf_0_clk/A (sky130_fd_sc_hd__clkbuf_16)
     8    0.122534    0.091055    0.212093   25.259857 v clkbuf_0_clk/X (sky130_fd_sc_hd__clkbuf_16)
                                                         clknet_0_clk (net)
                      0.091610    0.005263   25.265120 v clkbuf_3_2__f_clk/A (sky130_fd_sc_hd__clkbuf_16)
    10    0.045667    0.049299    0.184659   25.449780 v clkbuf_3_2__f_clk/X (sky130_fd_sc_hd__clkbuf_16)
                                                         clknet_3_2__leaf_clk (net)
                      0.065739    0.000549   25.450329 v sram0/clk0 (sky130_sram_1kbyte_1rw1r_32x256_8)
     2    0.010860    0.007113    0.390280   25.840609 ^ sram0/dout0[10] (sky130_sram_1kbyte_1rw1r_32x256_8)
                                                         dout0[10] (net)
                      0.005335    0.000169   25.840776 ^ _612_/D (sky130_fd_sc_hd__dfrtp_1)
                                             25.840776   data arrival time

                                  0.000000    0.000000   clock clk (rise edge)
                                  0.000000    0.000000   clock source latency
     1    0.030636    0.143136    0.099091    0.099091 ^ clk (in)
                                                         clk (net)
                      0.143142    0.000000    0.099091 ^ clkbuf_0_clk/A (sky130_fd_sc_hd__clkbuf_16)
     8    0.130486    0.143741    0.240533    0.339624 ^ clkbuf_0_clk/X (sky130_fd_sc_hd__clkbuf_16)
                                                         clknet_0_clk (net)
                      0.143851    0.001902    0.341526 ^ clkbuf_3_6__f_clk/A (sky130_fd_sc_hd__clkbuf_16)
    12    0.044451    0.064237    0.180106    0.521632 ^ clkbuf_3_6__f_clk/X (sky130_fd_sc_hd__clkbuf_16)
                                                         clknet_3_6__leaf_clk (net)
                      0.064238    0.000404    0.522035 ^ _612_/CLK (sky130_fd_sc_hd__dfrtp_1)
                                  0.250000    0.772035   clock uncertainty
                                  0.000000    0.772035   clock reconvergence pessimism
                                 -0.023841    0.748194   library hold time
                                              0.748194   data required time
---------------------------------------------------------------------------------------------
                                              0.748194   data required time
                                            -25.840776   data arrival time
---------------------------------------------------------------------------------------------
                                             25.092583   slack (MET)


Startpoint: sram0 (falling edge-triggered flip-flop clocked by clk)
Endpoint: _605_ (rising edge-triggered flip-flop clocked by clk)
Path Group: clk
Path Type: min

Fanout         Cap        Slew       Delay        Time   Description
---------------------------------------------------------------------------------------------
                                 25.000000   25.000000   clock clk (fall edge)
                                  0.000000   25.000000   clock source latency
     1    0.029642    0.066884    0.047764   25.047764 v clk (in)
                                                         clk (net)
                      0.066896    0.000000   25.047764 v clkbuf_0_clk/A (sky130_fd_sc_hd__clkbuf_16)
     8    0.122534    0.091055    0.212093   25.259857 v clkbuf_0_clk/X (sky130_fd_sc_hd__clkbuf_16)
                                                         clknet_0_clk (net)
                      0.091610    0.005263   25.265120 v clkbuf_3_2__f_clk/A (sky130_fd_sc_hd__clkbuf_16)
    10    0.045667    0.049299    0.184659   25.449780 v clkbuf_3_2__f_clk/X (sky130_fd_sc_hd__clkbuf_16)
                                                         clknet_3_2__leaf_clk (net)
                      0.065739    0.000549   25.450329 v sram0/clk0 (sky130_sram_1kbyte_1rw1r_32x256_8)
     1    0.010713    0.007034    0.389452   25.839781 ^ sram0/dout0[3] (sky130_sram_1kbyte_1rw1r_32x256_8)
                                                         dout0[3] (net)
                      0.005276    0.000378   25.840158 ^ _605_/D (sky130_fd_sc_hd__dfrtp_1)
                                             25.840158   data arrival time

                                  0.000000    0.000000   clock clk (rise edge)
                                  0.000000    0.000000   clock source latency
     1    0.030636    0.143136    0.099091    0.099091 ^ clk (in)
                                                         clk (net)
                      0.143142    0.000000    0.099091 ^ clkbuf_0_clk/A (sky130_fd_sc_hd__clkbuf_16)
     8    0.130486    0.143741    0.240533    0.339624 ^ clkbuf_0_clk/X (sky130_fd_sc_hd__clkbuf_16)
                                                         clknet_0_clk (net)
                      0.143931    0.003332    0.342956 ^ clkbuf_3_1__f_clk/A (sky130_fd_sc_hd__clkbuf_16)
     9    0.039664    0.059990    0.176602    0.519558 ^ clkbuf_3_1__f_clk/X (sky130_fd_sc_hd__clkbuf_16)
                                                         clknet_3_1__leaf_clk (net)
                      0.059994    0.000449    0.520007 ^ _605_/CLK (sky130_fd_sc_hd__dfrtp_1)
                                  0.250000    0.770007   clock uncertainty
                                  0.000000    0.770007   clock reconvergence pessimism
                                 -0.024404    0.745603   library hold time
                                              0.745603   data required time
---------------------------------------------------------------------------------------------
                                              0.745603   data required time
                                            -25.840158   data arrival time
---------------------------------------------------------------------------------------------
                                             25.094557   slack (MET)


Startpoint: sram0 (falling edge-triggered flip-flop clocked by clk)
Endpoint: _609_ (rising edge-triggered flip-flop clocked by clk)
Path Group: clk
Path Type: min

Fanout         Cap        Slew       Delay        Time   Description
---------------------------------------------------------------------------------------------
                                 25.000000   25.000000   clock clk (fall edge)
                                  0.000000   25.000000   clock source latency
     1    0.029642    0.066884    0.047764   25.047764 v clk (in)
                                                         clk (net)
                      0.066896    0.000000   25.047764 v clkbuf_0_clk/A (sky130_fd_sc_hd__clkbuf_16)
     8    0.122534    0.091055    0.212093   25.259857 v clkbuf_0_clk/X (sky130_fd_sc_hd__clkbuf_16)
                                                         clknet_0_clk (net)
                      0.091610    0.005263   25.265120 v clkbuf_3_2__f_clk/A (sky130_fd_sc_hd__clkbuf_16)
    10    0.045667    0.049299    0.184659   25.449780 v clkbuf_3_2__f_clk/X (sky130_fd_sc_hd__clkbuf_16)
                                                         clknet_3_2__leaf_clk (net)
                      0.065739    0.000549   25.450329 v sram0/clk0 (sky130_sram_1kbyte_1rw1r_32x256_8)
     2    0.010816    0.007089    0.390031   25.840361 ^ sram0/dout0[7] (sky130_sram_1kbyte_1rw1r_32x256_8)
                                                         dout0[7] (net)
                      0.005317    0.000135   25.840494 ^ _609_/D (sky130_fd_sc_hd__dfrtp_1)
                                             25.840494   data arrival time

                                  0.000000    0.000000   clock clk (rise edge)
                                  0.000000    0.000000   clock source latency
     1    0.030636    0.143136    0.099091    0.099091 ^ clk (in)
                                                         clk (net)
                      0.143142    0.000000    0.099091 ^ clkbuf_0_clk/A (sky130_fd_sc_hd__clkbuf_16)
     8    0.130486    0.143741    0.240533    0.339624 ^ clkbuf_0_clk/X (sky130_fd_sc_hd__clkbuf_16)
                                                         clknet_0_clk (net)
                      0.143931    0.003332    0.342956 ^ clkbuf_3_1__f_clk/A (sky130_fd_sc_hd__clkbuf_16)
     9    0.039664    0.059990    0.176602    0.519558 ^ clkbuf_3_1__f_clk/X (sky130_fd_sc_hd__clkbuf_16)
                                                         clknet_3_1__leaf_clk (net)
                      0.059990    0.000121    0.519679 ^ _609_/CLK (sky130_fd_sc_hd__dfrtp_1)
                                  0.250000    0.769679   clock uncertainty
                                  0.000000    0.769679   clock reconvergence pessimism
                                 -0.024413    0.745265   library hold time
                                              0.745265   data required time
---------------------------------------------------------------------------------------------
                                              0.745265   data required time
                                            -25.840494   data arrival time
---------------------------------------------------------------------------------------------
                                             25.095230   slack (MET)


Startpoint: sram0 (falling edge-triggered flip-flop clocked by clk)
Endpoint: _610_ (rising edge-triggered flip-flop clocked by clk)
Path Group: clk
Path Type: min

Fanout         Cap        Slew       Delay        Time   Description
---------------------------------------------------------------------------------------------
                                 25.000000   25.000000   clock clk (fall edge)
                                  0.000000   25.000000   clock source latency
     1    0.029642    0.066884    0.047764   25.047764 v clk (in)
                                                         clk (net)
                      0.066896    0.000000   25.047764 v clkbuf_0_clk/A (sky130_fd_sc_hd__clkbuf_16)
     8    0.122534    0.091055    0.212093   25.259857 v clkbuf_0_clk/X (sky130_fd_sc_hd__clkbuf_16)
                                                         clknet_0_clk (net)
                      0.091610    0.005263   25.265120 v clkbuf_3_2__f_clk/A (sky130_fd_sc_hd__clkbuf_16)
    10    0.045667    0.049299    0.184659   25.449780 v clkbuf_3_2__f_clk/X (sky130_fd_sc_hd__clkbuf_16)
                                                         clknet_3_2__leaf_clk (net)
                      0.065739    0.000549   25.450329 v sram0/clk0 (sky130_sram_1kbyte_1rw1r_32x256_8)
     2    0.012240    0.007847    0.398023   25.848352 ^ sram0/dout0[8] (sky130_sram_1kbyte_1rw1r_32x256_8)
                                                         dout0[8] (net)
                      0.005885    0.000240   25.848591 ^ _610_/D (sky130_fd_sc_hd__dfrtp_1)
                                             25.848591   data arrival time

                                  0.000000    0.000000   clock clk (rise edge)
                                  0.000000    0.000000   clock source latency
     1    0.030636    0.143136    0.099091    0.099091 ^ clk (in)
                                                         clk (net)
                      0.143142    0.000000    0.099091 ^ clkbuf_0_clk/A (sky130_fd_sc_hd__clkbuf_16)
     8    0.130486    0.143741    0.240533    0.339624 ^ clkbuf_0_clk/X (sky130_fd_sc_hd__clkbuf_16)
                                                         clknet_0_clk (net)
                      0.143851    0.001902    0.341526 ^ clkbuf_3_6__f_clk/A (sky130_fd_sc_hd__clkbuf_16)
    12    0.044451    0.064237    0.180106    0.521632 ^ clkbuf_3_6__f_clk/X (sky130_fd_sc_hd__clkbuf_16)
                                                         clknet_3_6__leaf_clk (net)
                      0.064239    0.000481    0.522113 ^ _610_/CLK (sky130_fd_sc_hd__dfrtp_1)
                                  0.250000    0.772112   clock uncertainty
                                  0.000000    0.772112   clock reconvergence pessimism
                                 -0.023956    0.748157   library hold time
                                              0.748157   data required time
---------------------------------------------------------------------------------------------
                                              0.748157   data required time
                                            -25.848591   data arrival time
---------------------------------------------------------------------------------------------
                                             25.100435   slack (MET)


Startpoint: sram0 (falling edge-triggered flip-flop clocked by clk)
Endpoint: _604_ (rising edge-triggered flip-flop clocked by clk)
Path Group: clk
Path Type: min

Fanout         Cap        Slew       Delay        Time   Description
---------------------------------------------------------------------------------------------
                                 25.000000   25.000000   clock clk (fall edge)
                                  0.000000   25.000000   clock source latency
     1    0.029642    0.066884    0.047764   25.047764 v clk (in)
                                                         clk (net)
                      0.066896    0.000000   25.047764 v clkbuf_0_clk/A (sky130_fd_sc_hd__clkbuf_16)
     8    0.122534    0.091055    0.212093   25.259857 v clkbuf_0_clk/X (sky130_fd_sc_hd__clkbuf_16)
                                                         clknet_0_clk (net)
                      0.091610    0.005263   25.265120 v clkbuf_3_2__f_clk/A (sky130_fd_sc_hd__clkbuf_16)
    10    0.045667    0.049299    0.184659   25.449780 v clkbuf_3_2__f_clk/X (sky130_fd_sc_hd__clkbuf_16)
                                                         clknet_3_2__leaf_clk (net)
                      0.065739    0.000549   25.450329 v sram0/clk0 (sky130_sram_1kbyte_1rw1r_32x256_8)
     2    0.011858    0.007644    0.395879   25.846209 ^ sram0/dout0[2] (sky130_sram_1kbyte_1rw1r_32x256_8)
                                                         dout0[2] (net)
                      0.005733    0.000181   25.846390 ^ _604_/D (sky130_fd_sc_hd__dfrtp_1)
                                             25.846390   data arrival time

                                  0.000000    0.000000   clock clk (rise edge)
                                  0.000000    0.000000   clock source latency
     1    0.030636    0.143136    0.099091    0.099091 ^ clk (in)
                                                         clk (net)
                      0.143142    0.000000    0.099091 ^ clkbuf_0_clk/A (sky130_fd_sc_hd__clkbuf_16)
     8    0.130486    0.143741    0.240533    0.339624 ^ clkbuf_0_clk/X (sky130_fd_sc_hd__clkbuf_16)
                                                         clknet_0_clk (net)
                      0.143971    0.003845    0.343469 ^ clkbuf_3_0__f_clk/A (sky130_fd_sc_hd__clkbuf_16)
     7    0.039504    0.059861    0.176543    0.520012 ^ clkbuf_3_0__f_clk/X (sky130_fd_sc_hd__clkbuf_16)
                                                         clknet_3_0__leaf_clk (net)
                      0.059862    0.000304    0.520316 ^ _604_/CLK (sky130_fd_sc_hd__dfrtp_1)
                                  0.250000    0.770316   clock uncertainty
                                  0.000000    0.770316   clock reconvergence pessimism
                                 -0.024518    0.745798   library hold time
                                              0.745798   data required time
---------------------------------------------------------------------------------------------
                                              0.745798   data required time
                                            -25.846390   data arrival time
---------------------------------------------------------------------------------------------
                                             25.100592   slack (MET)


Startpoint: sram0 (falling edge-triggered flip-flop clocked by clk)
Endpoint: _603_ (rising edge-triggered flip-flop clocked by clk)
Path Group: clk
Path Type: min

Fanout         Cap        Slew       Delay        Time   Description
---------------------------------------------------------------------------------------------
                                 25.000000   25.000000   clock clk (fall edge)
                                  0.000000   25.000000   clock source latency
     1    0.029642    0.066884    0.047764   25.047764 v clk (in)
                                                         clk (net)
                      0.066896    0.000000   25.047764 v clkbuf_0_clk/A (sky130_fd_sc_hd__clkbuf_16)
     8    0.122534    0.091055    0.212093   25.259857 v clkbuf_0_clk/X (sky130_fd_sc_hd__clkbuf_16)
                                                         clknet_0_clk (net)
                      0.091610    0.005263   25.265120 v clkbuf_3_2__f_clk/A (sky130_fd_sc_hd__clkbuf_16)
    10    0.045667    0.049299    0.184659   25.449780 v clkbuf_3_2__f_clk/X (sky130_fd_sc_hd__clkbuf_16)
                                                         clknet_3_2__leaf_clk (net)
                      0.065739    0.000549   25.450329 v sram0/clk0 (sky130_sram_1kbyte_1rw1r_32x256_8)
     2    0.012841    0.008167    0.401396   25.851725 ^ sram0/dout0[1] (sky130_sram_1kbyte_1rw1r_32x256_8)
                                                         dout0[1] (net)
                      0.006125    0.000197   25.851923 ^ _603_/D (sky130_fd_sc_hd__dfrtp_1)
                                             25.851923   data arrival time

                                  0.000000    0.000000   clock clk (rise edge)
                                  0.000000    0.000000   clock source latency
     1    0.030636    0.143136    0.099091    0.099091 ^ clk (in)
                                                         clk (net)
                      0.143142    0.000000    0.099091 ^ clkbuf_0_clk/A (sky130_fd_sc_hd__clkbuf_16)
     8    0.130486    0.143741    0.240533    0.339624 ^ clkbuf_0_clk/X (sky130_fd_sc_hd__clkbuf_16)
                                                         clknet_0_clk (net)
                      0.143971    0.003845    0.343469 ^ clkbuf_3_0__f_clk/A (sky130_fd_sc_hd__clkbuf_16)
     7    0.039504    0.059861    0.176543    0.520012 ^ clkbuf_3_0__f_clk/X (sky130_fd_sc_hd__clkbuf_16)
                                                         clknet_3_0__leaf_clk (net)
                      0.059863    0.000349    0.520361 ^ _603_/CLK (sky130_fd_sc_hd__dfrtp_1)
                                  0.250000    0.770361   clock uncertainty
                                  0.000000    0.770361   clock reconvergence pessimism
                                 -0.024600    0.745761   library hold time
                                              0.745761   data required time
---------------------------------------------------------------------------------------------
                                              0.745761   data required time
                                            -25.851923   data arrival time
---------------------------------------------------------------------------------------------
                                             25.106161   slack (MET)


Startpoint: sram0 (falling edge-triggered flip-flop clocked by clk)
Endpoint: _606_ (rising edge-triggered flip-flop clocked by clk)
Path Group: clk
Path Type: min

Fanout         Cap        Slew       Delay        Time   Description
---------------------------------------------------------------------------------------------
                                 25.000000   25.000000   clock clk (fall edge)
                                  0.000000   25.000000   clock source latency
     1    0.029642    0.066884    0.047764   25.047764 v clk (in)
                                                         clk (net)
                      0.066896    0.000000   25.047764 v clkbuf_0_clk/A (sky130_fd_sc_hd__clkbuf_16)
     8    0.122534    0.091055    0.212093   25.259857 v clkbuf_0_clk/X (sky130_fd_sc_hd__clkbuf_16)
                                                         clknet_0_clk (net)
                      0.091610    0.005263   25.265120 v clkbuf_3_2__f_clk/A (sky130_fd_sc_hd__clkbuf_16)
    10    0.045667    0.049299    0.184659   25.449780 v clkbuf_3_2__f_clk/X (sky130_fd_sc_hd__clkbuf_16)
                                                         clknet_3_2__leaf_clk (net)
                      0.065739    0.000549   25.450329 v sram0/clk0 (sky130_sram_1kbyte_1rw1r_32x256_8)
     2    0.013797    0.008676    0.406761   25.857090 ^ sram0/dout0[4] (sky130_sram_1kbyte_1rw1r_32x256_8)
                                                         dout0[4] (net)
                      0.006507    0.000252   25.857342 ^ _606_/D (sky130_fd_sc_hd__dfrtp_1)
                                             25.857342   data arrival time

                                  0.000000    0.000000   clock clk (rise edge)
                                  0.000000    0.000000   clock source latency
     1    0.030636    0.143136    0.099091    0.099091 ^ clk (in)
                                                         clk (net)
                      0.143142    0.000000    0.099091 ^ clkbuf_0_clk/A (sky130_fd_sc_hd__clkbuf_16)
     8    0.130486    0.143741    0.240533    0.339624 ^ clkbuf_0_clk/X (sky130_fd_sc_hd__clkbuf_16)
                                                         clknet_0_clk (net)
                      0.143931    0.003332    0.342956 ^ clkbuf_3_1__f_clk/A (sky130_fd_sc_hd__clkbuf_16)
     9    0.039664    0.059990    0.176602    0.519558 ^ clkbuf_3_1__f_clk/X (sky130_fd_sc_hd__clkbuf_16)
                                                         clknet_3_1__leaf_clk (net)
                      0.059992    0.000389    0.519947 ^ _606_/CLK (sky130_fd_sc_hd__dfrtp_1)
                                  0.250000    0.769947   clock uncertainty
                                  0.000000    0.769947   clock reconvergence pessimism
                                 -0.024662    0.745285   library hold time
                                              0.745285   data required time
---------------------------------------------------------------------------------------------
                                              0.745285   data required time
                                            -25.857342   data arrival time
---------------------------------------------------------------------------------------------
                                             25.112057   slack (MET)


Startpoint: sram0 (falling edge-triggered flip-flop clocked by clk)
Endpoint: _607_ (rising edge-triggered flip-flop clocked by clk)
Path Group: clk
Path Type: min

Fanout         Cap        Slew       Delay        Time   Description
---------------------------------------------------------------------------------------------
                                 25.000000   25.000000   clock clk (fall edge)
                                  0.000000   25.000000   clock source latency
     1    0.029642    0.066884    0.047764   25.047764 v clk (in)
                                                         clk (net)
                      0.066896    0.000000   25.047764 v clkbuf_0_clk/A (sky130_fd_sc_hd__clkbuf_16)
     8    0.122534    0.091055    0.212093   25.259857 v clkbuf_0_clk/X (sky130_fd_sc_hd__clkbuf_16)
                                                         clknet_0_clk (net)
                      0.091610    0.005263   25.265120 v clkbuf_3_2__f_clk/A (sky130_fd_sc_hd__clkbuf_16)
    10    0.045667    0.049299    0.184659   25.449780 v clkbuf_3_2__f_clk/X (sky130_fd_sc_hd__clkbuf_16)
                                                         clknet_3_2__leaf_clk (net)
                      0.065739    0.000549   25.450329 v sram0/clk0 (sky130_sram_1kbyte_1rw1r_32x256_8)
     2    0.015030    0.009332    0.413680   25.864008 ^ sram0/dout0[5] (sky130_sram_1kbyte_1rw1r_32x256_8)
                                                         dout0[5] (net)
                      0.006999    0.000290   25.864298 ^ _607_/D (sky130_fd_sc_hd__dfrtp_1)
                                             25.864298   data arrival time

                                  0.000000    0.000000   clock clk (rise edge)
                                  0.000000    0.000000   clock source latency
     1    0.030636    0.143136    0.099091    0.099091 ^ clk (in)
                                                         clk (net)
                      0.143142    0.000000    0.099091 ^ clkbuf_0_clk/A (sky130_fd_sc_hd__clkbuf_16)
     8    0.130486    0.143741    0.240533    0.339624 ^ clkbuf_0_clk/X (sky130_fd_sc_hd__clkbuf_16)
                                                         clknet_0_clk (net)
                      0.143931    0.003332    0.342956 ^ clkbuf_3_1__f_clk/A (sky130_fd_sc_hd__clkbuf_16)
     9    0.039664    0.059990    0.176602    0.519558 ^ clkbuf_3_1__f_clk/X (sky130_fd_sc_hd__clkbuf_16)
                                                         clknet_3_1__leaf_clk (net)
                      0.059994    0.000452    0.520010 ^ _607_/CLK (sky130_fd_sc_hd__dfrtp_1)
                                  0.250000    0.770010   clock uncertainty
                                  0.000000    0.770010   clock reconvergence pessimism
                                 -0.024765    0.745245   library hold time
                                              0.745245   data required time
---------------------------------------------------------------------------------------------
                                              0.745245   data required time
                                            -25.864298   data arrival time
---------------------------------------------------------------------------------------------
                                             25.119055   slack (MET)



