
===========================================================================
report_checks -path_delay max (Setup)
============================================================================
======================= max_tt_025C_1v80 Corner ===================================

Startpoint: data_in[6] (input port clocked by clk)
Endpoint: _462_ (rising edge-triggered flip-flop clocked by clk)
Path Group: clk
Path Type: max

Fanout         Cap        Slew       Delay        Time   Description
---------------------------------------------------------------------------------------------
                                  0.000000    0.000000   clock clk (rise edge)
                                  0.000000    0.000000   clock network delay (propagated)
                                  4.000000    4.000000 v input external delay
     1    0.002929    0.008915    0.004690    4.004691 v data_in[6] (in)
                                                         data_in[6] (net)
                      0.008921    0.000000    4.004691 v input29/A (sky130_fd_sc_hd__buf_1)
     3    0.010402    0.066772    0.106409    4.111100 v input29/X (sky130_fd_sc_hd__buf_1)
                                                         net29 (net)
                      0.066777    0.000650    4.111749 v _272_/A (sky130_fd_sc_hd__xnor2_1)
     3    0.007124    0.075849    0.153460    4.265210 v _272_/Y (sky130_fd_sc_hd__xnor2_1)
                                                         _080_ (net)
                      0.075850    0.000461    4.265670 v _276_/A (sky130_fd_sc_hd__or3_1)
     3    0.008986    0.098766    0.420109    4.685780 v _276_/X (sky130_fd_sc_hd__or3_1)
                                                         _084_ (net)
                      0.098770    0.000713    4.686492 v _283_/A (sky130_fd_sc_hd__nor3_1)
     1    0.009682    0.322384    0.330922    5.017414 ^ _283_/Y (sky130_fd_sc_hd__nor3_1)
                                                         _091_ (net)
                      0.322387    0.000744    5.018158 ^ _284_/C1 (sky130_fd_sc_hd__o221ai_4)
     3    0.009585    0.117042    0.169615    5.187773 v _284_/Y (sky130_fd_sc_hd__o221ai_4)
                                                         _092_ (net)
                      0.117042    0.000384    5.188157 v _289_/A1 (sky130_fd_sc_hd__a211oi_1)
     2    0.006317    0.275972    0.295370    5.483527 ^ _289_/Y (sky130_fd_sc_hd__a211oi_1)
                                                         _097_ (net)
                      0.275972    0.000283    5.483809 ^ _307_/A1 (sky130_fd_sc_hd__o211a_1)
     2    0.007268    0.076891    0.226629    5.710439 ^ _307_/X (sky130_fd_sc_hd__o211a_1)
                                                         _115_ (net)
                      0.076894    0.000580    5.711018 ^ _321_/A1 (sky130_fd_sc_hd__o211ai_1)
     2    0.008380    0.115309    0.137223    5.848241 v _321_/Y (sky130_fd_sc_hd__o211ai_1)
                                                         _129_ (net)
                      0.115310    0.000579    5.848820 v _341_/A1 (sky130_fd_sc_hd__a211o_1)
     3    0.011263    0.085351    0.323403    6.172223 v _341_/X (sky130_fd_sc_hd__a211o_1)
                                                         _149_ (net)
                      0.085358    0.000850    6.173072 v _347_/A1 (sky130_fd_sc_hd__a21o_1)
     4    0.013094    0.075077    0.209956    6.383029 v _347_/X (sky130_fd_sc_hd__a21o_1)
                                                         _155_ (net)
                      0.075095    0.001125    6.384154 v _349_/A3 (sky130_fd_sc_hd__a311o_1)
     3    0.009320    0.084602    0.394817    6.778970 v _349_/X (sky130_fd_sc_hd__a311o_1)
                                                         _157_ (net)
                      0.084603    0.000465    6.779436 v _359_/A2 (sky130_fd_sc_hd__a31o_1)
     1    0.006202    0.052101    0.232852    7.012287 v _359_/X (sky130_fd_sc_hd__a31o_1)
                                                         _165_ (net)
                      0.052104    0.000454    7.012741 v _360_/B (sky130_fd_sc_hd__xnor2_1)
     1    0.002366    0.042496    0.117554    7.130295 v _360_/Y (sky130_fd_sc_hd__xnor2_1)
                                                         adder.cla_blocks[7].block.sum[2] (net)
                      0.042496    0.000107    7.130402 v _462_/D (sky130_fd_sc_hd__dfrtp_1)
                                              7.130402   data arrival time

                                 20.000000   20.000000   clock clk (rise edge)
                                  0.000000   20.000000   clock source latency
     1    0.017528    0.084488    0.058527   20.058527 ^ clk (in)
                                                         clk (net)
                      0.084526    0.000000   20.058527 ^ clkbuf_0_clk/A (sky130_fd_sc_hd__clkbuf_16)
     4    0.040100    0.059878    0.155508   20.214035 ^ clkbuf_0_clk/X (sky130_fd_sc_hd__clkbuf_16)
                                                         clknet_0_clk (net)
                      0.060029    0.002508   20.216543 ^ clkbuf_2_3__f_clk/A (sky130_fd_sc_hd__clkbuf_16)
     9    0.032739    0.053316    0.141691   20.358234 ^ clkbuf_2_3__f_clk/X (sky130_fd_sc_hd__clkbuf_16)
                                                         clknet_2_3__leaf_clk (net)
                      0.053339    0.001217   20.359451 ^ _462_/CLK (sky130_fd_sc_hd__dfrtp_1)
                                 -0.250000   20.109453   clock uncertainty
                                  0.000000   20.109453   clock reconvergence pessimism
                                 -0.111273   19.998180   library setup time
                                             19.998180   data required time
---------------------------------------------------------------------------------------------
                                             19.998180   data required time
                                             -7.130402   data arrival time
---------------------------------------------------------------------------------------------
                                             12.867779   slack (MET)


Startpoint: data_in[6] (input port clocked by clk)
Endpoint: _463_ (rising edge-triggered flip-flop clocked by clk)
Path Group: clk
Path Type: max

Fanout         Cap        Slew       Delay        Time   Description
---------------------------------------------------------------------------------------------
                                  0.000000    0.000000   clock clk (rise edge)
                                  0.000000    0.000000   clock network delay (propagated)
                                  4.000000    4.000000 v input external delay
     1    0.002929    0.008915    0.004690    4.004691 v data_in[6] (in)
                                                         data_in[6] (net)
                      0.008921    0.000000    4.004691 v input29/A (sky130_fd_sc_hd__buf_1)
     3    0.010402    0.066772    0.106409    4.111100 v input29/X (sky130_fd_sc_hd__buf_1)
                                                         net29 (net)
                      0.066777    0.000650    4.111749 v _272_/A (sky130_fd_sc_hd__xnor2_1)
     3    0.007124    0.075849    0.153460    4.265210 v _272_/Y (sky130_fd_sc_hd__xnor2_1)
                                                         _080_ (net)
                      0.075850    0.000461    4.265670 v _276_/A (sky130_fd_sc_hd__or3_1)
     3    0.008986    0.098766    0.420109    4.685780 v _276_/X (sky130_fd_sc_hd__or3_1)
                                                         _084_ (net)
                      0.098770    0.000713    4.686492 v _283_/A (sky130_fd_sc_hd__nor3_1)
     1    0.009682    0.322384    0.330922    5.017414 ^ _283_/Y (sky130_fd_sc_hd__nor3_1)
                                                         _091_ (net)
                      0.322387    0.000744    5.018158 ^ _284_/C1 (sky130_fd_sc_hd__o221ai_4)
     3    0.009585    0.117042    0.169615    5.187773 v _284_/Y (sky130_fd_sc_hd__o221ai_4)
                                                         _092_ (net)
                      0.117042    0.000384    5.188157 v _289_/A1 (sky130_fd_sc_hd__a211oi_1)
     2    0.006317    0.275972    0.295370    5.483527 ^ _289_/Y (sky130_fd_sc_hd__a211oi_1)
                                                         _097_ (net)
                      0.275972    0.000283    5.483809 ^ _307_/A1 (sky130_fd_sc_hd__o211a_1)
     2    0.007268    0.076891    0.226629    5.710439 ^ _307_/X (sky130_fd_sc_hd__o211a_1)
                                                         _115_ (net)
                      0.076894    0.000580    5.711018 ^ _321_/A1 (sky130_fd_sc_hd__o211ai_1)
     2    0.008380    0.115309    0.137223    5.848241 v _321_/Y (sky130_fd_sc_hd__o211ai_1)
                                                         _129_ (net)
                      0.115310    0.000579    5.848820 v _341_/A1 (sky130_fd_sc_hd__a211o_1)
     3    0.011263    0.085351    0.323403    6.172223 v _341_/X (sky130_fd_sc_hd__a211o_1)
                                                         _149_ (net)
                      0.085358    0.000850    6.173072 v _347_/A1 (sky130_fd_sc_hd__a21o_1)
     4    0.013094    0.075077    0.209956    6.383029 v _347_/X (sky130_fd_sc_hd__a21o_1)
                                                         _155_ (net)
                      0.075095    0.001125    6.384154 v _349_/A3 (sky130_fd_sc_hd__a311o_1)
     3    0.009320    0.084602    0.394817    6.778970 v _349_/X (sky130_fd_sc_hd__a311o_1)
                                                         _157_ (net)
                      0.084602    0.000341    6.779311 v _363_/A1 (sky130_fd_sc_hd__a21oi_1)
     1    0.005008    0.144131    0.164610    6.943921 ^ _363_/Y (sky130_fd_sc_hd__a21oi_1)
                                                         _168_ (net)
                      0.144131    0.000236    6.944157 ^ _365_/A (sky130_fd_sc_hd__xnor2_1)
     1    0.002474    0.109543    0.127477    7.071633 ^ _365_/Y (sky130_fd_sc_hd__xnor2_1)
                                                         adder.cla_blocks[7].block.sum[3] (net)
                      0.109543    0.000114    7.071747 ^ _463_/D (sky130_fd_sc_hd__dfrtp_1)
                                              7.071747   data arrival time

                                 20.000000   20.000000   clock clk (rise edge)
                                  0.000000   20.000000   clock source latency
     1    0.017528    0.084488    0.058527   20.058527 ^ clk (in)
                                                         clk (net)
                      0.084526    0.000000   20.058527 ^ clkbuf_0_clk/A (sky130_fd_sc_hd__clkbuf_16)
     4    0.040100    0.059878    0.155508   20.214035 ^ clkbuf_0_clk/X (sky130_fd_sc_hd__clkbuf_16)
                                                         clknet_0_clk (net)
                      0.060029    0.002508   20.216543 ^ clkbuf_2_3__f_clk/A (sky130_fd_sc_hd__clkbuf_16)
     9    0.032739    0.053316    0.141691   20.358234 ^ clkbuf_2_3__f_clk/X (sky130_fd_sc_hd__clkbuf_16)
                                                         clknet_2_3__leaf_clk (net)
                      0.053335    0.001160   20.359394 ^ _463_/CLK (sky130_fd_sc_hd__dfrtp_1)
                                 -0.250000   20.109396   clock uncertainty
                                  0.000000   20.109396   clock reconvergence pessimism
                                 -0.073453   20.035944   library setup time
                                             20.035944   data required time
---------------------------------------------------------------------------------------------
                                             20.035944   data required time
                                             -7.071747   data arrival time
---------------------------------------------------------------------------------------------
                                             12.964195   slack (MET)


Startpoint: data_in[6] (input port clocked by clk)
Endpoint: _461_ (rising edge-triggered flip-flop clocked by clk)
Path Group: clk
Path Type: max

Fanout         Cap        Slew       Delay        Time   Description
---------------------------------------------------------------------------------------------
                                  0.000000    0.000000   clock clk (rise edge)
                                  0.000000    0.000000   clock network delay (propagated)
                                  4.000000    4.000000 v input external delay
     1    0.002929    0.008915    0.004690    4.004691 v data_in[6] (in)
                                                         data_in[6] (net)
                      0.008921    0.000000    4.004691 v input29/A (sky130_fd_sc_hd__buf_1)
     3    0.010402    0.066772    0.106409    4.111100 v input29/X (sky130_fd_sc_hd__buf_1)
                                                         net29 (net)
                      0.066777    0.000650    4.111749 v _272_/A (sky130_fd_sc_hd__xnor2_1)
     3    0.007124    0.075849    0.153460    4.265210 v _272_/Y (sky130_fd_sc_hd__xnor2_1)
                                                         _080_ (net)
                      0.075850    0.000461    4.265670 v _276_/A (sky130_fd_sc_hd__or3_1)
     3    0.008986    0.098766    0.420109    4.685780 v _276_/X (sky130_fd_sc_hd__or3_1)
                                                         _084_ (net)
                      0.098770    0.000713    4.686492 v _283_/A (sky130_fd_sc_hd__nor3_1)
     1    0.009682    0.322384    0.330922    5.017414 ^ _283_/Y (sky130_fd_sc_hd__nor3_1)
                                                         _091_ (net)
                      0.322387    0.000744    5.018158 ^ _284_/C1 (sky130_fd_sc_hd__o221ai_4)
     3    0.009585    0.117042    0.169615    5.187773 v _284_/Y (sky130_fd_sc_hd__o221ai_4)
                                                         _092_ (net)
                      0.117042    0.000384    5.188157 v _289_/A1 (sky130_fd_sc_hd__a211oi_1)
     2    0.006317    0.275972    0.295370    5.483527 ^ _289_/Y (sky130_fd_sc_hd__a211oi_1)
                                                         _097_ (net)
                      0.275972    0.000283    5.483809 ^ _307_/A1 (sky130_fd_sc_hd__o211a_1)
     2    0.007268    0.076891    0.226629    5.710439 ^ _307_/X (sky130_fd_sc_hd__o211a_1)
                                                         _115_ (net)
                      0.076894    0.000580    5.711018 ^ _321_/A1 (sky130_fd_sc_hd__o211ai_1)
     2    0.008380    0.115309    0.137223    5.848241 v _321_/Y (sky130_fd_sc_hd__o211ai_1)
                                                         _129_ (net)
                      0.115310    0.000579    5.848820 v _341_/A1 (sky130_fd_sc_hd__a211o_1)
     3    0.011263    0.085351    0.323403    6.172223 v _341_/X (sky130_fd_sc_hd__a211o_1)
                                                         _149_ (net)
                      0.085358    0.000850    6.173072 v _347_/A1 (sky130_fd_sc_hd__a21o_1)
     4    0.013094    0.075077    0.209956    6.383029 v _347_/X (sky130_fd_sc_hd__a21o_1)
                                                         _155_ (net)
                      0.075095    0.001125    6.384154 v _349_/A3 (sky130_fd_sc_hd__a311o_1)
     3    0.009320    0.084602    0.394817    6.778970 v _349_/X (sky130_fd_sc_hd__a311o_1)
                                                         _157_ (net)
                      0.084602    0.000327    6.779298 v _354_/B (sky130_fd_sc_hd__nand2_1)
     1    0.005585    0.068813    0.096169    6.875467 ^ _354_/Y (sky130_fd_sc_hd__nand2_1)
                                                         _161_ (net)
                      0.068814    0.000413    6.875880 ^ _355_/B (sky130_fd_sc_hd__xnor2_1)
     1    0.002616    0.112231    0.109773    6.985653 ^ _355_/Y (sky130_fd_sc_hd__xnor2_1)
                                                         adder.cla_blocks[7].block.sum[1] (net)
                      0.112231    0.000176    6.985829 ^ _461_/D (sky130_fd_sc_hd__dfrtp_1)
                                              6.985829   data arrival time

                                 20.000000   20.000000   clock clk (rise edge)
                                  0.000000   20.000000   clock source latency
     1    0.017528    0.084488    0.058527   20.058527 ^ clk (in)
                                                         clk (net)
                      0.084526    0.000000   20.058527 ^ clkbuf_0_clk/A (sky130_fd_sc_hd__clkbuf_16)
     4    0.040100    0.059878    0.155508   20.214035 ^ clkbuf_0_clk/X (sky130_fd_sc_hd__clkbuf_16)
                                                         clknet_0_clk (net)
                      0.060029    0.002508   20.216543 ^ clkbuf_2_3__f_clk/A (sky130_fd_sc_hd__clkbuf_16)
     9    0.032739    0.053316    0.141691   20.358234 ^ clkbuf_2_3__f_clk/X (sky130_fd_sc_hd__clkbuf_16)
                                                         clknet_2_3__leaf_clk (net)
                      0.053338    0.001211   20.359446 ^ _461_/CLK (sky130_fd_sc_hd__dfrtp_1)
                                 -0.250000   20.109447   clock uncertainty
                                  0.000000   20.109447   clock reconvergence pessimism
                                 -0.074072   20.035376   library setup time
                                             20.035376   data required time
---------------------------------------------------------------------------------------------
                                             20.035376   data required time
                                             -6.985829   data arrival time
---------------------------------------------------------------------------------------------
                                             13.049546   slack (MET)


Startpoint: data_in[6] (input port clocked by clk)
Endpoint: _459_ (rising edge-triggered flip-flop clocked by clk)
Path Group: clk
Path Type: max

Fanout         Cap        Slew       Delay        Time   Description
---------------------------------------------------------------------------------------------
                                  0.000000    0.000000   clock clk (rise edge)
                                  0.000000    0.000000   clock network delay (propagated)
                                  4.000000    4.000000 v input external delay
     1    0.002929    0.008915    0.004690    4.004691 v data_in[6] (in)
                                                         data_in[6] (net)
                      0.008921    0.000000    4.004691 v input29/A (sky130_fd_sc_hd__buf_1)
     3    0.010402    0.066772    0.106409    4.111100 v input29/X (sky130_fd_sc_hd__buf_1)
                                                         net29 (net)
                      0.066777    0.000650    4.111749 v _272_/A (sky130_fd_sc_hd__xnor2_1)
     3    0.007124    0.075849    0.153460    4.265210 v _272_/Y (sky130_fd_sc_hd__xnor2_1)
                                                         _080_ (net)
                      0.075850    0.000461    4.265670 v _276_/A (sky130_fd_sc_hd__or3_1)
     3    0.008986    0.098766    0.420109    4.685780 v _276_/X (sky130_fd_sc_hd__or3_1)
                                                         _084_ (net)
                      0.098770    0.000713    4.686492 v _283_/A (sky130_fd_sc_hd__nor3_1)
     1    0.009682    0.322384    0.330922    5.017414 ^ _283_/Y (sky130_fd_sc_hd__nor3_1)
                                                         _091_ (net)
                      0.322387    0.000744    5.018158 ^ _284_/C1 (sky130_fd_sc_hd__o221ai_4)
     3    0.009585    0.117042    0.169615    5.187773 v _284_/Y (sky130_fd_sc_hd__o221ai_4)
                                                         _092_ (net)
                      0.117042    0.000384    5.188157 v _289_/A1 (sky130_fd_sc_hd__a211oi_1)
     2    0.006317    0.275972    0.295370    5.483527 ^ _289_/Y (sky130_fd_sc_hd__a211oi_1)
                                                         _097_ (net)
                      0.275972    0.000283    5.483809 ^ _307_/A1 (sky130_fd_sc_hd__o211a_1)
     2    0.007268    0.076891    0.226629    5.710439 ^ _307_/X (sky130_fd_sc_hd__o211a_1)
                                                         _115_ (net)
                      0.076894    0.000580    5.711018 ^ _321_/A1 (sky130_fd_sc_hd__o211ai_1)
     2    0.008380    0.115309    0.137223    5.848241 v _321_/Y (sky130_fd_sc_hd__o211ai_1)
                                                         _129_ (net)
                      0.115310    0.000579    5.848820 v _341_/A1 (sky130_fd_sc_hd__a211o_1)
     3    0.011263    0.085351    0.323403    6.172223 v _341_/X (sky130_fd_sc_hd__a211o_1)
                                                         _149_ (net)
                      0.085358    0.000850    6.173072 v _347_/A1 (sky130_fd_sc_hd__a21o_1)
     4    0.013094    0.075077    0.209956    6.383029 v _347_/X (sky130_fd_sc_hd__a21o_1)
                                                         _155_ (net)
                      0.075093    0.001088    6.384118 v _371_/A2 (sky130_fd_sc_hd__a21o_1)
     1    0.002000    0.029568    0.177671    6.561788 v _371_/X (sky130_fd_sc_hd__a21o_1)
                                                         _173_ (net)
                      0.029568    0.000133    6.561921 v _373_/C (sky130_fd_sc_hd__and3_1)
     1    0.004703    0.044816    0.176855    6.738776 v _373_/X (sky130_fd_sc_hd__and3_1)
                                                         _174_ (net)
                      0.044817    0.000228    6.739004 v _374_/B (sky130_fd_sc_hd__xor2_1)
     1    0.003317    0.072802    0.138122    6.877126 v _374_/X (sky130_fd_sc_hd__xor2_1)
                                                         adder.cla_blocks[6].block.sum[3] (net)
                      0.072802    0.000236    6.877362 v _459_/D (sky130_fd_sc_hd__dfrtp_1)
                                              6.877362   data arrival time

                                 20.000000   20.000000   clock clk (rise edge)
                                  0.000000   20.000000   clock source latency
     1    0.017528    0.084488    0.058527   20.058527 ^ clk (in)
                                                         clk (net)
                      0.084526    0.000000   20.058527 ^ clkbuf_0_clk/A (sky130_fd_sc_hd__clkbuf_16)
     4    0.040100    0.059878    0.155508   20.214035 ^ clkbuf_0_clk/X (sky130_fd_sc_hd__clkbuf_16)
                                                         clknet_0_clk (net)
                      0.060029    0.002508   20.216543 ^ clkbuf_2_3__f_clk/A (sky130_fd_sc_hd__clkbuf_16)
     9    0.032739    0.053316    0.141691   20.358234 ^ clkbuf_2_3__f_clk/X (sky130_fd_sc_hd__clkbuf_16)
                                                         clknet_2_3__leaf_clk (net)
                      0.053344    0.001293   20.359528 ^ _459_/CLK (sky130_fd_sc_hd__dfrtp_1)
                                 -0.250000   20.109529   clock uncertainty
                                  0.000000   20.109529   clock reconvergence pessimism
                                 -0.124489   19.985041   library setup time
                                             19.985041   data required time
---------------------------------------------------------------------------------------------
                                             19.985041   data required time
                                             -6.877362   data arrival time
---------------------------------------------------------------------------------------------
                                             13.107677   slack (MET)


Startpoint: data_in[6] (input port clocked by clk)
Endpoint: _458_ (rising edge-triggered flip-flop clocked by clk)
Path Group: clk
Path Type: max

Fanout         Cap        Slew       Delay        Time   Description
---------------------------------------------------------------------------------------------
                                  0.000000    0.000000   clock clk (rise edge)
                                  0.000000    0.000000   clock network delay (propagated)
                                  4.000000    4.000000 v input external delay
     1    0.002929    0.008915    0.004690    4.004691 v data_in[6] (in)
                                                         data_in[6] (net)
                      0.008921    0.000000    4.004691 v input29/A (sky130_fd_sc_hd__buf_1)
     3    0.010402    0.066772    0.106409    4.111100 v input29/X (sky130_fd_sc_hd__buf_1)
                                                         net29 (net)
                      0.066777    0.000650    4.111749 v _272_/A (sky130_fd_sc_hd__xnor2_1)
     3    0.007124    0.075849    0.153460    4.265210 v _272_/Y (sky130_fd_sc_hd__xnor2_1)
                                                         _080_ (net)
                      0.075850    0.000461    4.265670 v _276_/A (sky130_fd_sc_hd__or3_1)
     3    0.008986    0.098766    0.420109    4.685780 v _276_/X (sky130_fd_sc_hd__or3_1)
                                                         _084_ (net)
                      0.098770    0.000713    4.686492 v _283_/A (sky130_fd_sc_hd__nor3_1)
     1    0.009682    0.322384    0.330922    5.017414 ^ _283_/Y (sky130_fd_sc_hd__nor3_1)
                                                         _091_ (net)
                      0.322387    0.000744    5.018158 ^ _284_/C1 (sky130_fd_sc_hd__o221ai_4)
     3    0.009585    0.117042    0.169615    5.187773 v _284_/Y (sky130_fd_sc_hd__o221ai_4)
                                                         _092_ (net)
                      0.117042    0.000384    5.188157 v _289_/A1 (sky130_fd_sc_hd__a211oi_1)
     2    0.006317    0.275972    0.295370    5.483527 ^ _289_/Y (sky130_fd_sc_hd__a211oi_1)
                                                         _097_ (net)
                      0.275972    0.000283    5.483809 ^ _307_/A1 (sky130_fd_sc_hd__o211a_1)
     2    0.007268    0.076891    0.226629    5.710439 ^ _307_/X (sky130_fd_sc_hd__o211a_1)
                                                         _115_ (net)
                      0.076894    0.000580    5.711018 ^ _321_/A1 (sky130_fd_sc_hd__o211ai_1)
     2    0.008380    0.115309    0.137223    5.848241 v _321_/Y (sky130_fd_sc_hd__o211ai_1)
                                                         _129_ (net)
                      0.115310    0.000579    5.848820 v _341_/A1 (sky130_fd_sc_hd__a211o_1)
     3    0.011263    0.085351    0.323403    6.172223 v _341_/X (sky130_fd_sc_hd__a211o_1)
                                                         _149_ (net)
                      0.085358    0.000850    6.173072 v _347_/A1 (sky130_fd_sc_hd__a21o_1)
     4    0.013094    0.075077    0.209956    6.383029 v _347_/X (sky130_fd_sc_hd__a21o_1)
                                                         _155_ (net)
                      0.075085    0.000826    6.383855 v _368_/B (sky130_fd_sc_hd__nand2_1)
     2    0.009280    0.098071    0.114708    6.498563 ^ _368_/Y (sky130_fd_sc_hd__nand2_1)
                                                         _171_ (net)
                      0.098076    0.000531    6.499094 ^ _370_/A2 (sky130_fd_sc_hd__a21bo_1)
     1    0.005617    0.057761    0.131795    6.630888 ^ _370_/X (sky130_fd_sc_hd__a21bo_1)
                                                         _172_ (net)
                      0.057763    0.000411    6.631299 ^ _372_/B (sky130_fd_sc_hd__xnor2_1)
     1    0.002362    0.107408    0.104370    6.735669 ^ _372_/Y (sky130_fd_sc_hd__xnor2_1)
                                                         adder.cla_blocks[6].block.sum[2] (net)
                      0.107408    0.000109    6.735778 ^ _458_/D (sky130_fd_sc_hd__dfrtp_1)
                                              6.735778   data arrival time

                                 20.000000   20.000000   clock clk (rise edge)
                                  0.000000   20.000000   clock source latency
     1    0.017528    0.084488    0.058527   20.058527 ^ clk (in)
                                                         clk (net)
                      0.084526    0.000000   20.058527 ^ clkbuf_0_clk/A (sky130_fd_sc_hd__clkbuf_16)
     4    0.040100    0.059878    0.155508   20.214035 ^ clkbuf_0_clk/X (sky130_fd_sc_hd__clkbuf_16)
                                                         clknet_0_clk (net)
                      0.060029    0.002508   20.216543 ^ clkbuf_2_3__f_clk/A (sky130_fd_sc_hd__clkbuf_16)
     9    0.032739    0.053316    0.141691   20.358234 ^ clkbuf_2_3__f_clk/X (sky130_fd_sc_hd__clkbuf_16)
                                                         clknet_2_3__leaf_clk (net)
                      0.053337    0.001197   20.359432 ^ _458_/CLK (sky130_fd_sc_hd__dfrtp_1)
                                 -0.250000   20.109432   clock uncertainty
                                  0.000000   20.109432   clock reconvergence pessimism
                                 -0.072960   20.036472   library setup time
                                             20.036472   data required time
---------------------------------------------------------------------------------------------
                                             20.036472   data required time
                                             -6.735778   data arrival time
---------------------------------------------------------------------------------------------
                                             13.300694   slack (MET)


Startpoint: data_in[6] (input port clocked by clk)
Endpoint: _460_ (rising edge-triggered flip-flop clocked by clk)
Path Group: clk
Path Type: max

Fanout         Cap        Slew       Delay        Time   Description
---------------------------------------------------------------------------------------------
                                  0.000000    0.000000   clock clk (rise edge)
                                  0.000000    0.000000   clock network delay (propagated)
                                  4.000000    4.000000 v input external delay
     1    0.002929    0.008915    0.004690    4.004691 v data_in[6] (in)
                                                         data_in[6] (net)
                      0.008921    0.000000    4.004691 v input29/A (sky130_fd_sc_hd__buf_1)
     3    0.010402    0.066772    0.106409    4.111100 v input29/X (sky130_fd_sc_hd__buf_1)
                                                         net29 (net)
                      0.066777    0.000650    4.111749 v _272_/A (sky130_fd_sc_hd__xnor2_1)
     3    0.007124    0.075849    0.153460    4.265210 v _272_/Y (sky130_fd_sc_hd__xnor2_1)
                                                         _080_ (net)
                      0.075850    0.000461    4.265670 v _276_/A (sky130_fd_sc_hd__or3_1)
     3    0.008986    0.098766    0.420109    4.685780 v _276_/X (sky130_fd_sc_hd__or3_1)
                                                         _084_ (net)
                      0.098770    0.000713    4.686492 v _283_/A (sky130_fd_sc_hd__nor3_1)
     1    0.009682    0.322384    0.330922    5.017414 ^ _283_/Y (sky130_fd_sc_hd__nor3_1)
                                                         _091_ (net)
                      0.322387    0.000744    5.018158 ^ _284_/C1 (sky130_fd_sc_hd__o221ai_4)
     3    0.009585    0.117042    0.169615    5.187773 v _284_/Y (sky130_fd_sc_hd__o221ai_4)
                                                         _092_ (net)
                      0.117042    0.000384    5.188157 v _289_/A1 (sky130_fd_sc_hd__a211oi_1)
     2    0.006317    0.275972    0.295370    5.483527 ^ _289_/Y (sky130_fd_sc_hd__a211oi_1)
                                                         _097_ (net)
                      0.275972    0.000283    5.483809 ^ _307_/A1 (sky130_fd_sc_hd__o211a_1)
     2    0.007268    0.076891    0.226629    5.710439 ^ _307_/X (sky130_fd_sc_hd__o211a_1)
                                                         _115_ (net)
                      0.076894    0.000580    5.711018 ^ _321_/A1 (sky130_fd_sc_hd__o211ai_1)
     2    0.008380    0.115309    0.137223    5.848241 v _321_/Y (sky130_fd_sc_hd__o211ai_1)
                                                         _129_ (net)
                      0.115310    0.000579    5.848820 v _341_/A1 (sky130_fd_sc_hd__a211o_1)
     3    0.011263    0.085351    0.323403    6.172223 v _341_/X (sky130_fd_sc_hd__a211o_1)
                                                         _149_ (net)
                      0.085358    0.000850    6.173072 v _347_/A1 (sky130_fd_sc_hd__a21o_1)
     4    0.013094    0.075077    0.209956    6.383029 v _347_/X (sky130_fd_sc_hd__a21o_1)
                                                         _155_ (net)
                      0.075093    0.001085    6.384114 v _348_/A3 (sky130_fd_sc_hd__a31oi_1)
     1    0.005364    0.171989    0.206375    6.590489 ^ _348_/Y (sky130_fd_sc_hd__a31oi_1)
                                                         _156_ (net)
                      0.171989    0.000398    6.590887 ^ _350_/B (sky130_fd_sc_hd__xnor2_1)
     1    0.002187    0.104082    0.130844    6.721731 ^ _350_/Y (sky130_fd_sc_hd__xnor2_1)
                                                         adder.cla_blocks[7].block.sum[0] (net)
                      0.104082    0.000160    6.721891 ^ _460_/D (sky130_fd_sc_hd__dfrtp_1)
                                              6.721891   data arrival time

                                 20.000000   20.000000   clock clk (rise edge)
                                  0.000000   20.000000   clock source latency
     1    0.017528    0.084488    0.058527   20.058527 ^ clk (in)
                                                         clk (net)
                      0.084526    0.000000   20.058527 ^ clkbuf_0_clk/A (sky130_fd_sc_hd__clkbuf_16)
     4    0.040100    0.059878    0.155508   20.214035 ^ clkbuf_0_clk/X (sky130_fd_sc_hd__clkbuf_16)
                                                         clknet_0_clk (net)
                      0.060029    0.002508   20.216543 ^ clkbuf_2_3__f_clk/A (sky130_fd_sc_hd__clkbuf_16)
     9    0.032739    0.053316    0.141691   20.358234 ^ clkbuf_2_3__f_clk/X (sky130_fd_sc_hd__clkbuf_16)
                                                         clknet_2_3__leaf_clk (net)
                      0.053333    0.001124   20.359360 ^ _460_/CLK (sky130_fd_sc_hd__dfrtp_1)
                                 -0.250000   20.109360   clock uncertainty
                                  0.000000   20.109360   clock reconvergence pessimism
                                 -0.072194   20.037165   library setup time
                                             20.037165   data required time
---------------------------------------------------------------------------------------------
                                             20.037165   data required time
                                             -6.721891   data arrival time
---------------------------------------------------------------------------------------------
                                             13.315274   slack (MET)


Startpoint: data_in[6] (input port clocked by clk)
Endpoint: _457_ (rising edge-triggered flip-flop clocked by clk)
Path Group: clk
Path Type: max

Fanout         Cap        Slew       Delay        Time   Description
---------------------------------------------------------------------------------------------
                                  0.000000    0.000000   clock clk (rise edge)
                                  0.000000    0.000000   clock network delay (propagated)
                                  4.000000    4.000000 v input external delay
     1    0.002929    0.008915    0.004690    4.004691 v data_in[6] (in)
                                                         data_in[6] (net)
                      0.008921    0.000000    4.004691 v input29/A (sky130_fd_sc_hd__buf_1)
     3    0.010402    0.066772    0.106409    4.111100 v input29/X (sky130_fd_sc_hd__buf_1)
                                                         net29 (net)
                      0.066777    0.000650    4.111749 v _272_/A (sky130_fd_sc_hd__xnor2_1)
     3    0.007124    0.075849    0.153460    4.265210 v _272_/Y (sky130_fd_sc_hd__xnor2_1)
                                                         _080_ (net)
                      0.075850    0.000461    4.265670 v _276_/A (sky130_fd_sc_hd__or3_1)
     3    0.008986    0.098766    0.420109    4.685780 v _276_/X (sky130_fd_sc_hd__or3_1)
                                                         _084_ (net)
                      0.098770    0.000713    4.686492 v _283_/A (sky130_fd_sc_hd__nor3_1)
     1    0.009682    0.322384    0.330922    5.017414 ^ _283_/Y (sky130_fd_sc_hd__nor3_1)
                                                         _091_ (net)
                      0.322387    0.000744    5.018158 ^ _284_/C1 (sky130_fd_sc_hd__o221ai_4)
     3    0.009585    0.117042    0.169615    5.187773 v _284_/Y (sky130_fd_sc_hd__o221ai_4)
                                                         _092_ (net)
                      0.117042    0.000384    5.188157 v _289_/A1 (sky130_fd_sc_hd__a211oi_1)
     2    0.006317    0.275972    0.295370    5.483527 ^ _289_/Y (sky130_fd_sc_hd__a211oi_1)
                                                         _097_ (net)
                      0.275972    0.000283    5.483809 ^ _307_/A1 (sky130_fd_sc_hd__o211a_1)
     2    0.007268    0.076891    0.226629    5.710439 ^ _307_/X (sky130_fd_sc_hd__o211a_1)
                                                         _115_ (net)
                      0.076894    0.000580    5.711018 ^ _321_/A1 (sky130_fd_sc_hd__o211ai_1)
     2    0.008380    0.115309    0.137223    5.848241 v _321_/Y (sky130_fd_sc_hd__o211ai_1)
                                                         _129_ (net)
                      0.115310    0.000579    5.848820 v _341_/A1 (sky130_fd_sc_hd__a211o_1)
     3    0.011263    0.085351    0.323403    6.172223 v _341_/X (sky130_fd_sc_hd__a211o_1)
                                                         _149_ (net)
                      0.085358    0.000850    6.173072 v _347_/A1 (sky130_fd_sc_hd__a21o_1)
     4    0.013094    0.075077    0.209956    6.383029 v _347_/X (sky130_fd_sc_hd__a21o_1)
                                                         _155_ (net)
                      0.075085    0.000826    6.383855 v _368_/B (sky130_fd_sc_hd__nand2_1)
     2    0.009280    0.098071    0.114708    6.498563 ^ _368_/Y (sky130_fd_sc_hd__nand2_1)
                                                         _171_ (net)
                      0.098077    0.000581    6.499144 ^ _369_/B (sky130_fd_sc_hd__xnor2_1)
     1    0.003549    0.129873    0.125799    6.624943 ^ _369_/Y (sky130_fd_sc_hd__xnor2_1)
                                                         adder.cla_blocks[6].block.sum[1] (net)
                      0.129873    0.000266    6.625209 ^ _457_/D (sky130_fd_sc_hd__dfrtp_1)
                                              6.625209   data arrival time

                                 20.000000   20.000000   clock clk (rise edge)
                                  0.000000   20.000000   clock source latency
     1    0.017528    0.084488    0.058527   20.058527 ^ clk (in)
                                                         clk (net)
                      0.084526    0.000000   20.058527 ^ clkbuf_0_clk/A (sky130_fd_sc_hd__clkbuf_16)
     4    0.040100    0.059878    0.155508   20.214035 ^ clkbuf_0_clk/X (sky130_fd_sc_hd__clkbuf_16)
                                                         clknet_0_clk (net)
                      0.060043    0.002617   20.216652 ^ clkbuf_2_2__f_clk/A (sky130_fd_sc_hd__clkbuf_16)
     8    0.028914    0.050056    0.138682   20.355333 ^ clkbuf_2_2__f_clk/X (sky130_fd_sc_hd__clkbuf_16)
                                                         clknet_2_2__leaf_clk (net)
                      0.050073    0.001293   20.356627 ^ _457_/CLK (sky130_fd_sc_hd__dfrtp_1)
                                 -0.250000   20.106628   clock uncertainty
                                  0.000000   20.106628   clock reconvergence pessimism
                                 -0.078644   20.027985   library setup time
                                             20.027985   data required time
---------------------------------------------------------------------------------------------
                                             20.027985   data required time
                                             -6.625209   data arrival time
---------------------------------------------------------------------------------------------
                                             13.402776   slack (MET)


Startpoint: data_in[6] (input port clocked by clk)
Endpoint: _455_ (rising edge-triggered flip-flop clocked by clk)
Path Group: clk
Path Type: max

Fanout         Cap        Slew       Delay        Time   Description
---------------------------------------------------------------------------------------------
                                  0.000000    0.000000   clock clk (rise edge)
                                  0.000000    0.000000   clock network delay (propagated)
                                  4.000000    4.000000 v input external delay
     1    0.002929    0.008915    0.004690    4.004691 v data_in[6] (in)
                                                         data_in[6] (net)
                      0.008921    0.000000    4.004691 v input29/A (sky130_fd_sc_hd__buf_1)
     3    0.010402    0.066772    0.106409    4.111100 v input29/X (sky130_fd_sc_hd__buf_1)
                                                         net29 (net)
                      0.066777    0.000650    4.111749 v _272_/A (sky130_fd_sc_hd__xnor2_1)
     3    0.007124    0.075849    0.153460    4.265210 v _272_/Y (sky130_fd_sc_hd__xnor2_1)
                                                         _080_ (net)
                      0.075850    0.000461    4.265670 v _276_/A (sky130_fd_sc_hd__or3_1)
     3    0.008986    0.098766    0.420109    4.685780 v _276_/X (sky130_fd_sc_hd__or3_1)
                                                         _084_ (net)
                      0.098770    0.000713    4.686492 v _283_/A (sky130_fd_sc_hd__nor3_1)
     1    0.009682    0.322384    0.330922    5.017414 ^ _283_/Y (sky130_fd_sc_hd__nor3_1)
                                                         _091_ (net)
                      0.322387    0.000744    5.018158 ^ _284_/C1 (sky130_fd_sc_hd__o221ai_4)
     3    0.009585    0.117042    0.169615    5.187773 v _284_/Y (sky130_fd_sc_hd__o221ai_4)
                                                         _092_ (net)
                      0.117042    0.000384    5.188157 v _289_/A1 (sky130_fd_sc_hd__a211oi_1)
     2    0.006317    0.275972    0.295370    5.483527 ^ _289_/Y (sky130_fd_sc_hd__a211oi_1)
                                                         _097_ (net)
                      0.275972    0.000283    5.483809 ^ _307_/A1 (sky130_fd_sc_hd__o211a_1)
     2    0.007268    0.076891    0.226629    5.710439 ^ _307_/X (sky130_fd_sc_hd__o211a_1)
                                                         _115_ (net)
                      0.076894    0.000580    5.711018 ^ _321_/A1 (sky130_fd_sc_hd__o211ai_1)
     2    0.008380    0.115309    0.137223    5.848241 v _321_/Y (sky130_fd_sc_hd__o211ai_1)
                                                         _129_ (net)
                      0.115310    0.000582    5.848824 v _326_/A (sky130_fd_sc_hd__nand2_1)
     2    0.008428    0.091475    0.120067    5.968890 ^ _326_/Y (sky130_fd_sc_hd__nand2_1)
                                                         _134_ (net)
                      0.091475    0.000386    5.969276 ^ _376_/A1 (sky130_fd_sc_hd__a21bo_1)
     2    0.008516    0.080422    0.144964    6.114240 ^ _376_/X (sky130_fd_sc_hd__a21bo_1)
                                                         _175_ (net)
                      0.080423    0.000476    6.114716 ^ _378_/A2 (sky130_fd_sc_hd__a21bo_1)
     2    0.010498    0.095759    0.154970    6.269686 ^ _378_/X (sky130_fd_sc_hd__a21bo_1)
                                                         _176_ (net)
                      0.095762    0.000678    6.270364 ^ _380_/A2 (sky130_fd_sc_hd__a21bo_1)
     1    0.004869    0.051991    0.126833    6.397197 ^ _380_/X (sky130_fd_sc_hd__a21bo_1)
                                                         _177_ (net)
                      0.051992    0.000229    6.397426 ^ _381_/B (sky130_fd_sc_hd__xnor2_1)
     1    0.002427    0.108647    0.103143    6.500570 ^ _381_/Y (sky130_fd_sc_hd__xnor2_1)
                                                         adder.cla_blocks[5].block.sum[3] (net)
                      0.108647    0.000178    6.500747 ^ _455_/D (sky130_fd_sc_hd__dfrtp_1)
                                              6.500747   data arrival time

                                 20.000000   20.000000   clock clk (rise edge)
                                  0.000000   20.000000   clock source latency
     1    0.017528    0.084488    0.058527   20.058527 ^ clk (in)
                                                         clk (net)
                      0.084526    0.000000   20.058527 ^ clkbuf_0_clk/A (sky130_fd_sc_hd__clkbuf_16)
     4    0.040100    0.059878    0.155508   20.214035 ^ clkbuf_0_clk/X (sky130_fd_sc_hd__clkbuf_16)
                                                         clknet_0_clk (net)
                      0.060043    0.002617   20.216652 ^ clkbuf_2_2__f_clk/A (sky130_fd_sc_hd__clkbuf_16)
     8    0.028914    0.050056    0.138682   20.355333 ^ clkbuf_2_2__f_clk/X (sky130_fd_sc_hd__clkbuf_16)
                                                         clknet_2_2__leaf_clk (net)
                      0.050082    0.001725   20.357059 ^ _455_/CLK (sky130_fd_sc_hd__dfrtp_1)
                                 -0.250000   20.107059   clock uncertainty
                                  0.000000   20.107059   clock reconvergence pessimism
                                 -0.073746   20.033314   library setup time
                                             20.033314   data required time
---------------------------------------------------------------------------------------------
                                             20.033314   data required time
                                             -6.500747   data arrival time
---------------------------------------------------------------------------------------------
                                             13.532567   slack (MET)


Startpoint: data_in[6] (input port clocked by clk)
Endpoint: _451_ (rising edge-triggered flip-flop clocked by clk)
Path Group: clk
Path Type: max

Fanout         Cap        Slew       Delay        Time   Description
---------------------------------------------------------------------------------------------
                                  0.000000    0.000000   clock clk (rise edge)
                                  0.000000    0.000000   clock network delay (propagated)
                                  4.000000    4.000000 v input external delay
     1    0.002929    0.008915    0.004690    4.004691 v data_in[6] (in)
                                                         data_in[6] (net)
                      0.008921    0.000000    4.004691 v input29/A (sky130_fd_sc_hd__buf_1)
     3    0.010402    0.066772    0.106409    4.111100 v input29/X (sky130_fd_sc_hd__buf_1)
                                                         net29 (net)
                      0.066777    0.000650    4.111749 v _272_/A (sky130_fd_sc_hd__xnor2_1)
     3    0.007124    0.075849    0.153460    4.265210 v _272_/Y (sky130_fd_sc_hd__xnor2_1)
                                                         _080_ (net)
                      0.075850    0.000461    4.265670 v _276_/A (sky130_fd_sc_hd__or3_1)
     3    0.008986    0.098766    0.420109    4.685780 v _276_/X (sky130_fd_sc_hd__or3_1)
                                                         _084_ (net)
                      0.098770    0.000713    4.686492 v _283_/A (sky130_fd_sc_hd__nor3_1)
     1    0.009682    0.322384    0.330922    5.017414 ^ _283_/Y (sky130_fd_sc_hd__nor3_1)
                                                         _091_ (net)
                      0.322387    0.000744    5.018158 ^ _284_/C1 (sky130_fd_sc_hd__o221ai_4)
     3    0.009585    0.117042    0.169615    5.187773 v _284_/Y (sky130_fd_sc_hd__o221ai_4)
                                                         _092_ (net)
                      0.117042    0.000384    5.188157 v _289_/A1 (sky130_fd_sc_hd__a211oi_1)
     2    0.006317    0.275972    0.295370    5.483527 ^ _289_/Y (sky130_fd_sc_hd__a211oi_1)
                                                         _097_ (net)
                      0.275972    0.000283    5.483809 ^ _307_/A1 (sky130_fd_sc_hd__o211a_1)
     2    0.007268    0.076891    0.226629    5.710439 ^ _307_/X (sky130_fd_sc_hd__o211a_1)
                                                         _115_ (net)
                      0.076894    0.000547    5.710986 ^ _310_/A (sky130_fd_sc_hd__or2_1)
     2    0.008106    0.085641    0.135007    5.845993 ^ _310_/X (sky130_fd_sc_hd__or2_1)
                                                         _118_ (net)
                      0.085641    0.000275    5.846268 ^ _382_/A (sky130_fd_sc_hd__nand2_1)
     2    0.006449    0.059173    0.075900    5.922168 v _382_/Y (sky130_fd_sc_hd__nand2_1)
                                                         _178_ (net)
                      0.059176    0.000457    5.922625 v _384_/A2 (sky130_fd_sc_hd__a21oi_1)
     2    0.006330    0.168658    0.191260    6.113884 ^ _384_/Y (sky130_fd_sc_hd__a21oi_1)
                                                         _179_ (net)
                      0.168698    0.000371    6.114256 ^ _387_/B1 (sky130_fd_sc_hd__a21o_1)
     2    0.008893    0.086081    0.140331    6.254587 ^ _387_/X (sky130_fd_sc_hd__a21o_1)
                                                         _181_ (net)
                      0.086083    0.000589    6.255176 ^ _389_/A2 (sky130_fd_sc_hd__a21bo_1)
     1    0.006036    0.060965    0.130836    6.386012 ^ _389_/X (sky130_fd_sc_hd__a21bo_1)
                                                         _182_ (net)
                      0.060967    0.000450    6.386462 ^ _390_/B (sky130_fd_sc_hd__xnor2_1)
     1    0.002733    0.114443    0.108334    6.494796 ^ _390_/Y (sky130_fd_sc_hd__xnor2_1)
                                                         adder.cla_blocks[4].block.sum[3] (net)
                      0.114443    0.000180    6.494977 ^ _451_/D (sky130_fd_sc_hd__dfrtp_1)
                                              6.494977   data arrival time

                                 20.000000   20.000000   clock clk (rise edge)
                                  0.000000   20.000000   clock source latency
     1    0.017528    0.084488    0.058527   20.058527 ^ clk (in)
                                                         clk (net)
                      0.084526    0.000000   20.058527 ^ clkbuf_0_clk/A (sky130_fd_sc_hd__clkbuf_16)
     4    0.040100    0.059878    0.155508   20.214035 ^ clkbuf_0_clk/X (sky130_fd_sc_hd__clkbuf_16)
                                                         clknet_0_clk (net)
                      0.060043    0.002617   20.216652 ^ clkbuf_2_2__f_clk/A (sky130_fd_sc_hd__clkbuf_16)
     8    0.028914    0.050056    0.138682   20.355333 ^ clkbuf_2_2__f_clk/X (sky130_fd_sc_hd__clkbuf_16)
                                                         clknet_2_2__leaf_clk (net)
                      0.050093    0.002165   20.357500 ^ _451_/CLK (sky130_fd_sc_hd__dfrtp_1)
                                 -0.250000   20.107500   clock uncertainty
                                  0.000000   20.107500   clock reconvergence pessimism
                                 -0.075081   20.032419   library setup time
                                             20.032419   data required time
---------------------------------------------------------------------------------------------
                                             20.032419   data required time
                                             -6.494977   data arrival time
---------------------------------------------------------------------------------------------
                                             13.537442   slack (MET)


Startpoint: data_in[6] (input port clocked by clk)
Endpoint: _456_ (rising edge-triggered flip-flop clocked by clk)
Path Group: clk
Path Type: max

Fanout         Cap        Slew       Delay        Time   Description
---------------------------------------------------------------------------------------------
                                  0.000000    0.000000   clock clk (rise edge)
                                  0.000000    0.000000   clock network delay (propagated)
                                  4.000000    4.000000 v input external delay
     1    0.002929    0.008915    0.004690    4.004691 v data_in[6] (in)
                                                         data_in[6] (net)
                      0.008921    0.000000    4.004691 v input29/A (sky130_fd_sc_hd__buf_1)
     3    0.010402    0.066772    0.106409    4.111100 v input29/X (sky130_fd_sc_hd__buf_1)
                                                         net29 (net)
                      0.066777    0.000650    4.111749 v _272_/A (sky130_fd_sc_hd__xnor2_1)
     3    0.007124    0.075849    0.153460    4.265210 v _272_/Y (sky130_fd_sc_hd__xnor2_1)
                                                         _080_ (net)
                      0.075850    0.000461    4.265670 v _276_/A (sky130_fd_sc_hd__or3_1)
     3    0.008986    0.098766    0.420109    4.685780 v _276_/X (sky130_fd_sc_hd__or3_1)
                                                         _084_ (net)
                      0.098770    0.000713    4.686492 v _283_/A (sky130_fd_sc_hd__nor3_1)
     1    0.009682    0.322384    0.330922    5.017414 ^ _283_/Y (sky130_fd_sc_hd__nor3_1)
                                                         _091_ (net)
                      0.322387    0.000744    5.018158 ^ _284_/C1 (sky130_fd_sc_hd__o221ai_4)
     3    0.009585    0.117042    0.169615    5.187773 v _284_/Y (sky130_fd_sc_hd__o221ai_4)
                                                         _092_ (net)
                      0.117042    0.000384    5.188157 v _289_/A1 (sky130_fd_sc_hd__a211oi_1)
     2    0.006317    0.275972    0.295370    5.483527 ^ _289_/Y (sky130_fd_sc_hd__a211oi_1)
                                                         _097_ (net)
                      0.275972    0.000283    5.483809 ^ _307_/A1 (sky130_fd_sc_hd__o211a_1)
     2    0.007268    0.076891    0.226629    5.710439 ^ _307_/X (sky130_fd_sc_hd__o211a_1)
                                                         _115_ (net)
                      0.076894    0.000580    5.711018 ^ _321_/A1 (sky130_fd_sc_hd__o211ai_1)
     2    0.008380    0.115309    0.137223    5.848241 v _321_/Y (sky130_fd_sc_hd__o211ai_1)
                                                         _129_ (net)
                      0.115310    0.000579    5.848820 v _341_/A1 (sky130_fd_sc_hd__a211o_1)
     3    0.011263    0.085351    0.323403    6.172223 v _341_/X (sky130_fd_sc_hd__a211o_1)
                                                         _149_ (net)
                      0.085358    0.000871    6.173093 v _346_/A1 (sky130_fd_sc_hd__a21oi_1)
     1    0.003992    0.125649    0.150393    6.323487 ^ _346_/Y (sky130_fd_sc_hd__a21oi_1)
                                                         _154_ (net)
                      0.125649    0.000283    6.323770 ^ _367_/A (sky130_fd_sc_hd__nor2_1)
     1    0.002381    0.038275    0.060284    6.384053 v _367_/Y (sky130_fd_sc_hd__nor2_1)
                                                         adder.cla_blocks[6].block.sum[0] (net)
                      0.038275    0.000175    6.384228 v _456_/D (sky130_fd_sc_hd__dfrtp_1)
                                              6.384228   data arrival time

                                 20.000000   20.000000   clock clk (rise edge)
                                  0.000000   20.000000   clock source latency
     1    0.017528    0.084488    0.058527   20.058527 ^ clk (in)
                                                         clk (net)
                      0.084526    0.000000   20.058527 ^ clkbuf_0_clk/A (sky130_fd_sc_hd__clkbuf_16)
     4    0.040100    0.059878    0.155508   20.214035 ^ clkbuf_0_clk/X (sky130_fd_sc_hd__clkbuf_16)
                                                         clknet_0_clk (net)
                      0.060029    0.002508   20.216543 ^ clkbuf_2_3__f_clk/A (sky130_fd_sc_hd__clkbuf_16)
     9    0.032739    0.053316    0.141691   20.358234 ^ clkbuf_2_3__f_clk/X (sky130_fd_sc_hd__clkbuf_16)
                                                         clknet_2_3__leaf_clk (net)
                      0.053327    0.001044   20.359280 ^ _456_/CLK (sky130_fd_sc_hd__dfrtp_1)
                                 -0.250000   20.109280   clock uncertainty
                                  0.000000   20.109280   clock reconvergence pessimism
                                 -0.109436   19.999844   library setup time
                                             19.999844   data required time
---------------------------------------------------------------------------------------------
                                             19.999844   data required time
                                             -6.384228   data arrival time
---------------------------------------------------------------------------------------------
                                             13.615616   slack (MET)


Startpoint: data_in[6] (input port clocked by clk)
Endpoint: _454_ (rising edge-triggered flip-flop clocked by clk)
Path Group: clk
Path Type: max

Fanout         Cap        Slew       Delay        Time   Description
---------------------------------------------------------------------------------------------
                                  0.000000    0.000000   clock clk (rise edge)
                                  0.000000    0.000000   clock network delay (propagated)
                                  4.000000    4.000000 v input external delay
     1    0.002929    0.008915    0.004690    4.004691 v data_in[6] (in)
                                                         data_in[6] (net)
                      0.008921    0.000000    4.004691 v input29/A (sky130_fd_sc_hd__buf_1)
     3    0.010402    0.066772    0.106409    4.111100 v input29/X (sky130_fd_sc_hd__buf_1)
                                                         net29 (net)
                      0.066777    0.000650    4.111749 v _272_/A (sky130_fd_sc_hd__xnor2_1)
     3    0.007124    0.075849    0.153460    4.265210 v _272_/Y (sky130_fd_sc_hd__xnor2_1)
                                                         _080_ (net)
                      0.075850    0.000461    4.265670 v _276_/A (sky130_fd_sc_hd__or3_1)
     3    0.008986    0.098766    0.420109    4.685780 v _276_/X (sky130_fd_sc_hd__or3_1)
                                                         _084_ (net)
                      0.098770    0.000713    4.686492 v _283_/A (sky130_fd_sc_hd__nor3_1)
     1    0.009682    0.322384    0.330922    5.017414 ^ _283_/Y (sky130_fd_sc_hd__nor3_1)
                                                         _091_ (net)
                      0.322387    0.000744    5.018158 ^ _284_/C1 (sky130_fd_sc_hd__o221ai_4)
     3    0.009585    0.117042    0.169615    5.187773 v _284_/Y (sky130_fd_sc_hd__o221ai_4)
                                                         _092_ (net)
                      0.117042    0.000384    5.188157 v _289_/A1 (sky130_fd_sc_hd__a211oi_1)
     2    0.006317    0.275972    0.295370    5.483527 ^ _289_/Y (sky130_fd_sc_hd__a211oi_1)
                                                         _097_ (net)
                      0.275972    0.000283    5.483809 ^ _307_/A1 (sky130_fd_sc_hd__o211a_1)
     2    0.007268    0.076891    0.226629    5.710439 ^ _307_/X (sky130_fd_sc_hd__o211a_1)
                                                         _115_ (net)
                      0.076894    0.000580    5.711018 ^ _321_/A1 (sky130_fd_sc_hd__o211ai_1)
     2    0.008380    0.115309    0.137223    5.848241 v _321_/Y (sky130_fd_sc_hd__o211ai_1)
                                                         _129_ (net)
                      0.115310    0.000582    5.848824 v _326_/A (sky130_fd_sc_hd__nand2_1)
     2    0.008428    0.091475    0.120067    5.968890 ^ _326_/Y (sky130_fd_sc_hd__nand2_1)
                                                         _134_ (net)
                      0.091475    0.000386    5.969276 ^ _376_/A1 (sky130_fd_sc_hd__a21bo_1)
     2    0.008516    0.080422    0.144964    6.114240 ^ _376_/X (sky130_fd_sc_hd__a21bo_1)
                                                         _175_ (net)
                      0.080423    0.000476    6.114716 ^ _378_/A2 (sky130_fd_sc_hd__a21bo_1)
     2    0.010498    0.095759    0.154970    6.269686 ^ _378_/X (sky130_fd_sc_hd__a21bo_1)
                                                         _176_ (net)
                      0.095766    0.000916    6.270602 ^ _379_/B (sky130_fd_sc_hd__xnor2_1)
     1    0.002471    0.109473    0.116648    6.387250 ^ _379_/Y (sky130_fd_sc_hd__xnor2_1)
                                                         adder.cla_blocks[5].block.sum[2] (net)
                      0.109473    0.000111    6.387362 ^ _454_/D (sky130_fd_sc_hd__dfrtp_1)
                                              6.387362   data arrival time

                                 20.000000   20.000000   clock clk (rise edge)
                                  0.000000   20.000000   clock source latency
     1    0.017528    0.084488    0.058527   20.058527 ^ clk (in)
                                                         clk (net)
                      0.084526    0.000000   20.058527 ^ clkbuf_0_clk/A (sky130_fd_sc_hd__clkbuf_16)
     4    0.040100    0.059878    0.155508   20.214035 ^ clkbuf_0_clk/X (sky130_fd_sc_hd__clkbuf_16)
                                                         clknet_0_clk (net)
                      0.060043    0.002617   20.216652 ^ clkbuf_2_2__f_clk/A (sky130_fd_sc_hd__clkbuf_16)
     8    0.028914    0.050056    0.138682   20.355333 ^ clkbuf_2_2__f_clk/X (sky130_fd_sc_hd__clkbuf_16)
                                                         clknet_2_2__leaf_clk (net)
                      0.050086    0.001901   20.357235 ^ _454_/CLK (sky130_fd_sc_hd__dfrtp_1)
                                 -0.250000   20.107235   clock uncertainty
                                  0.000000   20.107235   clock reconvergence pessimism
                                 -0.073936   20.033300   library setup time
                                             20.033300   data required time
---------------------------------------------------------------------------------------------
                                             20.033300   data required time
                                             -6.387362   data arrival time
---------------------------------------------------------------------------------------------
                                             13.645938   slack (MET)


Startpoint: data_in[6] (input port clocked by clk)
Endpoint: _450_ (rising edge-triggered flip-flop clocked by clk)
Path Group: clk
Path Type: max

Fanout         Cap        Slew       Delay        Time   Description
---------------------------------------------------------------------------------------------
                                  0.000000    0.000000   clock clk (rise edge)
                                  0.000000    0.000000   clock network delay (propagated)
                                  4.000000    4.000000 v input external delay
     1    0.002929    0.008915    0.004690    4.004691 v data_in[6] (in)
                                                         data_in[6] (net)
                      0.008921    0.000000    4.004691 v input29/A (sky130_fd_sc_hd__buf_1)
     3    0.010402    0.066772    0.106409    4.111100 v input29/X (sky130_fd_sc_hd__buf_1)
                                                         net29 (net)
                      0.066777    0.000650    4.111749 v _272_/A (sky130_fd_sc_hd__xnor2_1)
     3    0.007124    0.075849    0.153460    4.265210 v _272_/Y (sky130_fd_sc_hd__xnor2_1)
                                                         _080_ (net)
                      0.075850    0.000461    4.265670 v _276_/A (sky130_fd_sc_hd__or3_1)
     3    0.008986    0.098766    0.420109    4.685780 v _276_/X (sky130_fd_sc_hd__or3_1)
                                                         _084_ (net)
                      0.098770    0.000713    4.686492 v _283_/A (sky130_fd_sc_hd__nor3_1)
     1    0.009682    0.322384    0.330922    5.017414 ^ _283_/Y (sky130_fd_sc_hd__nor3_1)
                                                         _091_ (net)
                      0.322387    0.000744    5.018158 ^ _284_/C1 (sky130_fd_sc_hd__o221ai_4)
     3    0.009585    0.117042    0.169615    5.187773 v _284_/Y (sky130_fd_sc_hd__o221ai_4)
                                                         _092_ (net)
                      0.117042    0.000384    5.188157 v _289_/A1 (sky130_fd_sc_hd__a211oi_1)
     2    0.006317    0.275972    0.295370    5.483527 ^ _289_/Y (sky130_fd_sc_hd__a211oi_1)
                                                         _097_ (net)
                      0.275972    0.000283    5.483809 ^ _307_/A1 (sky130_fd_sc_hd__o211a_1)
     2    0.007268    0.076891    0.226629    5.710439 ^ _307_/X (sky130_fd_sc_hd__o211a_1)
                                                         _115_ (net)
                      0.076894    0.000547    5.710986 ^ _310_/A (sky130_fd_sc_hd__or2_1)
     2    0.008106    0.085641    0.135007    5.845993 ^ _310_/X (sky130_fd_sc_hd__or2_1)
                                                         _118_ (net)
                      0.085641    0.000275    5.846268 ^ _382_/A (sky130_fd_sc_hd__nand2_1)
     2    0.006449    0.059173    0.075900    5.922168 v _382_/Y (sky130_fd_sc_hd__nand2_1)
                                                         _178_ (net)
                      0.059176    0.000457    5.922625 v _384_/A2 (sky130_fd_sc_hd__a21oi_1)
     2    0.006330    0.168658    0.191260    6.113884 ^ _384_/Y (sky130_fd_sc_hd__a21oi_1)
                                                         _179_ (net)
                      0.168698    0.000371    6.114256 ^ _387_/B1 (sky130_fd_sc_hd__a21o_1)
     2    0.008893    0.086081    0.140331    6.254587 ^ _387_/X (sky130_fd_sc_hd__a21o_1)
                                                         _181_ (net)
                      0.086083    0.000613    6.255200 ^ _388_/B (sky130_fd_sc_hd__xnor2_1)
     1    0.003404    0.127140    0.121117    6.376318 ^ _388_/Y (sky130_fd_sc_hd__xnor2_1)
                                                         adder.cla_blocks[4].block.sum[2] (net)
                      0.127140    0.000143    6.376460 ^ _450_/D (sky130_fd_sc_hd__dfrtp_1)
                                              6.376460   data arrival time

                                 20.000000   20.000000   clock clk (rise edge)
                                  0.000000   20.000000   clock source latency
     1    0.017528    0.084488    0.058527   20.058527 ^ clk (in)
                                                         clk (net)
                      0.084526    0.000000   20.058527 ^ clkbuf_0_clk/A (sky130_fd_sc_hd__clkbuf_16)
     4    0.040100    0.059878    0.155508   20.214035 ^ clkbuf_0_clk/X (sky130_fd_sc_hd__clkbuf_16)
                                                         clknet_0_clk (net)
                      0.060043    0.002617   20.216652 ^ clkbuf_2_2__f_clk/A (sky130_fd_sc_hd__clkbuf_16)
     8    0.028914    0.050056    0.138682   20.355333 ^ clkbuf_2_2__f_clk/X (sky130_fd_sc_hd__clkbuf_16)
                                                         clknet_2_2__leaf_clk (net)
                      0.050075    0.001375   20.356709 ^ _450_/CLK (sky130_fd_sc_hd__dfrtp_1)
                                 -0.250000   20.106710   clock uncertainty
                                  0.000000   20.106710   clock reconvergence pessimism
                                 -0.078013   20.028698   library setup time
                                             20.028698   data required time
---------------------------------------------------------------------------------------------
                                             20.028698   data required time
                                             -6.376460   data arrival time
---------------------------------------------------------------------------------------------
                                             13.652237   slack (MET)


Startpoint: data_in[6] (input port clocked by clk)
Endpoint: _453_ (rising edge-triggered flip-flop clocked by clk)
Path Group: clk
Path Type: max

Fanout         Cap        Slew       Delay        Time   Description
---------------------------------------------------------------------------------------------
                                  0.000000    0.000000   clock clk (rise edge)
                                  0.000000    0.000000   clock network delay (propagated)
                                  4.000000    4.000000 v input external delay
     1    0.002929    0.008915    0.004690    4.004691 v data_in[6] (in)
                                                         data_in[6] (net)
                      0.008921    0.000000    4.004691 v input29/A (sky130_fd_sc_hd__buf_1)
     3    0.010402    0.066772    0.106409    4.111100 v input29/X (sky130_fd_sc_hd__buf_1)
                                                         net29 (net)
                      0.066777    0.000650    4.111749 v _272_/A (sky130_fd_sc_hd__xnor2_1)
     3    0.007124    0.075849    0.153460    4.265210 v _272_/Y (sky130_fd_sc_hd__xnor2_1)
                                                         _080_ (net)
                      0.075850    0.000461    4.265670 v _276_/A (sky130_fd_sc_hd__or3_1)
     3    0.008986    0.098766    0.420109    4.685780 v _276_/X (sky130_fd_sc_hd__or3_1)
                                                         _084_ (net)
                      0.098770    0.000713    4.686492 v _283_/A (sky130_fd_sc_hd__nor3_1)
     1    0.009682    0.322384    0.330922    5.017414 ^ _283_/Y (sky130_fd_sc_hd__nor3_1)
                                                         _091_ (net)
                      0.322387    0.000744    5.018158 ^ _284_/C1 (sky130_fd_sc_hd__o221ai_4)
     3    0.009585    0.117042    0.169615    5.187773 v _284_/Y (sky130_fd_sc_hd__o221ai_4)
                                                         _092_ (net)
                      0.117042    0.000384    5.188157 v _289_/A1 (sky130_fd_sc_hd__a211oi_1)
     2    0.006317    0.275972    0.295370    5.483527 ^ _289_/Y (sky130_fd_sc_hd__a211oi_1)
                                                         _097_ (net)
                      0.275972    0.000283    5.483809 ^ _307_/A1 (sky130_fd_sc_hd__o211a_1)
     2    0.007268    0.076891    0.226629    5.710439 ^ _307_/X (sky130_fd_sc_hd__o211a_1)
                                                         _115_ (net)
                      0.076894    0.000580    5.711018 ^ _321_/A1 (sky130_fd_sc_hd__o211ai_1)
     2    0.008380    0.115309    0.137223    5.848241 v _321_/Y (sky130_fd_sc_hd__o211ai_1)
                                                         _129_ (net)
                      0.115310    0.000582    5.848824 v _326_/A (sky130_fd_sc_hd__nand2_1)
     2    0.008428    0.091475    0.120067    5.968890 ^ _326_/Y (sky130_fd_sc_hd__nand2_1)
                                                         _134_ (net)
                      0.091475    0.000386    5.969276 ^ _376_/A1 (sky130_fd_sc_hd__a21bo_1)
     2    0.008516    0.080422    0.144964    6.114240 ^ _376_/X (sky130_fd_sc_hd__a21bo_1)
                                                         _175_ (net)
                      0.080423    0.000532    6.114772 ^ _377_/B (sky130_fd_sc_hd__xnor2_1)
     1    0.003152    0.122369    0.117433    6.232205 ^ _377_/Y (sky130_fd_sc_hd__xnor2_1)
                                                         adder.cla_blocks[5].block.sum[1] (net)
                      0.122369    0.000197    6.232401 ^ _453_/D (sky130_fd_sc_hd__dfrtp_1)
                                              6.232401   data arrival time

                                 20.000000   20.000000   clock clk (rise edge)
                                  0.000000   20.000000   clock source latency
     1    0.017528    0.084488    0.058527   20.058527 ^ clk (in)
                                                         clk (net)
                      0.084526    0.000000   20.058527 ^ clkbuf_0_clk/A (sky130_fd_sc_hd__clkbuf_16)
     4    0.040100    0.059878    0.155508   20.214035 ^ clkbuf_0_clk/X (sky130_fd_sc_hd__clkbuf_16)
                                                         clknet_0_clk (net)
                      0.060043    0.002617   20.216652 ^ clkbuf_2_2__f_clk/A (sky130_fd_sc_hd__clkbuf_16)
     8    0.028914    0.050056    0.138682   20.355333 ^ clkbuf_2_2__f_clk/X (sky130_fd_sc_hd__clkbuf_16)
                                                         clknet_2_2__leaf_clk (net)
                      0.050091    0.002091   20.357426 ^ _453_/CLK (sky130_fd_sc_hd__dfrtp_1)
                                 -0.250000   20.107426   clock uncertainty
                                  0.000000   20.107426   clock reconvergence pessimism
                                 -0.076910   20.030516   library setup time
                                             20.030516   data required time
---------------------------------------------------------------------------------------------
                                             20.030516   data required time
                                             -6.232401   data arrival time
---------------------------------------------------------------------------------------------
                                             13.798115   slack (MET)


Startpoint: data_in[6] (input port clocked by clk)
Endpoint: _449_ (rising edge-triggered flip-flop clocked by clk)
Path Group: clk
Path Type: max

Fanout         Cap        Slew       Delay        Time   Description
---------------------------------------------------------------------------------------------
                                  0.000000    0.000000   clock clk (rise edge)
                                  0.000000    0.000000   clock network delay (propagated)
                                  4.000000    4.000000 v input external delay
     1    0.002929    0.008915    0.004690    4.004691 v data_in[6] (in)
                                                         data_in[6] (net)
                      0.008921    0.000000    4.004691 v input29/A (sky130_fd_sc_hd__buf_1)
     3    0.010402    0.066772    0.106409    4.111100 v input29/X (sky130_fd_sc_hd__buf_1)
                                                         net29 (net)
                      0.066777    0.000650    4.111749 v _272_/A (sky130_fd_sc_hd__xnor2_1)
     3    0.007124    0.075849    0.153460    4.265210 v _272_/Y (sky130_fd_sc_hd__xnor2_1)
                                                         _080_ (net)
                      0.075850    0.000461    4.265670 v _276_/A (sky130_fd_sc_hd__or3_1)
     3    0.008986    0.098766    0.420109    4.685780 v _276_/X (sky130_fd_sc_hd__or3_1)
                                                         _084_ (net)
                      0.098770    0.000713    4.686492 v _283_/A (sky130_fd_sc_hd__nor3_1)
     1    0.009682    0.322384    0.330922    5.017414 ^ _283_/Y (sky130_fd_sc_hd__nor3_1)
                                                         _091_ (net)
                      0.322387    0.000744    5.018158 ^ _284_/C1 (sky130_fd_sc_hd__o221ai_4)
     3    0.009585    0.117042    0.169615    5.187773 v _284_/Y (sky130_fd_sc_hd__o221ai_4)
                                                         _092_ (net)
                      0.117042    0.000384    5.188157 v _289_/A1 (sky130_fd_sc_hd__a211oi_1)
     2    0.006317    0.275972    0.295370    5.483527 ^ _289_/Y (sky130_fd_sc_hd__a211oi_1)
                                                         _097_ (net)
                      0.275972    0.000283    5.483809 ^ _307_/A1 (sky130_fd_sc_hd__o211a_1)
     2    0.007268    0.076891    0.226629    5.710439 ^ _307_/X (sky130_fd_sc_hd__o211a_1)
                                                         _115_ (net)
                      0.076894    0.000547    5.710986 ^ _310_/A (sky130_fd_sc_hd__or2_1)
     2    0.008106    0.085641    0.135007    5.845993 ^ _310_/X (sky130_fd_sc_hd__or2_1)
                                                         _118_ (net)
                      0.085641    0.000275    5.846268 ^ _382_/A (sky130_fd_sc_hd__nand2_1)
     2    0.006449    0.059173    0.075900    5.922168 v _382_/Y (sky130_fd_sc_hd__nand2_1)
                                                         _178_ (net)
                      0.059176    0.000457    5.922625 v _384_/A2 (sky130_fd_sc_hd__a21oi_1)
     2    0.006330    0.168658    0.191260    6.113884 ^ _384_/Y (sky130_fd_sc_hd__a21oi_1)
                                                         _179_ (net)
                      0.168698    0.000361    6.114246 ^ _386_/A (sky130_fd_sc_hd__nor2_1)
     1    0.002781    0.046799    0.069118    6.183364 v _386_/Y (sky130_fd_sc_hd__nor2_1)
                                                         adder.cla_blocks[4].block.sum[1] (net)
                      0.046799    0.000180    6.183544 v _449_/D (sky130_fd_sc_hd__dfrtp_1)
                                              6.183544   data arrival time

                                 20.000000   20.000000   clock clk (rise edge)
                                  0.000000   20.000000   clock source latency
     1    0.017528    0.084488    0.058527   20.058527 ^ clk (in)
                                                         clk (net)
                      0.084526    0.000000   20.058527 ^ clkbuf_0_clk/A (sky130_fd_sc_hd__clkbuf_16)
     4    0.040100    0.059878    0.155508   20.214035 ^ clkbuf_0_clk/X (sky130_fd_sc_hd__clkbuf_16)
                                                         clknet_0_clk (net)
                      0.060035    0.002554   20.216589 ^ clkbuf_2_0__f_clk/A (sky130_fd_sc_hd__clkbuf_16)
     9    0.031485    0.052217    0.140364   20.356955 ^ clkbuf_2_0__f_clk/X (sky130_fd_sc_hd__clkbuf_16)
                                                         clknet_2_0__leaf_clk (net)
                      0.052430    0.002911   20.359865 ^ _449_/CLK (sky130_fd_sc_hd__dfrtp_1)
                                 -0.250000   20.109867   clock uncertainty
                                  0.000000   20.109867   clock reconvergence pessimism
                                 -0.113358   19.996508   library setup time
                                             19.996508   data required time
---------------------------------------------------------------------------------------------
                                             19.996508   data required time
                                             -6.183544   data arrival time
---------------------------------------------------------------------------------------------
                                             13.812963   slack (MET)


Startpoint: data_in[6] (input port clocked by clk)
Endpoint: _447_ (rising edge-triggered flip-flop clocked by clk)
Path Group: clk
Path Type: max

Fanout         Cap        Slew       Delay        Time   Description
---------------------------------------------------------------------------------------------
                                  0.000000    0.000000   clock clk (rise edge)
                                  0.000000    0.000000   clock network delay (propagated)
                                  4.000000    4.000000 v input external delay
     1    0.002929    0.008915    0.004690    4.004691 v data_in[6] (in)
                                                         data_in[6] (net)
                      0.008921    0.000000    4.004691 v input29/A (sky130_fd_sc_hd__buf_1)
     3    0.010402    0.066772    0.106409    4.111100 v input29/X (sky130_fd_sc_hd__buf_1)
                                                         net29 (net)
                      0.066777    0.000650    4.111749 v _272_/A (sky130_fd_sc_hd__xnor2_1)
     3    0.007124    0.075849    0.153460    4.265210 v _272_/Y (sky130_fd_sc_hd__xnor2_1)
                                                         _080_ (net)
                      0.075850    0.000461    4.265670 v _276_/A (sky130_fd_sc_hd__or3_1)
     3    0.008986    0.098766    0.420109    4.685780 v _276_/X (sky130_fd_sc_hd__or3_1)
                                                         _084_ (net)
                      0.098770    0.000713    4.686492 v _283_/A (sky130_fd_sc_hd__nor3_1)
     1    0.009682    0.322384    0.330922    5.017414 ^ _283_/Y (sky130_fd_sc_hd__nor3_1)
                                                         _091_ (net)
                      0.322387    0.000744    5.018158 ^ _284_/C1 (sky130_fd_sc_hd__o221ai_4)
     3    0.009585    0.117042    0.169615    5.187773 v _284_/Y (sky130_fd_sc_hd__o221ai_4)
                                                         _092_ (net)
                      0.117042    0.000384    5.188157 v _289_/A1 (sky130_fd_sc_hd__a211oi_1)
     2    0.006317    0.275972    0.295370    5.483527 ^ _289_/Y (sky130_fd_sc_hd__a211oi_1)
                                                         _097_ (net)
                      0.275972    0.000236    5.483762 ^ _291_/A (sky130_fd_sc_hd__or2_1)
     2    0.008676    0.091669    0.186297    5.670059 ^ _291_/X (sky130_fd_sc_hd__or2_1)
                                                         _099_ (net)
                      0.091670    0.000565    5.670625 ^ _392_/A1 (sky130_fd_sc_hd__a21bo_1)
     2    0.009722    0.089603    0.152050    5.822674 ^ _392_/X (sky130_fd_sc_hd__a21bo_1)
                                                         _183_ (net)
                      0.089605    0.000551    5.823225 ^ _394_/A2 (sky130_fd_sc_hd__a21bo_1)
     2    0.011204    0.101433    0.161627    5.984853 ^ _394_/X (sky130_fd_sc_hd__a21bo_1)
                                                         _184_ (net)
                      0.101436    0.000691    5.985544 ^ _396_/A2 (sky130_fd_sc_hd__a21bo_1)
     1    0.004925    0.052437    0.128763    6.114307 ^ _396_/X (sky130_fd_sc_hd__a21bo_1)
                                                         _185_ (net)
                      0.052437    0.000232    6.114539 ^ _397_/B (sky130_fd_sc_hd__xnor2_1)
     1    0.002433    0.108749    0.103333    6.217873 ^ _397_/Y (sky130_fd_sc_hd__xnor2_1)
                                                         adder.cla_blocks[3].block.sum[3] (net)
                      0.108749    0.000170    6.218043 ^ _447_/D (sky130_fd_sc_hd__dfrtp_1)
                                              6.218043   data arrival time

                                 20.000000   20.000000   clock clk (rise edge)
                                  0.000000   20.000000   clock source latency
     1    0.017528    0.084488    0.058527   20.058527 ^ clk (in)
                                                         clk (net)
                      0.084526    0.000000   20.058527 ^ clkbuf_0_clk/A (sky130_fd_sc_hd__clkbuf_16)
     4    0.040100    0.059878    0.155508   20.214035 ^ clkbuf_0_clk/X (sky130_fd_sc_hd__clkbuf_16)
                                                         clknet_0_clk (net)
                      0.060035    0.002554   20.216589 ^ clkbuf_2_0__f_clk/A (sky130_fd_sc_hd__clkbuf_16)
     9    0.031485    0.052217    0.140364   20.356955 ^ clkbuf_2_0__f_clk/X (sky130_fd_sc_hd__clkbuf_16)
                                                         clknet_2_0__leaf_clk (net)
                      0.052403    0.002698   20.359652 ^ _447_/CLK (sky130_fd_sc_hd__dfrtp_1)
                                 -0.250000   20.109653   clock uncertainty
                                  0.000000   20.109653   clock reconvergence pessimism
                                 -0.073413   20.036240   library setup time
                                             20.036240   data required time
---------------------------------------------------------------------------------------------
                                             20.036240   data required time
                                             -6.218043   data arrival time
---------------------------------------------------------------------------------------------
                                             13.818196   slack (MET)


Startpoint: data_in[6] (input port clocked by clk)
Endpoint: _446_ (rising edge-triggered flip-flop clocked by clk)
Path Group: clk
Path Type: max

Fanout         Cap        Slew       Delay        Time   Description
---------------------------------------------------------------------------------------------
                                  0.000000    0.000000   clock clk (rise edge)
                                  0.000000    0.000000   clock network delay (propagated)
                                  4.000000    4.000000 v input external delay
     1    0.002929    0.008915    0.004690    4.004691 v data_in[6] (in)
                                                         data_in[6] (net)
                      0.008921    0.000000    4.004691 v input29/A (sky130_fd_sc_hd__buf_1)
     3    0.010402    0.066772    0.106409    4.111100 v input29/X (sky130_fd_sc_hd__buf_1)
                                                         net29 (net)
                      0.066777    0.000650    4.111749 v _272_/A (sky130_fd_sc_hd__xnor2_1)
     3    0.007124    0.075849    0.153460    4.265210 v _272_/Y (sky130_fd_sc_hd__xnor2_1)
                                                         _080_ (net)
                      0.075850    0.000461    4.265670 v _276_/A (sky130_fd_sc_hd__or3_1)
     3    0.008986    0.098766    0.420109    4.685780 v _276_/X (sky130_fd_sc_hd__or3_1)
                                                         _084_ (net)
                      0.098770    0.000713    4.686492 v _283_/A (sky130_fd_sc_hd__nor3_1)
     1    0.009682    0.322384    0.330922    5.017414 ^ _283_/Y (sky130_fd_sc_hd__nor3_1)
                                                         _091_ (net)
                      0.322387    0.000744    5.018158 ^ _284_/C1 (sky130_fd_sc_hd__o221ai_4)
     3    0.009585    0.117042    0.169615    5.187773 v _284_/Y (sky130_fd_sc_hd__o221ai_4)
                                                         _092_ (net)
                      0.117042    0.000384    5.188157 v _289_/A1 (sky130_fd_sc_hd__a211oi_1)
     2    0.006317    0.275972    0.295370    5.483527 ^ _289_/Y (sky130_fd_sc_hd__a211oi_1)
                                                         _097_ (net)
                      0.275972    0.000236    5.483762 ^ _291_/A (sky130_fd_sc_hd__or2_1)
     2    0.008676    0.091669    0.186297    5.670059 ^ _291_/X (sky130_fd_sc_hd__or2_1)
                                                         _099_ (net)
                      0.091670    0.000565    5.670625 ^ _392_/A1 (sky130_fd_sc_hd__a21bo_1)
     2    0.009722    0.089603    0.152050    5.822674 ^ _392_/X (sky130_fd_sc_hd__a21bo_1)
                                                         _183_ (net)
                      0.089605    0.000551    5.823225 ^ _394_/A2 (sky130_fd_sc_hd__a21bo_1)
     2    0.011204    0.101433    0.161627    5.984853 ^ _394_/X (sky130_fd_sc_hd__a21bo_1)
                                                         _184_ (net)
                      0.101437    0.000794    5.985647 ^ _395_/B (sky130_fd_sc_hd__xnor2_1)
     1    0.003601    0.130856    0.127228    6.112875 ^ _395_/Y (sky130_fd_sc_hd__xnor2_1)
                                                         adder.cla_blocks[3].block.sum[2] (net)
                      0.130856    0.000251    6.113126 ^ _446_/D (sky130_fd_sc_hd__dfrtp_1)
                                              6.113126   data arrival time

                                 20.000000   20.000000   clock clk (rise edge)
                                  0.000000   20.000000   clock source latency
     1    0.017528    0.084488    0.058527   20.058527 ^ clk (in)
                                                         clk (net)
                      0.084526    0.000000   20.058527 ^ clkbuf_0_clk/A (sky130_fd_sc_hd__clkbuf_16)
     4    0.040100    0.059878    0.155508   20.214035 ^ clkbuf_0_clk/X (sky130_fd_sc_hd__clkbuf_16)
                                                         clknet_0_clk (net)
                      0.060035    0.002554   20.216589 ^ clkbuf_2_0__f_clk/A (sky130_fd_sc_hd__clkbuf_16)
     9    0.031485    0.052217    0.140364   20.356955 ^ clkbuf_2_0__f_clk/X (sky130_fd_sc_hd__clkbuf_16)
                                                         clknet_2_0__leaf_clk (net)
                      0.052287    0.002380   20.359335 ^ _446_/CLK (sky130_fd_sc_hd__dfrtp_1)
                                 -0.250000   20.109335   clock uncertainty
                                  0.000000   20.109335   clock reconvergence pessimism
                                 -0.078527   20.030807   library setup time
                                             20.030807   data required time
---------------------------------------------------------------------------------------------
                                             20.030807   data required time
                                             -6.113126   data arrival time
---------------------------------------------------------------------------------------------
                                             13.917682   slack (MET)


Startpoint: data_in[6] (input port clocked by clk)
Endpoint: _452_ (rising edge-triggered flip-flop clocked by clk)
Path Group: clk
Path Type: max

Fanout         Cap        Slew       Delay        Time   Description
---------------------------------------------------------------------------------------------
                                  0.000000    0.000000   clock clk (rise edge)
                                  0.000000    0.000000   clock network delay (propagated)
                                  4.000000    4.000000 v input external delay
     1    0.002929    0.008915    0.004690    4.004691 v data_in[6] (in)
                                                         data_in[6] (net)
                      0.008921    0.000000    4.004691 v input29/A (sky130_fd_sc_hd__buf_1)
     3    0.010402    0.066772    0.106409    4.111100 v input29/X (sky130_fd_sc_hd__buf_1)
                                                         net29 (net)
                      0.066777    0.000650    4.111749 v _272_/A (sky130_fd_sc_hd__xnor2_1)
     3    0.007124    0.075849    0.153460    4.265210 v _272_/Y (sky130_fd_sc_hd__xnor2_1)
                                                         _080_ (net)
                      0.075850    0.000461    4.265670 v _276_/A (sky130_fd_sc_hd__or3_1)
     3    0.008986    0.098766    0.420109    4.685780 v _276_/X (sky130_fd_sc_hd__or3_1)
                                                         _084_ (net)
                      0.098770    0.000713    4.686492 v _283_/A (sky130_fd_sc_hd__nor3_1)
     1    0.009682    0.322384    0.330922    5.017414 ^ _283_/Y (sky130_fd_sc_hd__nor3_1)
                                                         _091_ (net)
                      0.322387    0.000744    5.018158 ^ _284_/C1 (sky130_fd_sc_hd__o221ai_4)
     3    0.009585    0.117042    0.169615    5.187773 v _284_/Y (sky130_fd_sc_hd__o221ai_4)
                                                         _092_ (net)
                      0.117042    0.000384    5.188157 v _289_/A1 (sky130_fd_sc_hd__a211oi_1)
     2    0.006317    0.275972    0.295370    5.483527 ^ _289_/Y (sky130_fd_sc_hd__a211oi_1)
                                                         _097_ (net)
                      0.275972    0.000283    5.483809 ^ _307_/A1 (sky130_fd_sc_hd__o211a_1)
     2    0.007268    0.076891    0.226629    5.710439 ^ _307_/X (sky130_fd_sc_hd__o211a_1)
                                                         _115_ (net)
                      0.076894    0.000580    5.711018 ^ _321_/A1 (sky130_fd_sc_hd__o211ai_1)
     2    0.008380    0.115309    0.137223    5.848241 v _321_/Y (sky130_fd_sc_hd__o211ai_1)
                                                         _129_ (net)
                      0.115310    0.000582    5.848824 v _326_/A (sky130_fd_sc_hd__nand2_1)
     2    0.008428    0.091475    0.120067    5.968890 ^ _326_/Y (sky130_fd_sc_hd__nand2_1)
                                                         _134_ (net)
                      0.091475    0.000320    5.969210 ^ _375_/A (sky130_fd_sc_hd__xnor2_1)
     1    0.002669    0.113239    0.117085    6.086294 ^ _375_/Y (sky130_fd_sc_hd__xnor2_1)
                                                         adder.cla_blocks[5].block.sum[0] (net)
                      0.113239    0.000195    6.086489 ^ _452_/D (sky130_fd_sc_hd__dfrtp_1)
                                              6.086489   data arrival time

                                 20.000000   20.000000   clock clk (rise edge)
                                  0.000000   20.000000   clock source latency
     1    0.017528    0.084488    0.058527   20.058527 ^ clk (in)
                                                         clk (net)
                      0.084526    0.000000   20.058527 ^ clkbuf_0_clk/A (sky130_fd_sc_hd__clkbuf_16)
     4    0.040100    0.059878    0.155508   20.214035 ^ clkbuf_0_clk/X (sky130_fd_sc_hd__clkbuf_16)
                                                         clknet_0_clk (net)
                      0.060043    0.002617   20.216652 ^ clkbuf_2_2__f_clk/A (sky130_fd_sc_hd__clkbuf_16)
     8    0.028914    0.050056    0.138682   20.355333 ^ clkbuf_2_2__f_clk/X (sky130_fd_sc_hd__clkbuf_16)
                                                         clknet_2_2__leaf_clk (net)
                      0.050073    0.001286   20.356621 ^ _452_/CLK (sky130_fd_sc_hd__dfrtp_1)
                                 -0.250000   20.106621   clock uncertainty
                                  0.000000   20.106621   clock reconvergence pessimism
                                 -0.074807   20.031815   library setup time
                                             20.031815   data required time
---------------------------------------------------------------------------------------------
                                             20.031815   data required time
                                             -6.086489   data arrival time
---------------------------------------------------------------------------------------------
                                             13.945326   slack (MET)


Startpoint: data_in[6] (input port clocked by clk)
Endpoint: _448_ (rising edge-triggered flip-flop clocked by clk)
Path Group: clk
Path Type: max

Fanout         Cap        Slew       Delay        Time   Description
---------------------------------------------------------------------------------------------
                                  0.000000    0.000000   clock clk (rise edge)
                                  0.000000    0.000000   clock network delay (propagated)
                                  4.000000    4.000000 v input external delay
     1    0.002929    0.008915    0.004690    4.004691 v data_in[6] (in)
                                                         data_in[6] (net)
                      0.008921    0.000000    4.004691 v input29/A (sky130_fd_sc_hd__buf_1)
     3    0.010402    0.066772    0.106409    4.111100 v input29/X (sky130_fd_sc_hd__buf_1)
                                                         net29 (net)
                      0.066777    0.000650    4.111749 v _272_/A (sky130_fd_sc_hd__xnor2_1)
     3    0.007124    0.075849    0.153460    4.265210 v _272_/Y (sky130_fd_sc_hd__xnor2_1)
                                                         _080_ (net)
                      0.075850    0.000461    4.265670 v _276_/A (sky130_fd_sc_hd__or3_1)
     3    0.008986    0.098766    0.420109    4.685780 v _276_/X (sky130_fd_sc_hd__or3_1)
                                                         _084_ (net)
                      0.098770    0.000713    4.686492 v _283_/A (sky130_fd_sc_hd__nor3_1)
     1    0.009682    0.322384    0.330922    5.017414 ^ _283_/Y (sky130_fd_sc_hd__nor3_1)
                                                         _091_ (net)
                      0.322387    0.000744    5.018158 ^ _284_/C1 (sky130_fd_sc_hd__o221ai_4)
     3    0.009585    0.117042    0.169615    5.187773 v _284_/Y (sky130_fd_sc_hd__o221ai_4)
                                                         _092_ (net)
                      0.117042    0.000384    5.188157 v _289_/A1 (sky130_fd_sc_hd__a211oi_1)
     2    0.006317    0.275972    0.295370    5.483527 ^ _289_/Y (sky130_fd_sc_hd__a211oi_1)
                                                         _097_ (net)
                      0.275972    0.000283    5.483809 ^ _307_/A1 (sky130_fd_sc_hd__o211a_1)
     2    0.007268    0.076891    0.226629    5.710439 ^ _307_/X (sky130_fd_sc_hd__o211a_1)
                                                         _115_ (net)
                      0.076894    0.000547    5.710986 ^ _310_/A (sky130_fd_sc_hd__or2_1)
     2    0.008106    0.085641    0.135007    5.845993 ^ _310_/X (sky130_fd_sc_hd__or2_1)
                                                         _118_ (net)
                      0.085642    0.000475    5.846468 ^ _383_/A (sky130_fd_sc_hd__xor2_1)
     1    0.002334    0.103527    0.130942    5.977410 ^ _383_/X (sky130_fd_sc_hd__xor2_1)
                                                         adder.cla_blocks[4].block.sum[0] (net)
                      0.103527    0.000107    5.977517 ^ _448_/D (sky130_fd_sc_hd__dfrtp_1)
                                              5.977517   data arrival time

                                 20.000000   20.000000   clock clk (rise edge)
                                  0.000000   20.000000   clock source latency
     1    0.017528    0.084488    0.058527   20.058527 ^ clk (in)
                                                         clk (net)
                      0.084526    0.000000   20.058527 ^ clkbuf_0_clk/A (sky130_fd_sc_hd__clkbuf_16)
     4    0.040100    0.059878    0.155508   20.214035 ^ clkbuf_0_clk/X (sky130_fd_sc_hd__clkbuf_16)
                                                         clknet_0_clk (net)
                      0.060035    0.002554   20.216589 ^ clkbuf_2_0__f_clk/A (sky130_fd_sc_hd__clkbuf_16)
     9    0.031485    0.052217    0.140364   20.356955 ^ clkbuf_2_0__f_clk/X (sky130_fd_sc_hd__clkbuf_16)
                                                         clknet_2_0__leaf_clk (net)
                      0.052448    0.003052   20.360006 ^ _448_/CLK (sky130_fd_sc_hd__dfrtp_1)
                                 -0.250000   20.110006   clock uncertainty
                                  0.000000   20.110006   clock reconvergence pessimism
                                 -0.072202   20.037806   library setup time
                                             20.037806   data required time
---------------------------------------------------------------------------------------------
                                             20.037806   data required time
                                             -5.977517   data arrival time
---------------------------------------------------------------------------------------------
                                             14.060287   slack (MET)


Startpoint: data_in[6] (input port clocked by clk)
Endpoint: _445_ (rising edge-triggered flip-flop clocked by clk)
Path Group: clk
Path Type: max

Fanout         Cap        Slew       Delay        Time   Description
---------------------------------------------------------------------------------------------
                                  0.000000    0.000000   clock clk (rise edge)
                                  0.000000    0.000000   clock network delay (propagated)
                                  4.000000    4.000000 v input external delay
     1    0.002929    0.008915    0.004690    4.004691 v data_in[6] (in)
                                                         data_in[6] (net)
                      0.008921    0.000000    4.004691 v input29/A (sky130_fd_sc_hd__buf_1)
     3    0.010402    0.066772    0.106409    4.111100 v input29/X (sky130_fd_sc_hd__buf_1)
                                                         net29 (net)
                      0.066777    0.000650    4.111749 v _272_/A (sky130_fd_sc_hd__xnor2_1)
     3    0.007124    0.075849    0.153460    4.265210 v _272_/Y (sky130_fd_sc_hd__xnor2_1)
                                                         _080_ (net)
                      0.075850    0.000461    4.265670 v _276_/A (sky130_fd_sc_hd__or3_1)
     3    0.008986    0.098766    0.420109    4.685780 v _276_/X (sky130_fd_sc_hd__or3_1)
                                                         _084_ (net)
                      0.098770    0.000713    4.686492 v _283_/A (sky130_fd_sc_hd__nor3_1)
     1    0.009682    0.322384    0.330922    5.017414 ^ _283_/Y (sky130_fd_sc_hd__nor3_1)
                                                         _091_ (net)
                      0.322387    0.000744    5.018158 ^ _284_/C1 (sky130_fd_sc_hd__o221ai_4)
     3    0.009585    0.117042    0.169615    5.187773 v _284_/Y (sky130_fd_sc_hd__o221ai_4)
                                                         _092_ (net)
                      0.117042    0.000384    5.188157 v _289_/A1 (sky130_fd_sc_hd__a211oi_1)
     2    0.006317    0.275972    0.295370    5.483527 ^ _289_/Y (sky130_fd_sc_hd__a211oi_1)
                                                         _097_ (net)
                      0.275972    0.000236    5.483762 ^ _291_/A (sky130_fd_sc_hd__or2_1)
     2    0.008676    0.091669    0.186297    5.670059 ^ _291_/X (sky130_fd_sc_hd__or2_1)
                                                         _099_ (net)
                      0.091670    0.000565    5.670625 ^ _392_/A1 (sky130_fd_sc_hd__a21bo_1)
     2    0.009722    0.089603    0.152050    5.822674 ^ _392_/X (sky130_fd_sc_hd__a21bo_1)
                                                         _183_ (net)
                      0.089606    0.000657    5.823331 ^ _393_/B (sky130_fd_sc_hd__xnor2_1)
     1    0.003329    0.125719    0.121566    5.944897 ^ _393_/Y (sky130_fd_sc_hd__xnor2_1)
                                                         adder.cla_blocks[3].block.sum[1] (net)
                      0.125719    0.000208    5.945106 ^ _445_/D (sky130_fd_sc_hd__dfrtp_1)
                                              5.945106   data arrival time

                                 20.000000   20.000000   clock clk (rise edge)
                                  0.000000   20.000000   clock source latency
     1    0.017528    0.084488    0.058527   20.058527 ^ clk (in)
                                                         clk (net)
                      0.084526    0.000000   20.058527 ^ clkbuf_0_clk/A (sky130_fd_sc_hd__clkbuf_16)
     4    0.040100    0.059878    0.155508   20.214035 ^ clkbuf_0_clk/X (sky130_fd_sc_hd__clkbuf_16)
                                                         clknet_0_clk (net)
                      0.060035    0.002554   20.216589 ^ clkbuf_2_0__f_clk/A (sky130_fd_sc_hd__clkbuf_16)
     9    0.031485    0.052217    0.140364   20.356955 ^ clkbuf_2_0__f_clk/X (sky130_fd_sc_hd__clkbuf_16)
                                                         clknet_2_0__leaf_clk (net)
                      0.052227    0.001341   20.358295 ^ _445_/CLK (sky130_fd_sc_hd__dfrtp_1)
                                 -0.250000   20.108295   clock uncertainty
                                  0.000000   20.108295   clock reconvergence pessimism
                                 -0.077352   20.030945   library setup time
                                             20.030945   data required time
---------------------------------------------------------------------------------------------
                                             20.030945   data required time
                                             -5.945106   data arrival time
---------------------------------------------------------------------------------------------
                                             14.085838   slack (MET)


Startpoint: data_in[6] (input port clocked by clk)
Endpoint: _443_ (rising edge-triggered flip-flop clocked by clk)
Path Group: clk
Path Type: max

Fanout         Cap        Slew       Delay        Time   Description
---------------------------------------------------------------------------------------------
                                  0.000000    0.000000   clock clk (rise edge)
                                  0.000000    0.000000   clock network delay (propagated)
                                  4.000000    4.000000 v input external delay
     1    0.002929    0.008915    0.004690    4.004691 v data_in[6] (in)
                                                         data_in[6] (net)
                      0.008921    0.000000    4.004691 v input29/A (sky130_fd_sc_hd__buf_1)
     3    0.010402    0.066772    0.106409    4.111100 v input29/X (sky130_fd_sc_hd__buf_1)
                                                         net29 (net)
                      0.066777    0.000650    4.111749 v _272_/A (sky130_fd_sc_hd__xnor2_1)
     3    0.007124    0.075849    0.153460    4.265210 v _272_/Y (sky130_fd_sc_hd__xnor2_1)
                                                         _080_ (net)
                      0.075850    0.000461    4.265670 v _276_/A (sky130_fd_sc_hd__or3_1)
     3    0.008986    0.098766    0.420109    4.685780 v _276_/X (sky130_fd_sc_hd__or3_1)
                                                         _084_ (net)
                      0.098770    0.000713    4.686492 v _283_/A (sky130_fd_sc_hd__nor3_1)
     1    0.009682    0.322384    0.330922    5.017414 ^ _283_/Y (sky130_fd_sc_hd__nor3_1)
                                                         _091_ (net)
                      0.322387    0.000744    5.018158 ^ _284_/C1 (sky130_fd_sc_hd__o221ai_4)
     3    0.009585    0.117042    0.169615    5.187773 v _284_/Y (sky130_fd_sc_hd__o221ai_4)
                                                         _092_ (net)
                      0.117042    0.000364    5.188137 v _288_/A1 (sky130_fd_sc_hd__a21o_1)
     2    0.004284    0.039334    0.186963    5.375100 v _288_/X (sky130_fd_sc_hd__a21o_1)
                                                         _096_ (net)
                      0.039357    0.000265    5.375365 v _400_/B (sky130_fd_sc_hd__nand2_1)
     2    0.008777    0.093224    0.095513    5.470878 ^ _400_/Y (sky130_fd_sc_hd__nand2_1)
                                                         _187_ (net)
                      0.093229    0.000508    5.471386 ^ _402_/A2 (sky130_fd_sc_hd__a21bo_1)
     2    0.010241    0.093669    0.157359    5.628745 ^ _402_/X (sky130_fd_sc_hd__a21bo_1)
                                                         _188_ (net)
                      0.093669    0.000400    5.629145 ^ _404_/A2 (sky130_fd_sc_hd__a21bo_1)
     1    0.005828    0.059378    0.131771    5.760915 ^ _404_/X (sky130_fd_sc_hd__a21bo_1)
                                                         _189_ (net)
                      0.059380    0.000427    5.761342 ^ _405_/B (sky130_fd_sc_hd__xnor2_1)
     1    0.002503    0.110095    0.106019    5.867362 ^ _405_/Y (sky130_fd_sc_hd__xnor2_1)
                                                         adder.cla_blocks[2].block.sum[3] (net)
                      0.110095    0.000171    5.867533 ^ _443_/D (sky130_fd_sc_hd__dfrtp_1)
                                              5.867533   data arrival time

                                 20.000000   20.000000   clock clk (rise edge)
                                  0.000000   20.000000   clock source latency
     1    0.017528    0.084488    0.058527   20.058527 ^ clk (in)
                                                         clk (net)
                      0.084526    0.000000   20.058527 ^ clkbuf_0_clk/A (sky130_fd_sc_hd__clkbuf_16)
     4    0.040100    0.059878    0.155508   20.214035 ^ clkbuf_0_clk/X (sky130_fd_sc_hd__clkbuf_16)
                                                         clknet_0_clk (net)
                      0.060035    0.002554   20.216589 ^ clkbuf_2_0__f_clk/A (sky130_fd_sc_hd__clkbuf_16)
     9    0.031485    0.052217    0.140364   20.356955 ^ clkbuf_2_0__f_clk/X (sky130_fd_sc_hd__clkbuf_16)
                                                         clknet_2_0__leaf_clk (net)
                      0.052232    0.001585   20.358538 ^ _443_/CLK (sky130_fd_sc_hd__dfrtp_1)
                                 -0.250000   20.108540   clock uncertainty
                                  0.000000   20.108540   clock reconvergence pessimism
                                 -0.073749   20.034790   library setup time
                                             20.034790   data required time
---------------------------------------------------------------------------------------------
                                             20.034790   data required time
                                             -5.867533   data arrival time
---------------------------------------------------------------------------------------------
                                             14.167258   slack (MET)


Startpoint: data_in[0] (input port clocked by clk)
Endpoint: _439_ (rising edge-triggered flip-flop clocked by clk)
Path Group: clk
Path Type: max

Fanout         Cap        Slew       Delay        Time   Description
---------------------------------------------------------------------------------------------
                                  0.000000    0.000000   clock clk (rise edge)
                                  0.000000    0.000000   clock network delay (propagated)
                                  4.000000    4.000000 ^ input external delay
     1    0.004239    0.025985    0.015421    4.015420 ^ data_in[0] (in)
                                                         data_in[0] (net)
                      0.025986    0.000000    4.015420 ^ input1/A (sky130_fd_sc_hd__clkbuf_1)
     2    0.005584    0.074940    0.096081    4.111502 ^ input1/X (sky130_fd_sc_hd__clkbuf_1)
                                                         net1 (net)
                      0.074941    0.000349    4.111851 ^ _266_/A (sky130_fd_sc_hd__nand2_1)
     3    0.010333    0.081008    0.092992    4.204843 v _266_/Y (sky130_fd_sc_hd__nand2_1)
                                                         _074_ (net)
                      0.081019    0.000766    4.205610 v _267_/A2 (sky130_fd_sc_hd__o21a_1)
     2    0.007571    0.057274    0.201043    4.406653 v _267_/X (sky130_fd_sc_hd__o21a_1)
                                                         _075_ (net)
                      0.057275    0.000306    4.406959 v _268_/C (sky130_fd_sc_hd__nor3_2)
     4    0.021660    0.388928    0.309616    4.716575 ^ _268_/Y (sky130_fd_sc_hd__nor3_2)
                                                         _076_ (net)
                      0.388933    0.001191    4.717766 ^ _271_/B1 (sky130_fd_sc_hd__o22ai_1)
     2    0.005780    0.122917    0.173945    4.891712 v _271_/Y (sky130_fd_sc_hd__o22ai_1)
                                                         _079_ (net)
                      0.122917    0.000202    4.891913 v _406_/A (sky130_fd_sc_hd__or2_1)
     3    0.007497    0.069652    0.277227    5.169140 v _406_/X (sky130_fd_sc_hd__or2_1)
                                                         _190_ (net)
                      0.069653    0.000371    5.169512 v _409_/A2 (sky130_fd_sc_hd__a21o_1)
     3    0.007566    0.053731    0.203757    5.373269 v _409_/X (sky130_fd_sc_hd__a21o_1)
                                                         _192_ (net)
                      0.053734    0.000438    5.373706 v _412_/A2 (sky130_fd_sc_hd__a21oi_1)
     2    0.006376    0.169512    0.189726    5.563433 ^ _412_/Y (sky130_fd_sc_hd__a21oi_1)
                                                         _194_ (net)
                      0.169547    0.000503    5.563936 ^ _415_/B1 (sky130_fd_sc_hd__a21oi_1)
     1    0.005956    0.069445    0.079727    5.643663 v _415_/Y (sky130_fd_sc_hd__a21oi_1)
                                                         _196_ (net)
                      0.069446    0.000425    5.644088 v _416_/B (sky130_fd_sc_hd__xnor2_1)
     1    0.002310    0.043417    0.124690    5.768778 v _416_/Y (sky130_fd_sc_hd__xnor2_1)
                                                         adder.cla_blocks[1].block.sum[3] (net)
                      0.043419    0.000162    5.768939 v _439_/D (sky130_fd_sc_hd__dfrtp_1)
                                              5.768939   data arrival time

                                 20.000000   20.000000   clock clk (rise edge)
                                  0.000000   20.000000   clock source latency
     1    0.017528    0.084488    0.058527   20.058527 ^ clk (in)
                                                         clk (net)
                      0.084526    0.000000   20.058527 ^ clkbuf_0_clk/A (sky130_fd_sc_hd__clkbuf_16)
     4    0.040100    0.059878    0.155508   20.214035 ^ clkbuf_0_clk/X (sky130_fd_sc_hd__clkbuf_16)
                                                         clknet_0_clk (net)
                      0.060023    0.002458   20.216494 ^ clkbuf_2_1__f_clk/A (sky130_fd_sc_hd__clkbuf_16)
     9    0.030430    0.051333    0.139957   20.356451 ^ clkbuf_2_1__f_clk/X (sky130_fd_sc_hd__clkbuf_16)
                                                         clknet_2_1__leaf_clk (net)
                      0.051344    0.001403   20.357855 ^ _439_/CLK (sky130_fd_sc_hd__dfrtp_1)
                                 -0.250000   20.107855   clock uncertainty
                                  0.000000   20.107855   clock reconvergence pessimism
                                 -0.112132   19.995724   library setup time
                                             19.995724   data required time
---------------------------------------------------------------------------------------------
                                             19.995724   data required time
                                             -5.768939   data arrival time
---------------------------------------------------------------------------------------------
                                             14.226784   slack (MET)


Startpoint: data_in[6] (input port clocked by clk)
Endpoint: _444_ (rising edge-triggered flip-flop clocked by clk)
Path Group: clk
Path Type: max

Fanout         Cap        Slew       Delay        Time   Description
---------------------------------------------------------------------------------------------
                                  0.000000    0.000000   clock clk (rise edge)
                                  0.000000    0.000000   clock network delay (propagated)
                                  4.000000    4.000000 v input external delay
     1    0.002929    0.008915    0.004690    4.004691 v data_in[6] (in)
                                                         data_in[6] (net)
                      0.008921    0.000000    4.004691 v input29/A (sky130_fd_sc_hd__buf_1)
     3    0.010402    0.066772    0.106409    4.111100 v input29/X (sky130_fd_sc_hd__buf_1)
                                                         net29 (net)
                      0.066777    0.000650    4.111749 v _272_/A (sky130_fd_sc_hd__xnor2_1)
     3    0.007124    0.075849    0.153460    4.265210 v _272_/Y (sky130_fd_sc_hd__xnor2_1)
                                                         _080_ (net)
                      0.075850    0.000461    4.265670 v _276_/A (sky130_fd_sc_hd__or3_1)
     3    0.008986    0.098766    0.420109    4.685780 v _276_/X (sky130_fd_sc_hd__or3_1)
                                                         _084_ (net)
                      0.098770    0.000713    4.686492 v _283_/A (sky130_fd_sc_hd__nor3_1)
     1    0.009682    0.322384    0.330922    5.017414 ^ _283_/Y (sky130_fd_sc_hd__nor3_1)
                                                         _091_ (net)
                      0.322387    0.000744    5.018158 ^ _284_/C1 (sky130_fd_sc_hd__o221ai_4)
     3    0.009585    0.117042    0.169615    5.187773 v _284_/Y (sky130_fd_sc_hd__o221ai_4)
                                                         _092_ (net)
                      0.117042    0.000384    5.188157 v _289_/A1 (sky130_fd_sc_hd__a211oi_1)
     2    0.006317    0.275972    0.295370    5.483527 ^ _289_/Y (sky130_fd_sc_hd__a211oi_1)
                                                         _097_ (net)
                      0.275972    0.000236    5.483762 ^ _291_/A (sky130_fd_sc_hd__or2_1)
     2    0.008676    0.091669    0.186297    5.670059 ^ _291_/X (sky130_fd_sc_hd__or2_1)
                                                         _099_ (net)
                      0.091671    0.000588    5.670647 ^ _391_/A (sky130_fd_sc_hd__xor2_1)
     1    0.002283    0.102653    0.131872    5.802519 ^ _391_/X (sky130_fd_sc_hd__xor2_1)
                                                         adder.cla_blocks[3].block.sum[0] (net)
                      0.102653    0.000105    5.802624 ^ _444_/D (sky130_fd_sc_hd__dfrtp_1)
                                              5.802624   data arrival time

                                 20.000000   20.000000   clock clk (rise edge)
                                  0.000000   20.000000   clock source latency
     1    0.017528    0.084488    0.058527   20.058527 ^ clk (in)
                                                         clk (net)
                      0.084526    0.000000   20.058527 ^ clkbuf_0_clk/A (sky130_fd_sc_hd__clkbuf_16)
     4    0.040100    0.059878    0.155508   20.214035 ^ clkbuf_0_clk/X (sky130_fd_sc_hd__clkbuf_16)
                                                         clknet_0_clk (net)
                      0.060035    0.002554   20.216589 ^ clkbuf_2_0__f_clk/A (sky130_fd_sc_hd__clkbuf_16)
     9    0.031485    0.052217    0.140364   20.356955 ^ clkbuf_2_0__f_clk/X (sky130_fd_sc_hd__clkbuf_16)
                                                         clknet_2_0__leaf_clk (net)
                      0.052228    0.001362   20.358316 ^ _444_/CLK (sky130_fd_sc_hd__dfrtp_1)
                                 -0.250000   20.108316   clock uncertainty
                                  0.000000   20.108316   clock reconvergence pessimism
                                 -0.072034   20.036282   library setup time
                                             20.036282   data required time
---------------------------------------------------------------------------------------------
                                             20.036282   data required time
                                             -5.802624   data arrival time
---------------------------------------------------------------------------------------------
                                             14.233658   slack (MET)


Startpoint: data_in[6] (input port clocked by clk)
Endpoint: _442_ (rising edge-triggered flip-flop clocked by clk)
Path Group: clk
Path Type: max

Fanout         Cap        Slew       Delay        Time   Description
---------------------------------------------------------------------------------------------
                                  0.000000    0.000000   clock clk (rise edge)
                                  0.000000    0.000000   clock network delay (propagated)
                                  4.000000    4.000000 v input external delay
     1    0.002929    0.008915    0.004690    4.004691 v data_in[6] (in)
                                                         data_in[6] (net)
                      0.008921    0.000000    4.004691 v input29/A (sky130_fd_sc_hd__buf_1)
     3    0.010402    0.066772    0.106409    4.111100 v input29/X (sky130_fd_sc_hd__buf_1)
                                                         net29 (net)
                      0.066777    0.000650    4.111749 v _272_/A (sky130_fd_sc_hd__xnor2_1)
     3    0.007124    0.075849    0.153460    4.265210 v _272_/Y (sky130_fd_sc_hd__xnor2_1)
                                                         _080_ (net)
                      0.075850    0.000461    4.265670 v _276_/A (sky130_fd_sc_hd__or3_1)
     3    0.008986    0.098766    0.420109    4.685780 v _276_/X (sky130_fd_sc_hd__or3_1)
                                                         _084_ (net)
                      0.098770    0.000713    4.686492 v _283_/A (sky130_fd_sc_hd__nor3_1)
     1    0.009682    0.322384    0.330922    5.017414 ^ _283_/Y (sky130_fd_sc_hd__nor3_1)
                                                         _091_ (net)
                      0.322387    0.000744    5.018158 ^ _284_/C1 (sky130_fd_sc_hd__o221ai_4)
     3    0.009585    0.117042    0.169615    5.187773 v _284_/Y (sky130_fd_sc_hd__o221ai_4)
                                                         _092_ (net)
                      0.117042    0.000364    5.188137 v _288_/A1 (sky130_fd_sc_hd__a21o_1)
     2    0.004284    0.039334    0.186963    5.375100 v _288_/X (sky130_fd_sc_hd__a21o_1)
                                                         _096_ (net)
                      0.039357    0.000265    5.375365 v _400_/B (sky130_fd_sc_hd__nand2_1)
     2    0.008777    0.093224    0.095513    5.470878 ^ _400_/Y (sky130_fd_sc_hd__nand2_1)
                                                         _187_ (net)
                      0.093229    0.000508    5.471386 ^ _402_/A2 (sky130_fd_sc_hd__a21bo_1)
     2    0.010241    0.093669    0.157359    5.628745 ^ _402_/X (sky130_fd_sc_hd__a21bo_1)
                                                         _188_ (net)
                      0.093670    0.000509    5.629254 ^ _403_/B (sky130_fd_sc_hd__xnor2_1)
     1    0.002641    0.112713    0.117418    5.746672 ^ _403_/Y (sky130_fd_sc_hd__xnor2_1)
                                                         adder.cla_blocks[2].block.sum[2] (net)
                      0.112713    0.000174    5.746846 ^ _442_/D (sky130_fd_sc_hd__dfrtp_1)
                                              5.746846   data arrival time

                                 20.000000   20.000000   clock clk (rise edge)
                                  0.000000   20.000000   clock source latency
     1    0.017528    0.084488    0.058527   20.058527 ^ clk (in)
                                                         clk (net)
                      0.084526    0.000000   20.058527 ^ clkbuf_0_clk/A (sky130_fd_sc_hd__clkbuf_16)
     4    0.040100    0.059878    0.155508   20.214035 ^ clkbuf_0_clk/X (sky130_fd_sc_hd__clkbuf_16)
                                                         clknet_0_clk (net)
                      0.060035    0.002554   20.216589 ^ clkbuf_2_0__f_clk/A (sky130_fd_sc_hd__clkbuf_16)
     9    0.031485    0.052217    0.140364   20.356955 ^ clkbuf_2_0__f_clk/X (sky130_fd_sc_hd__clkbuf_16)
                                                         clknet_2_0__leaf_clk (net)
                      0.052275    0.002268   20.359222 ^ _442_/CLK (sky130_fd_sc_hd__dfrtp_1)
                                 -0.250000   20.109222   clock uncertainty
                                  0.000000   20.109222   clock reconvergence pessimism
                                 -0.074346   20.034878   library setup time
                                             20.034878   data required time
---------------------------------------------------------------------------------------------
                                             20.034878   data required time
                                             -5.746846   data arrival time
---------------------------------------------------------------------------------------------
                                             14.288031   slack (MET)


Startpoint: data_in[0] (input port clocked by clk)
Endpoint: _438_ (rising edge-triggered flip-flop clocked by clk)
Path Group: clk
Path Type: max

Fanout         Cap        Slew       Delay        Time   Description
---------------------------------------------------------------------------------------------
                                  0.000000    0.000000   clock clk (rise edge)
                                  0.000000    0.000000   clock network delay (propagated)
                                  4.000000    4.000000 ^ input external delay
     1    0.004239    0.025985    0.015421    4.015420 ^ data_in[0] (in)
                                                         data_in[0] (net)
                      0.025986    0.000000    4.015420 ^ input1/A (sky130_fd_sc_hd__clkbuf_1)
     2    0.005584    0.074940    0.096081    4.111502 ^ input1/X (sky130_fd_sc_hd__clkbuf_1)
                                                         net1 (net)
                      0.074941    0.000349    4.111851 ^ _266_/A (sky130_fd_sc_hd__nand2_1)
     3    0.010333    0.081008    0.092992    4.204843 v _266_/Y (sky130_fd_sc_hd__nand2_1)
                                                         _074_ (net)
                      0.081019    0.000766    4.205610 v _267_/A2 (sky130_fd_sc_hd__o21a_1)
     2    0.007571    0.057274    0.201043    4.406653 v _267_/X (sky130_fd_sc_hd__o21a_1)
                                                         _075_ (net)
                      0.057275    0.000306    4.406959 v _268_/C (sky130_fd_sc_hd__nor3_2)
     4    0.021660    0.388928    0.309616    4.716575 ^ _268_/Y (sky130_fd_sc_hd__nor3_2)
                                                         _076_ (net)
                      0.388933    0.001191    4.717766 ^ _271_/B1 (sky130_fd_sc_hd__o22ai_1)
     2    0.005780    0.122917    0.173945    4.891712 v _271_/Y (sky130_fd_sc_hd__o22ai_1)
                                                         _079_ (net)
                      0.122917    0.000202    4.891913 v _406_/A (sky130_fd_sc_hd__or2_1)
     3    0.007497    0.069652    0.277227    5.169140 v _406_/X (sky130_fd_sc_hd__or2_1)
                                                         _190_ (net)
                      0.069653    0.000371    5.169512 v _409_/A2 (sky130_fd_sc_hd__a21o_1)
     3    0.007566    0.053731    0.203757    5.373269 v _409_/X (sky130_fd_sc_hd__a21o_1)
                                                         _192_ (net)
                      0.053734    0.000438    5.373706 v _412_/A2 (sky130_fd_sc_hd__a21oi_1)
     2    0.006376    0.169512    0.189726    5.563433 ^ _412_/Y (sky130_fd_sc_hd__a21oi_1)
                                                         _194_ (net)
                      0.169546    0.000418    5.563850 ^ _414_/A (sky130_fd_sc_hd__nor2_1)
     1    0.003996    0.050892    0.075980    5.639831 v _414_/Y (sky130_fd_sc_hd__nor2_1)
                                                         adder.cla_blocks[1].block.sum[2] (net)
                      0.050892    0.000167    5.639997 v _438_/D (sky130_fd_sc_hd__dfrtp_1)
                                              5.639997   data arrival time

                                 20.000000   20.000000   clock clk (rise edge)
                                  0.000000   20.000000   clock source latency
     1    0.017528    0.084488    0.058527   20.058527 ^ clk (in)
                                                         clk (net)
                      0.084526    0.000000   20.058527 ^ clkbuf_0_clk/A (sky130_fd_sc_hd__clkbuf_16)
     4    0.040100    0.059878    0.155508   20.214035 ^ clkbuf_0_clk/X (sky130_fd_sc_hd__clkbuf_16)
                                                         clknet_0_clk (net)
                      0.060023    0.002458   20.216494 ^ clkbuf_2_1__f_clk/A (sky130_fd_sc_hd__clkbuf_16)
     9    0.030430    0.051333    0.139957   20.356451 ^ clkbuf_2_1__f_clk/X (sky130_fd_sc_hd__clkbuf_16)
                                                         clknet_2_1__leaf_clk (net)
                      0.051349    0.001632   20.358084 ^ _438_/CLK (sky130_fd_sc_hd__dfrtp_1)
                                 -0.250000   20.108084   clock uncertainty
                                  0.000000   20.108084   clock reconvergence pessimism
                                 -0.115391   19.992695   library setup time
                                             19.992695   data required time
---------------------------------------------------------------------------------------------
                                             19.992695   data required time
                                             -5.639997   data arrival time
---------------------------------------------------------------------------------------------
                                             14.352697   slack (MET)


Startpoint: data_in[6] (input port clocked by clk)
Endpoint: _441_ (rising edge-triggered flip-flop clocked by clk)
Path Group: clk
Path Type: max

Fanout         Cap        Slew       Delay        Time   Description
---------------------------------------------------------------------------------------------
                                  0.000000    0.000000   clock clk (rise edge)
                                  0.000000    0.000000   clock network delay (propagated)
                                  4.000000    4.000000 v input external delay
     1    0.002929    0.008915    0.004690    4.004691 v data_in[6] (in)
                                                         data_in[6] (net)
                      0.008921    0.000000    4.004691 v input29/A (sky130_fd_sc_hd__buf_1)
     3    0.010402    0.066772    0.106409    4.111100 v input29/X (sky130_fd_sc_hd__buf_1)
                                                         net29 (net)
                      0.066777    0.000650    4.111749 v _272_/A (sky130_fd_sc_hd__xnor2_1)
     3    0.007124    0.075849    0.153460    4.265210 v _272_/Y (sky130_fd_sc_hd__xnor2_1)
                                                         _080_ (net)
                      0.075850    0.000461    4.265670 v _276_/A (sky130_fd_sc_hd__or3_1)
     3    0.008986    0.098766    0.420109    4.685780 v _276_/X (sky130_fd_sc_hd__or3_1)
                                                         _084_ (net)
                      0.098770    0.000713    4.686492 v _283_/A (sky130_fd_sc_hd__nor3_1)
     1    0.009682    0.322384    0.330922    5.017414 ^ _283_/Y (sky130_fd_sc_hd__nor3_1)
                                                         _091_ (net)
                      0.322387    0.000744    5.018158 ^ _284_/C1 (sky130_fd_sc_hd__o221ai_4)
     3    0.009585    0.117042    0.169615    5.187773 v _284_/Y (sky130_fd_sc_hd__o221ai_4)
                                                         _092_ (net)
                      0.117042    0.000364    5.188137 v _288_/A1 (sky130_fd_sc_hd__a21o_1)
     2    0.004284    0.039334    0.186963    5.375100 v _288_/X (sky130_fd_sc_hd__a21o_1)
                                                         _096_ (net)
                      0.039357    0.000265    5.375365 v _400_/B (sky130_fd_sc_hd__nand2_1)
     2    0.008777    0.093224    0.095513    5.470878 ^ _400_/Y (sky130_fd_sc_hd__nand2_1)
                                                         _187_ (net)
                      0.093229    0.000551    5.471429 ^ _401_/B (sky130_fd_sc_hd__xnor2_1)
     1    0.003384    0.126747    0.123084    5.594513 ^ _401_/Y (sky130_fd_sc_hd__xnor2_1)
                                                         adder.cla_blocks[2].block.sum[1] (net)
                      0.126747    0.000207    5.594720 ^ _441_/D (sky130_fd_sc_hd__dfrtp_1)
                                              5.594720   data arrival time

                                 20.000000   20.000000   clock clk (rise edge)
                                  0.000000   20.000000   clock source latency
     1    0.017528    0.084488    0.058527   20.058527 ^ clk (in)
                                                         clk (net)
                      0.084526    0.000000   20.058527 ^ clkbuf_0_clk/A (sky130_fd_sc_hd__clkbuf_16)
     4    0.040100    0.059878    0.155508   20.214035 ^ clkbuf_0_clk/X (sky130_fd_sc_hd__clkbuf_16)
                                                         clknet_0_clk (net)
                      0.060023    0.002458   20.216494 ^ clkbuf_2_1__f_clk/A (sky130_fd_sc_hd__clkbuf_16)
     9    0.030430    0.051333    0.139957   20.356451 ^ clkbuf_2_1__f_clk/X (sky130_fd_sc_hd__clkbuf_16)
                                                         clknet_2_1__leaf_clk (net)
                      0.051347    0.001565   20.358017 ^ _441_/CLK (sky130_fd_sc_hd__dfrtp_1)
                                 -0.250000   20.108017   clock uncertainty
                                  0.000000   20.108017   clock reconvergence pessimism
                                 -0.077725   20.030291   library setup time
                                             20.030291   data required time
---------------------------------------------------------------------------------------------
                                             20.030291   data required time
                                             -5.594720   data arrival time
---------------------------------------------------------------------------------------------
                                             14.435571   slack (MET)


Startpoint: data_in[0] (input port clocked by clk)
Endpoint: _437_ (rising edge-triggered flip-flop clocked by clk)
Path Group: clk
Path Type: max

Fanout         Cap        Slew       Delay        Time   Description
---------------------------------------------------------------------------------------------
                                  0.000000    0.000000   clock clk (rise edge)
                                  0.000000    0.000000   clock network delay (propagated)
                                  4.000000    4.000000 ^ input external delay
     1    0.004239    0.025985    0.015421    4.015420 ^ data_in[0] (in)
                                                         data_in[0] (net)
                      0.025986    0.000000    4.015420 ^ input1/A (sky130_fd_sc_hd__clkbuf_1)
     2    0.005584    0.074940    0.096081    4.111502 ^ input1/X (sky130_fd_sc_hd__clkbuf_1)
                                                         net1 (net)
                      0.074941    0.000349    4.111851 ^ _266_/A (sky130_fd_sc_hd__nand2_1)
     3    0.010333    0.081008    0.092992    4.204843 v _266_/Y (sky130_fd_sc_hd__nand2_1)
                                                         _074_ (net)
                      0.081019    0.000766    4.205610 v _267_/A2 (sky130_fd_sc_hd__o21a_1)
     2    0.007571    0.057274    0.201043    4.406653 v _267_/X (sky130_fd_sc_hd__o21a_1)
                                                         _075_ (net)
                      0.057275    0.000306    4.406959 v _268_/C (sky130_fd_sc_hd__nor3_2)
     4    0.021660    0.388928    0.309616    4.716575 ^ _268_/Y (sky130_fd_sc_hd__nor3_2)
                                                         _076_ (net)
                      0.388933    0.001191    4.717766 ^ _271_/B1 (sky130_fd_sc_hd__o22ai_1)
     2    0.005780    0.122917    0.173945    4.891712 v _271_/Y (sky130_fd_sc_hd__o22ai_1)
                                                         _079_ (net)
                      0.122917    0.000202    4.891913 v _406_/A (sky130_fd_sc_hd__or2_1)
     3    0.007497    0.069652    0.277227    5.169140 v _406_/X (sky130_fd_sc_hd__or2_1)
                                                         _190_ (net)
                      0.069653    0.000371    5.169512 v _409_/A2 (sky130_fd_sc_hd__a21o_1)
     3    0.007566    0.053731    0.203757    5.373269 v _409_/X (sky130_fd_sc_hd__a21o_1)
                                                         _192_ (net)
                      0.053731    0.000224    5.373492 v _411_/A (sky130_fd_sc_hd__and2_1)
     1    0.002176    0.032512    0.131741    5.505233 v _411_/X (sky130_fd_sc_hd__and2_1)
                                                         adder.cla_blocks[1].block.sum[1] (net)
                      0.032512    0.000158    5.505391 v _437_/D (sky130_fd_sc_hd__dfrtp_1)
                                              5.505391   data arrival time

                                 20.000000   20.000000   clock clk (rise edge)
                                  0.000000   20.000000   clock source latency
     1    0.017528    0.084488    0.058527   20.058527 ^ clk (in)
                                                         clk (net)
                      0.084526    0.000000   20.058527 ^ clkbuf_0_clk/A (sky130_fd_sc_hd__clkbuf_16)
     4    0.040100    0.059878    0.155508   20.214035 ^ clkbuf_0_clk/X (sky130_fd_sc_hd__clkbuf_16)
                                                         clknet_0_clk (net)
                      0.060023    0.002458   20.216494 ^ clkbuf_2_1__f_clk/A (sky130_fd_sc_hd__clkbuf_16)
     9    0.030430    0.051333    0.139957   20.356451 ^ clkbuf_2_1__f_clk/X (sky130_fd_sc_hd__clkbuf_16)
                                                         clknet_2_1__leaf_clk (net)
                      0.051343    0.001297   20.357748 ^ _437_/CLK (sky130_fd_sc_hd__dfrtp_1)
                                 -0.250000   20.107748   clock uncertainty
                                  0.000000   20.107748   clock reconvergence pessimism
                                 -0.107376   20.000374   library setup time
                                             20.000374   data required time
---------------------------------------------------------------------------------------------
                                             20.000374   data required time
                                             -5.505391   data arrival time
---------------------------------------------------------------------------------------------
                                             14.494983   slack (MET)


Startpoint: data_in[6] (input port clocked by clk)
Endpoint: _440_ (rising edge-triggered flip-flop clocked by clk)
Path Group: clk
Path Type: max

Fanout         Cap        Slew       Delay        Time   Description
---------------------------------------------------------------------------------------------
                                  0.000000    0.000000   clock clk (rise edge)
                                  0.000000    0.000000   clock network delay (propagated)
                                  4.000000    4.000000 v input external delay
     1    0.002929    0.008915    0.004690    4.004691 v data_in[6] (in)
                                                         data_in[6] (net)
                      0.008921    0.000000    4.004691 v input29/A (sky130_fd_sc_hd__buf_1)
     3    0.010402    0.066772    0.106409    4.111100 v input29/X (sky130_fd_sc_hd__buf_1)
                                                         net29 (net)
                      0.066777    0.000650    4.111749 v _272_/A (sky130_fd_sc_hd__xnor2_1)
     3    0.007124    0.075849    0.153460    4.265210 v _272_/Y (sky130_fd_sc_hd__xnor2_1)
                                                         _080_ (net)
                      0.075850    0.000461    4.265670 v _276_/A (sky130_fd_sc_hd__or3_1)
     3    0.008986    0.098766    0.420109    4.685780 v _276_/X (sky130_fd_sc_hd__or3_1)
                                                         _084_ (net)
                      0.098770    0.000713    4.686492 v _283_/A (sky130_fd_sc_hd__nor3_1)
     1    0.009682    0.322384    0.330922    5.017414 ^ _283_/Y (sky130_fd_sc_hd__nor3_1)
                                                         _091_ (net)
                      0.322387    0.000744    5.018158 ^ _284_/C1 (sky130_fd_sc_hd__o221ai_4)
     3    0.009585    0.117042    0.169615    5.187773 v _284_/Y (sky130_fd_sc_hd__o221ai_4)
                                                         _092_ (net)
                      0.117042    0.000364    5.188137 v _288_/A1 (sky130_fd_sc_hd__a21o_1)
     2    0.004284    0.039334    0.186963    5.375100 v _288_/X (sky130_fd_sc_hd__a21o_1)
                                                         _096_ (net)
                      0.039334    0.000224    5.375324 v _399_/A (sky130_fd_sc_hd__and2_1)
     1    0.002219    0.032668    0.126045    5.501370 v _399_/X (sky130_fd_sc_hd__and2_1)
                                                         adder.cla_blocks[2].block.sum[0] (net)
                      0.032668    0.000102    5.501472 v _440_/D (sky130_fd_sc_hd__dfrtp_1)
                                              5.501472   data arrival time

                                 20.000000   20.000000   clock clk (rise edge)
                                  0.000000   20.000000   clock source latency
     1    0.017528    0.084488    0.058527   20.058527 ^ clk (in)
                                                         clk (net)
                      0.084526    0.000000   20.058527 ^ clkbuf_0_clk/A (sky130_fd_sc_hd__clkbuf_16)
     4    0.040100    0.059878    0.155508   20.214035 ^ clkbuf_0_clk/X (sky130_fd_sc_hd__clkbuf_16)
                                                         clknet_0_clk (net)
                      0.060023    0.002458   20.216494 ^ clkbuf_2_1__f_clk/A (sky130_fd_sc_hd__clkbuf_16)
     9    0.030430    0.051333    0.139957   20.356451 ^ clkbuf_2_1__f_clk/X (sky130_fd_sc_hd__clkbuf_16)
                                                         clknet_2_1__leaf_clk (net)
                      0.051339    0.001011   20.357462 ^ _440_/CLK (sky130_fd_sc_hd__dfrtp_1)
                                 -0.250000   20.107464   clock uncertainty
                                  0.000000   20.107464   clock reconvergence pessimism
                                 -0.107444   20.000019   library setup time
                                             20.000019   data required time
---------------------------------------------------------------------------------------------
                                             20.000019   data required time
                                             -5.501472   data arrival time
---------------------------------------------------------------------------------------------
                                             14.498547   slack (MET)


Startpoint: _435_ (rising edge-triggered flip-flop clocked by clk)
Endpoint: acc[3] (output port clocked by clk)
Path Group: clk
Path Type: max

Fanout         Cap        Slew       Delay        Time   Description
---------------------------------------------------------------------------------------------
                                  0.000000    0.000000   clock clk (rise edge)
                                  0.000000    0.000000   clock source latency
     1    0.017528    0.084488    0.058527    0.058527 ^ clk (in)
                                                         clk (net)
                      0.084526    0.000000    0.058527 ^ clkbuf_0_clk/A (sky130_fd_sc_hd__clkbuf_16)
     4    0.040100    0.059878    0.155508    0.214035 ^ clkbuf_0_clk/X (sky130_fd_sc_hd__clkbuf_16)
                                                         clknet_0_clk (net)
                      0.060023    0.002459    0.216494 ^ clkbuf_2_1__f_clk/A (sky130_fd_sc_hd__clkbuf_16)
     9    0.030430    0.051333    0.139958    0.356452 ^ clkbuf_2_1__f_clk/X (sky130_fd_sc_hd__clkbuf_16)
                                                         clknet_2_1__leaf_clk (net)
                      0.051338    0.000923    0.357375 ^ _435_/CLK (sky130_fd_sc_hd__dfrtp_4)
     5    0.027586    0.089463    0.513053    0.870427 v _435_/Q (sky130_fd_sc_hd__dfrtp_4)
                                                         net59 (net)
                      0.089466    0.001550    0.871977 v output59/A (sky130_fd_sc_hd__buf_2)
     1    0.034439    0.090280    0.199650    1.071627 v output59/X (sky130_fd_sc_hd__buf_2)
                                                         acc[3] (net)
                      0.090316    0.001667    1.073294 v acc[3] (out)
                                              1.073294   data arrival time

                                 20.000000   20.000000   clock clk (rise edge)
                                  0.000000   20.000000   clock network delay (propagated)
                                 -0.250000   19.750002   clock uncertainty
                                  0.000000   19.750002   clock reconvergence pessimism
                                 -4.000000   15.750001   output external delay
                                             15.750001   data required time
---------------------------------------------------------------------------------------------
                                             15.750001   data required time
                                             -1.073294   data arrival time
---------------------------------------------------------------------------------------------
                                             14.676707   slack (MET)


Startpoint: data_in[0] (input port clocked by clk)
Endpoint: _436_ (rising edge-triggered flip-flop clocked by clk)
Path Group: clk
Path Type: max

Fanout         Cap        Slew       Delay        Time   Description
---------------------------------------------------------------------------------------------
                                  0.000000    0.000000   clock clk (rise edge)
                                  0.000000    0.000000   clock network delay (propagated)
                                  4.000000    4.000000 ^ input external delay
     1    0.004239    0.025985    0.015421    4.015420 ^ data_in[0] (in)
                                                         data_in[0] (net)
                      0.025986    0.000000    4.015420 ^ input1/A (sky130_fd_sc_hd__clkbuf_1)
     2    0.005584    0.074940    0.096081    4.111502 ^ input1/X (sky130_fd_sc_hd__clkbuf_1)
                                                         net1 (net)
                      0.074941    0.000349    4.111851 ^ _266_/A (sky130_fd_sc_hd__nand2_1)
     3    0.010333    0.081008    0.092992    4.204843 v _266_/Y (sky130_fd_sc_hd__nand2_1)
                                                         _074_ (net)
                      0.081019    0.000766    4.205610 v _267_/A2 (sky130_fd_sc_hd__o21a_1)
     2    0.007571    0.057274    0.201043    4.406653 v _267_/X (sky130_fd_sc_hd__o21a_1)
                                                         _075_ (net)
                      0.057275    0.000306    4.406959 v _268_/C (sky130_fd_sc_hd__nor3_2)
     4    0.021660    0.388928    0.309616    4.716575 ^ _268_/Y (sky130_fd_sc_hd__nor3_2)
                                                         _076_ (net)
                      0.388933    0.001191    4.717766 ^ _271_/B1 (sky130_fd_sc_hd__o22ai_1)
     2    0.005780    0.122917    0.173945    4.891712 v _271_/Y (sky130_fd_sc_hd__o22ai_1)
                                                         _079_ (net)
                      0.122917    0.000202    4.891913 v _406_/A (sky130_fd_sc_hd__or2_1)
     3    0.007497    0.069652    0.277227    5.169140 v _406_/X (sky130_fd_sc_hd__or2_1)
                                                         _190_ (net)
                      0.069652    0.000211    5.169351 v _408_/A (sky130_fd_sc_hd__and2_1)
     1    0.002259    0.032822    0.139378    5.308729 v _408_/X (sky130_fd_sc_hd__and2_1)
                                                         adder.cla_blocks[1].block.sum[0] (net)
                      0.032822    0.000162    5.308891 v _436_/D (sky130_fd_sc_hd__dfrtp_1)
                                              5.308891   data arrival time

                                 20.000000   20.000000   clock clk (rise edge)
                                  0.000000   20.000000   clock source latency
     1    0.017528    0.084488    0.058527   20.058527 ^ clk (in)
                                                         clk (net)
                      0.084526    0.000000   20.058527 ^ clkbuf_0_clk/A (sky130_fd_sc_hd__clkbuf_16)
     4    0.040100    0.059878    0.155508   20.214035 ^ clkbuf_0_clk/X (sky130_fd_sc_hd__clkbuf_16)
                                                         clknet_0_clk (net)
                      0.060023    0.002458   20.216494 ^ clkbuf_2_1__f_clk/A (sky130_fd_sc_hd__clkbuf_16)
     9    0.030430    0.051333    0.139957   20.356451 ^ clkbuf_2_1__f_clk/X (sky130_fd_sc_hd__clkbuf_16)
                                                         clknet_2_1__leaf_clk (net)
                      0.051338    0.000924   20.357374 ^ _436_/CLK (sky130_fd_sc_hd__dfrtp_1)
                                 -0.250000   20.107376   clock uncertainty
                                  0.000000   20.107376   clock reconvergence pessimism
                                 -0.107512   19.999865   library setup time
                                             19.999865   data required time
---------------------------------------------------------------------------------------------
                                             19.999865   data required time
                                             -5.308891   data arrival time
---------------------------------------------------------------------------------------------
                                             14.690972   slack (MET)


Startpoint: _444_ (rising edge-triggered flip-flop clocked by clk)
Endpoint: acc[12] (output port clocked by clk)
Path Group: clk
Path Type: max

Fanout         Cap        Slew       Delay        Time   Description
---------------------------------------------------------------------------------------------
                                  0.000000    0.000000   clock clk (rise edge)
                                  0.000000    0.000000   clock source latency
     1    0.017528    0.084488    0.058527    0.058527 ^ clk (in)
                                                         clk (net)
                      0.084526    0.000000    0.058527 ^ clkbuf_0_clk/A (sky130_fd_sc_hd__clkbuf_16)
     4    0.040100    0.059878    0.155508    0.214035 ^ clkbuf_0_clk/X (sky130_fd_sc_hd__clkbuf_16)
                                                         clknet_0_clk (net)
                      0.060035    0.002555    0.216589 ^ clkbuf_2_0__f_clk/A (sky130_fd_sc_hd__clkbuf_16)
     9    0.031485    0.052217    0.140364    0.356954 ^ clkbuf_2_0__f_clk/X (sky130_fd_sc_hd__clkbuf_16)
                                                         clknet_2_0__leaf_clk (net)
                      0.052228    0.001362    0.358315 ^ _444_/CLK (sky130_fd_sc_hd__dfrtp_1)
     4    0.016441    0.153218    0.404560    0.762875 ^ _444_/Q (sky130_fd_sc_hd__dfrtp_1)
                                                         net37 (net)
                      0.153218    0.000631    0.763506 ^ output37/A (sky130_fd_sc_hd__buf_2)
     1    0.035311    0.175693    0.237581    1.001087 ^ output37/X (sky130_fd_sc_hd__buf_2)
                                                         acc[12] (net)
                      0.175711    0.001840    1.002927 ^ acc[12] (out)
                                              1.002927   data arrival time

                                 20.000000   20.000000   clock clk (rise edge)
                                  0.000000   20.000000   clock network delay (propagated)
                                 -0.250000   19.750002   clock uncertainty
                                  0.000000   19.750002   clock reconvergence pessimism
                                 -4.000000   15.750001   output external delay
                                             15.750001   data required time
---------------------------------------------------------------------------------------------
                                             15.750001   data required time
                                             -1.002927   data arrival time
---------------------------------------------------------------------------------------------
                                             14.747074   slack (MET)


Startpoint: _459_ (rising edge-triggered flip-flop clocked by clk)
Endpoint: acc[27] (output port clocked by clk)
Path Group: clk
Path Type: max

Fanout         Cap        Slew       Delay        Time   Description
---------------------------------------------------------------------------------------------
                                  0.000000    0.000000   clock clk (rise edge)
                                  0.000000    0.000000   clock source latency
     1    0.017528    0.084488    0.058527    0.058527 ^ clk (in)
                                                         clk (net)
                      0.084526    0.000000    0.058527 ^ clkbuf_0_clk/A (sky130_fd_sc_hd__clkbuf_16)
     4    0.040100    0.059878    0.155508    0.214035 ^ clkbuf_0_clk/X (sky130_fd_sc_hd__clkbuf_16)
                                                         clknet_0_clk (net)
                      0.060029    0.002508    0.216543 ^ clkbuf_2_3__f_clk/A (sky130_fd_sc_hd__clkbuf_16)
     9    0.032739    0.053316    0.141691    0.358234 ^ clkbuf_2_3__f_clk/X (sky130_fd_sc_hd__clkbuf_16)
                                                         clknet_2_3__leaf_clk (net)
                      0.053344    0.001295    0.359528 ^ _459_/CLK (sky130_fd_sc_hd__dfrtp_1)
     4    0.015114    0.142286    0.396977    0.756505 ^ _459_/Q (sky130_fd_sc_hd__dfrtp_1)
                                                         net53 (net)
                      0.142286    0.000452    0.756957 ^ output53/A (sky130_fd_sc_hd__buf_2)
     1    0.034939    0.173944    0.233424    0.990380 ^ output53/X (sky130_fd_sc_hd__buf_2)
                                                         acc[27] (net)
                      0.173961    0.001794    0.992175 ^ acc[27] (out)
                                              0.992175   data arrival time

                                 20.000000   20.000000   clock clk (rise edge)
                                  0.000000   20.000000   clock network delay (propagated)
                                 -0.250000   19.750002   clock uncertainty
                                  0.000000   19.750002   clock reconvergence pessimism
                                 -4.000000   15.750001   output external delay
                                             15.750001   data required time
---------------------------------------------------------------------------------------------
                                             15.750001   data required time
                                             -0.992175   data arrival time
---------------------------------------------------------------------------------------------
                                             14.757826   slack (MET)


Startpoint: _451_ (rising edge-triggered flip-flop clocked by clk)
Endpoint: acc[19] (output port clocked by clk)
Path Group: clk
Path Type: max

Fanout         Cap        Slew       Delay        Time   Description
---------------------------------------------------------------------------------------------
                                  0.000000    0.000000   clock clk (rise edge)
                                  0.000000    0.000000   clock source latency
     1    0.017528    0.084488    0.058527    0.058527 ^ clk (in)
                                                         clk (net)
                      0.084526    0.000000    0.058527 ^ clkbuf_0_clk/A (sky130_fd_sc_hd__clkbuf_16)
     4    0.040100    0.059878    0.155508    0.214035 ^ clkbuf_0_clk/X (sky130_fd_sc_hd__clkbuf_16)
                                                         clknet_0_clk (net)
                      0.060043    0.002617    0.216652 ^ clkbuf_2_2__f_clk/A (sky130_fd_sc_hd__clkbuf_16)
     8    0.028914    0.050056    0.138681    0.355333 ^ clkbuf_2_2__f_clk/X (sky130_fd_sc_hd__clkbuf_16)
                                                         clknet_2_2__leaf_clk (net)
                      0.050093    0.002166    0.357499 ^ _451_/CLK (sky130_fd_sc_hd__dfrtp_1)
     4    0.015089    0.142070    0.395641    0.753140 ^ _451_/Q (sky130_fd_sc_hd__dfrtp_1)
                                                         net44 (net)
                      0.142070    0.000614    0.753754 ^ output44/A (sky130_fd_sc_hd__buf_2)
     1    0.034357    0.171223    0.231468    0.985222 ^ output44/X (sky130_fd_sc_hd__buf_2)
                                                         acc[19] (net)
                      0.171239    0.001753    0.986975 ^ acc[19] (out)
                                              0.986975   data arrival time

                                 20.000000   20.000000   clock clk (rise edge)
                                  0.000000   20.000000   clock network delay (propagated)
                                 -0.250000   19.750002   clock uncertainty
                                  0.000000   19.750002   clock reconvergence pessimism
                                 -4.000000   15.750001   output external delay
                                             15.750001   data required time
---------------------------------------------------------------------------------------------
                                             15.750001   data required time
                                             -0.986975   data arrival time
---------------------------------------------------------------------------------------------
                                             14.763026   slack (MET)


Startpoint: _448_ (rising edge-triggered flip-flop clocked by clk)
Endpoint: acc[16] (output port clocked by clk)
Path Group: clk
Path Type: max

Fanout         Cap        Slew       Delay        Time   Description
---------------------------------------------------------------------------------------------
                                  0.000000    0.000000   clock clk (rise edge)
                                  0.000000    0.000000   clock source latency
     1    0.017528    0.084488    0.058527    0.058527 ^ clk (in)
                                                         clk (net)
                      0.084526    0.000000    0.058527 ^ clkbuf_0_clk/A (sky130_fd_sc_hd__clkbuf_16)
     4    0.040100    0.059878    0.155508    0.214035 ^ clkbuf_0_clk/X (sky130_fd_sc_hd__clkbuf_16)
                                                         clknet_0_clk (net)
                      0.060035    0.002555    0.216589 ^ clkbuf_2_0__f_clk/A (sky130_fd_sc_hd__clkbuf_16)
     9    0.031485    0.052217    0.140364    0.356954 ^ clkbuf_2_0__f_clk/X (sky130_fd_sc_hd__clkbuf_16)
                                                         clknet_2_0__leaf_clk (net)
                      0.052448    0.003052    0.360005 ^ _448_/CLK (sky130_fd_sc_hd__dfrtp_1)
     4    0.014210    0.134855    0.391151    0.751156 ^ _448_/Q (sky130_fd_sc_hd__dfrtp_1)
                                                         net41 (net)
                      0.134857    0.000790    0.751946 ^ output41/A (sky130_fd_sc_hd__buf_2)
     1    0.034131    0.170153    0.228798    0.980744 ^ output41/X (sky130_fd_sc_hd__buf_2)
                                                         acc[16] (net)
                      0.170168    0.001702    0.982446 ^ acc[16] (out)
                                              0.982446   data arrival time

                                 20.000000   20.000000   clock clk (rise edge)
                                  0.000000   20.000000   clock network delay (propagated)
                                 -0.250000   19.750002   clock uncertainty
                                  0.000000   19.750002   clock reconvergence pessimism
                                 -4.000000   15.750001   output external delay
                                             15.750001   data required time
---------------------------------------------------------------------------------------------
                                             15.750001   data required time
                                             -0.982446   data arrival time
---------------------------------------------------------------------------------------------
                                             14.767554   slack (MET)


Startpoint: _449_ (rising edge-triggered flip-flop clocked by clk)
Endpoint: acc[17] (output port clocked by clk)
Path Group: clk
Path Type: max

Fanout         Cap        Slew       Delay        Time   Description
---------------------------------------------------------------------------------------------
                                  0.000000    0.000000   clock clk (rise edge)
                                  0.000000    0.000000   clock source latency
     1    0.017528    0.084488    0.058527    0.058527 ^ clk (in)
                                                         clk (net)
                      0.084526    0.000000    0.058527 ^ clkbuf_0_clk/A (sky130_fd_sc_hd__clkbuf_16)
     4    0.040100    0.059878    0.155508    0.214035 ^ clkbuf_0_clk/X (sky130_fd_sc_hd__clkbuf_16)
                                                         clknet_0_clk (net)
                      0.060035    0.002555    0.216589 ^ clkbuf_2_0__f_clk/A (sky130_fd_sc_hd__clkbuf_16)
     9    0.031485    0.052217    0.140364    0.356954 ^ clkbuf_2_0__f_clk/X (sky130_fd_sc_hd__clkbuf_16)
                                                         clknet_2_0__leaf_clk (net)
                      0.052430    0.002912    0.359866 ^ _449_/CLK (sky130_fd_sc_hd__dfrtp_1)
     4    0.013955    0.132785    0.389521    0.749387 ^ _449_/Q (sky130_fd_sc_hd__dfrtp_1)
                                                         net42 (net)
                      0.132786    0.000715    0.750102 ^ output42/A (sky130_fd_sc_hd__buf_2)
     1    0.034230    0.170609    0.228564    0.978666 ^ output42/X (sky130_fd_sc_hd__buf_2)
                                                         acc[17] (net)
                      0.170625    0.001705    0.980370 ^ acc[17] (out)
                                              0.980370   data arrival time

                                 20.000000   20.000000   clock clk (rise edge)
                                  0.000000   20.000000   clock network delay (propagated)
                                 -0.250000   19.750002   clock uncertainty
                                  0.000000   19.750002   clock reconvergence pessimism
                                 -4.000000   15.750001   output external delay
                                             15.750001   data required time
---------------------------------------------------------------------------------------------
                                             15.750001   data required time
                                             -0.980370   data arrival time
---------------------------------------------------------------------------------------------
                                             14.769630   slack (MET)


Startpoint: _438_ (rising edge-triggered flip-flop clocked by clk)
Endpoint: acc[6] (output port clocked by clk)
Path Group: clk
Path Type: max

Fanout         Cap        Slew       Delay        Time   Description
---------------------------------------------------------------------------------------------
                                  0.000000    0.000000   clock clk (rise edge)
                                  0.000000    0.000000   clock source latency
     1    0.017528    0.084488    0.058527    0.058527 ^ clk (in)
                                                         clk (net)
                      0.084526    0.000000    0.058527 ^ clkbuf_0_clk/A (sky130_fd_sc_hd__clkbuf_16)
     4    0.040100    0.059878    0.155508    0.214035 ^ clkbuf_0_clk/X (sky130_fd_sc_hd__clkbuf_16)
                                                         clknet_0_clk (net)
                      0.060023    0.002459    0.216494 ^ clkbuf_2_1__f_clk/A (sky130_fd_sc_hd__clkbuf_16)
     9    0.030430    0.051333    0.139958    0.356452 ^ clkbuf_2_1__f_clk/X (sky130_fd_sc_hd__clkbuf_16)
                                                         clknet_2_1__leaf_clk (net)
                      0.051349    0.001632    0.358083 ^ _438_/CLK (sky130_fd_sc_hd__dfrtp_1)
     4    0.013392    0.128152    0.385722    0.743805 ^ _438_/Q (sky130_fd_sc_hd__dfrtp_1)
                                                         net62 (net)
                      0.128156    0.000845    0.744650 ^ output62/A (sky130_fd_sc_hd__buf_2)
     1    0.034377    0.171276    0.227883    0.972533 ^ output62/X (sky130_fd_sc_hd__buf_2)
                                                         acc[6] (net)
                      0.171289    0.001596    0.974128 ^ acc[6] (out)
                                              0.974128   data arrival time

                                 20.000000   20.000000   clock clk (rise edge)
                                  0.000000   20.000000   clock network delay (propagated)
                                 -0.250000   19.750002   clock uncertainty
                                  0.000000   19.750002   clock reconvergence pessimism
                                 -4.000000   15.750001   output external delay
                                             15.750001   data required time
---------------------------------------------------------------------------------------------
                                             15.750001   data required time
                                             -0.974128   data arrival time
---------------------------------------------------------------------------------------------
                                             14.775872   slack (MET)


Startpoint: _443_ (rising edge-triggered flip-flop clocked by clk)
Endpoint: acc[11] (output port clocked by clk)
Path Group: clk
Path Type: max

Fanout         Cap        Slew       Delay        Time   Description
---------------------------------------------------------------------------------------------
                                  0.000000    0.000000   clock clk (rise edge)
                                  0.000000    0.000000   clock source latency
     1    0.017528    0.084488    0.058527    0.058527 ^ clk (in)
                                                         clk (net)
                      0.084526    0.000000    0.058527 ^ clkbuf_0_clk/A (sky130_fd_sc_hd__clkbuf_16)
     4    0.040100    0.059878    0.155508    0.214035 ^ clkbuf_0_clk/X (sky130_fd_sc_hd__clkbuf_16)
                                                         clknet_0_clk (net)
                      0.060035    0.002555    0.216589 ^ clkbuf_2_0__f_clk/A (sky130_fd_sc_hd__clkbuf_16)
     9    0.031485    0.052217    0.140364    0.356954 ^ clkbuf_2_0__f_clk/X (sky130_fd_sc_hd__clkbuf_16)
                                                         clknet_2_0__leaf_clk (net)
                      0.052232    0.001584    0.358538 ^ _443_/CLK (sky130_fd_sc_hd__dfrtp_1)
     4    0.012972    0.124740    0.383366    0.741903 ^ _443_/Q (sky130_fd_sc_hd__dfrtp_1)
                                                         net36 (net)
                      0.124747    0.001086    0.742989 ^ output36/A (sky130_fd_sc_hd__buf_2)
     1    0.034472    0.171717    0.227263    0.970252 ^ output36/X (sky130_fd_sc_hd__buf_2)
                                                         acc[11] (net)
                      0.171731    0.001615    0.971867 ^ acc[11] (out)
                                              0.971867   data arrival time

                                 20.000000   20.000000   clock clk (rise edge)
                                  0.000000   20.000000   clock network delay (propagated)
                                 -0.250000   19.750002   clock uncertainty
                                  0.000000   19.750002   clock reconvergence pessimism
                                 -4.000000   15.750001   output external delay
                                             15.750001   data required time
---------------------------------------------------------------------------------------------
                                             15.750001   data required time
                                             -0.971867   data arrival time
---------------------------------------------------------------------------------------------
                                             14.778133   slack (MET)


Startpoint: _460_ (rising edge-triggered flip-flop clocked by clk)
Endpoint: acc[28] (output port clocked by clk)
Path Group: clk
Path Type: max

Fanout         Cap        Slew       Delay        Time   Description
---------------------------------------------------------------------------------------------
                                  0.000000    0.000000   clock clk (rise edge)
                                  0.000000    0.000000   clock source latency
     1    0.017528    0.084488    0.058527    0.058527 ^ clk (in)
                                                         clk (net)
                      0.084526    0.000000    0.058527 ^ clkbuf_0_clk/A (sky130_fd_sc_hd__clkbuf_16)
     4    0.040100    0.059878    0.155508    0.214035 ^ clkbuf_0_clk/X (sky130_fd_sc_hd__clkbuf_16)
                                                         clknet_0_clk (net)
                      0.060029    0.002508    0.216543 ^ clkbuf_2_3__f_clk/A (sky130_fd_sc_hd__clkbuf_16)
     9    0.032739    0.053316    0.141691    0.358234 ^ clkbuf_2_3__f_clk/X (sky130_fd_sc_hd__clkbuf_16)
                                                         clknet_2_3__leaf_clk (net)
                      0.053333    0.001125    0.359359 ^ _460_/CLK (sky130_fd_sc_hd__dfrtp_1)
     3    0.011723    0.114502    0.376150    0.735509 ^ _460_/Q (sky130_fd_sc_hd__dfrtp_1)
                                                         net54 (net)
                      0.114515    0.001278    0.736787 ^ output54/A (sky130_fd_sc_hd__buf_2)
     1    0.034016    0.169536    0.222205    0.958992 ^ output54/X (sky130_fd_sc_hd__buf_2)
                                                         acc[28] (net)
                      0.169549    0.001597    0.960588 ^ acc[28] (out)
                                              0.960588   data arrival time

                                 20.000000   20.000000   clock clk (rise edge)
                                  0.000000   20.000000   clock network delay (propagated)
                                 -0.250000   19.750002   clock uncertainty
                                  0.000000   19.750002   clock reconvergence pessimism
                                 -4.000000   15.750001   output external delay
                                             15.750001   data required time
---------------------------------------------------------------------------------------------
                                             15.750001   data required time
                                             -0.960588   data arrival time
---------------------------------------------------------------------------------------------
                                             14.789412   slack (MET)


Startpoint: _456_ (rising edge-triggered flip-flop clocked by clk)
Endpoint: acc[24] (output port clocked by clk)
Path Group: clk
Path Type: max

Fanout         Cap        Slew       Delay        Time   Description
---------------------------------------------------------------------------------------------
                                  0.000000    0.000000   clock clk (rise edge)
                                  0.000000    0.000000   clock source latency
     1    0.017528    0.084488    0.058527    0.058527 ^ clk (in)
                                                         clk (net)
                      0.084526    0.000000    0.058527 ^ clkbuf_0_clk/A (sky130_fd_sc_hd__clkbuf_16)
     4    0.040100    0.059878    0.155508    0.214035 ^ clkbuf_0_clk/X (sky130_fd_sc_hd__clkbuf_16)
                                                         clknet_0_clk (net)
                      0.060029    0.002508    0.216543 ^ clkbuf_2_3__f_clk/A (sky130_fd_sc_hd__clkbuf_16)
     9    0.032739    0.053316    0.141691    0.358234 ^ clkbuf_2_3__f_clk/X (sky130_fd_sc_hd__clkbuf_16)
                                                         clknet_2_3__leaf_clk (net)
                      0.053327    0.001046    0.359280 ^ _456_/CLK (sky130_fd_sc_hd__dfrtp_1)
     3    0.010819    0.107043    0.370963    0.730242 ^ _456_/Q (sky130_fd_sc_hd__dfrtp_1)
                                                         net50 (net)
                      0.107045    0.000649    0.730891 ^ output50/A (sky130_fd_sc_hd__buf_2)
     1    0.034705    0.172728    0.221676    0.952566 ^ output50/X (sky130_fd_sc_hd__buf_2)
                                                         acc[24] (net)
                      0.172804    0.001706    0.954272 ^ acc[24] (out)
                                              0.954272   data arrival time

                                 20.000000   20.000000   clock clk (rise edge)
                                  0.000000   20.000000   clock network delay (propagated)
                                 -0.250000   19.750002   clock uncertainty
                                  0.000000   19.750002   clock reconvergence pessimism
                                 -4.000000   15.750001   output external delay
                                             15.750001   data required time
---------------------------------------------------------------------------------------------
                                             15.750001   data required time
                                             -0.954272   data arrival time
---------------------------------------------------------------------------------------------
                                             14.795729   slack (MET)


Startpoint: _458_ (rising edge-triggered flip-flop clocked by clk)
Endpoint: acc[26] (output port clocked by clk)
Path Group: clk
Path Type: max

Fanout         Cap        Slew       Delay        Time   Description
---------------------------------------------------------------------------------------------
                                  0.000000    0.000000   clock clk (rise edge)
                                  0.000000    0.000000   clock source latency
     1    0.017528    0.084488    0.058527    0.058527 ^ clk (in)
                                                         clk (net)
                      0.084526    0.000000    0.058527 ^ clkbuf_0_clk/A (sky130_fd_sc_hd__clkbuf_16)
     4    0.040100    0.059878    0.155508    0.214035 ^ clkbuf_0_clk/X (sky130_fd_sc_hd__clkbuf_16)
                                                         clknet_0_clk (net)
                      0.060029    0.002508    0.216543 ^ clkbuf_2_3__f_clk/A (sky130_fd_sc_hd__clkbuf_16)
     9    0.032739    0.053316    0.141691    0.358234 ^ clkbuf_2_3__f_clk/X (sky130_fd_sc_hd__clkbuf_16)
                                                         clknet_2_3__leaf_clk (net)
                      0.053337    0.001198    0.359432 ^ _458_/CLK (sky130_fd_sc_hd__dfrtp_1)
     4    0.010758    0.106524    0.370688    0.730120 ^ _458_/Q (sky130_fd_sc_hd__dfrtp_1)
                                                         net52 (net)
                      0.106525    0.000517    0.730637 ^ output52/A (sky130_fd_sc_hd__buf_2)
     1    0.034509    0.171802    0.220856    0.951493 ^ output52/X (sky130_fd_sc_hd__buf_2)
                                                         acc[26] (net)
                      0.171876    0.001667    0.953160 ^ acc[26] (out)
                                              0.953160   data arrival time

                                 20.000000   20.000000   clock clk (rise edge)
                                  0.000000   20.000000   clock network delay (propagated)
                                 -0.250000   19.750002   clock uncertainty
                                  0.000000   19.750002   clock reconvergence pessimism
                                 -4.000000   15.750001   output external delay
                                             15.750001   data required time
---------------------------------------------------------------------------------------------
                                             15.750001   data required time
                                             -0.953160   data arrival time
---------------------------------------------------------------------------------------------
                                             14.796841   slack (MET)


Startpoint: _433_ (rising edge-triggered flip-flop clocked by clk)
Endpoint: acc[1] (output port clocked by clk)
Path Group: clk
Path Type: max

Fanout         Cap        Slew       Delay        Time   Description
---------------------------------------------------------------------------------------------
                                  0.000000    0.000000   clock clk (rise edge)
                                  0.000000    0.000000   clock source latency
     1    0.017528    0.084488    0.058527    0.058527 ^ clk (in)
                                                         clk (net)
                      0.084526    0.000000    0.058527 ^ clkbuf_0_clk/A (sky130_fd_sc_hd__clkbuf_16)
     4    0.040100    0.059878    0.155508    0.214035 ^ clkbuf_0_clk/X (sky130_fd_sc_hd__clkbuf_16)
                                                         clknet_0_clk (net)
                      0.060023    0.002459    0.216494 ^ clkbuf_2_1__f_clk/A (sky130_fd_sc_hd__clkbuf_16)
     9    0.030430    0.051333    0.139958    0.356452 ^ clkbuf_2_1__f_clk/X (sky130_fd_sc_hd__clkbuf_16)
                                                         clknet_2_1__leaf_clk (net)
                      0.051339    0.001069    0.357520 ^ _433_/CLK (sky130_fd_sc_hd__dfrtp_1)
     3    0.010372    0.103392    0.367470    0.724990 ^ _433_/Q (sky130_fd_sc_hd__dfrtp_1)
                                                         net45 (net)
                      0.103392    0.000513    0.725503 ^ output45/A (sky130_fd_sc_hd__buf_2)
     1    0.034989    0.174043    0.221216    0.946720 ^ output45/X (sky130_fd_sc_hd__buf_2)
                                                         acc[1] (net)
                      0.174120    0.001760    0.948479 ^ acc[1] (out)
                                              0.948479   data arrival time

                                 20.000000   20.000000   clock clk (rise edge)
                                  0.000000   20.000000   clock network delay (propagated)
                                 -0.250000   19.750002   clock uncertainty
                                  0.000000   19.750002   clock reconvergence pessimism
                                 -4.000000   15.750001   output external delay
                                             15.750001   data required time
---------------------------------------------------------------------------------------------
                                             15.750001   data required time
                                             -0.948479   data arrival time
---------------------------------------------------------------------------------------------
                                             14.801521   slack (MET)


Startpoint: _447_ (rising edge-triggered flip-flop clocked by clk)
Endpoint: acc[15] (output port clocked by clk)
Path Group: clk
Path Type: max

Fanout         Cap        Slew       Delay        Time   Description
---------------------------------------------------------------------------------------------
                                  0.000000    0.000000   clock clk (rise edge)
                                  0.000000    0.000000   clock source latency
     1    0.017528    0.084488    0.058527    0.058527 ^ clk (in)
                                                         clk (net)
                      0.084526    0.000000    0.058527 ^ clkbuf_0_clk/A (sky130_fd_sc_hd__clkbuf_16)
     4    0.040100    0.059878    0.155508    0.214035 ^ clkbuf_0_clk/X (sky130_fd_sc_hd__clkbuf_16)
                                                         clknet_0_clk (net)
                      0.060035    0.002555    0.216589 ^ clkbuf_2_0__f_clk/A (sky130_fd_sc_hd__clkbuf_16)
     9    0.031485    0.052217    0.140364    0.356954 ^ clkbuf_2_0__f_clk/X (sky130_fd_sc_hd__clkbuf_16)
                                                         clknet_2_0__leaf_clk (net)
                      0.052403    0.002699    0.359653 ^ _447_/CLK (sky130_fd_sc_hd__dfrtp_1)
     4    0.010222    0.102174    0.366963    0.726616 ^ _447_/Q (sky130_fd_sc_hd__dfrtp_1)
                                                         net40 (net)
                      0.102176    0.000611    0.727226 ^ output40/A (sky130_fd_sc_hd__buf_2)
     1    0.034243    0.170543    0.218338    0.945564 ^ output40/X (sky130_fd_sc_hd__buf_2)
                                                         acc[15] (net)
                      0.170618    0.001705    0.947269 ^ acc[15] (out)
                                              0.947269   data arrival time

                                 20.000000   20.000000   clock clk (rise edge)
                                  0.000000   20.000000   clock network delay (propagated)
                                 -0.250000   19.750002   clock uncertainty
                                  0.000000   19.750002   clock reconvergence pessimism
                                 -4.000000   15.750001   output external delay
                                             15.750001   data required time
---------------------------------------------------------------------------------------------
                                             15.750001   data required time
                                             -0.947269   data arrival time
---------------------------------------------------------------------------------------------
                                             14.802732   slack (MET)


Startpoint: _450_ (rising edge-triggered flip-flop clocked by clk)
Endpoint: acc[18] (output port clocked by clk)
Path Group: clk
Path Type: max

Fanout         Cap        Slew       Delay        Time   Description
---------------------------------------------------------------------------------------------
                                  0.000000    0.000000   clock clk (rise edge)
                                  0.000000    0.000000   clock source latency
     1    0.017528    0.084488    0.058527    0.058527 ^ clk (in)
                                                         clk (net)
                      0.084526    0.000000    0.058527 ^ clkbuf_0_clk/A (sky130_fd_sc_hd__clkbuf_16)
     4    0.040100    0.059878    0.155508    0.214035 ^ clkbuf_0_clk/X (sky130_fd_sc_hd__clkbuf_16)
                                                         clknet_0_clk (net)
                      0.060043    0.002617    0.216652 ^ clkbuf_2_2__f_clk/A (sky130_fd_sc_hd__clkbuf_16)
     8    0.028914    0.050056    0.138681    0.355333 ^ clkbuf_2_2__f_clk/X (sky130_fd_sc_hd__clkbuf_16)
                                                         clknet_2_2__leaf_clk (net)
                      0.050075    0.001376    0.356709 ^ _450_/CLK (sky130_fd_sc_hd__dfrtp_1)
     4    0.010245    0.102350    0.366269    0.722978 ^ _450_/Q (sky130_fd_sc_hd__dfrtp_1)
                                                         net43 (net)
                      0.102352    0.000620    0.723599 ^ output43/A (sky130_fd_sc_hd__buf_2)
     1    0.034161    0.170153    0.218175    0.941773 ^ output43/X (sky130_fd_sc_hd__buf_2)
                                                         acc[18] (net)
                      0.170226    0.001643    0.943417 ^ acc[18] (out)
                                              0.943417   data arrival time

                                 20.000000   20.000000   clock clk (rise edge)
                                  0.000000   20.000000   clock network delay (propagated)
                                 -0.250000   19.750002   clock uncertainty
                                  0.000000   19.750002   clock reconvergence pessimism
                                 -4.000000   15.750001   output external delay
                                             15.750001   data required time
---------------------------------------------------------------------------------------------
                                             15.750001   data required time
                                             -0.943417   data arrival time
---------------------------------------------------------------------------------------------
                                             14.806584   slack (MET)


Startpoint: _452_ (rising edge-triggered flip-flop clocked by clk)
Endpoint: acc[20] (output port clocked by clk)
Path Group: clk
Path Type: max

Fanout         Cap        Slew       Delay        Time   Description
---------------------------------------------------------------------------------------------
                                  0.000000    0.000000   clock clk (rise edge)
                                  0.000000    0.000000   clock source latency
     1    0.017528    0.084488    0.058527    0.058527 ^ clk (in)
                                                         clk (net)
                      0.084526    0.000000    0.058527 ^ clkbuf_0_clk/A (sky130_fd_sc_hd__clkbuf_16)
     4    0.040100    0.059878    0.155508    0.214035 ^ clkbuf_0_clk/X (sky130_fd_sc_hd__clkbuf_16)
                                                         clknet_0_clk (net)
                      0.060043    0.002617    0.216652 ^ clkbuf_2_2__f_clk/A (sky130_fd_sc_hd__clkbuf_16)
     8    0.028914    0.050056    0.138681    0.355333 ^ clkbuf_2_2__f_clk/X (sky130_fd_sc_hd__clkbuf_16)
                                                         clknet_2_2__leaf_clk (net)
                      0.050073    0.001286    0.356619 ^ _452_/CLK (sky130_fd_sc_hd__dfrtp_1)
     3    0.010094    0.101111    0.365368    0.721987 ^ _452_/Q (sky130_fd_sc_hd__dfrtp_1)
                                                         net46 (net)
                      0.101113    0.000639    0.722627 ^ output46/A (sky130_fd_sc_hd__buf_2)
     1    0.034402    0.171271    0.218523    0.941150 ^ output46/X (sky130_fd_sc_hd__buf_2)
                                                         acc[20] (net)
                      0.171344    0.001644    0.942794 ^ acc[20] (out)
                                              0.942794   data arrival time

                                 20.000000   20.000000   clock clk (rise edge)
                                  0.000000   20.000000   clock network delay (propagated)
                                 -0.250000   19.750002   clock uncertainty
                                  0.000000   19.750002   clock reconvergence pessimism
                                 -4.000000   15.750001   output external delay
                                             15.750001   data required time
---------------------------------------------------------------------------------------------
                                             15.750001   data required time
                                             -0.942794   data arrival time
---------------------------------------------------------------------------------------------
                                             14.807207   slack (MET)


Startpoint: _457_ (rising edge-triggered flip-flop clocked by clk)
Endpoint: acc[25] (output port clocked by clk)
Path Group: clk
Path Type: max

Fanout         Cap        Slew       Delay        Time   Description
---------------------------------------------------------------------------------------------
                                  0.000000    0.000000   clock clk (rise edge)
                                  0.000000    0.000000   clock source latency
     1    0.017528    0.084488    0.058527    0.058527 ^ clk (in)
                                                         clk (net)
                      0.084526    0.000000    0.058527 ^ clkbuf_0_clk/A (sky130_fd_sc_hd__clkbuf_16)
     4    0.040100    0.059878    0.155508    0.214035 ^ clkbuf_0_clk/X (sky130_fd_sc_hd__clkbuf_16)
                                                         clknet_0_clk (net)
                      0.060043    0.002617    0.216652 ^ clkbuf_2_2__f_clk/A (sky130_fd_sc_hd__clkbuf_16)
     8    0.028914    0.050056    0.138681    0.355333 ^ clkbuf_2_2__f_clk/X (sky130_fd_sc_hd__clkbuf_16)
                                                         clknet_2_2__leaf_clk (net)
                      0.050073    0.001294    0.356627 ^ _457_/CLK (sky130_fd_sc_hd__dfrtp_1)
     3    0.009750    0.098309    0.363253    0.719879 ^ _457_/Q (sky130_fd_sc_hd__dfrtp_1)
                                                         net51 (net)
                      0.098312    0.000708    0.720587 ^ output51/A (sky130_fd_sc_hd__buf_2)
     1    0.034402    0.171255    0.217491    0.938079 ^ output51/X (sky130_fd_sc_hd__buf_2)
                                                         acc[25] (net)
                      0.171328    0.001644    0.939722 ^ acc[25] (out)
                                              0.939722   data arrival time

                                 20.000000   20.000000   clock clk (rise edge)
                                  0.000000   20.000000   clock network delay (propagated)
                                 -0.250000   19.750002   clock uncertainty
                                  0.000000   19.750002   clock reconvergence pessimism
                                 -4.000000   15.750001   output external delay
                                             15.750001   data required time
---------------------------------------------------------------------------------------------
                                             15.750001   data required time
                                             -0.939722   data arrival time
---------------------------------------------------------------------------------------------
                                             14.810279   slack (MET)


Startpoint: _453_ (rising edge-triggered flip-flop clocked by clk)
Endpoint: acc[21] (output port clocked by clk)
Path Group: clk
Path Type: max

Fanout         Cap        Slew       Delay        Time   Description
---------------------------------------------------------------------------------------------
                                  0.000000    0.000000   clock clk (rise edge)
                                  0.000000    0.000000   clock source latency
     1    0.017528    0.084488    0.058527    0.058527 ^ clk (in)
                                                         clk (net)
                      0.084526    0.000000    0.058527 ^ clkbuf_0_clk/A (sky130_fd_sc_hd__clkbuf_16)
     4    0.040100    0.059878    0.155508    0.214035 ^ clkbuf_0_clk/X (sky130_fd_sc_hd__clkbuf_16)
                                                         clknet_0_clk (net)
                      0.060043    0.002617    0.216652 ^ clkbuf_2_2__f_clk/A (sky130_fd_sc_hd__clkbuf_16)
     8    0.028914    0.050056    0.138681    0.355333 ^ clkbuf_2_2__f_clk/X (sky130_fd_sc_hd__clkbuf_16)
                                                         clknet_2_2__leaf_clk (net)
                      0.050091    0.002091    0.357424 ^ _453_/CLK (sky130_fd_sc_hd__dfrtp_1)
     3    0.008731    0.066055    0.387519    0.744943 v _453_/Q (sky130_fd_sc_hd__dfrtp_1)
                                                         net47 (net)
                      0.066056    0.000303    0.745246 v output47/A (sky130_fd_sc_hd__buf_2)
     1    0.034233    0.089799    0.188638    0.933884 v output47/X (sky130_fd_sc_hd__buf_2)
                                                         acc[21] (net)
                      0.089834    0.001642    0.935526 v acc[21] (out)
                                              0.935526   data arrival time

                                 20.000000   20.000000   clock clk (rise edge)
                                  0.000000   20.000000   clock network delay (propagated)
                                 -0.250000   19.750002   clock uncertainty
                                  0.000000   19.750002   clock reconvergence pessimism
                                 -4.000000   15.750001   output external delay
                                             15.750001   data required time
---------------------------------------------------------------------------------------------
                                             15.750001   data required time
                                             -0.935526   data arrival time
---------------------------------------------------------------------------------------------
                                             14.814474   slack (MET)


Startpoint: _445_ (rising edge-triggered flip-flop clocked by clk)
Endpoint: acc[13] (output port clocked by clk)
Path Group: clk
Path Type: max

Fanout         Cap        Slew       Delay        Time   Description
---------------------------------------------------------------------------------------------
                                  0.000000    0.000000   clock clk (rise edge)
                                  0.000000    0.000000   clock source latency
     1    0.017528    0.084488    0.058527    0.058527 ^ clk (in)
                                                         clk (net)
                      0.084526    0.000000    0.058527 ^ clkbuf_0_clk/A (sky130_fd_sc_hd__clkbuf_16)
     4    0.040100    0.059878    0.155508    0.214035 ^ clkbuf_0_clk/X (sky130_fd_sc_hd__clkbuf_16)
                                                         clknet_0_clk (net)
                      0.060035    0.002555    0.216589 ^ clkbuf_2_0__f_clk/A (sky130_fd_sc_hd__clkbuf_16)
     9    0.031485    0.052217    0.140364    0.356954 ^ clkbuf_2_0__f_clk/X (sky130_fd_sc_hd__clkbuf_16)
                                                         clknet_2_0__leaf_clk (net)
                      0.052227    0.001342    0.358296 ^ _445_/CLK (sky130_fd_sc_hd__dfrtp_1)
     3    0.008319    0.065185    0.386052    0.744347 v _445_/Q (sky130_fd_sc_hd__dfrtp_1)
                                                         net38 (net)
                      0.065186    0.000321    0.744668 v output38/A (sky130_fd_sc_hd__buf_2)
     1    0.034267    0.089898    0.188254    0.932922 v output38/X (sky130_fd_sc_hd__buf_2)
                                                         acc[13] (net)
                      0.089936    0.001705    0.934627 v acc[13] (out)
                                              0.934627   data arrival time

                                 20.000000   20.000000   clock clk (rise edge)
                                  0.000000   20.000000   clock network delay (propagated)
                                 -0.250000   19.750002   clock uncertainty
                                  0.000000   19.750002   clock reconvergence pessimism
                                 -4.000000   15.750001   output external delay
                                             15.750001   data required time
---------------------------------------------------------------------------------------------
                                             15.750001   data required time
                                             -0.934627   data arrival time
---------------------------------------------------------------------------------------------
                                             14.815373   slack (MET)


Startpoint: _434_ (rising edge-triggered flip-flop clocked by clk)
Endpoint: acc[2] (output port clocked by clk)
Path Group: clk
Path Type: max

Fanout         Cap        Slew       Delay        Time   Description
---------------------------------------------------------------------------------------------
                                  0.000000    0.000000   clock clk (rise edge)
                                  0.000000    0.000000   clock source latency
     1    0.017528    0.084488    0.058527    0.058527 ^ clk (in)
                                                         clk (net)
                      0.084526    0.000000    0.058527 ^ clkbuf_0_clk/A (sky130_fd_sc_hd__clkbuf_16)
     4    0.040100    0.059878    0.155508    0.214035 ^ clkbuf_0_clk/X (sky130_fd_sc_hd__clkbuf_16)
                                                         clknet_0_clk (net)
                      0.060029    0.002508    0.216543 ^ clkbuf_2_3__f_clk/A (sky130_fd_sc_hd__clkbuf_16)
     9    0.032739    0.053316    0.141691    0.358234 ^ clkbuf_2_3__f_clk/X (sky130_fd_sc_hd__clkbuf_16)
                                                         clknet_2_3__leaf_clk (net)
                      0.053336    0.001172    0.359405 ^ _434_/CLK (sky130_fd_sc_hd__dfrtp_1)
     3    0.008090    0.064046    0.385189    0.744595 v _434_/Q (sky130_fd_sc_hd__dfrtp_1)
                                                         net56 (net)
                      0.064048    0.000434    0.745028 v output56/A (sky130_fd_sc_hd__buf_2)
     1    0.034011    0.089304    0.187344    0.932373 v output56/X (sky130_fd_sc_hd__buf_2)
                                                         acc[2] (net)
                      0.089337    0.001594    0.933967 v acc[2] (out)
                                              0.933967   data arrival time

                                 20.000000   20.000000   clock clk (rise edge)
                                  0.000000   20.000000   clock network delay (propagated)
                                 -0.250000   19.750002   clock uncertainty
                                  0.000000   19.750002   clock reconvergence pessimism
                                 -4.000000   15.750001   output external delay
                                             15.750001   data required time
---------------------------------------------------------------------------------------------
                                             15.750001   data required time
                                             -0.933967   data arrival time
---------------------------------------------------------------------------------------------
                                             14.816034   slack (MET)


Startpoint: _440_ (rising edge-triggered flip-flop clocked by clk)
Endpoint: acc[8] (output port clocked by clk)
Path Group: clk
Path Type: max

Fanout         Cap        Slew       Delay        Time   Description
---------------------------------------------------------------------------------------------
                                  0.000000    0.000000   clock clk (rise edge)
                                  0.000000    0.000000   clock source latency
     1    0.017528    0.084488    0.058527    0.058527 ^ clk (in)
                                                         clk (net)
                      0.084526    0.000000    0.058527 ^ clkbuf_0_clk/A (sky130_fd_sc_hd__clkbuf_16)
     4    0.040100    0.059878    0.155508    0.214035 ^ clkbuf_0_clk/X (sky130_fd_sc_hd__clkbuf_16)
                                                         clknet_0_clk (net)
                      0.060023    0.002459    0.216494 ^ clkbuf_2_1__f_clk/A (sky130_fd_sc_hd__clkbuf_16)
     9    0.030430    0.051333    0.139958    0.356452 ^ clkbuf_2_1__f_clk/X (sky130_fd_sc_hd__clkbuf_16)
                                                         clknet_2_1__leaf_clk (net)
                      0.051339    0.001009    0.357461 ^ _440_/CLK (sky130_fd_sc_hd__dfrtp_1)
     3    0.007980    0.063567    0.383780    0.741241 v _440_/Q (sky130_fd_sc_hd__dfrtp_1)
                                                         net64 (net)
                      0.063572    0.000613    0.741854 v output64/A (sky130_fd_sc_hd__buf_2)
     1    0.034453    0.090256    0.187945    0.929799 v output64/X (sky130_fd_sc_hd__buf_2)
                                                         acc[8] (net)
                      0.090289    0.001612    0.931411 v acc[8] (out)
                                              0.931411   data arrival time

                                 20.000000   20.000000   clock clk (rise edge)
                                  0.000000   20.000000   clock network delay (propagated)
                                 -0.250000   19.750002   clock uncertainty
                                  0.000000   19.750002   clock reconvergence pessimism
                                 -4.000000   15.750001   output external delay
                                             15.750001   data required time
---------------------------------------------------------------------------------------------
                                             15.750001   data required time
                                             -0.931411   data arrival time
---------------------------------------------------------------------------------------------
                                             14.818589   slack (MET)


Startpoint: _463_ (rising edge-triggered flip-flop clocked by clk)
Endpoint: acc[31] (output port clocked by clk)
Path Group: clk
Path Type: max

Fanout         Cap        Slew       Delay        Time   Description
---------------------------------------------------------------------------------------------
                                  0.000000    0.000000   clock clk (rise edge)
                                  0.000000    0.000000   clock source latency
     1    0.017528    0.084488    0.058527    0.058527 ^ clk (in)
                                                         clk (net)
                      0.084526    0.000000    0.058527 ^ clkbuf_0_clk/A (sky130_fd_sc_hd__clkbuf_16)
     4    0.040100    0.059878    0.155508    0.214035 ^ clkbuf_0_clk/X (sky130_fd_sc_hd__clkbuf_16)
                                                         clknet_0_clk (net)
                      0.060029    0.002508    0.216543 ^ clkbuf_2_3__f_clk/A (sky130_fd_sc_hd__clkbuf_16)
     9    0.032739    0.053316    0.141691    0.358234 ^ clkbuf_2_3__f_clk/X (sky130_fd_sc_hd__clkbuf_16)
                                                         clknet_2_3__leaf_clk (net)
                      0.053335    0.001160    0.359394 ^ _463_/CLK (sky130_fd_sc_hd__dfrtp_1)
     2    0.007547    0.061345    0.382238    0.741632 v _463_/Q (sky130_fd_sc_hd__dfrtp_1)
                                                         net58 (net)
                      0.061347    0.000374    0.742006 v output58/A (sky130_fd_sc_hd__buf_2)
     1    0.034367    0.090098    0.186715    0.928721 v output58/X (sky130_fd_sc_hd__buf_2)
                                                         acc[31] (net)
                      0.090135    0.001679    0.930399 v acc[31] (out)
                                              0.930399   data arrival time

                                 20.000000   20.000000   clock clk (rise edge)
                                  0.000000   20.000000   clock network delay (propagated)
                                 -0.250000   19.750002   clock uncertainty
                                  0.000000   19.750002   clock reconvergence pessimism
                                 -4.000000   15.750001   output external delay
                                             15.750001   data required time
---------------------------------------------------------------------------------------------
                                             15.750001   data required time
                                             -0.930399   data arrival time
---------------------------------------------------------------------------------------------
                                             14.819601   slack (MET)


Startpoint: _446_ (rising edge-triggered flip-flop clocked by clk)
Endpoint: acc[14] (output port clocked by clk)
Path Group: clk
Path Type: max

Fanout         Cap        Slew       Delay        Time   Description
---------------------------------------------------------------------------------------------
                                  0.000000    0.000000   clock clk (rise edge)
                                  0.000000    0.000000   clock source latency
     1    0.017528    0.084488    0.058527    0.058527 ^ clk (in)
                                                         clk (net)
                      0.084526    0.000000    0.058527 ^ clkbuf_0_clk/A (sky130_fd_sc_hd__clkbuf_16)
     4    0.040100    0.059878    0.155508    0.214035 ^ clkbuf_0_clk/X (sky130_fd_sc_hd__clkbuf_16)
                                                         clknet_0_clk (net)
                      0.060035    0.002555    0.216589 ^ clkbuf_2_0__f_clk/A (sky130_fd_sc_hd__clkbuf_16)
     9    0.031485    0.052217    0.140364    0.356954 ^ clkbuf_2_0__f_clk/X (sky130_fd_sc_hd__clkbuf_16)
                                                         clknet_2_0__leaf_clk (net)
                      0.052287    0.002380    0.359333 ^ _446_/CLK (sky130_fd_sc_hd__dfrtp_1)
     3    0.007521    0.061193    0.381756    0.741089 v _446_/Q (sky130_fd_sc_hd__dfrtp_1)
                                                         net39 (net)
                      0.061195    0.000379    0.741468 v output39/A (sky130_fd_sc_hd__buf_2)
     1    0.034445    0.090240    0.186842    0.928309 v output39/X (sky130_fd_sc_hd__buf_2)
                                                         acc[14] (net)
                      0.090274    0.001622    0.929931 v acc[14] (out)
                                              0.929931   data arrival time

                                 20.000000   20.000000   clock clk (rise edge)
                                  0.000000   20.000000   clock network delay (propagated)
                                 -0.250000   19.750002   clock uncertainty
                                  0.000000   19.750002   clock reconvergence pessimism
                                 -4.000000   15.750001   output external delay
                                             15.750001   data required time
---------------------------------------------------------------------------------------------
                                             15.750001   data required time
                                             -0.929931   data arrival time
---------------------------------------------------------------------------------------------
                                             14.820070   slack (MET)


Startpoint: _455_ (rising edge-triggered flip-flop clocked by clk)
Endpoint: acc[23] (output port clocked by clk)
Path Group: clk
Path Type: max

Fanout         Cap        Slew       Delay        Time   Description
---------------------------------------------------------------------------------------------
                                  0.000000    0.000000   clock clk (rise edge)
                                  0.000000    0.000000   clock source latency
     1    0.017528    0.084488    0.058527    0.058527 ^ clk (in)
                                                         clk (net)
                      0.084526    0.000000    0.058527 ^ clkbuf_0_clk/A (sky130_fd_sc_hd__clkbuf_16)
     4    0.040100    0.059878    0.155508    0.214035 ^ clkbuf_0_clk/X (sky130_fd_sc_hd__clkbuf_16)
                                                         clknet_0_clk (net)
                      0.060043    0.002617    0.216652 ^ clkbuf_2_2__f_clk/A (sky130_fd_sc_hd__clkbuf_16)
     8    0.028914    0.050056    0.138681    0.355333 ^ clkbuf_2_2__f_clk/X (sky130_fd_sc_hd__clkbuf_16)
                                                         clknet_2_2__leaf_clk (net)
                      0.050082    0.001725    0.357058 ^ _455_/CLK (sky130_fd_sc_hd__dfrtp_1)
     3    0.007625    0.061732    0.381513    0.738571 v _455_/Q (sky130_fd_sc_hd__dfrtp_1)
                                                         net49 (net)
                      0.061733    0.000396    0.738968 v output49/A (sky130_fd_sc_hd__buf_2)
     1    0.034444    0.090252    0.187057    0.926025 v output49/X (sky130_fd_sc_hd__buf_2)
                                                         acc[23] (net)
                      0.090288    0.001659    0.927683 v acc[23] (out)
                                              0.927683   data arrival time

                                 20.000000   20.000000   clock clk (rise edge)
                                  0.000000   20.000000   clock network delay (propagated)
                                 -0.250000   19.750002   clock uncertainty
                                  0.000000   19.750002   clock reconvergence pessimism
                                 -4.000000   15.750001   output external delay
                                             15.750001   data required time
---------------------------------------------------------------------------------------------
                                             15.750001   data required time
                                             -0.927683   data arrival time
---------------------------------------------------------------------------------------------
                                             14.822317   slack (MET)


Startpoint: _441_ (rising edge-triggered flip-flop clocked by clk)
Endpoint: acc[9] (output port clocked by clk)
Path Group: clk
Path Type: max

Fanout         Cap        Slew       Delay        Time   Description
---------------------------------------------------------------------------------------------
                                  0.000000    0.000000   clock clk (rise edge)
                                  0.000000    0.000000   clock source latency
     1    0.017528    0.084488    0.058527    0.058527 ^ clk (in)
                                                         clk (net)
                      0.084526    0.000000    0.058527 ^ clkbuf_0_clk/A (sky130_fd_sc_hd__clkbuf_16)
     4    0.040100    0.059878    0.155508    0.214035 ^ clkbuf_0_clk/X (sky130_fd_sc_hd__clkbuf_16)
                                                         clknet_0_clk (net)
                      0.060023    0.002459    0.216494 ^ clkbuf_2_1__f_clk/A (sky130_fd_sc_hd__clkbuf_16)
     9    0.030430    0.051333    0.139958    0.356452 ^ clkbuf_2_1__f_clk/X (sky130_fd_sc_hd__clkbuf_16)
                                                         clknet_2_1__leaf_clk (net)
                      0.051347    0.001564    0.358016 ^ _441_/CLK (sky130_fd_sc_hd__dfrtp_1)
     3    0.007205    0.059604    0.379764    0.737779 v _441_/Q (sky130_fd_sc_hd__dfrtp_1)
                                                         net65 (net)
                      0.059606    0.000385    0.738165 v output65/A (sky130_fd_sc_hd__buf_2)
     1    0.034472    0.090294    0.186177    0.924341 v output65/X (sky130_fd_sc_hd__buf_2)
                                                         acc[9] (net)
                      0.090327    0.001613    0.925955 v acc[9] (out)
                                              0.925955   data arrival time

                                 20.000000   20.000000   clock clk (rise edge)
                                  0.000000   20.000000   clock network delay (propagated)
                                 -0.250000   19.750002   clock uncertainty
                                  0.000000   19.750002   clock reconvergence pessimism
                                 -4.000000   15.750001   output external delay
                                             15.750001   data required time
---------------------------------------------------------------------------------------------
                                             15.750001   data required time
                                             -0.925955   data arrival time
---------------------------------------------------------------------------------------------
                                             14.824046   slack (MET)


Startpoint: _461_ (rising edge-triggered flip-flop clocked by clk)
Endpoint: acc[29] (output port clocked by clk)
Path Group: clk
Path Type: max

Fanout         Cap        Slew       Delay        Time   Description
---------------------------------------------------------------------------------------------
                                  0.000000    0.000000   clock clk (rise edge)
                                  0.000000    0.000000   clock source latency
     1    0.017528    0.084488    0.058527    0.058527 ^ clk (in)
                                                         clk (net)
                      0.084526    0.000000    0.058527 ^ clkbuf_0_clk/A (sky130_fd_sc_hd__clkbuf_16)
     4    0.040100    0.059878    0.155508    0.214035 ^ clkbuf_0_clk/X (sky130_fd_sc_hd__clkbuf_16)
                                                         clknet_0_clk (net)
                      0.060029    0.002508    0.216543 ^ clkbuf_2_3__f_clk/A (sky130_fd_sc_hd__clkbuf_16)
     9    0.032739    0.053316    0.141691    0.358234 ^ clkbuf_2_3__f_clk/X (sky130_fd_sc_hd__clkbuf_16)
                                                         clknet_2_3__leaf_clk (net)
                      0.053338    0.001213    0.359446 ^ _461_/CLK (sky130_fd_sc_hd__dfrtp_1)
     3    0.006994    0.058523    0.379305    0.738752 v _461_/Q (sky130_fd_sc_hd__dfrtp_1)
                                                         net55 (net)
                      0.058602    0.000421    0.739173 v output55/A (sky130_fd_sc_hd__buf_2)
     1    0.034149    0.089613    0.185086    0.924259 v output55/X (sky130_fd_sc_hd__buf_2)
                                                         acc[29] (net)
                      0.089648    0.001645    0.925904 v acc[29] (out)
                                              0.925904   data arrival time

                                 20.000000   20.000000   clock clk (rise edge)
                                  0.000000   20.000000   clock network delay (propagated)
                                 -0.250000   19.750002   clock uncertainty
                                  0.000000   19.750002   clock reconvergence pessimism
                                 -4.000000   15.750001   output external delay
                                             15.750001   data required time
---------------------------------------------------------------------------------------------
                                             15.750001   data required time
                                             -0.925904   data arrival time
---------------------------------------------------------------------------------------------
                                             14.824097   slack (MET)


Startpoint: _442_ (rising edge-triggered flip-flop clocked by clk)
Endpoint: acc[10] (output port clocked by clk)
Path Group: clk
Path Type: max

Fanout         Cap        Slew       Delay        Time   Description
---------------------------------------------------------------------------------------------
                                  0.000000    0.000000   clock clk (rise edge)
                                  0.000000    0.000000   clock source latency
     1    0.017528    0.084488    0.058527    0.058527 ^ clk (in)
                                                         clk (net)
                      0.084526    0.000000    0.058527 ^ clkbuf_0_clk/A (sky130_fd_sc_hd__clkbuf_16)
     4    0.040100    0.059878    0.155508    0.214035 ^ clkbuf_0_clk/X (sky130_fd_sc_hd__clkbuf_16)
                                                         clknet_0_clk (net)
                      0.060035    0.002555    0.216589 ^ clkbuf_2_0__f_clk/A (sky130_fd_sc_hd__clkbuf_16)
     9    0.031485    0.052217    0.140364    0.356954 ^ clkbuf_2_0__f_clk/X (sky130_fd_sc_hd__clkbuf_16)
                                                         clknet_2_0__leaf_clk (net)
                      0.052275    0.002269    0.359223 ^ _442_/CLK (sky130_fd_sc_hd__dfrtp_1)
     3    0.006900    0.057991    0.378514    0.737737 v _442_/Q (sky130_fd_sc_hd__dfrtp_1)
                                                         net35 (net)
                      0.058069    0.000301    0.738039 v output35/A (sky130_fd_sc_hd__buf_2)
     1    0.034370    0.090065    0.185303    0.923341 v output35/X (sky130_fd_sc_hd__buf_2)
                                                         acc[10] (net)
                      0.090098    0.001593    0.924935 v acc[10] (out)
                                              0.924935   data arrival time

                                 20.000000   20.000000   clock clk (rise edge)
                                  0.000000   20.000000   clock network delay (propagated)
                                 -0.250000   19.750002   clock uncertainty
                                  0.000000   19.750002   clock reconvergence pessimism
                                 -4.000000   15.750001   output external delay
                                             15.750001   data required time
---------------------------------------------------------------------------------------------
                                             15.750001   data required time
                                             -0.924935   data arrival time
---------------------------------------------------------------------------------------------
                                             14.825066   slack (MET)


Startpoint: _462_ (rising edge-triggered flip-flop clocked by clk)
Endpoint: acc[30] (output port clocked by clk)
Path Group: clk
Path Type: max

Fanout         Cap        Slew       Delay        Time   Description
---------------------------------------------------------------------------------------------
                                  0.000000    0.000000   clock clk (rise edge)
                                  0.000000    0.000000   clock source latency
     1    0.017528    0.084488    0.058527    0.058527 ^ clk (in)
                                                         clk (net)
                      0.084526    0.000000    0.058527 ^ clkbuf_0_clk/A (sky130_fd_sc_hd__clkbuf_16)
     4    0.040100    0.059878    0.155508    0.214035 ^ clkbuf_0_clk/X (sky130_fd_sc_hd__clkbuf_16)
                                                         clknet_0_clk (net)
                      0.060029    0.002508    0.216543 ^ clkbuf_2_3__f_clk/A (sky130_fd_sc_hd__clkbuf_16)
     9    0.032739    0.053316    0.141691    0.358234 ^ clkbuf_2_3__f_clk/X (sky130_fd_sc_hd__clkbuf_16)
                                                         clknet_2_3__leaf_clk (net)
                      0.053339    0.001218    0.359452 ^ _462_/CLK (sky130_fd_sc_hd__dfrtp_1)
     3    0.006727    0.057181    0.377935    0.737387 v _462_/Q (sky130_fd_sc_hd__dfrtp_1)
                                                         net57 (net)
                      0.057181    0.000197    0.737584 v output57/A (sky130_fd_sc_hd__buf_2)
     1    0.034008    0.089290    0.184215    0.921799 v output57/X (sky130_fd_sc_hd__buf_2)
                                                         acc[30] (net)
                      0.089323    0.001595    0.923394 v acc[30] (out)
                                              0.923394   data arrival time

                                 20.000000   20.000000   clock clk (rise edge)
                                  0.000000   20.000000   clock network delay (propagated)
                                 -0.250000   19.750002   clock uncertainty
                                  0.000000   19.750002   clock reconvergence pessimism
                                 -4.000000   15.750001   output external delay
                                             15.750001   data required time
---------------------------------------------------------------------------------------------
                                             15.750001   data required time
                                             -0.923394   data arrival time
---------------------------------------------------------------------------------------------
                                             14.826607   slack (MET)


Startpoint: _436_ (rising edge-triggered flip-flop clocked by clk)
Endpoint: acc[4] (output port clocked by clk)
Path Group: clk
Path Type: max

Fanout         Cap        Slew       Delay        Time   Description
---------------------------------------------------------------------------------------------
                                  0.000000    0.000000   clock clk (rise edge)
                                  0.000000    0.000000   clock source latency
     1    0.017528    0.084488    0.058527    0.058527 ^ clk (in)
                                                         clk (net)
                      0.084526    0.000000    0.058527 ^ clkbuf_0_clk/A (sky130_fd_sc_hd__clkbuf_16)
     4    0.040100    0.059878    0.155508    0.214035 ^ clkbuf_0_clk/X (sky130_fd_sc_hd__clkbuf_16)
                                                         clknet_0_clk (net)
                      0.060023    0.002459    0.216494 ^ clkbuf_2_1__f_clk/A (sky130_fd_sc_hd__clkbuf_16)
     9    0.030430    0.051333    0.139958    0.356452 ^ clkbuf_2_1__f_clk/X (sky130_fd_sc_hd__clkbuf_16)
                                                         clknet_2_1__leaf_clk (net)
                      0.051338    0.000923    0.357375 ^ _436_/CLK (sky130_fd_sc_hd__dfrtp_1)
     3    0.006997    0.058565    0.378564    0.735939 v _436_/Q (sky130_fd_sc_hd__dfrtp_1)
                                                         net60 (net)
                      0.058644    0.000499    0.736438 v output60/A (sky130_fd_sc_hd__buf_2)
     1    0.034195    0.089713    0.185188    0.921626 v output60/X (sky130_fd_sc_hd__buf_2)
                                                         acc[4] (net)
                      0.089749    0.001648    0.923274 v acc[4] (out)
                                              0.923274   data arrival time

                                 20.000000   20.000000   clock clk (rise edge)
                                  0.000000   20.000000   clock network delay (propagated)
                                 -0.250000   19.750002   clock uncertainty
                                  0.000000   19.750002   clock reconvergence pessimism
                                 -4.000000   15.750001   output external delay
                                             15.750001   data required time
---------------------------------------------------------------------------------------------
                                             15.750001   data required time
                                             -0.923274   data arrival time
---------------------------------------------------------------------------------------------
                                             14.826727   slack (MET)


Startpoint: _439_ (rising edge-triggered flip-flop clocked by clk)
Endpoint: acc[7] (output port clocked by clk)
Path Group: clk
Path Type: max

Fanout         Cap        Slew       Delay        Time   Description
---------------------------------------------------------------------------------------------
                                  0.000000    0.000000   clock clk (rise edge)
                                  0.000000    0.000000   clock source latency
     1    0.017528    0.084488    0.058527    0.058527 ^ clk (in)
                                                         clk (net)
                      0.084526    0.000000    0.058527 ^ clkbuf_0_clk/A (sky130_fd_sc_hd__clkbuf_16)
     4    0.040100    0.059878    0.155508    0.214035 ^ clkbuf_0_clk/X (sky130_fd_sc_hd__clkbuf_16)
                                                         clknet_0_clk (net)
                      0.060023    0.002459    0.216494 ^ clkbuf_2_1__f_clk/A (sky130_fd_sc_hd__clkbuf_16)
     9    0.030430    0.051333    0.139958    0.356452 ^ clkbuf_2_1__f_clk/X (sky130_fd_sc_hd__clkbuf_16)
                                                         clknet_2_1__leaf_clk (net)
                      0.051344    0.001403    0.357854 ^ _439_/CLK (sky130_fd_sc_hd__dfrtp_1)
     3    0.006909    0.058073    0.378182    0.736036 v _439_/Q (sky130_fd_sc_hd__dfrtp_1)
                                                         net63 (net)
                      0.058073    0.000211    0.736247 v output63/A (sky130_fd_sc_hd__buf_2)
     1    0.034018    0.089310    0.184643    0.920891 v output63/X (sky130_fd_sc_hd__buf_2)
                                                         acc[7] (net)
                      0.089343    0.001592    0.922483 v acc[7] (out)
                                              0.922483   data arrival time

                                 20.000000   20.000000   clock clk (rise edge)
                                  0.000000   20.000000   clock network delay (propagated)
                                 -0.250000   19.750002   clock uncertainty
                                  0.000000   19.750002   clock reconvergence pessimism
                                 -4.000000   15.750001   output external delay
                                             15.750001   data required time
---------------------------------------------------------------------------------------------
                                             15.750001   data required time
                                             -0.922483   data arrival time
---------------------------------------------------------------------------------------------
                                             14.827518   slack (MET)


Startpoint: _437_ (rising edge-triggered flip-flop clocked by clk)
Endpoint: acc[5] (output port clocked by clk)
Path Group: clk
Path Type: max

Fanout         Cap        Slew       Delay        Time   Description
---------------------------------------------------------------------------------------------
                                  0.000000    0.000000   clock clk (rise edge)
                                  0.000000    0.000000   clock source latency
     1    0.017528    0.084488    0.058527    0.058527 ^ clk (in)
                                                         clk (net)
                      0.084526    0.000000    0.058527 ^ clkbuf_0_clk/A (sky130_fd_sc_hd__clkbuf_16)
     4    0.040100    0.059878    0.155508    0.214035 ^ clkbuf_0_clk/X (sky130_fd_sc_hd__clkbuf_16)
                                                         clknet_0_clk (net)
                      0.060023    0.002459    0.216494 ^ clkbuf_2_1__f_clk/A (sky130_fd_sc_hd__clkbuf_16)
     9    0.030430    0.051333    0.139958    0.356452 ^ clkbuf_2_1__f_clk/X (sky130_fd_sc_hd__clkbuf_16)
                                                         clknet_2_1__leaf_clk (net)
                      0.051343    0.001296    0.357748 ^ _437_/CLK (sky130_fd_sc_hd__dfrtp_1)
     3    0.006735    0.057237    0.377237    0.734985 v _437_/Q (sky130_fd_sc_hd__dfrtp_1)
                                                         net61 (net)
                      0.057237    0.000366    0.735351 v output61/A (sky130_fd_sc_hd__buf_2)
     1    0.033987    0.089246    0.184202    0.919552 v output61/X (sky130_fd_sc_hd__buf_2)
                                                         acc[5] (net)
                      0.089279    0.001594    0.921147 v acc[5] (out)
                                              0.921147   data arrival time

                                 20.000000   20.000000   clock clk (rise edge)
                                  0.000000   20.000000   clock network delay (propagated)
                                 -0.250000   19.750002   clock uncertainty
                                  0.000000   19.750002   clock reconvergence pessimism
                                 -4.000000   15.750001   output external delay
                                             15.750001   data required time
---------------------------------------------------------------------------------------------
                                             15.750001   data required time
                                             -0.921147   data arrival time
---------------------------------------------------------------------------------------------
                                             14.828855   slack (MET)


Startpoint: _454_ (rising edge-triggered flip-flop clocked by clk)
Endpoint: acc[22] (output port clocked by clk)
Path Group: clk
Path Type: max

Fanout         Cap        Slew       Delay        Time   Description
---------------------------------------------------------------------------------------------
                                  0.000000    0.000000   clock clk (rise edge)
                                  0.000000    0.000000   clock source latency
     1    0.017528    0.084488    0.058527    0.058527 ^ clk (in)
                                                         clk (net)
                      0.084526    0.000000    0.058527 ^ clkbuf_0_clk/A (sky130_fd_sc_hd__clkbuf_16)
     4    0.040100    0.059878    0.155508    0.214035 ^ clkbuf_0_clk/X (sky130_fd_sc_hd__clkbuf_16)
                                                         clknet_0_clk (net)
                      0.060043    0.002617    0.216652 ^ clkbuf_2_2__f_clk/A (sky130_fd_sc_hd__clkbuf_16)
     8    0.028914    0.050056    0.138681    0.355333 ^ clkbuf_2_2__f_clk/X (sky130_fd_sc_hd__clkbuf_16)
                                                         clknet_2_2__leaf_clk (net)
                      0.050086    0.001902    0.357235 ^ _454_/CLK (sky130_fd_sc_hd__dfrtp_1)
     3    0.006464    0.055913    0.375371    0.732605 v _454_/Q (sky130_fd_sc_hd__dfrtp_1)
                                                         net48 (net)
                      0.055913    0.000272    0.732878 v output48/A (sky130_fd_sc_hd__buf_2)
     1    0.034402    0.090150    0.184344    0.917222 v output48/X (sky130_fd_sc_hd__buf_2)
                                                         acc[22] (net)
                      0.090185    0.001642    0.918864 v acc[22] (out)
                                              0.918864   data arrival time

                                 20.000000   20.000000   clock clk (rise edge)
                                  0.000000   20.000000   clock network delay (propagated)
                                 -0.250000   19.750002   clock uncertainty
                                  0.000000   19.750002   clock reconvergence pessimism
                                 -4.000000   15.750001   output external delay
                                             15.750001   data required time
---------------------------------------------------------------------------------------------
                                             15.750001   data required time
                                             -0.918864   data arrival time
---------------------------------------------------------------------------------------------
                                             14.831137   slack (MET)


Startpoint: _432_ (rising edge-triggered flip-flop clocked by clk)
Endpoint: acc[0] (output port clocked by clk)
Path Group: clk
Path Type: max

Fanout         Cap        Slew       Delay        Time   Description
---------------------------------------------------------------------------------------------
                                  0.000000    0.000000   clock clk (rise edge)
                                  0.000000    0.000000   clock source latency
     1    0.017528    0.084488    0.058527    0.058527 ^ clk (in)
                                                         clk (net)
                      0.084526    0.000000    0.058527 ^ clkbuf_0_clk/A (sky130_fd_sc_hd__clkbuf_16)
     4    0.040100    0.059878    0.155508    0.214035 ^ clkbuf_0_clk/X (sky130_fd_sc_hd__clkbuf_16)
                                                         clknet_0_clk (net)
                      0.060023    0.002459    0.216494 ^ clkbuf_2_1__f_clk/A (sky130_fd_sc_hd__clkbuf_16)
     9    0.030430    0.051333    0.139958    0.356452 ^ clkbuf_2_1__f_clk/X (sky130_fd_sc_hd__clkbuf_16)
                                                         clknet_2_1__leaf_clk (net)
                      0.051340    0.001145    0.357596 ^ _432_/CLK (sky130_fd_sc_hd__dfrtp_1)
     3    0.006291    0.055132    0.374832    0.732429 v _432_/Q (sky130_fd_sc_hd__dfrtp_1)
                                                         net34 (net)
                      0.055132    0.000370    0.732799 v output34/A (sky130_fd_sc_hd__buf_2)
     1    0.034054    0.089392    0.183361    0.916159 v output34/X (sky130_fd_sc_hd__buf_2)
                                                         acc[0] (net)
                      0.089426    0.001607    0.917766 v acc[0] (out)
                                              0.917766   data arrival time

                                 20.000000   20.000000   clock clk (rise edge)
                                  0.000000   20.000000   clock network delay (propagated)
                                 -0.250000   19.750002   clock uncertainty
                                  0.000000   19.750002   clock reconvergence pessimism
                                 -4.000000   15.750001   output external delay
                                             15.750001   data required time
---------------------------------------------------------------------------------------------
                                             15.750001   data required time
                                             -0.917766   data arrival time
---------------------------------------------------------------------------------------------
                                             14.832234   slack (MET)


Startpoint: data_in[0] (input port clocked by clk)
Endpoint: _435_ (rising edge-triggered flip-flop clocked by clk)
Path Group: clk
Path Type: max

Fanout         Cap        Slew       Delay        Time   Description
---------------------------------------------------------------------------------------------
                                  0.000000    0.000000   clock clk (rise edge)
                                  0.000000    0.000000   clock network delay (propagated)
                                  4.000000    4.000000 ^ input external delay
     1    0.004239    0.025985    0.015421    4.015420 ^ data_in[0] (in)
                                                         data_in[0] (net)
                      0.025986    0.000000    4.015420 ^ input1/A (sky130_fd_sc_hd__clkbuf_1)
     2    0.005584    0.074940    0.096081    4.111502 ^ input1/X (sky130_fd_sc_hd__clkbuf_1)
                                                         net1 (net)
                      0.074941    0.000349    4.111851 ^ _266_/A (sky130_fd_sc_hd__nand2_1)
     3    0.010333    0.081008    0.092992    4.204843 v _266_/Y (sky130_fd_sc_hd__nand2_1)
                                                         _074_ (net)
                      0.081019    0.000766    4.205610 v _267_/A2 (sky130_fd_sc_hd__o21a_1)
     2    0.007571    0.057274    0.201043    4.406653 v _267_/X (sky130_fd_sc_hd__o21a_1)
                                                         _075_ (net)
                      0.057275    0.000306    4.406959 v _268_/C (sky130_fd_sc_hd__nor3_2)
     4    0.021660    0.388928    0.309616    4.716575 ^ _268_/Y (sky130_fd_sc_hd__nor3_2)
                                                         _076_ (net)
                      0.388932    0.001047    4.717622 ^ _420_/B (sky130_fd_sc_hd__nor2_1)
     1    0.004886    0.085577    0.095371    4.812993 v _420_/Y (sky130_fd_sc_hd__nor2_1)
                                                         _198_ (net)
                      0.085608    0.000363    4.813356 v _421_/B (sky130_fd_sc_hd__xnor2_1)
     1    0.002303    0.046938    0.131688    4.945044 v _421_/Y (sky130_fd_sc_hd__xnor2_1)
                                                         adder.cla_blocks[0].block.sum[3] (net)
                      0.046940    0.000105    4.945149 v _435_/D (sky130_fd_sc_hd__dfrtp_4)
                                              4.945149   data arrival time

                                 20.000000   20.000000   clock clk (rise edge)
                                  0.000000   20.000000   clock source latency
     1    0.017528    0.084488    0.058527   20.058527 ^ clk (in)
                                                         clk (net)
                      0.084526    0.000000   20.058527 ^ clkbuf_0_clk/A (sky130_fd_sc_hd__clkbuf_16)
     4    0.040100    0.059878    0.155508   20.214035 ^ clkbuf_0_clk/X (sky130_fd_sc_hd__clkbuf_16)
                                                         clknet_0_clk (net)
                      0.060023    0.002458   20.216494 ^ clkbuf_2_1__f_clk/A (sky130_fd_sc_hd__clkbuf_16)
     9    0.030430    0.051333    0.139957   20.356451 ^ clkbuf_2_1__f_clk/X (sky130_fd_sc_hd__clkbuf_16)
                                                         clknet_2_1__leaf_clk (net)
                      0.051338    0.000924   20.357374 ^ _435_/CLK (sky130_fd_sc_hd__dfrtp_4)
                                 -0.250000   20.107376   clock uncertainty
                                  0.000000   20.107376   clock reconvergence pessimism
                                 -0.113669   19.993708   library setup time
                                             19.993708   data required time
---------------------------------------------------------------------------------------------
                                             19.993708   data required time
                                             -4.945149   data arrival time
---------------------------------------------------------------------------------------------
                                             15.048558   slack (MET)


Startpoint: data_in[0] (input port clocked by clk)
Endpoint: _434_ (rising edge-triggered flip-flop clocked by clk)
Path Group: clk
Path Type: max

Fanout         Cap        Slew       Delay        Time   Description
---------------------------------------------------------------------------------------------
                                  0.000000    0.000000   clock clk (rise edge)
                                  0.000000    0.000000   clock network delay (propagated)
                                  4.000000    4.000000 ^ input external delay
     1    0.004239    0.025985    0.015421    4.015420 ^ data_in[0] (in)
                                                         data_in[0] (net)
                      0.025986    0.000000    4.015420 ^ input1/A (sky130_fd_sc_hd__clkbuf_1)
     2    0.005584    0.074940    0.096081    4.111502 ^ input1/X (sky130_fd_sc_hd__clkbuf_1)
                                                         net1 (net)
                      0.074941    0.000349    4.111851 ^ _266_/A (sky130_fd_sc_hd__nand2_1)
     3    0.010333    0.081008    0.092992    4.204843 v _266_/Y (sky130_fd_sc_hd__nand2_1)
                                                         _074_ (net)
                      0.081019    0.000766    4.205610 v _267_/A2 (sky130_fd_sc_hd__o21a_1)
     2    0.007571    0.057274    0.201043    4.406653 v _267_/X (sky130_fd_sc_hd__o21a_1)
                                                         _075_ (net)
                      0.057275    0.000306    4.406959 v _268_/C (sky130_fd_sc_hd__nor3_2)
     4    0.021660    0.388928    0.309616    4.716575 ^ _268_/Y (sky130_fd_sc_hd__nor3_2)
                                                         _076_ (net)
                      0.388932    0.000979    4.717554 ^ _419_/A (sky130_fd_sc_hd__nor2_1)
     1    0.002387    0.074341    0.088548    4.806101 v _419_/Y (sky130_fd_sc_hd__nor2_1)
                                                         adder.cla_blocks[0].block.sum[2] (net)
                      0.074341    0.000164    4.806265 v _434_/D (sky130_fd_sc_hd__dfrtp_1)
                                              4.806265   data arrival time

                                 20.000000   20.000000   clock clk (rise edge)
                                  0.000000   20.000000   clock source latency
     1    0.017528    0.084488    0.058527   20.058527 ^ clk (in)
                                                         clk (net)
                      0.084526    0.000000   20.058527 ^ clkbuf_0_clk/A (sky130_fd_sc_hd__clkbuf_16)
     4    0.040100    0.059878    0.155508   20.214035 ^ clkbuf_0_clk/X (sky130_fd_sc_hd__clkbuf_16)
                                                         clknet_0_clk (net)
                      0.060029    0.002508   20.216543 ^ clkbuf_2_3__f_clk/A (sky130_fd_sc_hd__clkbuf_16)
     9    0.032739    0.053316    0.141691   20.358234 ^ clkbuf_2_3__f_clk/X (sky130_fd_sc_hd__clkbuf_16)
                                                         clknet_2_3__leaf_clk (net)
                      0.053336    0.001171   20.359406 ^ _434_/CLK (sky130_fd_sc_hd__dfrtp_1)
                                 -0.250000   20.109406   clock uncertainty
                                  0.000000   20.109406   clock reconvergence pessimism
                                 -0.125162   19.984243   library setup time
                                             19.984243   data required time
---------------------------------------------------------------------------------------------
                                             19.984243   data required time
                                             -4.806265   data arrival time
---------------------------------------------------------------------------------------------
                                             15.177979   slack (MET)


Startpoint: data_in[0] (input port clocked by clk)
Endpoint: _432_ (rising edge-triggered flip-flop clocked by clk)
Path Group: clk
Path Type: max

Fanout         Cap        Slew       Delay        Time   Description
---------------------------------------------------------------------------------------------
                                  0.000000    0.000000   clock clk (rise edge)
                                  0.000000    0.000000   clock network delay (propagated)
                                  4.000000    4.000000 v input external delay
     1    0.004063    0.011563    0.006622    4.006622 v data_in[0] (in)
                                                         data_in[0] (net)
                      0.011567    0.000000    4.006622 v input1/A (sky130_fd_sc_hd__clkbuf_1)
     2    0.005319    0.039675    0.085097    4.091719 v input1/X (sky130_fd_sc_hd__clkbuf_1)
                                                         net1 (net)
                      0.039676    0.000281    4.092000 v _422_/A (sky130_fd_sc_hd__or2_1)
     1    0.001856    0.042791    0.210609    4.302609 v _422_/X (sky130_fd_sc_hd__or2_1)
                                                         _199_ (net)
                      0.042791    0.000083    4.302693 v _423_/B (sky130_fd_sc_hd__and2_1)
     1    0.002478    0.033675    0.147100    4.449793 v _423_/X (sky130_fd_sc_hd__and2_1)
                                                         adder.cla_blocks[0].block.p[0] (net)
                      0.033675    0.000169    4.449962 v _432_/D (sky130_fd_sc_hd__dfrtp_1)
                                              4.449962   data arrival time

                                 20.000000   20.000000   clock clk (rise edge)
                                  0.000000   20.000000   clock source latency
     1    0.017528    0.084488    0.058527   20.058527 ^ clk (in)
                                                         clk (net)
                      0.084526    0.000000   20.058527 ^ clkbuf_0_clk/A (sky130_fd_sc_hd__clkbuf_16)
     4    0.040100    0.059878    0.155508   20.214035 ^ clkbuf_0_clk/X (sky130_fd_sc_hd__clkbuf_16)
                                                         clknet_0_clk (net)
                      0.060023    0.002458   20.216494 ^ clkbuf_2_1__f_clk/A (sky130_fd_sc_hd__clkbuf_16)
     9    0.030430    0.051333    0.139957   20.356451 ^ clkbuf_2_1__f_clk/X (sky130_fd_sc_hd__clkbuf_16)
                                                         clknet_2_1__leaf_clk (net)
                      0.051340    0.001146   20.357597 ^ _432_/CLK (sky130_fd_sc_hd__dfrtp_1)
                                 -0.250000   20.107597   clock uncertainty
                                  0.000000   20.107597   clock reconvergence pessimism
                                 -0.107883   19.999714   library setup time
                                             19.999714   data required time
---------------------------------------------------------------------------------------------
                                             19.999714   data required time
                                             -4.449962   data arrival time
---------------------------------------------------------------------------------------------
                                             15.549752   slack (MET)


Startpoint: data_in[1] (input port clocked by clk)
Endpoint: _433_ (rising edge-triggered flip-flop clocked by clk)
Path Group: clk
Path Type: max

Fanout         Cap        Slew       Delay        Time   Description
---------------------------------------------------------------------------------------------
                                  0.000000    0.000000   clock clk (rise edge)
                                  0.000000    0.000000   clock network delay (propagated)
                                  4.000000    4.000000 v input external delay
     1    0.002720    0.008430    0.004338    4.004338 v data_in[1] (in)
                                                         data_in[1] (net)
                      0.008436    0.000000    4.004338 v input12/A (sky130_fd_sc_hd__clkbuf_1)
     2    0.006636    0.046757    0.089936    4.094275 v input12/X (sky130_fd_sc_hd__clkbuf_1)
                                                         net12 (net)
                      0.046757    0.000251    4.094525 v _262_/A (sky130_fd_sc_hd__nand2_1)
     2    0.008018    0.087484    0.087189    4.181714 ^ _262_/Y (sky130_fd_sc_hd__nand2_1)
                                                         _070_ (net)
                      0.087484    0.000308    4.182023 ^ _263_/A (sky130_fd_sc_hd__inv_2)
     1    0.002723    0.021343    0.031961    4.213984 v _263_/Y (sky130_fd_sc_hd__inv_2)
                                                         _071_ (net)
                      0.021350    0.000192    4.214176 v _265_/A (sky130_fd_sc_hd__nor2_1)
     1    0.005194    0.114824    0.116946    4.331121 ^ _265_/Y (sky130_fd_sc_hd__nor2_1)
                                                         _073_ (net)
                      0.114826    0.000385    4.331506 ^ _417_/A (sky130_fd_sc_hd__xnor2_1)
     1    0.003272    0.124694    0.128040    4.459546 ^ _417_/Y (sky130_fd_sc_hd__xnor2_1)
                                                         adder.cla_blocks[0].block.sum[1] (net)
                      0.124694    0.000212    4.459758 ^ _433_/D (sky130_fd_sc_hd__dfrtp_1)
                                              4.459758   data arrival time

                                 20.000000   20.000000   clock clk (rise edge)
                                  0.000000   20.000000   clock source latency
     1    0.017528    0.084488    0.058527   20.058527 ^ clk (in)
                                                         clk (net)
                      0.084526    0.000000   20.058527 ^ clkbuf_0_clk/A (sky130_fd_sc_hd__clkbuf_16)
     4    0.040100    0.059878    0.155508   20.214035 ^ clkbuf_0_clk/X (sky130_fd_sc_hd__clkbuf_16)
                                                         clknet_0_clk (net)
                      0.060023    0.002458   20.216494 ^ clkbuf_2_1__f_clk/A (sky130_fd_sc_hd__clkbuf_16)
     9    0.030430    0.051333    0.139957   20.356451 ^ clkbuf_2_1__f_clk/X (sky130_fd_sc_hd__clkbuf_16)
                                                         clknet_2_1__leaf_clk (net)
                      0.051339    0.001069   20.357521 ^ _433_/CLK (sky130_fd_sc_hd__dfrtp_1)
                                 -0.250000   20.107521   clock uncertainty
                                  0.000000   20.107521   clock reconvergence pessimism
                                 -0.077253   20.030268   library setup time
                                             20.030268   data required time
---------------------------------------------------------------------------------------------
                                             20.030268   data required time
                                             -4.459758   data arrival time
---------------------------------------------------------------------------------------------
                                             15.570511   slack (MET)


Startpoint: rst (input port clocked by clk)
Endpoint: _441_ (recovery check against rising-edge clock clk)
Path Group: asynchronous
Path Type: max

Fanout         Cap        Slew       Delay        Time   Description
---------------------------------------------------------------------------------------------
                                  0.000000    0.000000   clock clk (rise edge)
                                  0.000000    0.000000   clock network delay (propagated)
                                  4.000000    4.000000 v input external delay
     1    0.002758    0.008518    0.004404    4.004404 v rst (in)
                                                         rst (net)
                      0.008524    0.000000    4.004404 v input33/A (sky130_fd_sc_hd__buf_1)
     4    0.017368    0.105580    0.135294    4.139698 v input33/X (sky130_fd_sc_hd__buf_1)
                                                         net33 (net)
                      0.105597    0.001328    4.141026 v fanout66/A (sky130_fd_sc_hd__buf_4)
    10    0.066853    0.092623    0.225445    4.366471 v fanout66/X (sky130_fd_sc_hd__buf_4)
                                                         net66 (net)
                      0.092910    0.003706    4.370177 v _200_/A (sky130_fd_sc_hd__inv_2)
     1    0.005097    0.040043    0.066632    4.436809 ^ _200_/Y (sky130_fd_sc_hd__inv_2)
                                                         _009_ (net)
                      0.040043    0.000144    4.436953 ^ _441_/RESET_B (sky130_fd_sc_hd__dfrtp_1)
                                              4.436953   data arrival time

                                 20.000000   20.000000   clock clk (rise edge)
                                  0.000000   20.000000   clock source latency
     1    0.017528    0.084488    0.058527   20.058527 ^ clk (in)
                                                         clk (net)
                      0.084526    0.000000   20.058527 ^ clkbuf_0_clk/A (sky130_fd_sc_hd__clkbuf_16)
     4    0.040100    0.059878    0.155508   20.214035 ^ clkbuf_0_clk/X (sky130_fd_sc_hd__clkbuf_16)
                                                         clknet_0_clk (net)
                      0.060023    0.002458   20.216494 ^ clkbuf_2_1__f_clk/A (sky130_fd_sc_hd__clkbuf_16)
     9    0.030430    0.051333    0.139957   20.356451 ^ clkbuf_2_1__f_clk/X (sky130_fd_sc_hd__clkbuf_16)
                                                         clknet_2_1__leaf_clk (net)
                      0.051347    0.001565   20.358017 ^ _441_/CLK (sky130_fd_sc_hd__dfrtp_1)
                                 -0.250000   20.108017   clock uncertainty
                                  0.000000   20.108017   clock reconvergence pessimism
                                  0.233560   20.341578   library recovery time
                                             20.341578   data required time
---------------------------------------------------------------------------------------------
                                             20.341578   data required time
                                             -4.436953   data arrival time
---------------------------------------------------------------------------------------------
                                             15.904626   slack (MET)


Startpoint: rst (input port clocked by clk)
Endpoint: _446_ (recovery check against rising-edge clock clk)
Path Group: asynchronous
Path Type: max

Fanout         Cap        Slew       Delay        Time   Description
---------------------------------------------------------------------------------------------
                                  0.000000    0.000000   clock clk (rise edge)
                                  0.000000    0.000000   clock network delay (propagated)
                                  4.000000    4.000000 v input external delay
     1    0.002758    0.008518    0.004404    4.004404 v rst (in)
                                                         rst (net)
                      0.008524    0.000000    4.004404 v input33/A (sky130_fd_sc_hd__buf_1)
     4    0.017368    0.105580    0.135294    4.139698 v input33/X (sky130_fd_sc_hd__buf_1)
                                                         net33 (net)
                      0.105597    0.001328    4.141026 v fanout66/A (sky130_fd_sc_hd__buf_4)
    10    0.066853    0.092623    0.225445    4.366471 v fanout66/X (sky130_fd_sc_hd__buf_4)
                                                         net66 (net)
                      0.093321    0.006140    4.372612 v _205_/A (sky130_fd_sc_hd__inv_2)
     1    0.004833    0.039269    0.065810    4.438421 ^ _205_/Y (sky130_fd_sc_hd__inv_2)
                                                         _014_ (net)
                      0.039270    0.000271    4.438692 ^ _446_/RESET_B (sky130_fd_sc_hd__dfrtp_1)
                                              4.438692   data arrival time

                                 20.000000   20.000000   clock clk (rise edge)
                                  0.000000   20.000000   clock source latency
     1    0.017528    0.084488    0.058527   20.058527 ^ clk (in)
                                                         clk (net)
                      0.084526    0.000000   20.058527 ^ clkbuf_0_clk/A (sky130_fd_sc_hd__clkbuf_16)
     4    0.040100    0.059878    0.155508   20.214035 ^ clkbuf_0_clk/X (sky130_fd_sc_hd__clkbuf_16)
                                                         clknet_0_clk (net)
                      0.060035    0.002554   20.216589 ^ clkbuf_2_0__f_clk/A (sky130_fd_sc_hd__clkbuf_16)
     9    0.031485    0.052217    0.140364   20.356955 ^ clkbuf_2_0__f_clk/X (sky130_fd_sc_hd__clkbuf_16)
                                                         clknet_2_0__leaf_clk (net)
                      0.052287    0.002380   20.359335 ^ _446_/CLK (sky130_fd_sc_hd__dfrtp_1)
                                 -0.250000   20.109335   clock uncertainty
                                  0.000000   20.109335   clock reconvergence pessimism
                                  0.234048   20.343382   library recovery time
                                             20.343382   data required time
---------------------------------------------------------------------------------------------
                                             20.343382   data required time
                                             -4.438692   data arrival time
---------------------------------------------------------------------------------------------
                                             15.904690   slack (MET)


Startpoint: rst (input port clocked by clk)
Endpoint: _433_ (recovery check against rising-edge clock clk)
Path Group: asynchronous
Path Type: max

Fanout         Cap        Slew       Delay        Time   Description
---------------------------------------------------------------------------------------------
                                  0.000000    0.000000   clock clk (rise edge)
                                  0.000000    0.000000   clock network delay (propagated)
                                  4.000000    4.000000 v input external delay
     1    0.002758    0.008518    0.004404    4.004404 v rst (in)
                                                         rst (net)
                      0.008524    0.000000    4.004404 v input33/A (sky130_fd_sc_hd__buf_1)
     4    0.017368    0.105580    0.135294    4.139698 v input33/X (sky130_fd_sc_hd__buf_1)
                                                         net33 (net)
                      0.105597    0.001328    4.141026 v fanout66/A (sky130_fd_sc_hd__buf_4)
    10    0.066853    0.092623    0.225445    4.366471 v fanout66/X (sky130_fd_sc_hd__buf_4)
                                                         net66 (net)
                      0.092664    0.001987    4.368458 v _424_/A (sky130_fd_sc_hd__inv_2)
     1    0.004656    0.038554    0.064952    4.433411 ^ _424_/Y (sky130_fd_sc_hd__inv_2)
                                                         _001_ (net)
                      0.038554    0.000248    4.433659 ^ _433_/RESET_B (sky130_fd_sc_hd__dfrtp_1)
                                              4.433659   data arrival time

                                 20.000000   20.000000   clock clk (rise edge)
                                  0.000000   20.000000   clock source latency
     1    0.017528    0.084488    0.058527   20.058527 ^ clk (in)
                                                         clk (net)
                      0.084526    0.000000   20.058527 ^ clkbuf_0_clk/A (sky130_fd_sc_hd__clkbuf_16)
     4    0.040100    0.059878    0.155508   20.214035 ^ clkbuf_0_clk/X (sky130_fd_sc_hd__clkbuf_16)
                                                         clknet_0_clk (net)
                      0.060023    0.002458   20.216494 ^ clkbuf_2_1__f_clk/A (sky130_fd_sc_hd__clkbuf_16)
     9    0.030430    0.051333    0.139957   20.356451 ^ clkbuf_2_1__f_clk/X (sky130_fd_sc_hd__clkbuf_16)
                                                         clknet_2_1__leaf_clk (net)
                      0.051339    0.001069   20.357521 ^ _433_/CLK (sky130_fd_sc_hd__dfrtp_1)
                                 -0.250000   20.107521   clock uncertainty
                                  0.000000   20.107521   clock reconvergence pessimism
                                  0.233943   20.341465   library recovery time
                                             20.341465   data required time
---------------------------------------------------------------------------------------------
                                             20.341465   data required time
                                             -4.433659   data arrival time
---------------------------------------------------------------------------------------------
                                             15.907805   slack (MET)


Startpoint: rst (input port clocked by clk)
Endpoint: _445_ (recovery check against rising-edge clock clk)
Path Group: asynchronous
Path Type: max

Fanout         Cap        Slew       Delay        Time   Description
---------------------------------------------------------------------------------------------
                                  0.000000    0.000000   clock clk (rise edge)
                                  0.000000    0.000000   clock network delay (propagated)
                                  4.000000    4.000000 v input external delay
     1    0.002758    0.008518    0.004404    4.004404 v rst (in)
                                                         rst (net)
                      0.008524    0.000000    4.004404 v input33/A (sky130_fd_sc_hd__buf_1)
     4    0.017368    0.105580    0.135294    4.139698 v input33/X (sky130_fd_sc_hd__buf_1)
                                                         net33 (net)
                      0.105597    0.001328    4.141026 v fanout66/A (sky130_fd_sc_hd__buf_4)
    10    0.066853    0.092623    0.225445    4.366471 v fanout66/X (sky130_fd_sc_hd__buf_4)
                                                         net66 (net)
                      0.093100    0.004987    4.371458 v _204_/A (sky130_fd_sc_hd__inv_2)
     1    0.004166    0.036911    0.063083    4.434541 ^ _204_/Y (sky130_fd_sc_hd__inv_2)
                                                         _013_ (net)
                      0.036912    0.000220    4.434761 ^ _445_/RESET_B (sky130_fd_sc_hd__dfrtp_1)
                                              4.434761   data arrival time

                                 20.000000   20.000000   clock clk (rise edge)
                                  0.000000   20.000000   clock source latency
     1    0.017528    0.084488    0.058527   20.058527 ^ clk (in)
                                                         clk (net)
                      0.084526    0.000000   20.058527 ^ clkbuf_0_clk/A (sky130_fd_sc_hd__clkbuf_16)
     4    0.040100    0.059878    0.155508   20.214035 ^ clkbuf_0_clk/X (sky130_fd_sc_hd__clkbuf_16)
                                                         clknet_0_clk (net)
                      0.060035    0.002554   20.216589 ^ clkbuf_2_0__f_clk/A (sky130_fd_sc_hd__clkbuf_16)
     9    0.031485    0.052217    0.140364   20.356955 ^ clkbuf_2_0__f_clk/X (sky130_fd_sc_hd__clkbuf_16)
                                                         clknet_2_0__leaf_clk (net)
                      0.052227    0.001341   20.358295 ^ _445_/CLK (sky130_fd_sc_hd__dfrtp_1)
                                 -0.250000   20.108295   clock uncertainty
                                  0.000000   20.108295   clock reconvergence pessimism
                                  0.234640   20.342936   library recovery time
                                             20.342936   data required time
---------------------------------------------------------------------------------------------
                                             20.342936   data required time
                                             -4.434761   data arrival time
---------------------------------------------------------------------------------------------
                                             15.908175   slack (MET)


Startpoint: rst (input port clocked by clk)
Endpoint: _442_ (recovery check against rising-edge clock clk)
Path Group: asynchronous
Path Type: max

Fanout         Cap        Slew       Delay        Time   Description
---------------------------------------------------------------------------------------------
                                  0.000000    0.000000   clock clk (rise edge)
                                  0.000000    0.000000   clock network delay (propagated)
                                  4.000000    4.000000 v input external delay
     1    0.002758    0.008518    0.004404    4.004404 v rst (in)
                                                         rst (net)
                      0.008524    0.000000    4.004404 v input33/A (sky130_fd_sc_hd__buf_1)
     4    0.017368    0.105580    0.135294    4.139698 v input33/X (sky130_fd_sc_hd__buf_1)
                                                         net33 (net)
                      0.105597    0.001328    4.141026 v fanout66/A (sky130_fd_sc_hd__buf_4)
    10    0.066853    0.092623    0.225445    4.366471 v fanout66/X (sky130_fd_sc_hd__buf_4)
                                                         net66 (net)
                      0.093271    0.005898    4.372370 v _201_/A (sky130_fd_sc_hd__inv_2)
     1    0.004131    0.036807    0.063019    4.435389 ^ _201_/Y (sky130_fd_sc_hd__inv_2)
                                                         _010_ (net)
                      0.036807    0.000105    4.435494 ^ _442_/RESET_B (sky130_fd_sc_hd__dfrtp_1)
                                              4.435494   data arrival time

                                 20.000000   20.000000   clock clk (rise edge)
                                  0.000000   20.000000   clock source latency
     1    0.017528    0.084488    0.058527   20.058527 ^ clk (in)
                                                         clk (net)
                      0.084526    0.000000   20.058527 ^ clkbuf_0_clk/A (sky130_fd_sc_hd__clkbuf_16)
     4    0.040100    0.059878    0.155508   20.214035 ^ clkbuf_0_clk/X (sky130_fd_sc_hd__clkbuf_16)
                                                         clknet_0_clk (net)
                      0.060035    0.002554   20.216589 ^ clkbuf_2_0__f_clk/A (sky130_fd_sc_hd__clkbuf_16)
     9    0.031485    0.052217    0.140364   20.356955 ^ clkbuf_2_0__f_clk/X (sky130_fd_sc_hd__clkbuf_16)
                                                         clknet_2_0__leaf_clk (net)
                      0.052275    0.002268   20.359222 ^ _442_/CLK (sky130_fd_sc_hd__dfrtp_1)
                                 -0.250000   20.109222   clock uncertainty
                                  0.000000   20.109222   clock reconvergence pessimism
                                  0.234681   20.343904   library recovery time
                                             20.343904   data required time
---------------------------------------------------------------------------------------------
                                             20.343904   data required time
                                             -4.435494   data arrival time
---------------------------------------------------------------------------------------------
                                             15.908411   slack (MET)


Startpoint: rst (input port clocked by clk)
Endpoint: _443_ (recovery check against rising-edge clock clk)
Path Group: asynchronous
Path Type: max

Fanout         Cap        Slew       Delay        Time   Description
---------------------------------------------------------------------------------------------
                                  0.000000    0.000000   clock clk (rise edge)
                                  0.000000    0.000000   clock network delay (propagated)
                                  4.000000    4.000000 v input external delay
     1    0.002758    0.008518    0.004404    4.004404 v rst (in)
                                                         rst (net)
                      0.008524    0.000000    4.004404 v input33/A (sky130_fd_sc_hd__buf_1)
     4    0.017368    0.105580    0.135294    4.139698 v input33/X (sky130_fd_sc_hd__buf_1)
                                                         net33 (net)
                      0.105597    0.001328    4.141026 v fanout66/A (sky130_fd_sc_hd__buf_4)
    10    0.066853    0.092623    0.225445    4.366471 v fanout66/X (sky130_fd_sc_hd__buf_4)
                                                         net66 (net)
                      0.093169    0.005372    4.371843 v _202_/A (sky130_fd_sc_hd__inv_2)
     1    0.004029    0.036386    0.062426    4.434269 ^ _202_/Y (sky130_fd_sc_hd__inv_2)
                                                         _011_ (net)
                      0.036387    0.000213    4.434483 ^ _443_/RESET_B (sky130_fd_sc_hd__dfrtp_1)
                                              4.434483   data arrival time

                                 20.000000   20.000000   clock clk (rise edge)
                                  0.000000   20.000000   clock source latency
     1    0.017528    0.084488    0.058527   20.058527 ^ clk (in)
                                                         clk (net)
                      0.084526    0.000000   20.058527 ^ clkbuf_0_clk/A (sky130_fd_sc_hd__clkbuf_16)
     4    0.040100    0.059878    0.155508   20.214035 ^ clkbuf_0_clk/X (sky130_fd_sc_hd__clkbuf_16)
                                                         clknet_0_clk (net)
                      0.060035    0.002554   20.216589 ^ clkbuf_2_0__f_clk/A (sky130_fd_sc_hd__clkbuf_16)
     9    0.031485    0.052217    0.140364   20.356955 ^ clkbuf_2_0__f_clk/X (sky130_fd_sc_hd__clkbuf_16)
                                                         clknet_2_0__leaf_clk (net)
                      0.052232    0.001585   20.358538 ^ _443_/CLK (sky130_fd_sc_hd__dfrtp_1)
                                 -0.250000   20.108540   clock uncertainty
                                  0.000000   20.108540   clock reconvergence pessimism
                                  0.234777   20.343317   library recovery time
                                             20.343317   data required time
---------------------------------------------------------------------------------------------
                                             20.343317   data required time
                                             -4.434483   data arrival time
---------------------------------------------------------------------------------------------
                                             15.908834   slack (MET)


Startpoint: rst (input port clocked by clk)
Endpoint: _453_ (recovery check against rising-edge clock clk)
Path Group: asynchronous
Path Type: max

Fanout         Cap        Slew       Delay        Time   Description
---------------------------------------------------------------------------------------------
                                  0.000000    0.000000   clock clk (rise edge)
                                  0.000000    0.000000   clock network delay (propagated)
                                  4.000000    4.000000 v input external delay
     1    0.002758    0.008518    0.004404    4.004404 v rst (in)
                                                         rst (net)
                      0.008524    0.000000    4.004404 v input33/A (sky130_fd_sc_hd__buf_1)
     4    0.017368    0.105580    0.135294    4.139698 v input33/X (sky130_fd_sc_hd__buf_1)
                                                         net33 (net)
                      0.105581    0.000525    4.140223 v fanout68/A (sky130_fd_sc_hd__buf_4)
    10    0.064990    0.090712    0.222882    4.363105 v fanout68/X (sky130_fd_sc_hd__buf_4)
                                                         net68 (net)
                      0.091663    0.007149    4.370253 v _212_/A (sky130_fd_sc_hd__inv_2)
     1    0.004035    0.036087    0.061914    4.432167 ^ _212_/Y (sky130_fd_sc_hd__inv_2)
                                                         _021_ (net)
                      0.036087    0.000212    4.432379 ^ _453_/RESET_B (sky130_fd_sc_hd__dfrtp_1)
                                              4.432379   data arrival time

                                 20.000000   20.000000   clock clk (rise edge)
                                  0.000000   20.000000   clock source latency
     1    0.017528    0.084488    0.058527   20.058527 ^ clk (in)
                                                         clk (net)
                      0.084526    0.000000   20.058527 ^ clkbuf_0_clk/A (sky130_fd_sc_hd__clkbuf_16)
     4    0.040100    0.059878    0.155508   20.214035 ^ clkbuf_0_clk/X (sky130_fd_sc_hd__clkbuf_16)
                                                         clknet_0_clk (net)
                      0.060043    0.002617   20.216652 ^ clkbuf_2_2__f_clk/A (sky130_fd_sc_hd__clkbuf_16)
     8    0.028914    0.050056    0.138682   20.355333 ^ clkbuf_2_2__f_clk/X (sky130_fd_sc_hd__clkbuf_16)
                                                         clknet_2_2__leaf_clk (net)
                      0.050091    0.002091   20.357426 ^ _453_/CLK (sky130_fd_sc_hd__dfrtp_1)
                                 -0.250000   20.107426   clock uncertainty
                                  0.000000   20.107426   clock reconvergence pessimism
                                  0.234199   20.341623   library recovery time
                                             20.341623   data required time
---------------------------------------------------------------------------------------------
                                             20.341623   data required time
                                             -4.432379   data arrival time
---------------------------------------------------------------------------------------------
                                             15.909245   slack (MET)


Startpoint: rst (input port clocked by clk)
Endpoint: _452_ (recovery check against rising-edge clock clk)
Path Group: asynchronous
Path Type: max

Fanout         Cap        Slew       Delay        Time   Description
---------------------------------------------------------------------------------------------
                                  0.000000    0.000000   clock clk (rise edge)
                                  0.000000    0.000000   clock network delay (propagated)
                                  4.000000    4.000000 v input external delay
     1    0.002758    0.008518    0.004404    4.004404 v rst (in)
                                                         rst (net)
                      0.008524    0.000000    4.004404 v input33/A (sky130_fd_sc_hd__buf_1)
     4    0.017368    0.105580    0.135294    4.139698 v input33/X (sky130_fd_sc_hd__buf_1)
                                                         net33 (net)
                      0.105581    0.000525    4.140223 v fanout68/A (sky130_fd_sc_hd__buf_4)
    10    0.064990    0.090712    0.222882    4.363105 v fanout68/X (sky130_fd_sc_hd__buf_4)
                                                         net68 (net)
                      0.091494    0.006448    4.369553 v _211_/A (sky130_fd_sc_hd__inv_2)
     1    0.004005    0.035931    0.061753    4.431306 ^ _211_/Y (sky130_fd_sc_hd__inv_2)
                                                         _020_ (net)
                      0.035931    0.000100    4.431406 ^ _452_/RESET_B (sky130_fd_sc_hd__dfrtp_1)
                                              4.431406   data arrival time

                                 20.000000   20.000000   clock clk (rise edge)
                                  0.000000   20.000000   clock source latency
     1    0.017528    0.084488    0.058527   20.058527 ^ clk (in)
                                                         clk (net)
                      0.084526    0.000000   20.058527 ^ clkbuf_0_clk/A (sky130_fd_sc_hd__clkbuf_16)
     4    0.040100    0.059878    0.155508   20.214035 ^ clkbuf_0_clk/X (sky130_fd_sc_hd__clkbuf_16)
                                                         clknet_0_clk (net)
                      0.060043    0.002617   20.216652 ^ clkbuf_2_2__f_clk/A (sky130_fd_sc_hd__clkbuf_16)
     8    0.028914    0.050056    0.138682   20.355333 ^ clkbuf_2_2__f_clk/X (sky130_fd_sc_hd__clkbuf_16)
                                                         clknet_2_2__leaf_clk (net)
                      0.050073    0.001286   20.356621 ^ _452_/CLK (sky130_fd_sc_hd__dfrtp_1)
                                 -0.250000   20.106621   clock uncertainty
                                  0.000000   20.106621   clock reconvergence pessimism
                                  0.234233   20.340855   library recovery time
                                             20.340855   data required time
---------------------------------------------------------------------------------------------
                                             20.340855   data required time
                                             -4.431406   data arrival time
---------------------------------------------------------------------------------------------
                                             15.909449   slack (MET)


Startpoint: rst (input port clocked by clk)
Endpoint: _454_ (recovery check against rising-edge clock clk)
Path Group: asynchronous
Path Type: max

Fanout         Cap        Slew       Delay        Time   Description
---------------------------------------------------------------------------------------------
                                  0.000000    0.000000   clock clk (rise edge)
                                  0.000000    0.000000   clock network delay (propagated)
                                  4.000000    4.000000 v input external delay
     1    0.002758    0.008518    0.004404    4.004404 v rst (in)
                                                         rst (net)
                      0.008524    0.000000    4.004404 v input33/A (sky130_fd_sc_hd__buf_1)
     4    0.017368    0.105580    0.135294    4.139698 v input33/X (sky130_fd_sc_hd__buf_1)
                                                         net33 (net)
                      0.105581    0.000525    4.140223 v fanout68/A (sky130_fd_sc_hd__buf_4)
    10    0.064990    0.090712    0.222882    4.363105 v fanout68/X (sky130_fd_sc_hd__buf_4)
                                                         net68 (net)
                      0.091613    0.006948    4.370052 v _213_/A (sky130_fd_sc_hd__inv_2)
     1    0.003987    0.035890    0.061655    4.431707 ^ _213_/Y (sky130_fd_sc_hd__inv_2)
                                                         _022_ (net)
                      0.035890    0.000214    4.431921 ^ _454_/RESET_B (sky130_fd_sc_hd__dfrtp_1)
                                              4.431921   data arrival time

                                 20.000000   20.000000   clock clk (rise edge)
                                  0.000000   20.000000   clock source latency
     1    0.017528    0.084488    0.058527   20.058527 ^ clk (in)
                                                         clk (net)
                      0.084526    0.000000   20.058527 ^ clkbuf_0_clk/A (sky130_fd_sc_hd__clkbuf_16)
     4    0.040100    0.059878    0.155508   20.214035 ^ clkbuf_0_clk/X (sky130_fd_sc_hd__clkbuf_16)
                                                         clknet_0_clk (net)
                      0.060043    0.002617   20.216652 ^ clkbuf_2_2__f_clk/A (sky130_fd_sc_hd__clkbuf_16)
     8    0.028914    0.050056    0.138682   20.355333 ^ clkbuf_2_2__f_clk/X (sky130_fd_sc_hd__clkbuf_16)
                                                         clknet_2_2__leaf_clk (net)
                      0.050086    0.001901   20.357235 ^ _454_/CLK (sky130_fd_sc_hd__dfrtp_1)
                                 -0.250000   20.107235   clock uncertainty
                                  0.000000   20.107235   clock reconvergence pessimism
                                  0.234248   20.341484   library recovery time
                                             20.341484   data required time
---------------------------------------------------------------------------------------------
                                             20.341484   data required time
                                             -4.431921   data arrival time
---------------------------------------------------------------------------------------------
                                             15.909564   slack (MET)


Startpoint: rst (input port clocked by clk)
Endpoint: _444_ (recovery check against rising-edge clock clk)
Path Group: asynchronous
Path Type: max

Fanout         Cap        Slew       Delay        Time   Description
---------------------------------------------------------------------------------------------
                                  0.000000    0.000000   clock clk (rise edge)
                                  0.000000    0.000000   clock network delay (propagated)
                                  4.000000    4.000000 v input external delay
     1    0.002758    0.008518    0.004404    4.004404 v rst (in)
                                                         rst (net)
                      0.008524    0.000000    4.004404 v input33/A (sky130_fd_sc_hd__buf_1)
     4    0.017368    0.105580    0.135294    4.139698 v input33/X (sky130_fd_sc_hd__buf_1)
                                                         net33 (net)
                      0.105597    0.001328    4.141026 v fanout66/A (sky130_fd_sc_hd__buf_4)
    10    0.066853    0.092623    0.225445    4.366471 v fanout66/X (sky130_fd_sc_hd__buf_4)
                                                         net66 (net)
                      0.093102    0.004997    4.371469 v _203_/A (sky130_fd_sc_hd__inv_2)
     1    0.003935    0.036005    0.061930    4.433399 ^ _203_/Y (sky130_fd_sc_hd__inv_2)
                                                         _012_ (net)
                      0.036005    0.000209    4.433608 ^ _444_/RESET_B (sky130_fd_sc_hd__dfrtp_1)
                                              4.433608   data arrival time

                                 20.000000   20.000000   clock clk (rise edge)
                                  0.000000   20.000000   clock source latency
     1    0.017528    0.084488    0.058527   20.058527 ^ clk (in)
                                                         clk (net)
                      0.084526    0.000000   20.058527 ^ clkbuf_0_clk/A (sky130_fd_sc_hd__clkbuf_16)
     4    0.040100    0.059878    0.155508   20.214035 ^ clkbuf_0_clk/X (sky130_fd_sc_hd__clkbuf_16)
                                                         clknet_0_clk (net)
                      0.060035    0.002554   20.216589 ^ clkbuf_2_0__f_clk/A (sky130_fd_sc_hd__clkbuf_16)
     9    0.031485    0.052217    0.140364   20.356955 ^ clkbuf_2_0__f_clk/X (sky130_fd_sc_hd__clkbuf_16)
                                                         clknet_2_0__leaf_clk (net)
                      0.052228    0.001362   20.358316 ^ _444_/CLK (sky130_fd_sc_hd__dfrtp_1)
                                 -0.250000   20.108316   clock uncertainty
                                  0.000000   20.108316   clock reconvergence pessimism
                                  0.234874   20.343191   library recovery time
                                             20.343191   data required time
---------------------------------------------------------------------------------------------
                                             20.343191   data required time
                                             -4.433608   data arrival time
---------------------------------------------------------------------------------------------
                                             15.909581   slack (MET)


Startpoint: rst (input port clocked by clk)
Endpoint: _455_ (recovery check against rising-edge clock clk)
Path Group: asynchronous
Path Type: max

Fanout         Cap        Slew       Delay        Time   Description
---------------------------------------------------------------------------------------------
                                  0.000000    0.000000   clock clk (rise edge)
                                  0.000000    0.000000   clock network delay (propagated)
                                  4.000000    4.000000 v input external delay
     1    0.002758    0.008518    0.004404    4.004404 v rst (in)
                                                         rst (net)
                      0.008524    0.000000    4.004404 v input33/A (sky130_fd_sc_hd__buf_1)
     4    0.017368    0.105580    0.135294    4.139698 v input33/X (sky130_fd_sc_hd__buf_1)
                                                         net33 (net)
                      0.105581    0.000525    4.140223 v fanout68/A (sky130_fd_sc_hd__buf_4)
    10    0.064990    0.090712    0.222882    4.363105 v fanout68/X (sky130_fd_sc_hd__buf_4)
                                                         net68 (net)
                      0.091443    0.006219    4.369324 v _214_/A (sky130_fd_sc_hd__inv_2)
     1    0.004022    0.035989    0.061767    4.431091 ^ _214_/Y (sky130_fd_sc_hd__inv_2)
                                                         _023_ (net)
                      0.035990    0.000214    4.431305 ^ _455_/RESET_B (sky130_fd_sc_hd__dfrtp_1)
                                              4.431305   data arrival time

                                 20.000000   20.000000   clock clk (rise edge)
                                  0.000000   20.000000   clock source latency
     1    0.017528    0.084488    0.058527   20.058527 ^ clk (in)
                                                         clk (net)
                      0.084526    0.000000   20.058527 ^ clkbuf_0_clk/A (sky130_fd_sc_hd__clkbuf_16)
     4    0.040100    0.059878    0.155508   20.214035 ^ clkbuf_0_clk/X (sky130_fd_sc_hd__clkbuf_16)
                                                         clknet_0_clk (net)
                      0.060043    0.002617   20.216652 ^ clkbuf_2_2__f_clk/A (sky130_fd_sc_hd__clkbuf_16)
     8    0.028914    0.050056    0.138682   20.355333 ^ clkbuf_2_2__f_clk/X (sky130_fd_sc_hd__clkbuf_16)
                                                         clknet_2_2__leaf_clk (net)
                      0.050082    0.001725   20.357059 ^ _455_/CLK (sky130_fd_sc_hd__dfrtp_1)
                                 -0.250000   20.107059   clock uncertainty
                                  0.000000   20.107059   clock reconvergence pessimism
                                  0.234221   20.341282   library recovery time
                                             20.341282   data required time
---------------------------------------------------------------------------------------------
                                             20.341282   data required time
                                             -4.431305   data arrival time
---------------------------------------------------------------------------------------------
                                             15.909976   slack (MET)


Startpoint: rst (input port clocked by clk)
Endpoint: _457_ (recovery check against rising-edge clock clk)
Path Group: asynchronous
Path Type: max

Fanout         Cap        Slew       Delay        Time   Description
---------------------------------------------------------------------------------------------
                                  0.000000    0.000000   clock clk (rise edge)
                                  0.000000    0.000000   clock network delay (propagated)
                                  4.000000    4.000000 v input external delay
     1    0.002758    0.008518    0.004404    4.004404 v rst (in)
                                                         rst (net)
                      0.008524    0.000000    4.004404 v input33/A (sky130_fd_sc_hd__buf_1)
     4    0.017368    0.105580    0.135294    4.139698 v input33/X (sky130_fd_sc_hd__buf_1)
                                                         net33 (net)
                      0.105581    0.000525    4.140223 v fanout68/A (sky130_fd_sc_hd__buf_4)
    10    0.064990    0.090712    0.222882    4.363105 v fanout68/X (sky130_fd_sc_hd__buf_4)
                                                         net68 (net)
                      0.091447    0.006235    4.369340 v _216_/A (sky130_fd_sc_hd__inv_2)
     1    0.003925    0.035616    0.061294    4.430634 ^ _216_/Y (sky130_fd_sc_hd__inv_2)
                                                         _025_ (net)
                      0.035616    0.000206    4.430840 ^ _457_/RESET_B (sky130_fd_sc_hd__dfrtp_1)
                                              4.430840   data arrival time

                                 20.000000   20.000000   clock clk (rise edge)
                                  0.000000   20.000000   clock source latency
     1    0.017528    0.084488    0.058527   20.058527 ^ clk (in)
                                                         clk (net)
                      0.084526    0.000000   20.058527 ^ clkbuf_0_clk/A (sky130_fd_sc_hd__clkbuf_16)
     4    0.040100    0.059878    0.155508   20.214035 ^ clkbuf_0_clk/X (sky130_fd_sc_hd__clkbuf_16)
                                                         clknet_0_clk (net)
                      0.060043    0.002617   20.216652 ^ clkbuf_2_2__f_clk/A (sky130_fd_sc_hd__clkbuf_16)
     8    0.028914    0.050056    0.138682   20.355333 ^ clkbuf_2_2__f_clk/X (sky130_fd_sc_hd__clkbuf_16)
                                                         clknet_2_2__leaf_clk (net)
                      0.050073    0.001293   20.356627 ^ _457_/CLK (sky130_fd_sc_hd__dfrtp_1)
                                 -0.250000   20.106628   clock uncertainty
                                  0.000000   20.106628   clock reconvergence pessimism
                                  0.234315   20.340944   library recovery time
                                             20.340944   data required time
---------------------------------------------------------------------------------------------
                                             20.340944   data required time
                                             -4.430840   data arrival time
---------------------------------------------------------------------------------------------
                                             15.910104   slack (MET)


Startpoint: rst (input port clocked by clk)
Endpoint: _450_ (recovery check against rising-edge clock clk)
Path Group: asynchronous
Path Type: max

Fanout         Cap        Slew       Delay        Time   Description
---------------------------------------------------------------------------------------------
                                  0.000000    0.000000   clock clk (rise edge)
                                  0.000000    0.000000   clock network delay (propagated)
                                  4.000000    4.000000 v input external delay
     1    0.002758    0.008518    0.004404    4.004404 v rst (in)
                                                         rst (net)
                      0.008524    0.000000    4.004404 v input33/A (sky130_fd_sc_hd__buf_1)
     4    0.017368    0.105580    0.135294    4.139698 v input33/X (sky130_fd_sc_hd__buf_1)
                                                         net33 (net)
                      0.105581    0.000525    4.140223 v fanout68/A (sky130_fd_sc_hd__buf_4)
    10    0.064990    0.090712    0.222882    4.363105 v fanout68/X (sky130_fd_sc_hd__buf_4)
                                                         net68 (net)
                      0.091584    0.006829    4.369934 v _209_/A (sky130_fd_sc_hd__inv_2)
     1    0.003811    0.035209    0.060780    4.430714 ^ _209_/Y (sky130_fd_sc_hd__inv_2)
                                                         _018_ (net)
                      0.035209    0.000202    4.430916 ^ _450_/RESET_B (sky130_fd_sc_hd__dfrtp_1)
                                              4.430916   data arrival time

                                 20.000000   20.000000   clock clk (rise edge)
                                  0.000000   20.000000   clock source latency
     1    0.017528    0.084488    0.058527   20.058527 ^ clk (in)
                                                         clk (net)
                      0.084526    0.000000   20.058527 ^ clkbuf_0_clk/A (sky130_fd_sc_hd__clkbuf_16)
     4    0.040100    0.059878    0.155508   20.214035 ^ clkbuf_0_clk/X (sky130_fd_sc_hd__clkbuf_16)
                                                         clknet_0_clk (net)
                      0.060043    0.002617   20.216652 ^ clkbuf_2_2__f_clk/A (sky130_fd_sc_hd__clkbuf_16)
     8    0.028914    0.050056    0.138682   20.355333 ^ clkbuf_2_2__f_clk/X (sky130_fd_sc_hd__clkbuf_16)
                                                         clknet_2_2__leaf_clk (net)
                      0.050075    0.001375   20.356709 ^ _450_/CLK (sky130_fd_sc_hd__dfrtp_1)
                                 -0.250000   20.106710   clock uncertainty
                                  0.000000   20.106710   clock reconvergence pessimism
                                  0.234421   20.341129   library recovery time
                                             20.341129   data required time
---------------------------------------------------------------------------------------------
                                             20.341129   data required time
                                             -4.430916   data arrival time
---------------------------------------------------------------------------------------------
                                             15.910214   slack (MET)


Startpoint: rst (input port clocked by clk)
Endpoint: _456_ (recovery check against rising-edge clock clk)
Path Group: asynchronous
Path Type: max

Fanout         Cap        Slew       Delay        Time   Description
---------------------------------------------------------------------------------------------
                                  0.000000    0.000000   clock clk (rise edge)
                                  0.000000    0.000000   clock network delay (propagated)
                                  4.000000    4.000000 v input external delay
     1    0.002758    0.008518    0.004404    4.004404 v rst (in)
                                                         rst (net)
                      0.008524    0.000000    4.004404 v input33/A (sky130_fd_sc_hd__buf_1)
     4    0.017368    0.105580    0.135294    4.139698 v input33/X (sky130_fd_sc_hd__buf_1)
                                                         net33 (net)
                      0.105581    0.000525    4.140223 v fanout68/A (sky130_fd_sc_hd__buf_4)
    10    0.064990    0.090712    0.222882    4.363105 v fanout68/X (sky130_fd_sc_hd__buf_4)
                                                         net68 (net)
                      0.091451    0.006257    4.369362 v _215_/A (sky130_fd_sc_hd__inv_2)
     1    0.004549    0.037937    0.064118    4.433479 ^ _215_/Y (sky130_fd_sc_hd__inv_2)
                                                         _024_ (net)
                      0.037937    0.000247    4.433727 ^ _456_/RESET_B (sky130_fd_sc_hd__dfrtp_1)
                                              4.433727   data arrival time

                                 20.000000   20.000000   clock clk (rise edge)
                                  0.000000   20.000000   clock source latency
     1    0.017528    0.084488    0.058527   20.058527 ^ clk (in)
                                                         clk (net)
                      0.084526    0.000000   20.058527 ^ clkbuf_0_clk/A (sky130_fd_sc_hd__clkbuf_16)
     4    0.040100    0.059878    0.155508   20.214035 ^ clkbuf_0_clk/X (sky130_fd_sc_hd__clkbuf_16)
                                                         clknet_0_clk (net)
                      0.060029    0.002508   20.216543 ^ clkbuf_2_3__f_clk/A (sky130_fd_sc_hd__clkbuf_16)
     9    0.032739    0.053316    0.141691   20.358234 ^ clkbuf_2_3__f_clk/X (sky130_fd_sc_hd__clkbuf_16)
                                                         clknet_2_3__leaf_clk (net)
                      0.053327    0.001044   20.359280 ^ _456_/CLK (sky130_fd_sc_hd__dfrtp_1)
                                 -0.250000   20.109280   clock uncertainty
                                  0.000000   20.109280   clock reconvergence pessimism
                                  0.234711   20.343992   library recovery time
                                             20.343992   data required time
---------------------------------------------------------------------------------------------
                                             20.343992   data required time
                                             -4.433727   data arrival time
---------------------------------------------------------------------------------------------
                                             15.910266   slack (MET)


Startpoint: rst (input port clocked by clk)
Endpoint: _451_ (recovery check against rising-edge clock clk)
Path Group: asynchronous
Path Type: max

Fanout         Cap        Slew       Delay        Time   Description
---------------------------------------------------------------------------------------------
                                  0.000000    0.000000   clock clk (rise edge)
                                  0.000000    0.000000   clock network delay (propagated)
                                  4.000000    4.000000 v input external delay
     1    0.002758    0.008518    0.004404    4.004404 v rst (in)
                                                         rst (net)
                      0.008524    0.000000    4.004404 v input33/A (sky130_fd_sc_hd__buf_1)
     4    0.017368    0.105580    0.135294    4.139698 v input33/X (sky130_fd_sc_hd__buf_1)
                                                         net33 (net)
                      0.105581    0.000525    4.140223 v fanout68/A (sky130_fd_sc_hd__buf_4)
    10    0.064990    0.090712    0.222882    4.363105 v fanout68/X (sky130_fd_sc_hd__buf_4)
                                                         net68 (net)
                      0.091665    0.007155    4.370259 v _210_/A (sky130_fd_sc_hd__inv_2)
     1    0.003861    0.035420    0.061059    4.431318 ^ _210_/Y (sky130_fd_sc_hd__inv_2)
                                                         _019_ (net)
                      0.035420    0.000205    4.431523 ^ _451_/RESET_B (sky130_fd_sc_hd__dfrtp_1)
                                              4.431523   data arrival time

                                 20.000000   20.000000   clock clk (rise edge)
                                  0.000000   20.000000   clock source latency
     1    0.017528    0.084488    0.058527   20.058527 ^ clk (in)
                                                         clk (net)
                      0.084526    0.000000   20.058527 ^ clkbuf_0_clk/A (sky130_fd_sc_hd__clkbuf_16)
     4    0.040100    0.059878    0.155508   20.214035 ^ clkbuf_0_clk/X (sky130_fd_sc_hd__clkbuf_16)
                                                         clknet_0_clk (net)
                      0.060043    0.002617   20.216652 ^ clkbuf_2_2__f_clk/A (sky130_fd_sc_hd__clkbuf_16)
     8    0.028914    0.050056    0.138682   20.355333 ^ clkbuf_2_2__f_clk/X (sky130_fd_sc_hd__clkbuf_16)
                                                         clknet_2_2__leaf_clk (net)
                      0.050093    0.002165   20.357500 ^ _451_/CLK (sky130_fd_sc_hd__dfrtp_1)
                                 -0.250000   20.107500   clock uncertainty
                                  0.000000   20.107500   clock reconvergence pessimism
                                  0.234372   20.341873   library recovery time
                                             20.341873   data required time
---------------------------------------------------------------------------------------------
                                             20.341873   data required time
                                             -4.431523   data arrival time
---------------------------------------------------------------------------------------------
                                             15.910349   slack (MET)


Startpoint: rst (input port clocked by clk)
Endpoint: _447_ (recovery check against rising-edge clock clk)
Path Group: asynchronous
Path Type: max

Fanout         Cap        Slew       Delay        Time   Description
---------------------------------------------------------------------------------------------
                                  0.000000    0.000000   clock clk (rise edge)
                                  0.000000    0.000000   clock network delay (propagated)
                                  4.000000    4.000000 v input external delay
     1    0.002758    0.008518    0.004404    4.004404 v rst (in)
                                                         rst (net)
                      0.008524    0.000000    4.004404 v input33/A (sky130_fd_sc_hd__buf_1)
     4    0.017368    0.105580    0.135294    4.139698 v input33/X (sky130_fd_sc_hd__buf_1)
                                                         net33 (net)
                      0.105597    0.001328    4.141026 v fanout66/A (sky130_fd_sc_hd__buf_4)
    10    0.066853    0.092623    0.225445    4.366471 v fanout66/X (sky130_fd_sc_hd__buf_4)
                                                         net66 (net)
                      0.093198    0.005526    4.371997 v _206_/A (sky130_fd_sc_hd__inv_2)
     1    0.003922    0.035977    0.061905    4.433902 ^ _206_/Y (sky130_fd_sc_hd__inv_2)
                                                         _015_ (net)
                      0.035977    0.000206    4.434108 ^ _447_/RESET_B (sky130_fd_sc_hd__dfrtp_1)
                                              4.434108   data arrival time

                                 20.000000   20.000000   clock clk (rise edge)
                                  0.000000   20.000000   clock source latency
     1    0.017528    0.084488    0.058527   20.058527 ^ clk (in)
                                                         clk (net)
                      0.084526    0.000000   20.058527 ^ clkbuf_0_clk/A (sky130_fd_sc_hd__clkbuf_16)
     4    0.040100    0.059878    0.155508   20.214035 ^ clkbuf_0_clk/X (sky130_fd_sc_hd__clkbuf_16)
                                                         clknet_0_clk (net)
                      0.060035    0.002554   20.216589 ^ clkbuf_2_0__f_clk/A (sky130_fd_sc_hd__clkbuf_16)
     9    0.031485    0.052217    0.140364   20.356955 ^ clkbuf_2_0__f_clk/X (sky130_fd_sc_hd__clkbuf_16)
                                                         clknet_2_0__leaf_clk (net)
                      0.052403    0.002698   20.359652 ^ _447_/CLK (sky130_fd_sc_hd__dfrtp_1)
                                 -0.250000   20.109653   clock uncertainty
                                  0.000000   20.109653   clock reconvergence pessimism
                                  0.234935   20.344589   library recovery time
                                             20.344589   data required time
---------------------------------------------------------------------------------------------
                                             20.344589   data required time
                                             -4.434108   data arrival time
---------------------------------------------------------------------------------------------
                                             15.910480   slack (MET)


Startpoint: rst (input port clocked by clk)
Endpoint: _449_ (recovery check against rising-edge clock clk)
Path Group: asynchronous
Path Type: max

Fanout         Cap        Slew       Delay        Time   Description
---------------------------------------------------------------------------------------------
                                  0.000000    0.000000   clock clk (rise edge)
                                  0.000000    0.000000   clock network delay (propagated)
                                  4.000000    4.000000 v input external delay
     1    0.002758    0.008518    0.004404    4.004404 v rst (in)
                                                         rst (net)
                      0.008524    0.000000    4.004404 v input33/A (sky130_fd_sc_hd__buf_1)
     4    0.017368    0.105580    0.135294    4.139698 v input33/X (sky130_fd_sc_hd__buf_1)
                                                         net33 (net)
                      0.105597    0.001328    4.141026 v fanout66/A (sky130_fd_sc_hd__buf_4)
    10    0.066853    0.092623    0.225445    4.366471 v fanout66/X (sky130_fd_sc_hd__buf_4)
                                                         net66 (net)
                      0.093147    0.005255    4.371726 v _208_/A (sky130_fd_sc_hd__inv_2)
     1    0.003960    0.036113    0.062071    4.433797 ^ _208_/Y (sky130_fd_sc_hd__inv_2)
                                                         _017_ (net)
                      0.036113    0.000212    4.434010 ^ _449_/RESET_B (sky130_fd_sc_hd__dfrtp_1)
                                              4.434010   data arrival time

                                 20.000000   20.000000   clock clk (rise edge)
                                  0.000000   20.000000   clock source latency
     1    0.017528    0.084488    0.058527   20.058527 ^ clk (in)
                                                         clk (net)
                      0.084526    0.000000   20.058527 ^ clkbuf_0_clk/A (sky130_fd_sc_hd__clkbuf_16)
     4    0.040100    0.059878    0.155508   20.214035 ^ clkbuf_0_clk/X (sky130_fd_sc_hd__clkbuf_16)
                                                         clknet_0_clk (net)
                      0.060035    0.002554   20.216589 ^ clkbuf_2_0__f_clk/A (sky130_fd_sc_hd__clkbuf_16)
     9    0.031485    0.052217    0.140364   20.356955 ^ clkbuf_2_0__f_clk/X (sky130_fd_sc_hd__clkbuf_16)
                                                         clknet_2_0__leaf_clk (net)
                      0.052430    0.002911   20.359865 ^ _449_/CLK (sky130_fd_sc_hd__dfrtp_1)
                                 -0.250000   20.109867   clock uncertainty
                                  0.000000   20.109867   clock reconvergence pessimism
                                  0.234908   20.344776   library recovery time
                                             20.344776   data required time
---------------------------------------------------------------------------------------------
                                             20.344776   data required time
                                             -4.434010   data arrival time
---------------------------------------------------------------------------------------------
                                             15.910765   slack (MET)


Startpoint: rst (input port clocked by clk)
Endpoint: _448_ (recovery check against rising-edge clock clk)
Path Group: asynchronous
Path Type: max

Fanout         Cap        Slew       Delay        Time   Description
---------------------------------------------------------------------------------------------
                                  0.000000    0.000000   clock clk (rise edge)
                                  0.000000    0.000000   clock network delay (propagated)
                                  4.000000    4.000000 v input external delay
     1    0.002758    0.008518    0.004404    4.004404 v rst (in)
                                                         rst (net)
                      0.008524    0.000000    4.004404 v input33/A (sky130_fd_sc_hd__buf_1)
     4    0.017368    0.105580    0.135294    4.139698 v input33/X (sky130_fd_sc_hd__buf_1)
                                                         net33 (net)
                      0.105597    0.001328    4.141026 v fanout66/A (sky130_fd_sc_hd__buf_4)
    10    0.066853    0.092623    0.225445    4.366471 v fanout66/X (sky130_fd_sc_hd__buf_4)
                                                         net66 (net)
                      0.093040    0.004621    4.371092 v _207_/A (sky130_fd_sc_hd__inv_2)
     1    0.003968    0.036120    0.062128    4.433220 ^ _207_/Y (sky130_fd_sc_hd__inv_2)
                                                         _016_ (net)
                      0.036120    0.000099    4.433319 ^ _448_/RESET_B (sky130_fd_sc_hd__dfrtp_1)
                                              4.433319   data arrival time

                                 20.000000   20.000000   clock clk (rise edge)
                                  0.000000   20.000000   clock source latency
     1    0.017528    0.084488    0.058527   20.058527 ^ clk (in)
                                                         clk (net)
                      0.084526    0.000000   20.058527 ^ clkbuf_0_clk/A (sky130_fd_sc_hd__clkbuf_16)
     4    0.040100    0.059878    0.155508   20.214035 ^ clkbuf_0_clk/X (sky130_fd_sc_hd__clkbuf_16)
                                                         clknet_0_clk (net)
                      0.060035    0.002554   20.216589 ^ clkbuf_2_0__f_clk/A (sky130_fd_sc_hd__clkbuf_16)
     9    0.031485    0.052217    0.140364   20.356955 ^ clkbuf_2_0__f_clk/X (sky130_fd_sc_hd__clkbuf_16)
                                                         clknet_2_0__leaf_clk (net)
                      0.052448    0.003052   20.360006 ^ _448_/CLK (sky130_fd_sc_hd__dfrtp_1)
                                 -0.250000   20.110006   clock uncertainty
                                  0.000000   20.110006   clock reconvergence pessimism
                                  0.234912   20.344919   library recovery time
                                             20.344919   data required time
---------------------------------------------------------------------------------------------
                                             20.344919   data required time
                                             -4.433319   data arrival time
---------------------------------------------------------------------------------------------
                                             15.911599   slack (MET)


Startpoint: rst (input port clocked by clk)
Endpoint: _435_ (recovery check against rising-edge clock clk)
Path Group: asynchronous
Path Type: max

Fanout         Cap        Slew       Delay        Time   Description
---------------------------------------------------------------------------------------------
                                  0.000000    0.000000   clock clk (rise edge)
                                  0.000000    0.000000   clock network delay (propagated)
                                  4.000000    4.000000 v input external delay
     1    0.002758    0.008518    0.004404    4.004404 v rst (in)
                                                         rst (net)
                      0.008524    0.000000    4.004404 v input33/A (sky130_fd_sc_hd__buf_1)
     4    0.017368    0.105580    0.135294    4.139698 v input33/X (sky130_fd_sc_hd__buf_1)
                                                         net33 (net)
                      0.105634    0.001382    4.141080 v fanout67/A (sky130_fd_sc_hd__buf_2)
     6    0.036704    0.092823    0.210127    4.351207 v fanout67/X (sky130_fd_sc_hd__buf_2)
                                                         net67 (net)
                      0.092942    0.002967    4.354175 v _426_/A (sky130_fd_sc_hd__inv_2)
     1    0.004040    0.036380    0.062398    4.416572 ^ _426_/Y (sky130_fd_sc_hd__inv_2)
                                                         _003_ (net)
                      0.036380    0.000213    4.416785 ^ _435_/RESET_B (sky130_fd_sc_hd__dfrtp_4)
                                              4.416785   data arrival time

                                 20.000000   20.000000   clock clk (rise edge)
                                  0.000000   20.000000   clock source latency
     1    0.017528    0.084488    0.058527   20.058527 ^ clk (in)
                                                         clk (net)
                      0.084526    0.000000   20.058527 ^ clkbuf_0_clk/A (sky130_fd_sc_hd__clkbuf_16)
     4    0.040100    0.059878    0.155508   20.214035 ^ clkbuf_0_clk/X (sky130_fd_sc_hd__clkbuf_16)
                                                         clknet_0_clk (net)
                      0.060023    0.002458   20.216494 ^ clkbuf_2_1__f_clk/A (sky130_fd_sc_hd__clkbuf_16)
     9    0.030430    0.051333    0.139957   20.356451 ^ clkbuf_2_1__f_clk/X (sky130_fd_sc_hd__clkbuf_16)
                                                         clknet_2_1__leaf_clk (net)
                      0.051338    0.000924   20.357374 ^ _435_/CLK (sky130_fd_sc_hd__dfrtp_4)
                                 -0.250000   20.107376   clock uncertainty
                                  0.000000   20.107376   clock reconvergence pessimism
                                  0.221918   20.329294   library recovery time
                                             20.329294   data required time
---------------------------------------------------------------------------------------------
                                             20.329294   data required time
                                             -4.416785   data arrival time
---------------------------------------------------------------------------------------------
                                             15.912509   slack (MET)


Startpoint: rst (input port clocked by clk)
Endpoint: _458_ (recovery check against rising-edge clock clk)
Path Group: asynchronous
Path Type: max

Fanout         Cap        Slew       Delay        Time   Description
---------------------------------------------------------------------------------------------
                                  0.000000    0.000000   clock clk (rise edge)
                                  0.000000    0.000000   clock network delay (propagated)
                                  4.000000    4.000000 v input external delay
     1    0.002758    0.008518    0.004404    4.004404 v rst (in)
                                                         rst (net)
                      0.008524    0.000000    4.004404 v input33/A (sky130_fd_sc_hd__buf_1)
     4    0.017368    0.105580    0.135294    4.139698 v input33/X (sky130_fd_sc_hd__buf_1)
                                                         net33 (net)
                      0.105581    0.000525    4.140223 v fanout68/A (sky130_fd_sc_hd__buf_4)
    10    0.064990    0.090712    0.222882    4.363105 v fanout68/X (sky130_fd_sc_hd__buf_4)
                                                         net68 (net)
                      0.091264    0.005347    4.368452 v _217_/A (sky130_fd_sc_hd__inv_2)
     1    0.003993    0.035841    0.061565    4.430016 ^ _217_/Y (sky130_fd_sc_hd__inv_2)
                                                         _026_ (net)
                      0.035841    0.000210    4.430226 ^ _458_/RESET_B (sky130_fd_sc_hd__dfrtp_1)
                                              4.430226   data arrival time

                                 20.000000   20.000000   clock clk (rise edge)
                                  0.000000   20.000000   clock source latency
     1    0.017528    0.084488    0.058527   20.058527 ^ clk (in)
                                                         clk (net)
                      0.084526    0.000000   20.058527 ^ clkbuf_0_clk/A (sky130_fd_sc_hd__clkbuf_16)
     4    0.040100    0.059878    0.155508   20.214035 ^ clkbuf_0_clk/X (sky130_fd_sc_hd__clkbuf_16)
                                                         clknet_0_clk (net)
                      0.060029    0.002508   20.216543 ^ clkbuf_2_3__f_clk/A (sky130_fd_sc_hd__clkbuf_16)
     9    0.032739    0.053316    0.141691   20.358234 ^ clkbuf_2_3__f_clk/X (sky130_fd_sc_hd__clkbuf_16)
                                                         clknet_2_3__leaf_clk (net)
                      0.053337    0.001197   20.359432 ^ _458_/CLK (sky130_fd_sc_hd__dfrtp_1)
                                 -0.250000   20.109432   clock uncertainty
                                  0.000000   20.109432   clock reconvergence pessimism
                                  0.235256   20.344690   library recovery time
                                             20.344690   data required time
---------------------------------------------------------------------------------------------
                                             20.344690   data required time
                                             -4.430226   data arrival time
---------------------------------------------------------------------------------------------
                                             15.914463   slack (MET)


Startpoint: rst (input port clocked by clk)
Endpoint: _459_ (recovery check against rising-edge clock clk)
Path Group: asynchronous
Path Type: max

Fanout         Cap        Slew       Delay        Time   Description
---------------------------------------------------------------------------------------------
                                  0.000000    0.000000   clock clk (rise edge)
                                  0.000000    0.000000   clock network delay (propagated)
                                  4.000000    4.000000 v input external delay
     1    0.002758    0.008518    0.004404    4.004404 v rst (in)
                                                         rst (net)
                      0.008524    0.000000    4.004404 v input33/A (sky130_fd_sc_hd__buf_1)
     4    0.017368    0.105580    0.135294    4.139698 v input33/X (sky130_fd_sc_hd__buf_1)
                                                         net33 (net)
                      0.105581    0.000525    4.140223 v fanout68/A (sky130_fd_sc_hd__buf_4)
    10    0.064990    0.090712    0.222882    4.363105 v fanout68/X (sky130_fd_sc_hd__buf_4)
                                                         net68 (net)
                      0.091034    0.003923    4.367027 v _218_/A (sky130_fd_sc_hd__inv_2)
     1    0.004011    0.035861    0.061570    4.428597 ^ _218_/Y (sky130_fd_sc_hd__inv_2)
                                                         _027_ (net)
                      0.035861    0.000211    4.428809 ^ _459_/RESET_B (sky130_fd_sc_hd__dfrtp_1)
                                              4.428809   data arrival time

                                 20.000000   20.000000   clock clk (rise edge)
                                  0.000000   20.000000   clock source latency
     1    0.017528    0.084488    0.058527   20.058527 ^ clk (in)
                                                         clk (net)
                      0.084526    0.000000   20.058527 ^ clkbuf_0_clk/A (sky130_fd_sc_hd__clkbuf_16)
     4    0.040100    0.059878    0.155508   20.214035 ^ clkbuf_0_clk/X (sky130_fd_sc_hd__clkbuf_16)
                                                         clknet_0_clk (net)
                      0.060029    0.002508   20.216543 ^ clkbuf_2_3__f_clk/A (sky130_fd_sc_hd__clkbuf_16)
     9    0.032739    0.053316    0.141691   20.358234 ^ clkbuf_2_3__f_clk/X (sky130_fd_sc_hd__clkbuf_16)
                                                         clknet_2_3__leaf_clk (net)
                      0.053344    0.001293   20.359528 ^ _459_/CLK (sky130_fd_sc_hd__dfrtp_1)
                                 -0.250000   20.109529   clock uncertainty
                                  0.000000   20.109529   clock reconvergence pessimism
                                  0.235253   20.344782   library recovery time
                                             20.344782   data required time
---------------------------------------------------------------------------------------------
                                             20.344782   data required time
                                             -4.428809   data arrival time
---------------------------------------------------------------------------------------------
                                             15.915973   slack (MET)


Startpoint: rst (input port clocked by clk)
Endpoint: _439_ (recovery check against rising-edge clock clk)
Path Group: asynchronous
Path Type: max

Fanout         Cap        Slew       Delay        Time   Description
---------------------------------------------------------------------------------------------
                                  0.000000    0.000000   clock clk (rise edge)
                                  0.000000    0.000000   clock network delay (propagated)
                                  4.000000    4.000000 v input external delay
     1    0.002758    0.008518    0.004404    4.004404 v rst (in)
                                                         rst (net)
                      0.008524    0.000000    4.004404 v input33/A (sky130_fd_sc_hd__buf_1)
     4    0.017368    0.105580    0.135294    4.139698 v input33/X (sky130_fd_sc_hd__buf_1)
                                                         net33 (net)
                      0.105634    0.001382    4.141080 v fanout67/A (sky130_fd_sc_hd__buf_2)
     6    0.036704    0.092823    0.210127    4.351207 v fanout67/X (sky130_fd_sc_hd__buf_2)
                                                         net67 (net)
                      0.092992    0.003483    4.354690 v _430_/A (sky130_fd_sc_hd__inv_2)
     1    0.004082    0.036556    0.062678    4.417368 ^ _430_/Y (sky130_fd_sc_hd__inv_2)
                                                         _007_ (net)
                      0.036556    0.000103    4.417471 ^ _439_/RESET_B (sky130_fd_sc_hd__dfrtp_1)
                                              4.417471   data arrival time

                                 20.000000   20.000000   clock clk (rise edge)
                                  0.000000   20.000000   clock source latency
     1    0.017528    0.084488    0.058527   20.058527 ^ clk (in)
                                                         clk (net)
                      0.084526    0.000000   20.058527 ^ clkbuf_0_clk/A (sky130_fd_sc_hd__clkbuf_16)
     4    0.040100    0.059878    0.155508   20.214035 ^ clkbuf_0_clk/X (sky130_fd_sc_hd__clkbuf_16)
                                                         clknet_0_clk (net)
                      0.060023    0.002458   20.216494 ^ clkbuf_2_1__f_clk/A (sky130_fd_sc_hd__clkbuf_16)
     9    0.030430    0.051333    0.139957   20.356451 ^ clkbuf_2_1__f_clk/X (sky130_fd_sc_hd__clkbuf_16)
                                                         clknet_2_1__leaf_clk (net)
                      0.051344    0.001403   20.357855 ^ _439_/CLK (sky130_fd_sc_hd__dfrtp_1)
                                 -0.250000   20.107855   clock uncertainty
                                  0.000000   20.107855   clock reconvergence pessimism
                                  0.234461   20.342318   library recovery time
                                             20.342318   data required time
---------------------------------------------------------------------------------------------
                                             20.342318   data required time
                                             -4.417471   data arrival time
---------------------------------------------------------------------------------------------
                                             15.924846   slack (MET)


Startpoint: rst (input port clocked by clk)
Endpoint: _440_ (recovery check against rising-edge clock clk)
Path Group: asynchronous
Path Type: max

Fanout         Cap        Slew       Delay        Time   Description
---------------------------------------------------------------------------------------------
                                  0.000000    0.000000   clock clk (rise edge)
                                  0.000000    0.000000   clock network delay (propagated)
                                  4.000000    4.000000 v input external delay
     1    0.002758    0.008518    0.004404    4.004404 v rst (in)
                                                         rst (net)
                      0.008524    0.000000    4.004404 v input33/A (sky130_fd_sc_hd__buf_1)
     4    0.017368    0.105580    0.135294    4.139698 v input33/X (sky130_fd_sc_hd__buf_1)
                                                         net33 (net)
                      0.105634    0.001382    4.141080 v fanout67/A (sky130_fd_sc_hd__buf_2)
     6    0.036704    0.092823    0.210127    4.351207 v fanout67/X (sky130_fd_sc_hd__buf_2)
                                                         net67 (net)
                      0.093005    0.003600    4.354807 v _431_/A (sky130_fd_sc_hd__inv_2)
     1    0.003979    0.036152    0.062167    4.416974 ^ _431_/Y (sky130_fd_sc_hd__inv_2)
                                                         _008_ (net)
                      0.036152    0.000099    4.417072 ^ _440_/RESET_B (sky130_fd_sc_hd__dfrtp_1)
                                              4.417072   data arrival time

                                 20.000000   20.000000   clock clk (rise edge)
                                  0.000000   20.000000   clock source latency
     1    0.017528    0.084488    0.058527   20.058527 ^ clk (in)
                                                         clk (net)
                      0.084526    0.000000   20.058527 ^ clkbuf_0_clk/A (sky130_fd_sc_hd__clkbuf_16)
     4    0.040100    0.059878    0.155508   20.214035 ^ clkbuf_0_clk/X (sky130_fd_sc_hd__clkbuf_16)
                                                         clknet_0_clk (net)
                      0.060023    0.002458   20.216494 ^ clkbuf_2_1__f_clk/A (sky130_fd_sc_hd__clkbuf_16)
     9    0.030430    0.051333    0.139957   20.356451 ^ clkbuf_2_1__f_clk/X (sky130_fd_sc_hd__clkbuf_16)
                                                         clknet_2_1__leaf_clk (net)
                      0.051339    0.001011   20.357462 ^ _440_/CLK (sky130_fd_sc_hd__dfrtp_1)
                                 -0.250000   20.107464   clock uncertainty
                                  0.000000   20.107464   clock reconvergence pessimism
                                  0.234564   20.342028   library recovery time
                                             20.342028   data required time
---------------------------------------------------------------------------------------------
                                             20.342028   data required time
                                             -4.417072   data arrival time
---------------------------------------------------------------------------------------------
                                             15.924954   slack (MET)


Startpoint: rst (input port clocked by clk)
Endpoint: _437_ (recovery check against rising-edge clock clk)
Path Group: asynchronous
Path Type: max

Fanout         Cap        Slew       Delay        Time   Description
---------------------------------------------------------------------------------------------
                                  0.000000    0.000000   clock clk (rise edge)
                                  0.000000    0.000000   clock network delay (propagated)
                                  4.000000    4.000000 v input external delay
     1    0.002758    0.008518    0.004404    4.004404 v rst (in)
                                                         rst (net)
                      0.008524    0.000000    4.004404 v input33/A (sky130_fd_sc_hd__buf_1)
     4    0.017368    0.105580    0.135294    4.139698 v input33/X (sky130_fd_sc_hd__buf_1)
                                                         net33 (net)
                      0.105634    0.001382    4.141080 v fanout67/A (sky130_fd_sc_hd__buf_2)
     6    0.036704    0.092823    0.210127    4.351207 v fanout67/X (sky130_fd_sc_hd__buf_2)
                                                         net67 (net)
                      0.092971    0.003277    4.354484 v _428_/A (sky130_fd_sc_hd__inv_2)
     1    0.003967    0.036102    0.062043    4.416527 ^ _428_/Y (sky130_fd_sc_hd__inv_2)
                                                         _005_ (net)
                      0.036102    0.000211    4.416738 ^ _437_/RESET_B (sky130_fd_sc_hd__dfrtp_1)
                                              4.416738   data arrival time

                                 20.000000   20.000000   clock clk (rise edge)
                                  0.000000   20.000000   clock source latency
     1    0.017528    0.084488    0.058527   20.058527 ^ clk (in)
                                                         clk (net)
                      0.084526    0.000000   20.058527 ^ clkbuf_0_clk/A (sky130_fd_sc_hd__clkbuf_16)
     4    0.040100    0.059878    0.155508   20.214035 ^ clkbuf_0_clk/X (sky130_fd_sc_hd__clkbuf_16)
                                                         clknet_0_clk (net)
                      0.060023    0.002458   20.216494 ^ clkbuf_2_1__f_clk/A (sky130_fd_sc_hd__clkbuf_16)
     9    0.030430    0.051333    0.139957   20.356451 ^ clkbuf_2_1__f_clk/X (sky130_fd_sc_hd__clkbuf_16)
                                                         clknet_2_1__leaf_clk (net)
                      0.051343    0.001297   20.357748 ^ _437_/CLK (sky130_fd_sc_hd__dfrtp_1)
                                 -0.250000   20.107748   clock uncertainty
                                  0.000000   20.107748   clock reconvergence pessimism
                                  0.234578   20.342327   library recovery time
                                             20.342327   data required time
---------------------------------------------------------------------------------------------
                                             20.342327   data required time
                                             -4.416738   data arrival time
---------------------------------------------------------------------------------------------
                                             15.925591   slack (MET)


Startpoint: rst (input port clocked by clk)
Endpoint: _436_ (recovery check against rising-edge clock clk)
Path Group: asynchronous
Path Type: max

Fanout         Cap        Slew       Delay        Time   Description
---------------------------------------------------------------------------------------------
                                  0.000000    0.000000   clock clk (rise edge)
                                  0.000000    0.000000   clock network delay (propagated)
                                  4.000000    4.000000 v input external delay
     1    0.002758    0.008518    0.004404    4.004404 v rst (in)
                                                         rst (net)
                      0.008524    0.000000    4.004404 v input33/A (sky130_fd_sc_hd__buf_1)
     4    0.017368    0.105580    0.135294    4.139698 v input33/X (sky130_fd_sc_hd__buf_1)
                                                         net33 (net)
                      0.105634    0.001382    4.141080 v fanout67/A (sky130_fd_sc_hd__buf_2)
     6    0.036704    0.092823    0.210127    4.351207 v fanout67/X (sky130_fd_sc_hd__buf_2)
                                                         net67 (net)
                      0.092885    0.002235    4.353442 v _427_/A (sky130_fd_sc_hd__inv_2)
     1    0.004066    0.036472    0.062508    4.415949 ^ _427_/Y (sky130_fd_sc_hd__inv_2)
                                                         _004_ (net)
                      0.036473    0.000217    4.416167 ^ _436_/RESET_B (sky130_fd_sc_hd__dfrtp_1)
                                              4.416167   data arrival time

                                 20.000000   20.000000   clock clk (rise edge)
                                  0.000000   20.000000   clock source latency
     1    0.017528    0.084488    0.058527   20.058527 ^ clk (in)
                                                         clk (net)
                      0.084526    0.000000   20.058527 ^ clkbuf_0_clk/A (sky130_fd_sc_hd__clkbuf_16)
     4    0.040100    0.059878    0.155508   20.214035 ^ clkbuf_0_clk/X (sky130_fd_sc_hd__clkbuf_16)
                                                         clknet_0_clk (net)
                      0.060023    0.002458   20.216494 ^ clkbuf_2_1__f_clk/A (sky130_fd_sc_hd__clkbuf_16)
     9    0.030430    0.051333    0.139957   20.356451 ^ clkbuf_2_1__f_clk/X (sky130_fd_sc_hd__clkbuf_16)
                                                         clknet_2_1__leaf_clk (net)
                      0.051338    0.000924   20.357374 ^ _436_/CLK (sky130_fd_sc_hd__dfrtp_1)
                                 -0.250000   20.107376   clock uncertainty
                                  0.000000   20.107376   clock reconvergence pessimism
                                  0.234481   20.341856   library recovery time
                                             20.341856   data required time
---------------------------------------------------------------------------------------------
                                             20.341856   data required time
                                             -4.416167   data arrival time
---------------------------------------------------------------------------------------------
                                             15.925690   slack (MET)


Startpoint: rst (input port clocked by clk)
Endpoint: _438_ (recovery check against rising-edge clock clk)
Path Group: asynchronous
Path Type: max

Fanout         Cap        Slew       Delay        Time   Description
---------------------------------------------------------------------------------------------
                                  0.000000    0.000000   clock clk (rise edge)
                                  0.000000    0.000000   clock network delay (propagated)
                                  4.000000    4.000000 v input external delay
     1    0.002758    0.008518    0.004404    4.004404 v rst (in)
                                                         rst (net)
                      0.008524    0.000000    4.004404 v input33/A (sky130_fd_sc_hd__buf_1)
     4    0.017368    0.105580    0.135294    4.139698 v input33/X (sky130_fd_sc_hd__buf_1)
                                                         net33 (net)
                      0.105634    0.001382    4.141080 v fanout67/A (sky130_fd_sc_hd__buf_2)
     6    0.036704    0.092823    0.210127    4.351207 v fanout67/X (sky130_fd_sc_hd__buf_2)
                                                         net67 (net)
                      0.093015    0.003690    4.354897 v _429_/A (sky130_fd_sc_hd__inv_2)
     1    0.003826    0.035570    0.061362    4.416259 ^ _429_/Y (sky130_fd_sc_hd__inv_2)
                                                         _006_ (net)
                      0.035570    0.000203    4.416462 ^ _438_/RESET_B (sky130_fd_sc_hd__dfrtp_1)
                                              4.416462   data arrival time

                                 20.000000   20.000000   clock clk (rise edge)
                                  0.000000   20.000000   clock source latency
     1    0.017528    0.084488    0.058527   20.058527 ^ clk (in)
                                                         clk (net)
                      0.084526    0.000000   20.058527 ^ clkbuf_0_clk/A (sky130_fd_sc_hd__clkbuf_16)
     4    0.040100    0.059878    0.155508   20.214035 ^ clkbuf_0_clk/X (sky130_fd_sc_hd__clkbuf_16)
                                                         clknet_0_clk (net)
                      0.060023    0.002458   20.216494 ^ clkbuf_2_1__f_clk/A (sky130_fd_sc_hd__clkbuf_16)
     9    0.030430    0.051333    0.139957   20.356451 ^ clkbuf_2_1__f_clk/X (sky130_fd_sc_hd__clkbuf_16)
                                                         clknet_2_1__leaf_clk (net)
                      0.051349    0.001632   20.358084 ^ _438_/CLK (sky130_fd_sc_hd__dfrtp_1)
                                 -0.250000   20.108084   clock uncertainty
                                  0.000000   20.108084   clock reconvergence pessimism
                                  0.234718   20.342802   library recovery time
                                             20.342802   data required time
---------------------------------------------------------------------------------------------
                                             20.342802   data required time
                                             -4.416462   data arrival time
---------------------------------------------------------------------------------------------
                                             15.926340   slack (MET)


Startpoint: rst (input port clocked by clk)
Endpoint: _432_ (recovery check against rising-edge clock clk)
Path Group: asynchronous
Path Type: max

Fanout         Cap        Slew       Delay        Time   Description
---------------------------------------------------------------------------------------------
                                  0.000000    0.000000   clock clk (rise edge)
                                  0.000000    0.000000   clock network delay (propagated)
                                  4.000000    4.000000 v input external delay
     1    0.002758    0.008518    0.004404    4.004404 v rst (in)
                                                         rst (net)
                      0.008524    0.000000    4.004404 v input33/A (sky130_fd_sc_hd__buf_1)
     4    0.017368    0.105580    0.135294    4.139698 v input33/X (sky130_fd_sc_hd__buf_1)
                                                         net33 (net)
                      0.105584    0.000776    4.140474 v fanout69/A (sky130_fd_sc_hd__buf_2)
     6    0.033972    0.089476    0.205563    4.346037 v fanout69/X (sky130_fd_sc_hd__buf_2)
                                                         net69 (net)
                      0.089572    0.002613    4.348650 v _223_/A (sky130_fd_sc_hd__inv_2)
     1    0.004126    0.035991    0.061600    4.410250 ^ _223_/Y (sky130_fd_sc_hd__inv_2)
                                                         _000_ (net)
                      0.035991    0.000220    4.410470 ^ _432_/RESET_B (sky130_fd_sc_hd__dfrtp_1)
                                              4.410470   data arrival time

                                 20.000000   20.000000   clock clk (rise edge)
                                  0.000000   20.000000   clock source latency
     1    0.017528    0.084488    0.058527   20.058527 ^ clk (in)
                                                         clk (net)
                      0.084526    0.000000   20.058527 ^ clkbuf_0_clk/A (sky130_fd_sc_hd__clkbuf_16)
     4    0.040100    0.059878    0.155508   20.214035 ^ clkbuf_0_clk/X (sky130_fd_sc_hd__clkbuf_16)
                                                         clknet_0_clk (net)
                      0.060023    0.002458   20.216494 ^ clkbuf_2_1__f_clk/A (sky130_fd_sc_hd__clkbuf_16)
     9    0.030430    0.051333    0.139957   20.356451 ^ clkbuf_2_1__f_clk/X (sky130_fd_sc_hd__clkbuf_16)
                                                         clknet_2_1__leaf_clk (net)
                      0.051340    0.001146   20.357597 ^ _432_/CLK (sky130_fd_sc_hd__dfrtp_1)
                                 -0.250000   20.107597   clock uncertainty
                                  0.000000   20.107597   clock reconvergence pessimism
                                  0.234606   20.342203   library recovery time
                                             20.342203   data required time
---------------------------------------------------------------------------------------------
                                             20.342203   data required time
                                             -4.410470   data arrival time
---------------------------------------------------------------------------------------------
                                             15.931733   slack (MET)


Startpoint: rst (input port clocked by clk)
Endpoint: _434_ (recovery check against rising-edge clock clk)
Path Group: asynchronous
Path Type: max

Fanout         Cap        Slew       Delay        Time   Description
---------------------------------------------------------------------------------------------
                                  0.000000    0.000000   clock clk (rise edge)
                                  0.000000    0.000000   clock network delay (propagated)
                                  4.000000    4.000000 v input external delay
     1    0.002758    0.008518    0.004404    4.004404 v rst (in)
                                                         rst (net)
                      0.008524    0.000000    4.004404 v input33/A (sky130_fd_sc_hd__buf_1)
     4    0.017368    0.105580    0.135294    4.139698 v input33/X (sky130_fd_sc_hd__buf_1)
                                                         net33 (net)
                      0.105584    0.000776    4.140474 v fanout69/A (sky130_fd_sc_hd__buf_2)
     6    0.033972    0.089476    0.205563    4.346037 v fanout69/X (sky130_fd_sc_hd__buf_2)
                                                         net69 (net)
                      0.089586    0.002780    4.348817 v _425_/A (sky130_fd_sc_hd__inv_2)
     1    0.004000    0.035505    0.061046    4.409863 ^ _425_/Y (sky130_fd_sc_hd__inv_2)
                                                         _002_ (net)
                      0.035505    0.000099    4.409962 ^ _434_/RESET_B (sky130_fd_sc_hd__dfrtp_1)
                                              4.409962   data arrival time

                                 20.000000   20.000000   clock clk (rise edge)
                                  0.000000   20.000000   clock source latency
     1    0.017528    0.084488    0.058527   20.058527 ^ clk (in)
                                                         clk (net)
                      0.084526    0.000000   20.058527 ^ clkbuf_0_clk/A (sky130_fd_sc_hd__clkbuf_16)
     4    0.040100    0.059878    0.155508   20.214035 ^ clkbuf_0_clk/X (sky130_fd_sc_hd__clkbuf_16)
                                                         clknet_0_clk (net)
                      0.060029    0.002508   20.216543 ^ clkbuf_2_3__f_clk/A (sky130_fd_sc_hd__clkbuf_16)
     9    0.032739    0.053316    0.141691   20.358234 ^ clkbuf_2_3__f_clk/X (sky130_fd_sc_hd__clkbuf_16)
                                                         clknet_2_3__leaf_clk (net)
                      0.053336    0.001171   20.359406 ^ _434_/CLK (sky130_fd_sc_hd__dfrtp_1)
                                 -0.250000   20.109406   clock uncertainty
                                  0.000000   20.109406   clock reconvergence pessimism
                                  0.235343   20.344749   library recovery time
                                             20.344749   data required time
---------------------------------------------------------------------------------------------
                                             20.344749   data required time
                                             -4.409962   data arrival time
---------------------------------------------------------------------------------------------
                                             15.934787   slack (MET)


Startpoint: rst (input port clocked by clk)
Endpoint: _461_ (recovery check against rising-edge clock clk)
Path Group: asynchronous
Path Type: max

Fanout         Cap        Slew       Delay        Time   Description
---------------------------------------------------------------------------------------------
                                  0.000000    0.000000   clock clk (rise edge)
                                  0.000000    0.000000   clock network delay (propagated)
                                  4.000000    4.000000 v input external delay
     1    0.002758    0.008518    0.004404    4.004404 v rst (in)
                                                         rst (net)
                      0.008524    0.000000    4.004404 v input33/A (sky130_fd_sc_hd__buf_1)
     4    0.017368    0.105580    0.135294    4.139698 v input33/X (sky130_fd_sc_hd__buf_1)
                                                         net33 (net)
                      0.105584    0.000776    4.140474 v fanout69/A (sky130_fd_sc_hd__buf_2)
     6    0.033972    0.089476    0.205563    4.346037 v fanout69/X (sky130_fd_sc_hd__buf_2)
                                                         net69 (net)
                      0.089557    0.002417    4.348454 v _220_/A (sky130_fd_sc_hd__inv_2)
     1    0.004007    0.035525    0.061068    4.409523 ^ _220_/Y (sky130_fd_sc_hd__inv_2)
                                                         _029_ (net)
                      0.035525    0.000099    4.409622 ^ _461_/RESET_B (sky130_fd_sc_hd__dfrtp_1)
                                              4.409622   data arrival time

                                 20.000000   20.000000   clock clk (rise edge)
                                  0.000000   20.000000   clock source latency
     1    0.017528    0.084488    0.058527   20.058527 ^ clk (in)
                                                         clk (net)
                      0.084526    0.000000   20.058527 ^ clkbuf_0_clk/A (sky130_fd_sc_hd__clkbuf_16)
     4    0.040100    0.059878    0.155508   20.214035 ^ clkbuf_0_clk/X (sky130_fd_sc_hd__clkbuf_16)
                                                         clknet_0_clk (net)
                      0.060029    0.002508   20.216543 ^ clkbuf_2_3__f_clk/A (sky130_fd_sc_hd__clkbuf_16)
     9    0.032739    0.053316    0.141691   20.358234 ^ clkbuf_2_3__f_clk/X (sky130_fd_sc_hd__clkbuf_16)
                                                         clknet_2_3__leaf_clk (net)
                      0.053338    0.001211   20.359446 ^ _461_/CLK (sky130_fd_sc_hd__dfrtp_1)
                                 -0.250000   20.109447   clock uncertainty
                                  0.000000   20.109447   clock reconvergence pessimism
                                  0.235338   20.344786   library recovery time
                                             20.344786   data required time
---------------------------------------------------------------------------------------------
                                             20.344786   data required time
                                             -4.409622   data arrival time
---------------------------------------------------------------------------------------------
                                             15.935164   slack (MET)


Startpoint: rst (input port clocked by clk)
Endpoint: _460_ (recovery check against rising-edge clock clk)
Path Group: asynchronous
Path Type: max

Fanout         Cap        Slew       Delay        Time   Description
---------------------------------------------------------------------------------------------
                                  0.000000    0.000000   clock clk (rise edge)
                                  0.000000    0.000000   clock network delay (propagated)
                                  4.000000    4.000000 v input external delay
     1    0.002758    0.008518    0.004404    4.004404 v rst (in)
                                                         rst (net)
                      0.008524    0.000000    4.004404 v input33/A (sky130_fd_sc_hd__buf_1)
     4    0.017368    0.105580    0.135294    4.139698 v input33/X (sky130_fd_sc_hd__buf_1)
                                                         net33 (net)
                      0.105584    0.000776    4.140474 v fanout69/A (sky130_fd_sc_hd__buf_2)
     6    0.033972    0.089476    0.205563    4.346037 v fanout69/X (sky130_fd_sc_hd__buf_2)
                                                         net69 (net)
                      0.089588    0.002798    4.348835 v _219_/A (sky130_fd_sc_hd__inv_2)
     1    0.003901    0.035131    0.060515    4.409351 ^ _219_/Y (sky130_fd_sc_hd__inv_2)
                                                         _028_ (net)
                      0.035132    0.000207    4.409558 ^ _460_/RESET_B (sky130_fd_sc_hd__dfrtp_1)
                                              4.409558   data arrival time

                                 20.000000   20.000000   clock clk (rise edge)
                                  0.000000   20.000000   clock source latency
     1    0.017528    0.084488    0.058527   20.058527 ^ clk (in)
                                                         clk (net)
                      0.084526    0.000000   20.058527 ^ clkbuf_0_clk/A (sky130_fd_sc_hd__clkbuf_16)
     4    0.040100    0.059878    0.155508   20.214035 ^ clkbuf_0_clk/X (sky130_fd_sc_hd__clkbuf_16)
                                                         clknet_0_clk (net)
                      0.060029    0.002508   20.216543 ^ clkbuf_2_3__f_clk/A (sky130_fd_sc_hd__clkbuf_16)
     9    0.032739    0.053316    0.141691   20.358234 ^ clkbuf_2_3__f_clk/X (sky130_fd_sc_hd__clkbuf_16)
                                                         clknet_2_3__leaf_clk (net)
                      0.053333    0.001124   20.359360 ^ _460_/CLK (sky130_fd_sc_hd__dfrtp_1)
                                 -0.250000   20.109360   clock uncertainty
                                  0.000000   20.109360   clock reconvergence pessimism
                                  0.235438   20.344799   library recovery time
                                             20.344799   data required time
---------------------------------------------------------------------------------------------
                                             20.344799   data required time
                                             -4.409558   data arrival time
---------------------------------------------------------------------------------------------
                                             15.935240   slack (MET)


Startpoint: rst (input port clocked by clk)
Endpoint: _462_ (recovery check against rising-edge clock clk)
Path Group: asynchronous
Path Type: max

Fanout         Cap        Slew       Delay        Time   Description
---------------------------------------------------------------------------------------------
                                  0.000000    0.000000   clock clk (rise edge)
                                  0.000000    0.000000   clock network delay (propagated)
                                  4.000000    4.000000 v input external delay
     1    0.002758    0.008518    0.004404    4.004404 v rst (in)
                                                         rst (net)
                      0.008524    0.000000    4.004404 v input33/A (sky130_fd_sc_hd__buf_1)
     4    0.017368    0.105580    0.135294    4.139698 v input33/X (sky130_fd_sc_hd__buf_1)
                                                         net33 (net)
                      0.105584    0.000776    4.140474 v fanout69/A (sky130_fd_sc_hd__buf_2)
     6    0.033972    0.089476    0.205563    4.346037 v fanout69/X (sky130_fd_sc_hd__buf_2)
                                                         net69 (net)
                      0.089509    0.001608    4.347645 v _221_/A (sky130_fd_sc_hd__inv_2)
     1    0.004048    0.035673    0.061197    4.408843 ^ _221_/Y (sky130_fd_sc_hd__inv_2)
                                                         _030_ (net)
                      0.035674    0.000213    4.409056 ^ _462_/RESET_B (sky130_fd_sc_hd__dfrtp_1)
                                              4.409056   data arrival time

                                 20.000000   20.000000   clock clk (rise edge)
                                  0.000000   20.000000   clock source latency
     1    0.017528    0.084488    0.058527   20.058527 ^ clk (in)
                                                         clk (net)
                      0.084526    0.000000   20.058527 ^ clkbuf_0_clk/A (sky130_fd_sc_hd__clkbuf_16)
     4    0.040100    0.059878    0.155508   20.214035 ^ clkbuf_0_clk/X (sky130_fd_sc_hd__clkbuf_16)
                                                         clknet_0_clk (net)
                      0.060029    0.002508   20.216543 ^ clkbuf_2_3__f_clk/A (sky130_fd_sc_hd__clkbuf_16)
     9    0.032739    0.053316    0.141691   20.358234 ^ clkbuf_2_3__f_clk/X (sky130_fd_sc_hd__clkbuf_16)
                                                         clknet_2_3__leaf_clk (net)
                      0.053339    0.001217   20.359451 ^ _462_/CLK (sky130_fd_sc_hd__dfrtp_1)
                                 -0.250000   20.109453   clock uncertainty
                                  0.000000   20.109453   clock reconvergence pessimism
                                  0.235300   20.344751   library recovery time
                                             20.344751   data required time
---------------------------------------------------------------------------------------------
                                             20.344751   data required time
                                             -4.409056   data arrival time
---------------------------------------------------------------------------------------------
                                             15.935696   slack (MET)


Startpoint: rst (input port clocked by clk)
Endpoint: _463_ (recovery check against rising-edge clock clk)
Path Group: asynchronous
Path Type: max

Fanout         Cap        Slew       Delay        Time   Description
---------------------------------------------------------------------------------------------
                                  0.000000    0.000000   clock clk (rise edge)
                                  0.000000    0.000000   clock network delay (propagated)
                                  4.000000    4.000000 v input external delay
     1    0.002758    0.008518    0.004404    4.004404 v rst (in)
                                                         rst (net)
                      0.008524    0.000000    4.004404 v input33/A (sky130_fd_sc_hd__buf_1)
     4    0.017368    0.105580    0.135294    4.139698 v input33/X (sky130_fd_sc_hd__buf_1)
                                                         net33 (net)
                      0.105584    0.000776    4.140474 v fanout69/A (sky130_fd_sc_hd__buf_2)
     6    0.033972    0.089476    0.205563    4.346037 v fanout69/X (sky130_fd_sc_hd__buf_2)
                                                         net69 (net)
                      0.089525    0.001923    4.347961 v _222_/A (sky130_fd_sc_hd__inv_2)
     1    0.003877    0.035029    0.060377    4.408338 ^ _222_/Y (sky130_fd_sc_hd__inv_2)
                                                         _031_ (net)
                      0.035029    0.000206    4.408544 ^ _463_/RESET_B (sky130_fd_sc_hd__dfrtp_1)
                                              4.408544   data arrival time

                                 20.000000   20.000000   clock clk (rise edge)
                                  0.000000   20.000000   clock source latency
     1    0.017528    0.084488    0.058527   20.058527 ^ clk (in)
                                                         clk (net)
                      0.084526    0.000000   20.058527 ^ clkbuf_0_clk/A (sky130_fd_sc_hd__clkbuf_16)
     4    0.040100    0.059878    0.155508   20.214035 ^ clkbuf_0_clk/X (sky130_fd_sc_hd__clkbuf_16)
                                                         clknet_0_clk (net)
                      0.060029    0.002508   20.216543 ^ clkbuf_2_3__f_clk/A (sky130_fd_sc_hd__clkbuf_16)
     9    0.032739    0.053316    0.141691   20.358234 ^ clkbuf_2_3__f_clk/X (sky130_fd_sc_hd__clkbuf_16)
                                                         clknet_2_3__leaf_clk (net)
                      0.053335    0.001160   20.359394 ^ _463_/CLK (sky130_fd_sc_hd__dfrtp_1)
                                 -0.250000   20.109396   clock uncertainty
                                  0.000000   20.109396   clock reconvergence pessimism
                                  0.235466   20.344860   library recovery time
                                             20.344860   data required time
---------------------------------------------------------------------------------------------
                                             20.344860   data required time
                                             -4.408544   data arrival time
---------------------------------------------------------------------------------------------
                                             15.936316   slack (MET)



