
===========================================================================
report_checks -path_delay max (Setup)
============================================================================
======================= max_ss_100C_1v60 Corner ===================================

Startpoint: a[1] (input port clocked by __VIRTUAL_CLK__)
Endpoint: sum[30] (output port clocked by __VIRTUAL_CLK__)
Path Group: __VIRTUAL_CLK__
Path Type: max

Fanout         Cap        Slew       Delay        Time   Description
---------------------------------------------------------------------------------------------
                      0.000000    0.000000    0.000000   clock __VIRTUAL_CLK__ (rise edge)
                                  0.000000    0.000000   clock network delay (ideal)
                                  4.000000    4.000000 v input external delay
     1    0.003178    0.019913    0.010470    4.010470 v a[1] (in)
                                                         a[1] (net)
                      0.019913    0.000000    4.010470 v input12/A (sky130_fd_sc_hd__clkbuf_1)
     2    0.004715    0.069622    0.155163    4.165633 v input12/X (sky130_fd_sc_hd__clkbuf_1)
                                                         net12 (net)
                      0.069622    0.000246    4.165879 v _183_/B (sky130_fd_sc_hd__and2_1)
     3    0.009076    0.117908    0.366501    4.532380 v _183_/X (sky130_fd_sc_hd__and2_1)
                                                         _006_ (net)
                      0.117908    0.000301    4.532681 v _189_/A (sky130_fd_sc_hd__nor2_1)
     3    0.011530    0.368348    0.367278    4.899959 ^ _189_/Y (sky130_fd_sc_hd__nor2_1)
                                                         _012_ (net)
                      0.368349    0.000576    4.900535 ^ _206_/A2 (sky130_fd_sc_hd__a211oi_1)
     2    0.005649    0.164699    0.285554    5.186089 v _206_/Y (sky130_fd_sc_hd__a211oi_1)
                                                         _025_ (net)
                      0.164699    0.000357    5.186446 v _209_/A2 (sky130_fd_sc_hd__o31a_2)
     4    0.019190    0.161667    0.760013    5.946459 v _209_/X (sky130_fd_sc_hd__o31a_2)
                                                         _028_ (net)
                      0.161667    0.001203    5.947662 v _236_/A1 (sky130_fd_sc_hd__a211oi_4)
     4    0.018239    0.453123    0.531406    6.479068 ^ _236_/Y (sky130_fd_sc_hd__a211oi_4)
                                                         _051_ (net)
                      0.453124    0.001557    6.480625 ^ _261_/A2 (sky130_fd_sc_hd__o311ai_4)
     4    0.012297    0.198646    0.340449    6.821074 v _261_/Y (sky130_fd_sc_hd__o311ai_4)
                                                         _072_ (net)
                      0.198647    0.000974    6.822048 v _310_/A1 (sky130_fd_sc_hd__a2111o_1)
     3    0.011473    0.193579    0.860537    7.682585 v _310_/X (sky130_fd_sc_hd__a2111o_1)
                                                         _113_ (net)
                      0.193579    0.000592    7.683177 v _333_/A1 (sky130_fd_sc_hd__a211o_1)
     3    0.009810    0.147464    0.607344    8.290521 v _333_/X (sky130_fd_sc_hd__a211o_1)
                                                         _132_ (net)
                      0.147464    0.000545    8.291066 v _364_/A1 (sky130_fd_sc_hd__a21o_1)
     3    0.011795    0.131495    0.389249    8.680314 v _364_/X (sky130_fd_sc_hd__a21o_1)
                                                         _159_ (net)
                      0.131498    0.000812    8.681127 v _370_/A1 (sky130_fd_sc_hd__a311o_1)
     3    0.010739    0.168770    0.614329    9.295455 v _370_/X (sky130_fd_sc_hd__a311o_1)
                                                         _165_ (net)
                      0.168771    0.000666    9.296122 v _374_/A3 (sky130_fd_sc_hd__a31o_1)
     2    0.008665    0.114237    0.480387    9.776508 v _374_/X (sky130_fd_sc_hd__a31o_1)
                                                         _168_ (net)
                      0.114237    0.000335    9.776844 v _375_/B (sky130_fd_sc_hd__xnor2_1)
     1    0.002402    0.175988    0.219165    9.996009 ^ _375_/Y (sky130_fd_sc_hd__xnor2_1)
                                                         net90 (net)
                      0.175988    0.000157    9.996166 ^ output90/A (sky130_fd_sc_hd__buf_2)
     1    0.034789    0.276427    0.395123   10.391289 ^ output90/X (sky130_fd_sc_hd__buf_2)
                                                         sum[30] (net)
                      0.276434    0.001739   10.393028 ^ sum[30] (out)
                                             10.393028   data arrival time

                      0.000000   20.000000   20.000000   clock __VIRTUAL_CLK__ (rise edge)
                                  0.000000   20.000000   clock network delay (ideal)
                                 -0.250000   19.750002   clock uncertainty
                                  0.000000   19.750002   clock reconvergence pessimism
                                 -4.000000   15.750001   output external delay
                                             15.750001   data required time
---------------------------------------------------------------------------------------------
                                             15.750001   data required time
                                            -10.393028   data arrival time
---------------------------------------------------------------------------------------------
                                              5.356973   slack (MET)


Startpoint: a[1] (input port clocked by __VIRTUAL_CLK__)
Endpoint: cout (output port clocked by __VIRTUAL_CLK__)
Path Group: __VIRTUAL_CLK__
Path Type: max

Fanout         Cap        Slew       Delay        Time   Description
---------------------------------------------------------------------------------------------
                      0.000000    0.000000    0.000000   clock __VIRTUAL_CLK__ (rise edge)
                                  0.000000    0.000000   clock network delay (ideal)
                                  4.000000    4.000000 v input external delay
     1    0.003178    0.019913    0.010470    4.010470 v a[1] (in)
                                                         a[1] (net)
                      0.019913    0.000000    4.010470 v input12/A (sky130_fd_sc_hd__clkbuf_1)
     2    0.004715    0.069622    0.155163    4.165633 v input12/X (sky130_fd_sc_hd__clkbuf_1)
                                                         net12 (net)
                      0.069622    0.000246    4.165879 v _183_/B (sky130_fd_sc_hd__and2_1)
     3    0.009076    0.117908    0.366501    4.532380 v _183_/X (sky130_fd_sc_hd__and2_1)
                                                         _006_ (net)
                      0.117908    0.000301    4.532681 v _189_/A (sky130_fd_sc_hd__nor2_1)
     3    0.011530    0.368348    0.367278    4.899959 ^ _189_/Y (sky130_fd_sc_hd__nor2_1)
                                                         _012_ (net)
                      0.368349    0.000576    4.900535 ^ _206_/A2 (sky130_fd_sc_hd__a211oi_1)
     2    0.005649    0.164699    0.285554    5.186089 v _206_/Y (sky130_fd_sc_hd__a211oi_1)
                                                         _025_ (net)
                      0.164699    0.000357    5.186446 v _209_/A2 (sky130_fd_sc_hd__o31a_2)
     4    0.019190    0.161667    0.760013    5.946459 v _209_/X (sky130_fd_sc_hd__o31a_2)
                                                         _028_ (net)
                      0.161667    0.001203    5.947662 v _236_/A1 (sky130_fd_sc_hd__a211oi_4)
     4    0.018239    0.453123    0.531406    6.479068 ^ _236_/Y (sky130_fd_sc_hd__a211oi_4)
                                                         _051_ (net)
                      0.453124    0.001557    6.480625 ^ _261_/A2 (sky130_fd_sc_hd__o311ai_4)
     4    0.012297    0.198646    0.340449    6.821074 v _261_/Y (sky130_fd_sc_hd__o311ai_4)
                                                         _072_ (net)
                      0.198647    0.000974    6.822048 v _310_/A1 (sky130_fd_sc_hd__a2111o_1)
     3    0.011473    0.193579    0.860537    7.682585 v _310_/X (sky130_fd_sc_hd__a2111o_1)
                                                         _113_ (net)
                      0.193579    0.000592    7.683177 v _333_/A1 (sky130_fd_sc_hd__a211o_1)
     3    0.009810    0.147464    0.607344    8.290521 v _333_/X (sky130_fd_sc_hd__a211o_1)
                                                         _132_ (net)
                      0.147464    0.000545    8.291066 v _364_/A1 (sky130_fd_sc_hd__a21o_1)
     3    0.011795    0.131495    0.389249    8.680314 v _364_/X (sky130_fd_sc_hd__a21o_1)
                                                         _159_ (net)
                      0.131498    0.000812    8.681127 v _370_/A1 (sky130_fd_sc_hd__a311o_1)
     3    0.010739    0.168770    0.614329    9.295455 v _370_/X (sky130_fd_sc_hd__a311o_1)
                                                         _165_ (net)
                      0.168771    0.000666    9.296122 v _374_/A3 (sky130_fd_sc_hd__a31o_1)
     2    0.008665    0.114237    0.480387    9.776508 v _374_/X (sky130_fd_sc_hd__a31o_1)
                                                         _168_ (net)
                      0.114237    0.000335    9.776844 v _384_/A1 (sky130_fd_sc_hd__o21ai_1)
     1    0.002174    0.145808    0.215044    9.991888 ^ _384_/Y (sky130_fd_sc_hd__o21ai_1)
                                                         net66 (net)
                      0.145808    0.000155    9.992043 ^ output66/A (sky130_fd_sc_hd__buf_2)
     1    0.034880    0.277039    0.381472   10.373515 ^ output66/X (sky130_fd_sc_hd__buf_2)
                                                         cout (net)
                      0.277046    0.001717   10.375232 ^ cout (out)
                                             10.375232   data arrival time

                      0.000000   20.000000   20.000000   clock __VIRTUAL_CLK__ (rise edge)
                                  0.000000   20.000000   clock network delay (ideal)
                                 -0.250000   19.750002   clock uncertainty
                                  0.000000   19.750002   clock reconvergence pessimism
                                 -4.000000   15.750001   output external delay
                                             15.750001   data required time
---------------------------------------------------------------------------------------------
                                             15.750001   data required time
                                            -10.375232   data arrival time
---------------------------------------------------------------------------------------------
                                              5.374769   slack (MET)


Startpoint: a[1] (input port clocked by __VIRTUAL_CLK__)
Endpoint: sum[31] (output port clocked by __VIRTUAL_CLK__)
Path Group: __VIRTUAL_CLK__
Path Type: max

Fanout         Cap        Slew       Delay        Time   Description
---------------------------------------------------------------------------------------------
                      0.000000    0.000000    0.000000   clock __VIRTUAL_CLK__ (rise edge)
                                  0.000000    0.000000   clock network delay (ideal)
                                  4.000000    4.000000 v input external delay
     1    0.003178    0.019913    0.010470    4.010470 v a[1] (in)
                                                         a[1] (net)
                      0.019913    0.000000    4.010470 v input12/A (sky130_fd_sc_hd__clkbuf_1)
     2    0.004715    0.069622    0.155163    4.165633 v input12/X (sky130_fd_sc_hd__clkbuf_1)
                                                         net12 (net)
                      0.069622    0.000246    4.165879 v _183_/B (sky130_fd_sc_hd__and2_1)
     3    0.009076    0.117908    0.366501    4.532380 v _183_/X (sky130_fd_sc_hd__and2_1)
                                                         _006_ (net)
                      0.117908    0.000301    4.532681 v _189_/A (sky130_fd_sc_hd__nor2_1)
     3    0.011530    0.368348    0.367278    4.899959 ^ _189_/Y (sky130_fd_sc_hd__nor2_1)
                                                         _012_ (net)
                      0.368349    0.000576    4.900535 ^ _206_/A2 (sky130_fd_sc_hd__a211oi_1)
     2    0.005649    0.164699    0.285554    5.186089 v _206_/Y (sky130_fd_sc_hd__a211oi_1)
                                                         _025_ (net)
                      0.164699    0.000357    5.186446 v _209_/A2 (sky130_fd_sc_hd__o31a_2)
     4    0.019190    0.161667    0.760013    5.946459 v _209_/X (sky130_fd_sc_hd__o31a_2)
                                                         _028_ (net)
                      0.161667    0.001203    5.947662 v _236_/A1 (sky130_fd_sc_hd__a211oi_4)
     4    0.018239    0.453123    0.531406    6.479068 ^ _236_/Y (sky130_fd_sc_hd__a211oi_4)
                                                         _051_ (net)
                      0.453124    0.001557    6.480625 ^ _261_/A2 (sky130_fd_sc_hd__o311ai_4)
     4    0.012297    0.198646    0.340449    6.821074 v _261_/Y (sky130_fd_sc_hd__o311ai_4)
                                                         _072_ (net)
                      0.198647    0.000974    6.822048 v _310_/A1 (sky130_fd_sc_hd__a2111o_1)
     3    0.011473    0.193579    0.860537    7.682585 v _310_/X (sky130_fd_sc_hd__a2111o_1)
                                                         _113_ (net)
                      0.193579    0.000592    7.683177 v _333_/A1 (sky130_fd_sc_hd__a211o_1)
     3    0.009810    0.147464    0.607344    8.290521 v _333_/X (sky130_fd_sc_hd__a211o_1)
                                                         _132_ (net)
                      0.147464    0.000545    8.291066 v _364_/A1 (sky130_fd_sc_hd__a21o_1)
     3    0.011795    0.131495    0.389249    8.680314 v _364_/X (sky130_fd_sc_hd__a21o_1)
                                                         _159_ (net)
                      0.131497    0.000732    8.681046 v _369_/A1 (sky130_fd_sc_hd__a311oi_1)
     2    0.006947    0.529290    0.546235    9.227282 ^ _369_/Y (sky130_fd_sc_hd__a311oi_1)
                                                         _164_ (net)
                      0.529290    0.000538    9.227819 ^ _372_/A2 (sky130_fd_sc_hd__a21o_1)
     1    0.004928    0.092627    0.395616    9.623436 ^ _372_/X (sky130_fd_sc_hd__a21o_1)
                                                         _167_ (net)
                      0.092627    0.000234    9.623670 ^ _373_/B (sky130_fd_sc_hd__xor2_1)
     1    0.003752    0.210206    0.273847    9.897516 ^ _373_/X (sky130_fd_sc_hd__xor2_1)
                                                         net91 (net)
                      0.210206    0.000276    9.897792 ^ output91/A (sky130_fd_sc_hd__buf_2)
     1    0.034614    0.275185    0.410271   10.308064 ^ output91/X (sky130_fd_sc_hd__buf_2)
                                                         sum[31] (net)
                      0.275191    0.001716   10.309779 ^ sum[31] (out)
                                             10.309779   data arrival time

                      0.000000   20.000000   20.000000   clock __VIRTUAL_CLK__ (rise edge)
                                  0.000000   20.000000   clock network delay (ideal)
                                 -0.250000   19.750002   clock uncertainty
                                  0.000000   19.750002   clock reconvergence pessimism
                                 -4.000000   15.750001   output external delay
                                             15.750001   data required time
---------------------------------------------------------------------------------------------
                                             15.750001   data required time
                                            -10.309779   data arrival time
---------------------------------------------------------------------------------------------
                                              5.440222   slack (MET)


Startpoint: a[1] (input port clocked by __VIRTUAL_CLK__)
Endpoint: sum[29] (output port clocked by __VIRTUAL_CLK__)
Path Group: __VIRTUAL_CLK__
Path Type: max

Fanout         Cap        Slew       Delay        Time   Description
---------------------------------------------------------------------------------------------
                      0.000000    0.000000    0.000000   clock __VIRTUAL_CLK__ (rise edge)
                                  0.000000    0.000000   clock network delay (ideal)
                                  4.000000    4.000000 v input external delay
     1    0.003178    0.019913    0.010470    4.010470 v a[1] (in)
                                                         a[1] (net)
                      0.019913    0.000000    4.010470 v input12/A (sky130_fd_sc_hd__clkbuf_1)
     2    0.004715    0.069622    0.155163    4.165633 v input12/X (sky130_fd_sc_hd__clkbuf_1)
                                                         net12 (net)
                      0.069622    0.000246    4.165879 v _183_/B (sky130_fd_sc_hd__and2_1)
     3    0.009076    0.117908    0.366501    4.532380 v _183_/X (sky130_fd_sc_hd__and2_1)
                                                         _006_ (net)
                      0.117908    0.000301    4.532681 v _189_/A (sky130_fd_sc_hd__nor2_1)
     3    0.011530    0.368348    0.367278    4.899959 ^ _189_/Y (sky130_fd_sc_hd__nor2_1)
                                                         _012_ (net)
                      0.368349    0.000576    4.900535 ^ _206_/A2 (sky130_fd_sc_hd__a211oi_1)
     2    0.005649    0.164699    0.285554    5.186089 v _206_/Y (sky130_fd_sc_hd__a211oi_1)
                                                         _025_ (net)
                      0.164699    0.000357    5.186446 v _209_/A2 (sky130_fd_sc_hd__o31a_2)
     4    0.019190    0.161667    0.760013    5.946459 v _209_/X (sky130_fd_sc_hd__o31a_2)
                                                         _028_ (net)
                      0.161667    0.001203    5.947662 v _236_/A1 (sky130_fd_sc_hd__a211oi_4)
     4    0.018239    0.453123    0.531406    6.479068 ^ _236_/Y (sky130_fd_sc_hd__a211oi_4)
                                                         _051_ (net)
                      0.453124    0.001557    6.480625 ^ _261_/A2 (sky130_fd_sc_hd__o311ai_4)
     4    0.012297    0.198646    0.340449    6.821074 v _261_/Y (sky130_fd_sc_hd__o311ai_4)
                                                         _072_ (net)
                      0.198647    0.000974    6.822048 v _310_/A1 (sky130_fd_sc_hd__a2111o_1)
     3    0.011473    0.193579    0.860537    7.682585 v _310_/X (sky130_fd_sc_hd__a2111o_1)
                                                         _113_ (net)
                      0.193579    0.000592    7.683177 v _333_/A1 (sky130_fd_sc_hd__a211o_1)
     3    0.009810    0.147464    0.607344    8.290521 v _333_/X (sky130_fd_sc_hd__a211o_1)
                                                         _132_ (net)
                      0.147464    0.000545    8.291066 v _364_/A1 (sky130_fd_sc_hd__a21o_1)
     3    0.011795    0.131495    0.389249    8.680314 v _364_/X (sky130_fd_sc_hd__a21o_1)
                                                         _159_ (net)
                      0.131498    0.000812    8.681127 v _370_/A1 (sky130_fd_sc_hd__a311o_1)
     3    0.010739    0.168770    0.614329    9.295455 v _370_/X (sky130_fd_sc_hd__a311o_1)
                                                         _165_ (net)
                      0.168771    0.000665    9.296121 v _377_/B2 (sky130_fd_sc_hd__a22o_1)
     1    0.003170    0.074336    0.396400    9.692521 v _377_/X (sky130_fd_sc_hd__a22o_1)
                                                         _170_ (net)
                      0.074336    0.000135    9.692656 v _378_/B (sky130_fd_sc_hd__nand2_1)
     1    0.002545    0.071966    0.099066    9.791721 ^ _378_/Y (sky130_fd_sc_hd__nand2_1)
                                                         net88 (net)
                      0.071966    0.000168    9.791889 ^ output88/A (sky130_fd_sc_hd__buf_2)
     1    0.034526    0.274264    0.345053   10.136942 ^ output88/X (sky130_fd_sc_hd__buf_2)
                                                         sum[29] (net)
                      0.274270    0.001696   10.138638 ^ sum[29] (out)
                                             10.138638   data arrival time

                      0.000000   20.000000   20.000000   clock __VIRTUAL_CLK__ (rise edge)
                                  0.000000   20.000000   clock network delay (ideal)
                                 -0.250000   19.750002   clock uncertainty
                                  0.000000   19.750002   clock reconvergence pessimism
                                 -4.000000   15.750001   output external delay
                                             15.750001   data required time
---------------------------------------------------------------------------------------------
                                             15.750001   data required time
                                            -10.138638   data arrival time
---------------------------------------------------------------------------------------------
                                              5.611363   slack (MET)


Startpoint: a[1] (input port clocked by __VIRTUAL_CLK__)
Endpoint: sum[27] (output port clocked by __VIRTUAL_CLK__)
Path Group: __VIRTUAL_CLK__
Path Type: max

Fanout         Cap        Slew       Delay        Time   Description
---------------------------------------------------------------------------------------------
                      0.000000    0.000000    0.000000   clock __VIRTUAL_CLK__ (rise edge)
                                  0.000000    0.000000   clock network delay (ideal)
                                  4.000000    4.000000 v input external delay
     1    0.003178    0.019913    0.010470    4.010470 v a[1] (in)
                                                         a[1] (net)
                      0.019913    0.000000    4.010470 v input12/A (sky130_fd_sc_hd__clkbuf_1)
     2    0.004715    0.069622    0.155163    4.165633 v input12/X (sky130_fd_sc_hd__clkbuf_1)
                                                         net12 (net)
                      0.069622    0.000246    4.165879 v _183_/B (sky130_fd_sc_hd__and2_1)
     3    0.009076    0.117908    0.366501    4.532380 v _183_/X (sky130_fd_sc_hd__and2_1)
                                                         _006_ (net)
                      0.117908    0.000301    4.532681 v _189_/A (sky130_fd_sc_hd__nor2_1)
     3    0.011530    0.368348    0.367278    4.899959 ^ _189_/Y (sky130_fd_sc_hd__nor2_1)
                                                         _012_ (net)
                      0.368349    0.000576    4.900535 ^ _206_/A2 (sky130_fd_sc_hd__a211oi_1)
     2    0.005649    0.164699    0.285554    5.186089 v _206_/Y (sky130_fd_sc_hd__a211oi_1)
                                                         _025_ (net)
                      0.164699    0.000357    5.186446 v _209_/A2 (sky130_fd_sc_hd__o31a_2)
     4    0.019190    0.161667    0.760013    5.946459 v _209_/X (sky130_fd_sc_hd__o31a_2)
                                                         _028_ (net)
                      0.161667    0.001203    5.947662 v _236_/A1 (sky130_fd_sc_hd__a211oi_4)
     4    0.018239    0.453123    0.531406    6.479068 ^ _236_/Y (sky130_fd_sc_hd__a211oi_4)
                                                         _051_ (net)
                      0.453124    0.001557    6.480625 ^ _261_/A2 (sky130_fd_sc_hd__o311ai_4)
     4    0.012297    0.198646    0.340449    6.821074 v _261_/Y (sky130_fd_sc_hd__o311ai_4)
                                                         _072_ (net)
                      0.198647    0.000974    6.822048 v _310_/A1 (sky130_fd_sc_hd__a2111o_1)
     3    0.011473    0.193579    0.860537    7.682585 v _310_/X (sky130_fd_sc_hd__a2111o_1)
                                                         _113_ (net)
                      0.193579    0.000592    7.683177 v _333_/A1 (sky130_fd_sc_hd__a211o_1)
     3    0.009810    0.147464    0.607344    8.290521 v _333_/X (sky130_fd_sc_hd__a211o_1)
                                                         _132_ (net)
                      0.147465    0.000596    8.291117 v _340_/A1 (sky130_fd_sc_hd__a21o_1)
     3    0.008451    0.104187    0.364206    8.655323 v _340_/X (sky130_fd_sc_hd__a21o_1)
                                                         _139_ (net)
                      0.104187    0.000295    8.655618 v _341_/A2 (sky130_fd_sc_hd__a21o_1)
     3    0.010379    0.119824    0.390743    9.046360 v _341_/X (sky130_fd_sc_hd__a21o_1)
                                                         _140_ (net)
                      0.119826    0.000735    9.047095 v _344_/A3 (sky130_fd_sc_hd__a31o_1)
     1    0.005458    0.088501    0.431533    9.478629 v _344_/X (sky130_fd_sc_hd__a31o_1)
                                                         _143_ (net)
                      0.088502    0.000393    9.479022 v _345_/B (sky130_fd_sc_hd__xor2_1)
     1    0.002804    0.126630    0.268846    9.747869 v _345_/X (sky130_fd_sc_hd__xor2_1)
                                                         net86 (net)
                      0.126630    0.000164    9.748033 v output86/A (sky130_fd_sc_hd__buf_2)
     1    0.034082    0.165455    0.370409   10.118443 v output86/X (sky130_fd_sc_hd__buf_2)
                                                         sum[27] (net)
                      0.165469    0.001602   10.120045 v sum[27] (out)
                                             10.120045   data arrival time

                      0.000000   20.000000   20.000000   clock __VIRTUAL_CLK__ (rise edge)
                                  0.000000   20.000000   clock network delay (ideal)
                                 -0.250000   19.750002   clock uncertainty
                                  0.000000   19.750002   clock reconvergence pessimism
                                 -4.000000   15.750001   output external delay
                                             15.750001   data required time
---------------------------------------------------------------------------------------------
                                             15.750001   data required time
                                            -10.120045   data arrival time
---------------------------------------------------------------------------------------------
                                              5.629956   slack (MET)


Startpoint: a[1] (input port clocked by __VIRTUAL_CLK__)
Endpoint: sum[28] (output port clocked by __VIRTUAL_CLK__)
Path Group: __VIRTUAL_CLK__
Path Type: max

Fanout         Cap        Slew       Delay        Time   Description
---------------------------------------------------------------------------------------------
                      0.000000    0.000000    0.000000   clock __VIRTUAL_CLK__ (rise edge)
                                  0.000000    0.000000   clock network delay (ideal)
                                  4.000000    4.000000 v input external delay
     1    0.003178    0.019913    0.010470    4.010470 v a[1] (in)
                                                         a[1] (net)
                      0.019913    0.000000    4.010470 v input12/A (sky130_fd_sc_hd__clkbuf_1)
     2    0.004715    0.069622    0.155163    4.165633 v input12/X (sky130_fd_sc_hd__clkbuf_1)
                                                         net12 (net)
                      0.069622    0.000246    4.165879 v _183_/B (sky130_fd_sc_hd__and2_1)
     3    0.009076    0.117908    0.366501    4.532380 v _183_/X (sky130_fd_sc_hd__and2_1)
                                                         _006_ (net)
                      0.117908    0.000301    4.532681 v _189_/A (sky130_fd_sc_hd__nor2_1)
     3    0.011530    0.368348    0.367278    4.899959 ^ _189_/Y (sky130_fd_sc_hd__nor2_1)
                                                         _012_ (net)
                      0.368349    0.000576    4.900535 ^ _206_/A2 (sky130_fd_sc_hd__a211oi_1)
     2    0.005649    0.164699    0.285554    5.186089 v _206_/Y (sky130_fd_sc_hd__a211oi_1)
                                                         _025_ (net)
                      0.164699    0.000357    5.186446 v _209_/A2 (sky130_fd_sc_hd__o31a_2)
     4    0.019190    0.161667    0.760013    5.946459 v _209_/X (sky130_fd_sc_hd__o31a_2)
                                                         _028_ (net)
                      0.161667    0.001203    5.947662 v _236_/A1 (sky130_fd_sc_hd__a211oi_4)
     4    0.018239    0.453123    0.531406    6.479068 ^ _236_/Y (sky130_fd_sc_hd__a211oi_4)
                                                         _051_ (net)
                      0.453124    0.001557    6.480625 ^ _261_/A2 (sky130_fd_sc_hd__o311ai_4)
     4    0.012297    0.198646    0.340449    6.821074 v _261_/Y (sky130_fd_sc_hd__o311ai_4)
                                                         _072_ (net)
                      0.198647    0.000974    6.822048 v _310_/A1 (sky130_fd_sc_hd__a2111o_1)
     3    0.011473    0.193579    0.860537    7.682585 v _310_/X (sky130_fd_sc_hd__a2111o_1)
                                                         _113_ (net)
                      0.193579    0.000592    7.683177 v _333_/A1 (sky130_fd_sc_hd__a211o_1)
     3    0.009810    0.147464    0.607344    8.290521 v _333_/X (sky130_fd_sc_hd__a211o_1)
                                                         _132_ (net)
                      0.147464    0.000545    8.291066 v _364_/A1 (sky130_fd_sc_hd__a21o_1)
     3    0.011795    0.131495    0.389249    8.680314 v _364_/X (sky130_fd_sc_hd__a21o_1)
                                                         _159_ (net)
                      0.131497    0.000732    8.681046 v _369_/A1 (sky130_fd_sc_hd__a311oi_1)
     2    0.006947    0.529290    0.546235    9.227282 ^ _369_/Y (sky130_fd_sc_hd__a311oi_1)
                                                         _164_ (net)
                      0.529290    0.000447    9.227728 ^ _380_/A (sky130_fd_sc_hd__nor2_1)
     1    0.003678    0.123226    0.245564    9.473292 v _380_/Y (sky130_fd_sc_hd__nor2_1)
                                                         net87 (net)
                      0.123233    0.000258    9.473550 v output87/A (sky130_fd_sc_hd__buf_2)
     1    0.034828    0.168447    0.371057    9.844607 v output87/X (sky130_fd_sc_hd__buf_2)
                                                         sum[28] (net)
                      0.168464    0.001741    9.846348 v sum[28] (out)
                                              9.846348   data arrival time

                      0.000000   20.000000   20.000000   clock __VIRTUAL_CLK__ (rise edge)
                                  0.000000   20.000000   clock network delay (ideal)
                                 -0.250000   19.750002   clock uncertainty
                                  0.000000   19.750002   clock reconvergence pessimism
                                 -4.000000   15.750001   output external delay
                                             15.750001   data required time
---------------------------------------------------------------------------------------------
                                             15.750001   data required time
                                             -9.846348   data arrival time
---------------------------------------------------------------------------------------------
                                              5.903653   slack (MET)


Startpoint: a[1] (input port clocked by __VIRTUAL_CLK__)
Endpoint: sum[26] (output port clocked by __VIRTUAL_CLK__)
Path Group: __VIRTUAL_CLK__
Path Type: max

Fanout         Cap        Slew       Delay        Time   Description
---------------------------------------------------------------------------------------------
                      0.000000    0.000000    0.000000   clock __VIRTUAL_CLK__ (rise edge)
                                  0.000000    0.000000   clock network delay (ideal)
                                  4.000000    4.000000 v input external delay
     1    0.003178    0.019913    0.010470    4.010470 v a[1] (in)
                                                         a[1] (net)
                      0.019913    0.000000    4.010470 v input12/A (sky130_fd_sc_hd__clkbuf_1)
     2    0.004715    0.069622    0.155163    4.165633 v input12/X (sky130_fd_sc_hd__clkbuf_1)
                                                         net12 (net)
                      0.069622    0.000246    4.165879 v _183_/B (sky130_fd_sc_hd__and2_1)
     3    0.009076    0.117908    0.366501    4.532380 v _183_/X (sky130_fd_sc_hd__and2_1)
                                                         _006_ (net)
                      0.117908    0.000301    4.532681 v _189_/A (sky130_fd_sc_hd__nor2_1)
     3    0.011530    0.368348    0.367278    4.899959 ^ _189_/Y (sky130_fd_sc_hd__nor2_1)
                                                         _012_ (net)
                      0.368349    0.000576    4.900535 ^ _206_/A2 (sky130_fd_sc_hd__a211oi_1)
     2    0.005649    0.164699    0.285554    5.186089 v _206_/Y (sky130_fd_sc_hd__a211oi_1)
                                                         _025_ (net)
                      0.164699    0.000357    5.186446 v _209_/A2 (sky130_fd_sc_hd__o31a_2)
     4    0.019190    0.161667    0.760013    5.946459 v _209_/X (sky130_fd_sc_hd__o31a_2)
                                                         _028_ (net)
                      0.161667    0.001203    5.947662 v _236_/A1 (sky130_fd_sc_hd__a211oi_4)
     4    0.018239    0.453123    0.531406    6.479068 ^ _236_/Y (sky130_fd_sc_hd__a211oi_4)
                                                         _051_ (net)
                      0.453124    0.001557    6.480625 ^ _261_/A2 (sky130_fd_sc_hd__o311ai_4)
     4    0.012297    0.198646    0.340449    6.821074 v _261_/Y (sky130_fd_sc_hd__o311ai_4)
                                                         _072_ (net)
                      0.198647    0.000974    6.822048 v _310_/A1 (sky130_fd_sc_hd__a2111o_1)
     3    0.011473    0.193579    0.860537    7.682585 v _310_/X (sky130_fd_sc_hd__a2111o_1)
                                                         _113_ (net)
                      0.193579    0.000592    7.683177 v _333_/A1 (sky130_fd_sc_hd__a211o_1)
     3    0.009810    0.147464    0.607344    8.290521 v _333_/X (sky130_fd_sc_hd__a211o_1)
                                                         _132_ (net)
                      0.147465    0.000596    8.291117 v _340_/A1 (sky130_fd_sc_hd__a21o_1)
     3    0.008451    0.104187    0.364206    8.655323 v _340_/X (sky130_fd_sc_hd__a21o_1)
                                                         _139_ (net)
                      0.104187    0.000295    8.655618 v _341_/A2 (sky130_fd_sc_hd__a21o_1)
     3    0.010379    0.119824    0.390743    9.046360 v _341_/X (sky130_fd_sc_hd__a21o_1)
                                                         _140_ (net)
                      0.119825    0.000656    9.047017 v _342_/B (sky130_fd_sc_hd__nand2_1)
     1    0.004916    0.104184    0.144736    9.191752 ^ _342_/Y (sky130_fd_sc_hd__nand2_1)
                                                         _141_ (net)
                      0.104184    0.000234    9.191986 ^ _346_/A (sky130_fd_sc_hd__xnor2_1)
     1    0.004020    0.226298    0.225660    9.417646 ^ _346_/Y (sky130_fd_sc_hd__xnor2_1)
                                                         net85 (net)
                      0.226298    0.000272    9.417918 ^ output85/A (sky130_fd_sc_hd__buf_2)
     1    0.033998    0.270626    0.414405    9.832323 ^ output85/X (sky130_fd_sc_hd__buf_2)
                                                         sum[26] (net)
                      0.270631    0.001593    9.833916 ^ sum[26] (out)
                                              9.833916   data arrival time

                      0.000000   20.000000   20.000000   clock __VIRTUAL_CLK__ (rise edge)
                                  0.000000   20.000000   clock network delay (ideal)
                                 -0.250000   19.750002   clock uncertainty
                                  0.000000   19.750002   clock reconvergence pessimism
                                 -4.000000   15.750001   output external delay
                                             15.750001   data required time
---------------------------------------------------------------------------------------------
                                             15.750001   data required time
                                             -9.833916   data arrival time
---------------------------------------------------------------------------------------------
                                              5.916085   slack (MET)


Startpoint: a[1] (input port clocked by __VIRTUAL_CLK__)
Endpoint: sum[25] (output port clocked by __VIRTUAL_CLK__)
Path Group: __VIRTUAL_CLK__
Path Type: max

Fanout         Cap        Slew       Delay        Time   Description
---------------------------------------------------------------------------------------------
                      0.000000    0.000000    0.000000   clock __VIRTUAL_CLK__ (rise edge)
                                  0.000000    0.000000   clock network delay (ideal)
                                  4.000000    4.000000 v input external delay
     1    0.003178    0.019913    0.010470    4.010470 v a[1] (in)
                                                         a[1] (net)
                      0.019913    0.000000    4.010470 v input12/A (sky130_fd_sc_hd__clkbuf_1)
     2    0.004715    0.069622    0.155163    4.165633 v input12/X (sky130_fd_sc_hd__clkbuf_1)
                                                         net12 (net)
                      0.069622    0.000246    4.165879 v _183_/B (sky130_fd_sc_hd__and2_1)
     3    0.009076    0.117908    0.366501    4.532380 v _183_/X (sky130_fd_sc_hd__and2_1)
                                                         _006_ (net)
                      0.117908    0.000301    4.532681 v _189_/A (sky130_fd_sc_hd__nor2_1)
     3    0.011530    0.368348    0.367278    4.899959 ^ _189_/Y (sky130_fd_sc_hd__nor2_1)
                                                         _012_ (net)
                      0.368349    0.000576    4.900535 ^ _206_/A2 (sky130_fd_sc_hd__a211oi_1)
     2    0.005649    0.164699    0.285554    5.186089 v _206_/Y (sky130_fd_sc_hd__a211oi_1)
                                                         _025_ (net)
                      0.164699    0.000357    5.186446 v _209_/A2 (sky130_fd_sc_hd__o31a_2)
     4    0.019190    0.161667    0.760013    5.946459 v _209_/X (sky130_fd_sc_hd__o31a_2)
                                                         _028_ (net)
                      0.161667    0.001203    5.947662 v _236_/A1 (sky130_fd_sc_hd__a211oi_4)
     4    0.018239    0.453123    0.531406    6.479068 ^ _236_/Y (sky130_fd_sc_hd__a211oi_4)
                                                         _051_ (net)
                      0.453124    0.001557    6.480625 ^ _261_/A2 (sky130_fd_sc_hd__o311ai_4)
     4    0.012297    0.198646    0.340449    6.821074 v _261_/Y (sky130_fd_sc_hd__o311ai_4)
                                                         _072_ (net)
                      0.198647    0.000974    6.822048 v _310_/A1 (sky130_fd_sc_hd__a2111o_1)
     3    0.011473    0.193579    0.860537    7.682585 v _310_/X (sky130_fd_sc_hd__a2111o_1)
                                                         _113_ (net)
                      0.193579    0.000592    7.683177 v _333_/A1 (sky130_fd_sc_hd__a211o_1)
     3    0.009810    0.147464    0.607344    8.290521 v _333_/X (sky130_fd_sc_hd__a211o_1)
                                                         _132_ (net)
                      0.147465    0.000596    8.291117 v _340_/A1 (sky130_fd_sc_hd__a21o_1)
     3    0.008451    0.104187    0.364206    8.655323 v _340_/X (sky130_fd_sc_hd__a21o_1)
                                                         _139_ (net)
                      0.104187    0.000295    8.655618 v _341_/A2 (sky130_fd_sc_hd__a21o_1)
     3    0.010379    0.119824    0.390743    9.046360 v _341_/X (sky130_fd_sc_hd__a21o_1)
                                                         _140_ (net)
                      0.119824    0.000332    9.046693 v _348_/A (sky130_fd_sc_hd__and2_1)
     1    0.006114    0.094308    0.327681    9.374373 v _348_/X (sky130_fd_sc_hd__and2_1)
                                                         net84 (net)
                      0.094309    0.000471    9.374845 v output84/A (sky130_fd_sc_hd__buf_2)
     1    0.035542    0.171338    0.359127    9.733972 v output84/X (sky130_fd_sc_hd__buf_2)
                                                         sum[25] (net)
                      0.171365    0.002127    9.736098 v sum[25] (out)
                                              9.736098   data arrival time

                      0.000000   20.000000   20.000000   clock __VIRTUAL_CLK__ (rise edge)
                                  0.000000   20.000000   clock network delay (ideal)
                                 -0.250000   19.750002   clock uncertainty
                                  0.000000   19.750002   clock reconvergence pessimism
                                 -4.000000   15.750001   output external delay
                                             15.750001   data required time
---------------------------------------------------------------------------------------------
                                             15.750001   data required time
                                             -9.736098   data arrival time
---------------------------------------------------------------------------------------------
                                              6.013903   slack (MET)


Startpoint: a[1] (input port clocked by __VIRTUAL_CLK__)
Endpoint: sum[23] (output port clocked by __VIRTUAL_CLK__)
Path Group: __VIRTUAL_CLK__
Path Type: max

Fanout         Cap        Slew       Delay        Time   Description
---------------------------------------------------------------------------------------------
                      0.000000    0.000000    0.000000   clock __VIRTUAL_CLK__ (rise edge)
                                  0.000000    0.000000   clock network delay (ideal)
                                  4.000000    4.000000 v input external delay
     1    0.003178    0.019913    0.010470    4.010470 v a[1] (in)
                                                         a[1] (net)
                      0.019913    0.000000    4.010470 v input12/A (sky130_fd_sc_hd__clkbuf_1)
     2    0.004715    0.069622    0.155163    4.165633 v input12/X (sky130_fd_sc_hd__clkbuf_1)
                                                         net12 (net)
                      0.069622    0.000246    4.165879 v _183_/B (sky130_fd_sc_hd__and2_1)
     3    0.009076    0.117908    0.366501    4.532380 v _183_/X (sky130_fd_sc_hd__and2_1)
                                                         _006_ (net)
                      0.117908    0.000301    4.532681 v _189_/A (sky130_fd_sc_hd__nor2_1)
     3    0.011530    0.368348    0.367278    4.899959 ^ _189_/Y (sky130_fd_sc_hd__nor2_1)
                                                         _012_ (net)
                      0.368349    0.000576    4.900535 ^ _206_/A2 (sky130_fd_sc_hd__a211oi_1)
     2    0.005649    0.164699    0.285554    5.186089 v _206_/Y (sky130_fd_sc_hd__a211oi_1)
                                                         _025_ (net)
                      0.164699    0.000357    5.186446 v _209_/A2 (sky130_fd_sc_hd__o31a_2)
     4    0.019190    0.161667    0.760013    5.946459 v _209_/X (sky130_fd_sc_hd__o31a_2)
                                                         _028_ (net)
                      0.161667    0.001203    5.947662 v _236_/A1 (sky130_fd_sc_hd__a211oi_4)
     4    0.018239    0.453123    0.531406    6.479068 ^ _236_/Y (sky130_fd_sc_hd__a211oi_4)
                                                         _051_ (net)
                      0.453124    0.001557    6.480625 ^ _261_/A2 (sky130_fd_sc_hd__o311ai_4)
     4    0.012297    0.198646    0.340449    6.821074 v _261_/Y (sky130_fd_sc_hd__o311ai_4)
                                                         _072_ (net)
                      0.198647    0.000974    6.822048 v _310_/A1 (sky130_fd_sc_hd__a2111o_1)
     3    0.011473    0.193579    0.860537    7.682585 v _310_/X (sky130_fd_sc_hd__a2111o_1)
                                                         _113_ (net)
                      0.193579    0.000494    7.683079 v _313_/A1 (sky130_fd_sc_hd__a21o_1)
     3    0.006878    0.091962    0.372131    8.055210 v _313_/X (sky130_fd_sc_hd__a21o_1)
                                                         _116_ (net)
                      0.091964    0.000551    8.055760 v _314_/A2 (sky130_fd_sc_hd__a21oi_1)
     2    0.006723    0.284093    0.326716    8.382477 ^ _314_/Y (sky130_fd_sc_hd__a21oi_1)
                                                         _117_ (net)
                      0.284184    0.000550    8.383027 ^ _315_/B1 (sky130_fd_sc_hd__a21o_1)
     2    0.008790    0.137748    0.275900    8.658927 ^ _315_/X (sky130_fd_sc_hd__a21o_1)
                                                         _118_ (net)
                      0.137748    0.000410    8.659337 ^ _316_/A2 (sky130_fd_sc_hd__a21bo_1)
     1    0.005366    0.092677    0.256827    8.916165 ^ _316_/X (sky130_fd_sc_hd__a21bo_1)
                                                         _119_ (net)
                      0.092677    0.000394    8.916559 ^ _317_/B (sky130_fd_sc_hd__xnor2_1)
     1    0.002430    0.176862    0.195056    9.111616 ^ _317_/Y (sky130_fd_sc_hd__xnor2_1)
                                                         net82 (net)
                      0.176862    0.000156    9.111772 ^ output82/A (sky130_fd_sc_hd__buf_2)
     1    0.034078    0.271124    0.391842    9.503614 ^ output82/X (sky130_fd_sc_hd__buf_2)
                                                         sum[23] (net)
                      0.271130    0.001620    9.505234 ^ sum[23] (out)
                                              9.505234   data arrival time

                      0.000000   20.000000   20.000000   clock __VIRTUAL_CLK__ (rise edge)
                                  0.000000   20.000000   clock network delay (ideal)
                                 -0.250000   19.750002   clock uncertainty
                                  0.000000   19.750002   clock reconvergence pessimism
                                 -4.000000   15.750001   output external delay
                                             15.750001   data required time
---------------------------------------------------------------------------------------------
                                             15.750001   data required time
                                             -9.505234   data arrival time
---------------------------------------------------------------------------------------------
                                              6.244767   slack (MET)


Startpoint: a[1] (input port clocked by __VIRTUAL_CLK__)
Endpoint: sum[24] (output port clocked by __VIRTUAL_CLK__)
Path Group: __VIRTUAL_CLK__
Path Type: max

Fanout         Cap        Slew       Delay        Time   Description
---------------------------------------------------------------------------------------------
                      0.000000    0.000000    0.000000   clock __VIRTUAL_CLK__ (rise edge)
                                  0.000000    0.000000   clock network delay (ideal)
                                  4.000000    4.000000 v input external delay
     1    0.003178    0.019913    0.010470    4.010470 v a[1] (in)
                                                         a[1] (net)
                      0.019913    0.000000    4.010470 v input12/A (sky130_fd_sc_hd__clkbuf_1)
     2    0.004715    0.069622    0.155163    4.165633 v input12/X (sky130_fd_sc_hd__clkbuf_1)
                                                         net12 (net)
                      0.069622    0.000246    4.165879 v _183_/B (sky130_fd_sc_hd__and2_1)
     3    0.009076    0.117908    0.366501    4.532380 v _183_/X (sky130_fd_sc_hd__and2_1)
                                                         _006_ (net)
                      0.117908    0.000301    4.532681 v _189_/A (sky130_fd_sc_hd__nor2_1)
     3    0.011530    0.368348    0.367278    4.899959 ^ _189_/Y (sky130_fd_sc_hd__nor2_1)
                                                         _012_ (net)
                      0.368349    0.000576    4.900535 ^ _206_/A2 (sky130_fd_sc_hd__a211oi_1)
     2    0.005649    0.164699    0.285554    5.186089 v _206_/Y (sky130_fd_sc_hd__a211oi_1)
                                                         _025_ (net)
                      0.164699    0.000357    5.186446 v _209_/A2 (sky130_fd_sc_hd__o31a_2)
     4    0.019190    0.161667    0.760013    5.946459 v _209_/X (sky130_fd_sc_hd__o31a_2)
                                                         _028_ (net)
                      0.161667    0.001203    5.947662 v _236_/A1 (sky130_fd_sc_hd__a211oi_4)
     4    0.018239    0.453123    0.531406    6.479068 ^ _236_/Y (sky130_fd_sc_hd__a211oi_4)
                                                         _051_ (net)
                      0.453124    0.001557    6.480625 ^ _261_/A2 (sky130_fd_sc_hd__o311ai_4)
     4    0.012297    0.198646    0.340449    6.821074 v _261_/Y (sky130_fd_sc_hd__o311ai_4)
                                                         _072_ (net)
                      0.198647    0.000974    6.822048 v _310_/A1 (sky130_fd_sc_hd__a2111o_1)
     3    0.011473    0.193579    0.860537    7.682585 v _310_/X (sky130_fd_sc_hd__a2111o_1)
                                                         _113_ (net)
                      0.193579    0.000592    7.683177 v _333_/A1 (sky130_fd_sc_hd__a211o_1)
     3    0.009810    0.147464    0.607344    8.290521 v _333_/X (sky130_fd_sc_hd__a211o_1)
                                                         _132_ (net)
                      0.147465    0.000596    8.291117 v _340_/A1 (sky130_fd_sc_hd__a21o_1)
     3    0.008451    0.104187    0.364206    8.655323 v _340_/X (sky130_fd_sc_hd__a21o_1)
                                                         _139_ (net)
                      0.104187    0.000257    8.655580 v _350_/A (sky130_fd_sc_hd__and2_1)
     1    0.009307    0.120027    0.344629    9.000209 v _350_/X (sky130_fd_sc_hd__and2_1)
                                                         net83 (net)
                      0.120036    0.001101    9.001310 v output83/A (sky130_fd_sc_hd__buf_2)
     1    0.035787    0.172353    0.372293    9.373604 v output83/X (sky130_fd_sc_hd__buf_2)
                                                         sum[24] (net)
                      0.172380    0.002154    9.375757 v sum[24] (out)
                                              9.375757   data arrival time

                      0.000000   20.000000   20.000000   clock __VIRTUAL_CLK__ (rise edge)
                                  0.000000   20.000000   clock network delay (ideal)
                                 -0.250000   19.750002   clock uncertainty
                                  0.000000   19.750002   clock reconvergence pessimism
                                 -4.000000   15.750001   output external delay
                                             15.750001   data required time
---------------------------------------------------------------------------------------------
                                             15.750001   data required time
                                             -9.375757   data arrival time
---------------------------------------------------------------------------------------------
                                              6.374244   slack (MET)


Startpoint: a[1] (input port clocked by __VIRTUAL_CLK__)
Endpoint: sum[22] (output port clocked by __VIRTUAL_CLK__)
Path Group: __VIRTUAL_CLK__
Path Type: max

Fanout         Cap        Slew       Delay        Time   Description
---------------------------------------------------------------------------------------------
                      0.000000    0.000000    0.000000   clock __VIRTUAL_CLK__ (rise edge)
                                  0.000000    0.000000   clock network delay (ideal)
                                  4.000000    4.000000 v input external delay
     1    0.003178    0.019913    0.010470    4.010470 v a[1] (in)
                                                         a[1] (net)
                      0.019913    0.000000    4.010470 v input12/A (sky130_fd_sc_hd__clkbuf_1)
     2    0.004715    0.069622    0.155163    4.165633 v input12/X (sky130_fd_sc_hd__clkbuf_1)
                                                         net12 (net)
                      0.069622    0.000246    4.165879 v _183_/B (sky130_fd_sc_hd__and2_1)
     3    0.009076    0.117908    0.366501    4.532380 v _183_/X (sky130_fd_sc_hd__and2_1)
                                                         _006_ (net)
                      0.117908    0.000301    4.532681 v _189_/A (sky130_fd_sc_hd__nor2_1)
     3    0.011530    0.368348    0.367278    4.899959 ^ _189_/Y (sky130_fd_sc_hd__nor2_1)
                                                         _012_ (net)
                      0.368349    0.000576    4.900535 ^ _206_/A2 (sky130_fd_sc_hd__a211oi_1)
     2    0.005649    0.164699    0.285554    5.186089 v _206_/Y (sky130_fd_sc_hd__a211oi_1)
                                                         _025_ (net)
                      0.164699    0.000357    5.186446 v _209_/A2 (sky130_fd_sc_hd__o31a_2)
     4    0.019190    0.161667    0.760013    5.946459 v _209_/X (sky130_fd_sc_hd__o31a_2)
                                                         _028_ (net)
                      0.161667    0.001203    5.947662 v _236_/A1 (sky130_fd_sc_hd__a211oi_4)
     4    0.018239    0.453123    0.531406    6.479068 ^ _236_/Y (sky130_fd_sc_hd__a211oi_4)
                                                         _051_ (net)
                      0.453124    0.001557    6.480625 ^ _261_/A2 (sky130_fd_sc_hd__o311ai_4)
     4    0.012297    0.198646    0.340449    6.821074 v _261_/Y (sky130_fd_sc_hd__o311ai_4)
                                                         _072_ (net)
                      0.198647    0.000974    6.822048 v _310_/A1 (sky130_fd_sc_hd__a2111o_1)
     3    0.011473    0.193579    0.860537    7.682585 v _310_/X (sky130_fd_sc_hd__a2111o_1)
                                                         _113_ (net)
                      0.193579    0.000494    7.683079 v _313_/A1 (sky130_fd_sc_hd__a21o_1)
     3    0.006878    0.091962    0.372131    8.055210 v _313_/X (sky130_fd_sc_hd__a21o_1)
                                                         _116_ (net)
                      0.091964    0.000551    8.055760 v _314_/A2 (sky130_fd_sc_hd__a21oi_1)
     2    0.006723    0.284093    0.326716    8.382477 ^ _314_/Y (sky130_fd_sc_hd__a21oi_1)
                                                         _117_ (net)
                      0.284184    0.000550    8.383027 ^ _315_/B1 (sky130_fd_sc_hd__a21o_1)
     2    0.008790    0.137748    0.275900    8.658927 ^ _315_/X (sky130_fd_sc_hd__a21o_1)
                                                         _118_ (net)
                      0.137748    0.000352    8.659279 ^ _319_/A (sky130_fd_sc_hd__xnor2_1)
     1    0.003177    0.200160    0.228587    8.887866 ^ _319_/Y (sky130_fd_sc_hd__xnor2_1)
                                                         net81 (net)
                      0.200160    0.000220    8.888086 ^ output81/A (sky130_fd_sc_hd__buf_2)
     1    0.034551    0.274680    0.405290    9.293376 ^ output81/X (sky130_fd_sc_hd__buf_2)
                                                         sum[22] (net)
                      0.274685    0.001620    9.294996 ^ sum[22] (out)
                                              9.294996   data arrival time

                      0.000000   20.000000   20.000000   clock __VIRTUAL_CLK__ (rise edge)
                                  0.000000   20.000000   clock network delay (ideal)
                                 -0.250000   19.750002   clock uncertainty
                                  0.000000   19.750002   clock reconvergence pessimism
                                 -4.000000   15.750001   output external delay
                                             15.750001   data required time
---------------------------------------------------------------------------------------------
                                             15.750001   data required time
                                             -9.294996   data arrival time
---------------------------------------------------------------------------------------------
                                              6.455005   slack (MET)


Startpoint: a[1] (input port clocked by __VIRTUAL_CLK__)
Endpoint: sum[19] (output port clocked by __VIRTUAL_CLK__)
Path Group: __VIRTUAL_CLK__
Path Type: max

Fanout         Cap        Slew       Delay        Time   Description
---------------------------------------------------------------------------------------------
                      0.000000    0.000000    0.000000   clock __VIRTUAL_CLK__ (rise edge)
                                  0.000000    0.000000   clock network delay (ideal)
                                  4.000000    4.000000 v input external delay
     1    0.003178    0.019913    0.010470    4.010470 v a[1] (in)
                                                         a[1] (net)
                      0.019913    0.000000    4.010470 v input12/A (sky130_fd_sc_hd__clkbuf_1)
     2    0.004715    0.069622    0.155163    4.165633 v input12/X (sky130_fd_sc_hd__clkbuf_1)
                                                         net12 (net)
                      0.069622    0.000246    4.165879 v _183_/B (sky130_fd_sc_hd__and2_1)
     3    0.009076    0.117908    0.366501    4.532380 v _183_/X (sky130_fd_sc_hd__and2_1)
                                                         _006_ (net)
                      0.117908    0.000301    4.532681 v _189_/A (sky130_fd_sc_hd__nor2_1)
     3    0.011530    0.368348    0.367278    4.899959 ^ _189_/Y (sky130_fd_sc_hd__nor2_1)
                                                         _012_ (net)
                      0.368349    0.000576    4.900535 ^ _206_/A2 (sky130_fd_sc_hd__a211oi_1)
     2    0.005649    0.164699    0.285554    5.186089 v _206_/Y (sky130_fd_sc_hd__a211oi_1)
                                                         _025_ (net)
                      0.164699    0.000357    5.186446 v _209_/A2 (sky130_fd_sc_hd__o31a_2)
     4    0.019190    0.161667    0.760013    5.946459 v _209_/X (sky130_fd_sc_hd__o31a_2)
                                                         _028_ (net)
                      0.161667    0.001203    5.947662 v _236_/A1 (sky130_fd_sc_hd__a211oi_4)
     4    0.018239    0.453123    0.531406    6.479068 ^ _236_/Y (sky130_fd_sc_hd__a211oi_4)
                                                         _051_ (net)
                      0.453124    0.001557    6.480625 ^ _261_/A2 (sky130_fd_sc_hd__o311ai_4)
     4    0.012297    0.198646    0.340449    6.821074 v _261_/Y (sky130_fd_sc_hd__o311ai_4)
                                                         _072_ (net)
                      0.198646    0.000880    6.821954 v _286_/A1 (sky130_fd_sc_hd__a21o_1)
     2    0.007446    0.096434    0.378614    7.200567 v _286_/X (sky130_fd_sc_hd__a21o_1)
                                                         _093_ (net)
                      0.096434    0.000463    7.201030 v _287_/B (sky130_fd_sc_hd__or2_1)
     2    0.005206    0.119398    0.497217    7.698247 v _287_/X (sky130_fd_sc_hd__or2_1)
                                                         _094_ (net)
                      0.119398    0.000318    7.698565 v _288_/A2 (sky130_fd_sc_hd__a21oi_1)
     2    0.006262    0.270045    0.327627    8.026193 ^ _288_/Y (sky130_fd_sc_hd__a21oi_1)
                                                         _095_ (net)
                      0.270045    0.000386    8.026579 ^ _289_/B1 (sky130_fd_sc_hd__a21o_1)
     2    0.009342    0.144706    0.277115    8.303694 ^ _289_/X (sky130_fd_sc_hd__a21o_1)
                                                         _096_ (net)
                      0.144706    0.000373    8.304067 ^ _290_/A2 (sky130_fd_sc_hd__a21bo_1)
     1    0.005840    0.098356    0.263928    8.567994 ^ _290_/X (sky130_fd_sc_hd__a21bo_1)
                                                         _097_ (net)
                      0.098356    0.000275    8.568270 ^ _291_/B (sky130_fd_sc_hd__xnor2_1)
     1    0.004386    0.237713    0.219870    8.788140 ^ _291_/Y (sky130_fd_sc_hd__xnor2_1)
                                                         net77 (net)
                      0.237713    0.000314    8.788455 ^ output77/A (sky130_fd_sc_hd__buf_2)
     1    0.034536    0.274675    0.421688    9.210142 ^ output77/X (sky130_fd_sc_hd__buf_2)
                                                         sum[19] (net)
                      0.274680    0.001613    9.211755 ^ sum[19] (out)
                                              9.211755   data arrival time

                      0.000000   20.000000   20.000000   clock __VIRTUAL_CLK__ (rise edge)
                                  0.000000   20.000000   clock network delay (ideal)
                                 -0.250000   19.750002   clock uncertainty
                                  0.000000   19.750002   clock reconvergence pessimism
                                 -4.000000   15.750001   output external delay
                                             15.750001   data required time
---------------------------------------------------------------------------------------------
                                             15.750001   data required time
                                             -9.211755   data arrival time
---------------------------------------------------------------------------------------------
                                              6.538246   slack (MET)


Startpoint: a[1] (input port clocked by __VIRTUAL_CLK__)
Endpoint: sum[21] (output port clocked by __VIRTUAL_CLK__)
Path Group: __VIRTUAL_CLK__
Path Type: max

Fanout         Cap        Slew       Delay        Time   Description
---------------------------------------------------------------------------------------------
                      0.000000    0.000000    0.000000   clock __VIRTUAL_CLK__ (rise edge)
                                  0.000000    0.000000   clock network delay (ideal)
                                  4.000000    4.000000 v input external delay
     1    0.003178    0.019913    0.010470    4.010470 v a[1] (in)
                                                         a[1] (net)
                      0.019913    0.000000    4.010470 v input12/A (sky130_fd_sc_hd__clkbuf_1)
     2    0.004715    0.069622    0.155163    4.165633 v input12/X (sky130_fd_sc_hd__clkbuf_1)
                                                         net12 (net)
                      0.069622    0.000246    4.165879 v _183_/B (sky130_fd_sc_hd__and2_1)
     3    0.009076    0.117908    0.366501    4.532380 v _183_/X (sky130_fd_sc_hd__and2_1)
                                                         _006_ (net)
                      0.117908    0.000301    4.532681 v _189_/A (sky130_fd_sc_hd__nor2_1)
     3    0.011530    0.368348    0.367278    4.899959 ^ _189_/Y (sky130_fd_sc_hd__nor2_1)
                                                         _012_ (net)
                      0.368349    0.000576    4.900535 ^ _206_/A2 (sky130_fd_sc_hd__a211oi_1)
     2    0.005649    0.164699    0.285554    5.186089 v _206_/Y (sky130_fd_sc_hd__a211oi_1)
                                                         _025_ (net)
                      0.164699    0.000357    5.186446 v _209_/A2 (sky130_fd_sc_hd__o31a_2)
     4    0.019190    0.161667    0.760013    5.946459 v _209_/X (sky130_fd_sc_hd__o31a_2)
                                                         _028_ (net)
                      0.161667    0.001203    5.947662 v _236_/A1 (sky130_fd_sc_hd__a211oi_4)
     4    0.018239    0.453123    0.531406    6.479068 ^ _236_/Y (sky130_fd_sc_hd__a211oi_4)
                                                         _051_ (net)
                      0.453124    0.001557    6.480625 ^ _261_/A2 (sky130_fd_sc_hd__o311ai_4)
     4    0.012297    0.198646    0.340449    6.821074 v _261_/Y (sky130_fd_sc_hd__o311ai_4)
                                                         _072_ (net)
                      0.198647    0.000974    6.822048 v _310_/A1 (sky130_fd_sc_hd__a2111o_1)
     3    0.011473    0.193579    0.860537    7.682585 v _310_/X (sky130_fd_sc_hd__a2111o_1)
                                                         _113_ (net)
                      0.193579    0.000494    7.683079 v _313_/A1 (sky130_fd_sc_hd__a21o_1)
     3    0.006878    0.091962    0.372131    8.055210 v _313_/X (sky130_fd_sc_hd__a21o_1)
                                                         _116_ (net)
                      0.091963    0.000536    8.055746 v _320_/C (sky130_fd_sc_hd__and3_1)
     1    0.002667    0.069341    0.366692    8.422439 v _320_/X (sky130_fd_sc_hd__and3_1)
                                                         _121_ (net)
                      0.069341    0.000188    8.422627 v _321_/B (sky130_fd_sc_hd__nor2_1)
     1    0.003064    0.136664    0.146186    8.568813 ^ _321_/Y (sky130_fd_sc_hd__nor2_1)
                                                         net80 (net)
                      0.136664    0.000188    8.569002 ^ output80/A (sky130_fd_sc_hd__buf_2)
     1    0.034569    0.274692    0.375591    8.944592 ^ output80/X (sky130_fd_sc_hd__buf_2)
                                                         sum[21] (net)
                      0.274697    0.001631    8.946223 ^ sum[21] (out)
                                              8.946223   data arrival time

                      0.000000   20.000000   20.000000   clock __VIRTUAL_CLK__ (rise edge)
                                  0.000000   20.000000   clock network delay (ideal)
                                 -0.250000   19.750002   clock uncertainty
                                  0.000000   19.750002   clock reconvergence pessimism
                                 -4.000000   15.750001   output external delay
                                             15.750001   data required time
---------------------------------------------------------------------------------------------
                                             15.750001   data required time
                                             -8.946223   data arrival time
---------------------------------------------------------------------------------------------
                                              6.803777   slack (MET)


Startpoint: a[1] (input port clocked by __VIRTUAL_CLK__)
Endpoint: sum[18] (output port clocked by __VIRTUAL_CLK__)
Path Group: __VIRTUAL_CLK__
Path Type: max

Fanout         Cap        Slew       Delay        Time   Description
---------------------------------------------------------------------------------------------
                      0.000000    0.000000    0.000000   clock __VIRTUAL_CLK__ (rise edge)
                                  0.000000    0.000000   clock network delay (ideal)
                                  4.000000    4.000000 v input external delay
     1    0.003178    0.019913    0.010470    4.010470 v a[1] (in)
                                                         a[1] (net)
                      0.019913    0.000000    4.010470 v input12/A (sky130_fd_sc_hd__clkbuf_1)
     2    0.004715    0.069622    0.155163    4.165633 v input12/X (sky130_fd_sc_hd__clkbuf_1)
                                                         net12 (net)
                      0.069622    0.000246    4.165879 v _183_/B (sky130_fd_sc_hd__and2_1)
     3    0.009076    0.117908    0.366501    4.532380 v _183_/X (sky130_fd_sc_hd__and2_1)
                                                         _006_ (net)
                      0.117908    0.000301    4.532681 v _189_/A (sky130_fd_sc_hd__nor2_1)
     3    0.011530    0.368348    0.367278    4.899959 ^ _189_/Y (sky130_fd_sc_hd__nor2_1)
                                                         _012_ (net)
                      0.368349    0.000576    4.900535 ^ _206_/A2 (sky130_fd_sc_hd__a211oi_1)
     2    0.005649    0.164699    0.285554    5.186089 v _206_/Y (sky130_fd_sc_hd__a211oi_1)
                                                         _025_ (net)
                      0.164699    0.000357    5.186446 v _209_/A2 (sky130_fd_sc_hd__o31a_2)
     4    0.019190    0.161667    0.760013    5.946459 v _209_/X (sky130_fd_sc_hd__o31a_2)
                                                         _028_ (net)
                      0.161667    0.001203    5.947662 v _236_/A1 (sky130_fd_sc_hd__a211oi_4)
     4    0.018239    0.453123    0.531406    6.479068 ^ _236_/Y (sky130_fd_sc_hd__a211oi_4)
                                                         _051_ (net)
                      0.453124    0.001557    6.480625 ^ _261_/A2 (sky130_fd_sc_hd__o311ai_4)
     4    0.012297    0.198646    0.340449    6.821074 v _261_/Y (sky130_fd_sc_hd__o311ai_4)
                                                         _072_ (net)
                      0.198646    0.000880    6.821954 v _286_/A1 (sky130_fd_sc_hd__a21o_1)
     2    0.007446    0.096434    0.378614    7.200567 v _286_/X (sky130_fd_sc_hd__a21o_1)
                                                         _093_ (net)
                      0.096434    0.000463    7.201030 v _287_/B (sky130_fd_sc_hd__or2_1)
     2    0.005206    0.119398    0.497217    7.698247 v _287_/X (sky130_fd_sc_hd__or2_1)
                                                         _094_ (net)
                      0.119398    0.000318    7.698565 v _288_/A2 (sky130_fd_sc_hd__a21oi_1)
     2    0.006262    0.270045    0.327627    8.026193 ^ _288_/Y (sky130_fd_sc_hd__a21oi_1)
                                                         _095_ (net)
                      0.270045    0.000386    8.026579 ^ _289_/B1 (sky130_fd_sc_hd__a21o_1)
     2    0.009342    0.144706    0.277115    8.303694 ^ _289_/X (sky130_fd_sc_hd__a21o_1)
                                                         _096_ (net)
                      0.144706    0.000370    8.304065 ^ _293_/A (sky130_fd_sc_hd__xnor2_1)
     1    0.002794    0.188208    0.226431    8.530496 ^ _293_/Y (sky130_fd_sc_hd__xnor2_1)
                                                         net76 (net)
                      0.188208    0.000177    8.530672 ^ output76/A (sky130_fd_sc_hd__buf_2)
     1    0.034449    0.273895    0.399144    8.929816 ^ output76/X (sky130_fd_sc_hd__buf_2)
                                                         sum[18] (net)
                      0.273900    0.001614    8.931430 ^ sum[18] (out)
                                              8.931430   data arrival time

                      0.000000   20.000000   20.000000   clock __VIRTUAL_CLK__ (rise edge)
                                  0.000000   20.000000   clock network delay (ideal)
                                 -0.250000   19.750002   clock uncertainty
                                  0.000000   19.750002   clock reconvergence pessimism
                                 -4.000000   15.750001   output external delay
                                             15.750001   data required time
---------------------------------------------------------------------------------------------
                                             15.750001   data required time
                                             -8.931430   data arrival time
---------------------------------------------------------------------------------------------
                                              6.818571   slack (MET)


Startpoint: a[1] (input port clocked by __VIRTUAL_CLK__)
Endpoint: sum[20] (output port clocked by __VIRTUAL_CLK__)
Path Group: __VIRTUAL_CLK__
Path Type: max

Fanout         Cap        Slew       Delay        Time   Description
---------------------------------------------------------------------------------------------
                      0.000000    0.000000    0.000000   clock __VIRTUAL_CLK__ (rise edge)
                                  0.000000    0.000000   clock network delay (ideal)
                                  4.000000    4.000000 v input external delay
     1    0.003178    0.019913    0.010470    4.010470 v a[1] (in)
                                                         a[1] (net)
                      0.019913    0.000000    4.010470 v input12/A (sky130_fd_sc_hd__clkbuf_1)
     2    0.004715    0.069622    0.155163    4.165633 v input12/X (sky130_fd_sc_hd__clkbuf_1)
                                                         net12 (net)
                      0.069622    0.000246    4.165879 v _183_/B (sky130_fd_sc_hd__and2_1)
     3    0.009076    0.117908    0.366501    4.532380 v _183_/X (sky130_fd_sc_hd__and2_1)
                                                         _006_ (net)
                      0.117908    0.000301    4.532681 v _189_/A (sky130_fd_sc_hd__nor2_1)
     3    0.011530    0.368348    0.367278    4.899959 ^ _189_/Y (sky130_fd_sc_hd__nor2_1)
                                                         _012_ (net)
                      0.368349    0.000576    4.900535 ^ _206_/A2 (sky130_fd_sc_hd__a211oi_1)
     2    0.005649    0.164699    0.285554    5.186089 v _206_/Y (sky130_fd_sc_hd__a211oi_1)
                                                         _025_ (net)
                      0.164699    0.000357    5.186446 v _209_/A2 (sky130_fd_sc_hd__o31a_2)
     4    0.019190    0.161667    0.760013    5.946459 v _209_/X (sky130_fd_sc_hd__o31a_2)
                                                         _028_ (net)
                      0.161667    0.001203    5.947662 v _236_/A1 (sky130_fd_sc_hd__a211oi_4)
     4    0.018239    0.453123    0.531406    6.479068 ^ _236_/Y (sky130_fd_sc_hd__a211oi_4)
                                                         _051_ (net)
                      0.453124    0.001557    6.480625 ^ _261_/A2 (sky130_fd_sc_hd__o311ai_4)
     4    0.012297    0.198646    0.340449    6.821074 v _261_/Y (sky130_fd_sc_hd__o311ai_4)
                                                         _072_ (net)
                      0.198647    0.000974    6.822048 v _310_/A1 (sky130_fd_sc_hd__a2111o_1)
     3    0.011473    0.193579    0.860537    7.682585 v _310_/X (sky130_fd_sc_hd__a2111o_1)
                                                         _113_ (net)
                      0.193579    0.000494    7.683079 v _313_/A1 (sky130_fd_sc_hd__a21o_1)
     3    0.006878    0.091962    0.372131    8.055210 v _313_/X (sky130_fd_sc_hd__a21o_1)
                                                         _116_ (net)
                      0.091962    0.000416    8.055626 v _323_/A (sky130_fd_sc_hd__and2_1)
     1    0.003686    0.075214    0.293443    8.349069 v _323_/X (sky130_fd_sc_hd__and2_1)
                                                         net79 (net)
                      0.075214    0.000278    8.349346 v output79/A (sky130_fd_sc_hd__buf_2)
     1    0.034445    0.166850    0.346875    8.696221 v output79/X (sky130_fd_sc_hd__buf_2)
                                                         sum[20] (net)
                      0.166864    0.001614    8.697835 v sum[20] (out)
                                              8.697835   data arrival time

                      0.000000   20.000000   20.000000   clock __VIRTUAL_CLK__ (rise edge)
                                  0.000000   20.000000   clock network delay (ideal)
                                 -0.250000   19.750002   clock uncertainty
                                  0.000000   19.750002   clock reconvergence pessimism
                                 -4.000000   15.750001   output external delay
                                             15.750001   data required time
---------------------------------------------------------------------------------------------
                                             15.750001   data required time
                                             -8.697835   data arrival time
---------------------------------------------------------------------------------------------
                                              7.052166   slack (MET)


Startpoint: a[1] (input port clocked by __VIRTUAL_CLK__)
Endpoint: sum[17] (output port clocked by __VIRTUAL_CLK__)
Path Group: __VIRTUAL_CLK__
Path Type: max

Fanout         Cap        Slew       Delay        Time   Description
---------------------------------------------------------------------------------------------
                      0.000000    0.000000    0.000000   clock __VIRTUAL_CLK__ (rise edge)
                                  0.000000    0.000000   clock network delay (ideal)
                                  4.000000    4.000000 v input external delay
     1    0.003178    0.019913    0.010470    4.010470 v a[1] (in)
                                                         a[1] (net)
                      0.019913    0.000000    4.010470 v input12/A (sky130_fd_sc_hd__clkbuf_1)
     2    0.004715    0.069622    0.155163    4.165633 v input12/X (sky130_fd_sc_hd__clkbuf_1)
                                                         net12 (net)
                      0.069622    0.000246    4.165879 v _183_/B (sky130_fd_sc_hd__and2_1)
     3    0.009076    0.117908    0.366501    4.532380 v _183_/X (sky130_fd_sc_hd__and2_1)
                                                         _006_ (net)
                      0.117908    0.000301    4.532681 v _189_/A (sky130_fd_sc_hd__nor2_1)
     3    0.011530    0.368348    0.367278    4.899959 ^ _189_/Y (sky130_fd_sc_hd__nor2_1)
                                                         _012_ (net)
                      0.368349    0.000576    4.900535 ^ _206_/A2 (sky130_fd_sc_hd__a211oi_1)
     2    0.005649    0.164699    0.285554    5.186089 v _206_/Y (sky130_fd_sc_hd__a211oi_1)
                                                         _025_ (net)
                      0.164699    0.000357    5.186446 v _209_/A2 (sky130_fd_sc_hd__o31a_2)
     4    0.019190    0.161667    0.760013    5.946459 v _209_/X (sky130_fd_sc_hd__o31a_2)
                                                         _028_ (net)
                      0.161667    0.001203    5.947662 v _236_/A1 (sky130_fd_sc_hd__a211oi_4)
     4    0.018239    0.453123    0.531406    6.479068 ^ _236_/Y (sky130_fd_sc_hd__a211oi_4)
                                                         _051_ (net)
                      0.453124    0.001557    6.480625 ^ _261_/A2 (sky130_fd_sc_hd__o311ai_4)
     4    0.012297    0.198646    0.340449    6.821074 v _261_/Y (sky130_fd_sc_hd__o311ai_4)
                                                         _072_ (net)
                      0.198646    0.000880    6.821954 v _286_/A1 (sky130_fd_sc_hd__a21o_1)
     2    0.007446    0.096434    0.378614    7.200567 v _286_/X (sky130_fd_sc_hd__a21o_1)
                                                         _093_ (net)
                      0.096434    0.000463    7.201030 v _287_/B (sky130_fd_sc_hd__or2_1)
     2    0.005206    0.119398    0.497217    7.698247 v _287_/X (sky130_fd_sc_hd__or2_1)
                                                         _094_ (net)
                      0.119398    0.000284    7.698532 v _294_/C (sky130_fd_sc_hd__and3_1)
     1    0.002743    0.070076    0.381153    8.079684 v _294_/X (sky130_fd_sc_hd__and3_1)
                                                         _099_ (net)
                      0.070076    0.000191    8.079876 v _295_/B (sky130_fd_sc_hd__nor2_1)
     1    0.003025    0.135528    0.145612    8.225488 ^ _295_/Y (sky130_fd_sc_hd__nor2_1)
                                                         net75 (net)
                      0.135528    0.000182    8.225670 ^ output75/A (sky130_fd_sc_hd__buf_2)
     1    0.034441    0.273741    0.374396    8.600066 ^ output75/X (sky130_fd_sc_hd__buf_2)
                                                         sum[17] (net)
                      0.273746    0.001614    8.601680 ^ sum[17] (out)
                                              8.601680   data arrival time

                      0.000000   20.000000   20.000000   clock __VIRTUAL_CLK__ (rise edge)
                                  0.000000   20.000000   clock network delay (ideal)
                                 -0.250000   19.750002   clock uncertainty
                                  0.000000   19.750002   clock reconvergence pessimism
                                 -4.000000   15.750001   output external delay
                                             15.750001   data required time
---------------------------------------------------------------------------------------------
                                             15.750001   data required time
                                             -8.601680   data arrival time
---------------------------------------------------------------------------------------------
                                              7.148321   slack (MET)


Startpoint: b[0] (input port clocked by __VIRTUAL_CLK__)
Endpoint: sum[15] (output port clocked by __VIRTUAL_CLK__)
Path Group: __VIRTUAL_CLK__
Path Type: max

Fanout         Cap        Slew       Delay        Time   Description
---------------------------------------------------------------------------------------------
                      0.000000    0.000000    0.000000   clock __VIRTUAL_CLK__ (rise edge)
                                  0.000000    0.000000   clock network delay (ideal)
                                  4.000000    4.000000 v input external delay
     1    0.003112    0.019657    0.010260    4.010260 v b[0] (in)
                                                         b[0] (net)
                      0.019657    0.000000    4.010260 v input33/A (sky130_fd_sc_hd__clkbuf_1)
     2    0.004697    0.069434    0.154890    4.165150 v input33/X (sky130_fd_sc_hd__clkbuf_1)
                                                         net33 (net)
                      0.069434    0.000236    4.165386 v _185_/A (sky130_fd_sc_hd__or2_1)
     2    0.005491    0.120762    0.526958    4.692344 v _185_/X (sky130_fd_sc_hd__or2_1)
                                                         _008_ (net)
                      0.120762    0.000199    4.692543 v _187_/A2 (sky130_fd_sc_hd__a21bo_1)
     3    0.011347    0.130557    0.428662    5.121204 v _187_/X (sky130_fd_sc_hd__a21bo_1)
                                                         _010_ (net)
                      0.130558    0.000600    5.121804 v _206_/A1 (sky130_fd_sc_hd__a211oi_1)
     2    0.006070    0.450439    0.486533    5.608337 ^ _206_/Y (sky130_fd_sc_hd__a211oi_1)
                                                         _025_ (net)
                      0.450439    0.000388    5.608725 ^ _209_/A2 (sky130_fd_sc_hd__o31a_2)
     4    0.020067    0.197055    0.511512    6.120237 ^ _209_/X (sky130_fd_sc_hd__o31a_2)
                                                         _028_ (net)
                      0.197059    0.001266    6.121503 ^ _236_/A1 (sky130_fd_sc_hd__a211oi_4)
     4    0.016652    0.133002    0.192607    6.314110 v _236_/Y (sky130_fd_sc_hd__a211oi_4)
                                                         _051_ (net)
                      0.133006    0.001400    6.315510 v _261_/A2 (sky130_fd_sc_hd__o311ai_4)
     4    0.012841    0.435307    0.530189    6.845699 ^ _261_/Y (sky130_fd_sc_hd__o311ai_4)
                                                         _072_ (net)
                      0.435308    0.000850    6.846550 ^ _262_/A2 (sky130_fd_sc_hd__a21oi_1)
     2    0.005799    0.154348    0.297501    7.144050 v _262_/Y (sky130_fd_sc_hd__a21oi_1)
                                                         _073_ (net)
                      0.154348    0.000292    7.144342 v _263_/B1 (sky130_fd_sc_hd__a21oi_1)
     2    0.009930    0.382861    0.383410    7.527752 ^ _263_/Y (sky130_fd_sc_hd__a21oi_1)
                                                         _074_ (net)
                      0.382863    0.000593    7.528345 ^ _264_/A2 (sky130_fd_sc_hd__o21ai_1)
     1    0.004955    0.124305    0.241976    7.770321 v _264_/Y (sky130_fd_sc_hd__o21ai_1)
                                                         _075_ (net)
                      0.124305    0.000371    7.770693 v _265_/B (sky130_fd_sc_hd__xnor2_1)
     1    0.002715    0.185664    0.231492    8.002185 ^ _265_/Y (sky130_fd_sc_hd__xnor2_1)
                                                         net73 (net)
                      0.185664    0.000171    8.002357 ^ output73/A (sky130_fd_sc_hd__buf_2)
     1    0.034552    0.274660    0.398495    8.400852 ^ output73/X (sky130_fd_sc_hd__buf_2)
                                                         sum[15] (net)
                      0.274665    0.001620    8.402472 ^ sum[15] (out)
                                              8.402472   data arrival time

                      0.000000   20.000000   20.000000   clock __VIRTUAL_CLK__ (rise edge)
                                  0.000000   20.000000   clock network delay (ideal)
                                 -0.250000   19.750002   clock uncertainty
                                  0.000000   19.750002   clock reconvergence pessimism
                                 -4.000000   15.750001   output external delay
                                             15.750001   data required time
---------------------------------------------------------------------------------------------
                                             15.750001   data required time
                                             -8.402472   data arrival time
---------------------------------------------------------------------------------------------
                                              7.347529   slack (MET)


Startpoint: b[0] (input port clocked by __VIRTUAL_CLK__)
Endpoint: sum[11] (output port clocked by __VIRTUAL_CLK__)
Path Group: __VIRTUAL_CLK__
Path Type: max

Fanout         Cap        Slew       Delay        Time   Description
---------------------------------------------------------------------------------------------
                      0.000000    0.000000    0.000000   clock __VIRTUAL_CLK__ (rise edge)
                                  0.000000    0.000000   clock network delay (ideal)
                                  4.000000    4.000000 v input external delay
     1    0.003112    0.019657    0.010260    4.010260 v b[0] (in)
                                                         b[0] (net)
                      0.019657    0.000000    4.010260 v input33/A (sky130_fd_sc_hd__clkbuf_1)
     2    0.004697    0.069434    0.154890    4.165150 v input33/X (sky130_fd_sc_hd__clkbuf_1)
                                                         net33 (net)
                      0.069434    0.000236    4.165386 v _185_/A (sky130_fd_sc_hd__or2_1)
     2    0.005491    0.120762    0.526958    4.692344 v _185_/X (sky130_fd_sc_hd__or2_1)
                                                         _008_ (net)
                      0.120762    0.000199    4.692543 v _187_/A2 (sky130_fd_sc_hd__a21bo_1)
     3    0.011347    0.130557    0.428662    5.121204 v _187_/X (sky130_fd_sc_hd__a21bo_1)
                                                         _010_ (net)
                      0.130558    0.000600    5.121804 v _206_/A1 (sky130_fd_sc_hd__a211oi_1)
     2    0.006070    0.450439    0.486533    5.608337 ^ _206_/Y (sky130_fd_sc_hd__a211oi_1)
                                                         _025_ (net)
                      0.450439    0.000388    5.608725 ^ _209_/A2 (sky130_fd_sc_hd__o31a_2)
     4    0.020067    0.197055    0.511512    6.120237 ^ _209_/X (sky130_fd_sc_hd__o31a_2)
                                                         _028_ (net)
                      0.197059    0.001266    6.121503 ^ _236_/A1 (sky130_fd_sc_hd__a211oi_4)
     4    0.016652    0.133002    0.192607    6.314110 v _236_/Y (sky130_fd_sc_hd__a211oi_4)
                                                         _051_ (net)
                      0.133003    0.000739    6.314849 v _237_/B (sky130_fd_sc_hd__or2_1)
     2    0.007645    0.139061    0.536900    6.851749 v _237_/X (sky130_fd_sc_hd__or2_1)
                                                         _052_ (net)
                      0.139061    0.000495    6.852244 v _238_/A2 (sky130_fd_sc_hd__a21bo_1)
     2    0.009298    0.113658    0.420042    7.272286 v _238_/X (sky130_fd_sc_hd__a21bo_1)
                                                         _053_ (net)
                      0.113658    0.000452    7.272738 v _239_/A2 (sky130_fd_sc_hd__a21bo_1)
     1    0.005625    0.084984    0.380782    7.653521 v _239_/X (sky130_fd_sc_hd__a21bo_1)
                                                         _054_ (net)
                      0.084985    0.000411    7.653932 v _240_/B (sky130_fd_sc_hd__xnor2_1)
     1    0.002560    0.180926    0.210798    7.864729 ^ _240_/Y (sky130_fd_sc_hd__xnor2_1)
                                                         net69 (net)
                      0.180926    0.000105    7.864834 ^ output69/A (sky130_fd_sc_hd__buf_2)
     1    0.033988    0.270461    0.393287    8.258121 ^ output69/X (sky130_fd_sc_hd__buf_2)
                                                         sum[11] (net)
                      0.270467    0.001597    8.259719 ^ sum[11] (out)
                                              8.259719   data arrival time

                      0.000000   20.000000   20.000000   clock __VIRTUAL_CLK__ (rise edge)
                                  0.000000   20.000000   clock network delay (ideal)
                                 -0.250000   19.750002   clock uncertainty
                                  0.000000   19.750002   clock reconvergence pessimism
                                 -4.000000   15.750001   output external delay
                                             15.750001   data required time
---------------------------------------------------------------------------------------------
                                             15.750001   data required time
                                             -8.259719   data arrival time
---------------------------------------------------------------------------------------------
                                              7.490283   slack (MET)


Startpoint: b[0] (input port clocked by __VIRTUAL_CLK__)
Endpoint: sum[14] (output port clocked by __VIRTUAL_CLK__)
Path Group: __VIRTUAL_CLK__
Path Type: max

Fanout         Cap        Slew       Delay        Time   Description
---------------------------------------------------------------------------------------------
                      0.000000    0.000000    0.000000   clock __VIRTUAL_CLK__ (rise edge)
                                  0.000000    0.000000   clock network delay (ideal)
                                  4.000000    4.000000 v input external delay
     1    0.003112    0.019657    0.010260    4.010260 v b[0] (in)
                                                         b[0] (net)
                      0.019657    0.000000    4.010260 v input33/A (sky130_fd_sc_hd__clkbuf_1)
     2    0.004697    0.069434    0.154890    4.165150 v input33/X (sky130_fd_sc_hd__clkbuf_1)
                                                         net33 (net)
                      0.069434    0.000236    4.165386 v _185_/A (sky130_fd_sc_hd__or2_1)
     2    0.005491    0.120762    0.526958    4.692344 v _185_/X (sky130_fd_sc_hd__or2_1)
                                                         _008_ (net)
                      0.120762    0.000199    4.692543 v _187_/A2 (sky130_fd_sc_hd__a21bo_1)
     3    0.011347    0.130557    0.428662    5.121204 v _187_/X (sky130_fd_sc_hd__a21bo_1)
                                                         _010_ (net)
                      0.130558    0.000600    5.121804 v _206_/A1 (sky130_fd_sc_hd__a211oi_1)
     2    0.006070    0.450439    0.486533    5.608337 ^ _206_/Y (sky130_fd_sc_hd__a211oi_1)
                                                         _025_ (net)
                      0.450439    0.000388    5.608725 ^ _209_/A2 (sky130_fd_sc_hd__o31a_2)
     4    0.020067    0.197055    0.511512    6.120237 ^ _209_/X (sky130_fd_sc_hd__o31a_2)
                                                         _028_ (net)
                      0.197059    0.001266    6.121503 ^ _236_/A1 (sky130_fd_sc_hd__a211oi_4)
     4    0.016652    0.133002    0.192607    6.314110 v _236_/Y (sky130_fd_sc_hd__a211oi_4)
                                                         _051_ (net)
                      0.133006    0.001400    6.315510 v _261_/A2 (sky130_fd_sc_hd__o311ai_4)
     4    0.012841    0.435307    0.530189    6.845699 ^ _261_/Y (sky130_fd_sc_hd__o311ai_4)
                                                         _072_ (net)
                      0.435308    0.000850    6.846550 ^ _262_/A2 (sky130_fd_sc_hd__a21oi_1)
     2    0.005799    0.154348    0.297501    7.144050 v _262_/Y (sky130_fd_sc_hd__a21oi_1)
                                                         _073_ (net)
                      0.154348    0.000292    7.144342 v _263_/B1 (sky130_fd_sc_hd__a21oi_1)
     2    0.009930    0.382861    0.383410    7.527752 ^ _263_/Y (sky130_fd_sc_hd__a21oi_1)
                                                         _074_ (net)
                      0.382863    0.000638    7.528389 ^ _267_/A (sky130_fd_sc_hd__xor2_1)
     1    0.002199    0.166153    0.321941    7.850330 ^ _267_/X (sky130_fd_sc_hd__xor2_1)
                                                         net72 (net)
                      0.166153    0.000151    7.850482 ^ output72/A (sky130_fd_sc_hd__buf_2)
     1    0.034137    0.271535    0.387145    8.237626 ^ output72/X (sky130_fd_sc_hd__buf_2)
                                                         sum[14] (net)
                      0.271540    0.001600    8.239226 ^ sum[14] (out)
                                              8.239226   data arrival time

                      0.000000   20.000000   20.000000   clock __VIRTUAL_CLK__ (rise edge)
                                  0.000000   20.000000   clock network delay (ideal)
                                 -0.250000   19.750002   clock uncertainty
                                  0.000000   19.750002   clock reconvergence pessimism
                                 -4.000000   15.750001   output external delay
                                             15.750001   data required time
---------------------------------------------------------------------------------------------
                                             15.750001   data required time
                                             -8.239226   data arrival time
---------------------------------------------------------------------------------------------
                                              7.510775   slack (MET)


Startpoint: b[0] (input port clocked by __VIRTUAL_CLK__)
Endpoint: sum[16] (output port clocked by __VIRTUAL_CLK__)
Path Group: __VIRTUAL_CLK__
Path Type: max

Fanout         Cap        Slew       Delay        Time   Description
---------------------------------------------------------------------------------------------
                      0.000000    0.000000    0.000000   clock __VIRTUAL_CLK__ (rise edge)
                                  0.000000    0.000000   clock network delay (ideal)
                                  4.000000    4.000000 v input external delay
     1    0.003112    0.019657    0.010260    4.010260 v b[0] (in)
                                                         b[0] (net)
                      0.019657    0.000000    4.010260 v input33/A (sky130_fd_sc_hd__clkbuf_1)
     2    0.004697    0.069434    0.154890    4.165150 v input33/X (sky130_fd_sc_hd__clkbuf_1)
                                                         net33 (net)
                      0.069434    0.000236    4.165386 v _185_/A (sky130_fd_sc_hd__or2_1)
     2    0.005491    0.120762    0.526958    4.692344 v _185_/X (sky130_fd_sc_hd__or2_1)
                                                         _008_ (net)
                      0.120762    0.000199    4.692543 v _187_/A2 (sky130_fd_sc_hd__a21bo_1)
     3    0.011347    0.130557    0.428662    5.121204 v _187_/X (sky130_fd_sc_hd__a21bo_1)
                                                         _010_ (net)
                      0.130558    0.000600    5.121804 v _206_/A1 (sky130_fd_sc_hd__a211oi_1)
     2    0.006070    0.450439    0.486533    5.608337 ^ _206_/Y (sky130_fd_sc_hd__a211oi_1)
                                                         _025_ (net)
                      0.450439    0.000388    5.608725 ^ _209_/A2 (sky130_fd_sc_hd__o31a_2)
     4    0.020067    0.197055    0.511512    6.120237 ^ _209_/X (sky130_fd_sc_hd__o31a_2)
                                                         _028_ (net)
                      0.197059    0.001266    6.121503 ^ _236_/A1 (sky130_fd_sc_hd__a211oi_4)
     4    0.016652    0.133002    0.192607    6.314110 v _236_/Y (sky130_fd_sc_hd__a211oi_4)
                                                         _051_ (net)
                      0.133006    0.001400    6.315510 v _261_/A2 (sky130_fd_sc_hd__o311ai_4)
     4    0.012841    0.435307    0.530189    6.845699 ^ _261_/Y (sky130_fd_sc_hd__o311ai_4)
                                                         _072_ (net)
                      0.435308    0.000921    6.846621 ^ _286_/A1 (sky130_fd_sc_hd__a21o_1)
     2    0.007852    0.127868    0.385757    7.232378 ^ _286_/X (sky130_fd_sc_hd__a21o_1)
                                                         _093_ (net)
                      0.127868    0.000594    7.232971 ^ _296_/B (sky130_fd_sc_hd__xor2_1)
     1    0.003745    0.209939    0.286916    7.519887 ^ _296_/X (sky130_fd_sc_hd__xor2_1)
                                                         net74 (net)
                      0.209939    0.000264    7.520151 ^ output74/A (sky130_fd_sc_hd__buf_2)
     1    0.034449    0.273936    0.409337    7.929488 ^ output74/X (sky130_fd_sc_hd__buf_2)
                                                         sum[16] (net)
                      0.273942    0.001614    7.931102 ^ sum[16] (out)
                                              7.931102   data arrival time

                      0.000000   20.000000   20.000000   clock __VIRTUAL_CLK__ (rise edge)
                                  0.000000   20.000000   clock network delay (ideal)
                                 -0.250000   19.750002   clock uncertainty
                                  0.000000   19.750002   clock reconvergence pessimism
                                 -4.000000   15.750001   output external delay
                                             15.750001   data required time
---------------------------------------------------------------------------------------------
                                             15.750001   data required time
                                             -7.931102   data arrival time
---------------------------------------------------------------------------------------------
                                              7.818899   slack (MET)


Startpoint: b[0] (input port clocked by __VIRTUAL_CLK__)
Endpoint: sum[6] (output port clocked by __VIRTUAL_CLK__)
Path Group: __VIRTUAL_CLK__
Path Type: max

Fanout         Cap        Slew       Delay        Time   Description
---------------------------------------------------------------------------------------------
                      0.000000    0.000000    0.000000   clock __VIRTUAL_CLK__ (rise edge)
                                  0.000000    0.000000   clock network delay (ideal)
                                  4.000000    4.000000 v input external delay
     1    0.003112    0.019657    0.010260    4.010260 v b[0] (in)
                                                         b[0] (net)
                      0.019657    0.000000    4.010260 v input33/A (sky130_fd_sc_hd__clkbuf_1)
     2    0.004697    0.069434    0.154890    4.165150 v input33/X (sky130_fd_sc_hd__clkbuf_1)
                                                         net33 (net)
                      0.069434    0.000236    4.165386 v _185_/A (sky130_fd_sc_hd__or2_1)
     2    0.005491    0.120762    0.526958    4.692344 v _185_/X (sky130_fd_sc_hd__or2_1)
                                                         _008_ (net)
                      0.120762    0.000199    4.692543 v _187_/A2 (sky130_fd_sc_hd__a21bo_1)
     3    0.011347    0.130557    0.428662    5.121204 v _187_/X (sky130_fd_sc_hd__a21bo_1)
                                                         _010_ (net)
                      0.130558    0.000600    5.121804 v _206_/A1 (sky130_fd_sc_hd__a211oi_1)
     2    0.006070    0.450439    0.486533    5.608337 ^ _206_/Y (sky130_fd_sc_hd__a211oi_1)
                                                         _025_ (net)
                      0.450439    0.000388    5.608725 ^ _209_/A2 (sky130_fd_sc_hd__o31a_2)
     4    0.020067    0.197055    0.511512    6.120237 ^ _209_/X (sky130_fd_sc_hd__o31a_2)
                                                         _028_ (net)
                      0.197056    0.000910    6.121147 ^ _210_/A_N (sky130_fd_sc_hd__and2b_1)
     2    0.004924    0.083586    0.429799    6.550947 v _210_/X (sky130_fd_sc_hd__and2b_1)
                                                         _029_ (net)
                      0.083587    0.000205    6.551151 v _214_/C (sky130_fd_sc_hd__or3_1)
     1    0.001719    0.123544    0.692893    7.244045 v _214_/X (sky130_fd_sc_hd__or3_1)
                                                         _032_ (net)
                      0.123544    0.000078    7.244123 v _215_/B (sky130_fd_sc_hd__and2b_1)
     1    0.002610    0.064236    0.338357    7.582480 v _215_/X (sky130_fd_sc_hd__and2b_1)
                                                         net95 (net)
                      0.064236    0.000162    7.582642 v output95/A (sky130_fd_sc_hd__buf_2)
     1    0.034526    0.167244    0.342048    7.924690 v output95/X (sky130_fd_sc_hd__buf_2)
                                                         sum[6] (net)
                      0.167259    0.001695    7.926384 v sum[6] (out)
                                              7.926384   data arrival time

                      0.000000   20.000000   20.000000   clock __VIRTUAL_CLK__ (rise edge)
                                  0.000000   20.000000   clock network delay (ideal)
                                 -0.250000   19.750002   clock uncertainty
                                  0.000000   19.750002   clock reconvergence pessimism
                                 -4.000000   15.750001   output external delay
                                             15.750001   data required time
---------------------------------------------------------------------------------------------
                                             15.750001   data required time
                                             -7.926384   data arrival time
---------------------------------------------------------------------------------------------
                                              7.823617   slack (MET)


Startpoint: b[0] (input port clocked by __VIRTUAL_CLK__)
Endpoint: sum[7] (output port clocked by __VIRTUAL_CLK__)
Path Group: __VIRTUAL_CLK__
Path Type: max

Fanout         Cap        Slew       Delay        Time   Description
---------------------------------------------------------------------------------------------
                      0.000000    0.000000    0.000000   clock __VIRTUAL_CLK__ (rise edge)
                                  0.000000    0.000000   clock network delay (ideal)
                                  4.000000    4.000000 v input external delay
     1    0.003112    0.019657    0.010260    4.010260 v b[0] (in)
                                                         b[0] (net)
                      0.019657    0.000000    4.010260 v input33/A (sky130_fd_sc_hd__clkbuf_1)
     2    0.004697    0.069434    0.154890    4.165150 v input33/X (sky130_fd_sc_hd__clkbuf_1)
                                                         net33 (net)
                      0.069434    0.000236    4.165386 v _185_/A (sky130_fd_sc_hd__or2_1)
     2    0.005491    0.120762    0.526958    4.692344 v _185_/X (sky130_fd_sc_hd__or2_1)
                                                         _008_ (net)
                      0.120762    0.000199    4.692543 v _187_/A2 (sky130_fd_sc_hd__a21bo_1)
     3    0.011347    0.130557    0.428662    5.121204 v _187_/X (sky130_fd_sc_hd__a21bo_1)
                                                         _010_ (net)
                      0.130558    0.000600    5.121804 v _206_/A1 (sky130_fd_sc_hd__a211oi_1)
     2    0.006070    0.450439    0.486533    5.608337 ^ _206_/Y (sky130_fd_sc_hd__a211oi_1)
                                                         _025_ (net)
                      0.450439    0.000388    5.608725 ^ _209_/A2 (sky130_fd_sc_hd__o31a_2)
     4    0.020067    0.197055    0.511512    6.120237 ^ _209_/X (sky130_fd_sc_hd__o31a_2)
                                                         _028_ (net)
                      0.197056    0.000910    6.121147 ^ _210_/A_N (sky130_fd_sc_hd__and2b_1)
     2    0.004924    0.083586    0.429799    6.550947 v _210_/X (sky130_fd_sc_hd__and2b_1)
                                                         _029_ (net)
                      0.083587    0.000192    6.551138 v _211_/A2 (sky130_fd_sc_hd__o21a_1)
     2    0.004810    0.083306    0.332539    6.883677 v _211_/X (sky130_fd_sc_hd__o21a_1)
                                                         _030_ (net)
                      0.083306    0.000307    6.883984 v _212_/B1 (sky130_fd_sc_hd__a21oi_1)
     1    0.005263    0.239772    0.246126    7.130110 ^ _212_/Y (sky130_fd_sc_hd__a21oi_1)
                                                         _031_ (net)
                      0.239772    0.000387    7.130497 ^ _213_/B (sky130_fd_sc_hd__xnor2_1)
     1    0.007345    0.332182    0.310461    7.440958 ^ _213_/Y (sky130_fd_sc_hd__xnor2_1)
                                                         net96 (net)
                      0.332264    0.000560    7.441518 ^ output96/A (sky130_fd_sc_hd__buf_2)
     1    0.034441    0.274412    0.457891    7.899409 ^ output96/X (sky130_fd_sc_hd__buf_2)
                                                         sum[7] (net)
                      0.274417    0.001614    7.901023 ^ sum[7] (out)
                                              7.901023   data arrival time

                      0.000000   20.000000   20.000000   clock __VIRTUAL_CLK__ (rise edge)
                                  0.000000   20.000000   clock network delay (ideal)
                                 -0.250000   19.750002   clock uncertainty
                                  0.000000   19.750002   clock reconvergence pessimism
                                 -4.000000   15.750001   output external delay
                                             15.750001   data required time
---------------------------------------------------------------------------------------------
                                             15.750001   data required time
                                             -7.901023   data arrival time
---------------------------------------------------------------------------------------------
                                              7.848978   slack (MET)


Startpoint: b[0] (input port clocked by __VIRTUAL_CLK__)
Endpoint: sum[10] (output port clocked by __VIRTUAL_CLK__)
Path Group: __VIRTUAL_CLK__
Path Type: max

Fanout         Cap        Slew       Delay        Time   Description
---------------------------------------------------------------------------------------------
                      0.000000    0.000000    0.000000   clock __VIRTUAL_CLK__ (rise edge)
                                  0.000000    0.000000   clock network delay (ideal)
                                  4.000000    4.000000 v input external delay
     1    0.003112    0.019657    0.010260    4.010260 v b[0] (in)
                                                         b[0] (net)
                      0.019657    0.000000    4.010260 v input33/A (sky130_fd_sc_hd__clkbuf_1)
     2    0.004697    0.069434    0.154890    4.165150 v input33/X (sky130_fd_sc_hd__clkbuf_1)
                                                         net33 (net)
                      0.069434    0.000236    4.165386 v _185_/A (sky130_fd_sc_hd__or2_1)
     2    0.005491    0.120762    0.526958    4.692344 v _185_/X (sky130_fd_sc_hd__or2_1)
                                                         _008_ (net)
                      0.120762    0.000199    4.692543 v _187_/A2 (sky130_fd_sc_hd__a21bo_1)
     3    0.011347    0.130557    0.428662    5.121204 v _187_/X (sky130_fd_sc_hd__a21bo_1)
                                                         _010_ (net)
                      0.130558    0.000600    5.121804 v _206_/A1 (sky130_fd_sc_hd__a211oi_1)
     2    0.006070    0.450439    0.486533    5.608337 ^ _206_/Y (sky130_fd_sc_hd__a211oi_1)
                                                         _025_ (net)
                      0.450439    0.000388    5.608725 ^ _209_/A2 (sky130_fd_sc_hd__o31a_2)
     4    0.020067    0.197055    0.511512    6.120237 ^ _209_/X (sky130_fd_sc_hd__o31a_2)
                                                         _028_ (net)
                      0.197059    0.001266    6.121503 ^ _236_/A1 (sky130_fd_sc_hd__a211oi_4)
     4    0.016652    0.133002    0.192607    6.314110 v _236_/Y (sky130_fd_sc_hd__a211oi_4)
                                                         _051_ (net)
                      0.133003    0.000739    6.314849 v _237_/B (sky130_fd_sc_hd__or2_1)
     2    0.007645    0.139061    0.536900    6.851749 v _237_/X (sky130_fd_sc_hd__or2_1)
                                                         _052_ (net)
                      0.139061    0.000495    6.852244 v _238_/A2 (sky130_fd_sc_hd__a21bo_1)
     2    0.009298    0.113658    0.420042    7.272286 v _238_/X (sky130_fd_sc_hd__a21bo_1)
                                                         _053_ (net)
                      0.113658    0.000393    7.272680 v _241_/B (sky130_fd_sc_hd__xnor2_1)
     1    0.002172    0.168870    0.212993    7.485673 ^ _241_/Y (sky130_fd_sc_hd__xnor2_1)
                                                         net68 (net)
                      0.168870    0.000154    7.485826 ^ output68/A (sky130_fd_sc_hd__buf_2)
     1    0.034084    0.271154    0.388124    7.873950 ^ output68/X (sky130_fd_sc_hd__buf_2)
                                                         sum[10] (net)
                      0.271160    0.001623    7.875573 ^ sum[10] (out)
                                              7.875573   data arrival time

                      0.000000   20.000000   20.000000   clock __VIRTUAL_CLK__ (rise edge)
                                  0.000000   20.000000   clock network delay (ideal)
                                 -0.250000   19.750002   clock uncertainty
                                  0.000000   19.750002   clock reconvergence pessimism
                                 -4.000000   15.750001   output external delay
                                             15.750001   data required time
---------------------------------------------------------------------------------------------
                                             15.750001   data required time
                                             -7.875573   data arrival time
---------------------------------------------------------------------------------------------
                                              7.874427   slack (MET)


Startpoint: a[1] (input port clocked by __VIRTUAL_CLK__)
Endpoint: sum[13] (output port clocked by __VIRTUAL_CLK__)
Path Group: __VIRTUAL_CLK__
Path Type: max

Fanout         Cap        Slew       Delay        Time   Description
---------------------------------------------------------------------------------------------
                      0.000000    0.000000    0.000000   clock __VIRTUAL_CLK__ (rise edge)
                                  0.000000    0.000000   clock network delay (ideal)
                                  4.000000    4.000000 v input external delay
     1    0.003178    0.019913    0.010470    4.010470 v a[1] (in)
                                                         a[1] (net)
                      0.019913    0.000000    4.010470 v input12/A (sky130_fd_sc_hd__clkbuf_1)
     2    0.004715    0.069622    0.155163    4.165633 v input12/X (sky130_fd_sc_hd__clkbuf_1)
                                                         net12 (net)
                      0.069622    0.000246    4.165879 v _183_/B (sky130_fd_sc_hd__and2_1)
     3    0.009076    0.117908    0.366501    4.532380 v _183_/X (sky130_fd_sc_hd__and2_1)
                                                         _006_ (net)
                      0.117908    0.000301    4.532681 v _189_/A (sky130_fd_sc_hd__nor2_1)
     3    0.011530    0.368348    0.367278    4.899959 ^ _189_/Y (sky130_fd_sc_hd__nor2_1)
                                                         _012_ (net)
                      0.368349    0.000576    4.900535 ^ _206_/A2 (sky130_fd_sc_hd__a211oi_1)
     2    0.005649    0.164699    0.285554    5.186089 v _206_/Y (sky130_fd_sc_hd__a211oi_1)
                                                         _025_ (net)
                      0.164699    0.000357    5.186446 v _209_/A2 (sky130_fd_sc_hd__o31a_2)
     4    0.019190    0.161667    0.760013    5.946459 v _209_/X (sky130_fd_sc_hd__o31a_2)
                                                         _028_ (net)
                      0.161667    0.001203    5.947662 v _236_/A1 (sky130_fd_sc_hd__a211oi_4)
     4    0.018239    0.453123    0.531406    6.479068 ^ _236_/Y (sky130_fd_sc_hd__a211oi_4)
                                                         _051_ (net)
                      0.453124    0.001557    6.480625 ^ _261_/A2 (sky130_fd_sc_hd__o311ai_4)
     4    0.012297    0.198646    0.340449    6.821074 v _261_/Y (sky130_fd_sc_hd__o311ai_4)
                                                         _072_ (net)
                      0.198646    0.000817    6.821891 v _268_/C (sky130_fd_sc_hd__and3_1)
     1    0.003113    0.073412    0.424739    7.246630 v _268_/X (sky130_fd_sc_hd__and3_1)
                                                         _077_ (net)
                      0.073412    0.000136    7.246767 v _269_/B (sky130_fd_sc_hd__nor2_1)
     1    0.002578    0.125002    0.137204    7.383971 ^ _269_/Y (sky130_fd_sc_hd__nor2_1)
                                                         net71 (net)
                      0.125002    0.000107    7.384079 ^ output71/A (sky130_fd_sc_hd__buf_2)
     1    0.034365    0.273154    0.369046    7.753125 ^ output71/X (sky130_fd_sc_hd__buf_2)
                                                         sum[13] (net)
                      0.273159    0.001617    7.754742 ^ sum[13] (out)
                                              7.754742   data arrival time

                      0.000000   20.000000   20.000000   clock __VIRTUAL_CLK__ (rise edge)
                                  0.000000   20.000000   clock network delay (ideal)
                                 -0.250000   19.750002   clock uncertainty
                                  0.000000   19.750002   clock reconvergence pessimism
                                 -4.000000   15.750001   output external delay
                                             15.750001   data required time
---------------------------------------------------------------------------------------------
                                             15.750001   data required time
                                             -7.754742   data arrival time
---------------------------------------------------------------------------------------------
                                              7.995259   slack (MET)


Startpoint: b[0] (input port clocked by __VIRTUAL_CLK__)
Endpoint: sum[9] (output port clocked by __VIRTUAL_CLK__)
Path Group: __VIRTUAL_CLK__
Path Type: max

Fanout         Cap        Slew       Delay        Time   Description
---------------------------------------------------------------------------------------------
                      0.000000    0.000000    0.000000   clock __VIRTUAL_CLK__ (rise edge)
                                  0.000000    0.000000   clock network delay (ideal)
                                  4.000000    4.000000 v input external delay
     1    0.003112    0.019657    0.010260    4.010260 v b[0] (in)
                                                         b[0] (net)
                      0.019657    0.000000    4.010260 v input33/A (sky130_fd_sc_hd__clkbuf_1)
     2    0.004697    0.069434    0.154890    4.165150 v input33/X (sky130_fd_sc_hd__clkbuf_1)
                                                         net33 (net)
                      0.069434    0.000236    4.165386 v _185_/A (sky130_fd_sc_hd__or2_1)
     2    0.005491    0.120762    0.526958    4.692344 v _185_/X (sky130_fd_sc_hd__or2_1)
                                                         _008_ (net)
                      0.120762    0.000199    4.692543 v _187_/A2 (sky130_fd_sc_hd__a21bo_1)
     3    0.011347    0.130557    0.428662    5.121204 v _187_/X (sky130_fd_sc_hd__a21bo_1)
                                                         _010_ (net)
                      0.130558    0.000600    5.121804 v _206_/A1 (sky130_fd_sc_hd__a211oi_1)
     2    0.006070    0.450439    0.486533    5.608337 ^ _206_/Y (sky130_fd_sc_hd__a211oi_1)
                                                         _025_ (net)
                      0.450439    0.000388    5.608725 ^ _209_/A2 (sky130_fd_sc_hd__o31a_2)
     4    0.020067    0.197055    0.511512    6.120237 ^ _209_/X (sky130_fd_sc_hd__o31a_2)
                                                         _028_ (net)
                      0.197059    0.001266    6.121503 ^ _236_/A1 (sky130_fd_sc_hd__a211oi_4)
     4    0.016652    0.133002    0.192607    6.314110 v _236_/Y (sky130_fd_sc_hd__a211oi_4)
                                                         _051_ (net)
                      0.133003    0.000739    6.314849 v _237_/B (sky130_fd_sc_hd__or2_1)
     2    0.007645    0.139061    0.536900    6.851749 v _237_/X (sky130_fd_sc_hd__or2_1)
                                                         _052_ (net)
                      0.139061    0.000525    6.852274 v _242_/B (sky130_fd_sc_hd__xnor2_1)
     1    0.007780    0.346439    0.365504    7.217778 ^ _242_/Y (sky130_fd_sc_hd__xnor2_1)
                                                         net98 (net)
                      0.346440    0.000590    7.218368 ^ output98/A (sky130_fd_sc_hd__buf_2)
     1    0.034820    0.277309    0.465307    7.683675 ^ output98/X (sky130_fd_sc_hd__buf_2)
                                                         sum[9] (net)
                      0.277315    0.001742    7.685417 ^ sum[9] (out)
                                              7.685417   data arrival time

                      0.000000   20.000000   20.000000   clock __VIRTUAL_CLK__ (rise edge)
                                  0.000000   20.000000   clock network delay (ideal)
                                 -0.250000   19.750002   clock uncertainty
                                  0.000000   19.750002   clock reconvergence pessimism
                                 -4.000000   15.750001   output external delay
                                             15.750001   data required time
---------------------------------------------------------------------------------------------
                                             15.750001   data required time
                                             -7.685417   data arrival time
---------------------------------------------------------------------------------------------
                                              8.064584   slack (MET)


Startpoint: b[0] (input port clocked by __VIRTUAL_CLK__)
Endpoint: sum[12] (output port clocked by __VIRTUAL_CLK__)
Path Group: __VIRTUAL_CLK__
Path Type: max

Fanout         Cap        Slew       Delay        Time   Description
---------------------------------------------------------------------------------------------
                      0.000000    0.000000    0.000000   clock __VIRTUAL_CLK__ (rise edge)
                                  0.000000    0.000000   clock network delay (ideal)
                                  4.000000    4.000000 v input external delay
     1    0.003112    0.019657    0.010260    4.010260 v b[0] (in)
                                                         b[0] (net)
                      0.019657    0.000000    4.010260 v input33/A (sky130_fd_sc_hd__clkbuf_1)
     2    0.004697    0.069434    0.154890    4.165150 v input33/X (sky130_fd_sc_hd__clkbuf_1)
                                                         net33 (net)
                      0.069434    0.000236    4.165386 v _185_/A (sky130_fd_sc_hd__or2_1)
     2    0.005491    0.120762    0.526958    4.692344 v _185_/X (sky130_fd_sc_hd__or2_1)
                                                         _008_ (net)
                      0.120762    0.000199    4.692543 v _187_/A2 (sky130_fd_sc_hd__a21bo_1)
     3    0.011347    0.130557    0.428662    5.121204 v _187_/X (sky130_fd_sc_hd__a21bo_1)
                                                         _010_ (net)
                      0.130558    0.000600    5.121804 v _206_/A1 (sky130_fd_sc_hd__a211oi_1)
     2    0.006070    0.450439    0.486533    5.608337 ^ _206_/Y (sky130_fd_sc_hd__a211oi_1)
                                                         _025_ (net)
                      0.450439    0.000388    5.608725 ^ _209_/A2 (sky130_fd_sc_hd__o31a_2)
     4    0.020067    0.197055    0.511512    6.120237 ^ _209_/X (sky130_fd_sc_hd__o31a_2)
                                                         _028_ (net)
                      0.197059    0.001266    6.121503 ^ _236_/A1 (sky130_fd_sc_hd__a211oi_4)
     4    0.016652    0.133002    0.192607    6.314110 v _236_/Y (sky130_fd_sc_hd__a211oi_4)
                                                         _051_ (net)
                      0.133004    0.000997    6.315107 v _260_/A2 (sky130_fd_sc_hd__o31a_1)
     1    0.006305    0.115652    0.581527    6.896634 v _260_/X (sky130_fd_sc_hd__o31a_1)
                                                         _071_ (net)
                      0.115652    0.000491    6.897124 v _270_/B (sky130_fd_sc_hd__xnor2_1)
     1    0.003313    0.204318    0.243219    7.140343 ^ _270_/Y (sky130_fd_sc_hd__xnor2_1)
                                                         net70 (net)
                      0.204319    0.000246    7.140590 ^ output70/A (sky130_fd_sc_hd__buf_2)
     1    0.034068    0.271100    0.404682    7.545271 ^ output70/X (sky130_fd_sc_hd__buf_2)
                                                         sum[12] (net)
                      0.271105    0.001600    7.546871 ^ sum[12] (out)
                                              7.546871   data arrival time

                      0.000000   20.000000   20.000000   clock __VIRTUAL_CLK__ (rise edge)
                                  0.000000   20.000000   clock network delay (ideal)
                                 -0.250000   19.750002   clock uncertainty
                                  0.000000   19.750002   clock reconvergence pessimism
                                 -4.000000   15.750001   output external delay
                                             15.750001   data required time
---------------------------------------------------------------------------------------------
                                             15.750001   data required time
                                             -7.546871   data arrival time
---------------------------------------------------------------------------------------------
                                              8.203130   slack (MET)


Startpoint: a[1] (input port clocked by __VIRTUAL_CLK__)
Endpoint: sum[8] (output port clocked by __VIRTUAL_CLK__)
Path Group: __VIRTUAL_CLK__
Path Type: max

Fanout         Cap        Slew       Delay        Time   Description
---------------------------------------------------------------------------------------------
                      0.000000    0.000000    0.000000   clock __VIRTUAL_CLK__ (rise edge)
                                  0.000000    0.000000   clock network delay (ideal)
                                  4.000000    4.000000 v input external delay
     1    0.003178    0.019913    0.010470    4.010470 v a[1] (in)
                                                         a[1] (net)
                      0.019913    0.000000    4.010470 v input12/A (sky130_fd_sc_hd__clkbuf_1)
     2    0.004715    0.069622    0.155163    4.165633 v input12/X (sky130_fd_sc_hd__clkbuf_1)
                                                         net12 (net)
                      0.069622    0.000246    4.165879 v _183_/B (sky130_fd_sc_hd__and2_1)
     3    0.009076    0.117908    0.366501    4.532380 v _183_/X (sky130_fd_sc_hd__and2_1)
                                                         _006_ (net)
                      0.117908    0.000301    4.532681 v _189_/A (sky130_fd_sc_hd__nor2_1)
     3    0.011530    0.368348    0.367278    4.899959 ^ _189_/Y (sky130_fd_sc_hd__nor2_1)
                                                         _012_ (net)
                      0.368349    0.000576    4.900535 ^ _206_/A2 (sky130_fd_sc_hd__a211oi_1)
     2    0.005649    0.164699    0.285554    5.186089 v _206_/Y (sky130_fd_sc_hd__a211oi_1)
                                                         _025_ (net)
                      0.164699    0.000357    5.186446 v _209_/A2 (sky130_fd_sc_hd__o31a_2)
     4    0.019190    0.161667    0.760013    5.946459 v _209_/X (sky130_fd_sc_hd__o31a_2)
                                                         _028_ (net)
                      0.161667    0.000909    5.947368 v _233_/A1 (sky130_fd_sc_hd__a21o_1)
     1    0.002066    0.053768    0.314425    6.261793 v _233_/X (sky130_fd_sc_hd__a21o_1)
                                                         _048_ (net)
                      0.053990    0.000134    6.261927 v _243_/A (sky130_fd_sc_hd__and2_1)
     1    0.003205    0.071422    0.270691    6.532618 v _243_/X (sky130_fd_sc_hd__and2_1)
                                                         _055_ (net)
                      0.071422    0.000205    6.532824 v _244_/B (sky130_fd_sc_hd__nor2_1)
     1    0.004048    0.162218    0.167649    6.700472 ^ _244_/Y (sky130_fd_sc_hd__nor2_1)
                                                         net97 (net)
                      0.162218    0.000294    6.700767 ^ output97/A (sky130_fd_sc_hd__buf_2)
     1    0.034693    0.275689    0.388160    7.088927 ^ output97/X (sky130_fd_sc_hd__buf_2)
                                                         sum[8] (net)
                      0.275696    0.001734    7.090661 ^ sum[8] (out)
                                              7.090661   data arrival time

                      0.000000   20.000000   20.000000   clock __VIRTUAL_CLK__ (rise edge)
                                  0.000000   20.000000   clock network delay (ideal)
                                 -0.250000   19.750002   clock uncertainty
                                  0.000000   19.750002   clock reconvergence pessimism
                                 -4.000000   15.750001   output external delay
                                             15.750001   data required time
---------------------------------------------------------------------------------------------
                                             15.750001   data required time
                                             -7.090661   data arrival time
---------------------------------------------------------------------------------------------
                                              8.659340   slack (MET)


Startpoint: b[0] (input port clocked by __VIRTUAL_CLK__)
Endpoint: sum[5] (output port clocked by __VIRTUAL_CLK__)
Path Group: __VIRTUAL_CLK__
Path Type: max

Fanout         Cap        Slew       Delay        Time   Description
---------------------------------------------------------------------------------------------
                      0.000000    0.000000    0.000000   clock __VIRTUAL_CLK__ (rise edge)
                                  0.000000    0.000000   clock network delay (ideal)
                                  4.000000    4.000000 v input external delay
     1    0.003112    0.019657    0.010260    4.010260 v b[0] (in)
                                                         b[0] (net)
                      0.019657    0.000000    4.010260 v input33/A (sky130_fd_sc_hd__clkbuf_1)
     2    0.004697    0.069434    0.154890    4.165150 v input33/X (sky130_fd_sc_hd__clkbuf_1)
                                                         net33 (net)
                      0.069434    0.000236    4.165386 v _185_/A (sky130_fd_sc_hd__or2_1)
     2    0.005491    0.120762    0.526958    4.692344 v _185_/X (sky130_fd_sc_hd__or2_1)
                                                         _008_ (net)
                      0.120762    0.000199    4.692543 v _187_/A2 (sky130_fd_sc_hd__a21bo_1)
     3    0.011347    0.130557    0.428662    5.121204 v _187_/X (sky130_fd_sc_hd__a21bo_1)
                                                         _010_ (net)
                      0.130558    0.000600    5.121804 v _206_/A1 (sky130_fd_sc_hd__a211oi_1)
     2    0.006070    0.450439    0.486533    5.608337 ^ _206_/Y (sky130_fd_sc_hd__a211oi_1)
                                                         _025_ (net)
                      0.450439    0.000388    5.608725 ^ _209_/A2 (sky130_fd_sc_hd__o31a_2)
     4    0.020067    0.197055    0.511512    6.120237 ^ _209_/X (sky130_fd_sc_hd__o31a_2)
                                                         _028_ (net)
                      0.197057    0.001042    6.121279 ^ _216_/B (sky130_fd_sc_hd__xnor2_1)
     1    0.002728    0.186185    0.242514    6.363794 ^ _216_/Y (sky130_fd_sc_hd__xnor2_1)
                                                         net94 (net)
                      0.186185    0.000172    6.363966 ^ output94/A (sky130_fd_sc_hd__buf_2)
     1    0.034568    0.274794    0.398757    6.762722 ^ output94/X (sky130_fd_sc_hd__buf_2)
                                                         sum[5] (net)
                      0.274800    0.001715    6.764438 ^ sum[5] (out)
                                              6.764438   data arrival time

                      0.000000   20.000000   20.000000   clock __VIRTUAL_CLK__ (rise edge)
                                  0.000000   20.000000   clock network delay (ideal)
                                 -0.250000   19.750002   clock uncertainty
                                  0.000000   19.750002   clock reconvergence pessimism
                                 -4.000000   15.750001   output external delay
                                             15.750001   data required time
---------------------------------------------------------------------------------------------
                                             15.750001   data required time
                                             -6.764438   data arrival time
---------------------------------------------------------------------------------------------
                                              8.985562   slack (MET)


Startpoint: b[0] (input port clocked by __VIRTUAL_CLK__)
Endpoint: sum[4] (output port clocked by __VIRTUAL_CLK__)
Path Group: __VIRTUAL_CLK__
Path Type: max

Fanout         Cap        Slew       Delay        Time   Description
---------------------------------------------------------------------------------------------
                      0.000000    0.000000    0.000000   clock __VIRTUAL_CLK__ (rise edge)
                                  0.000000    0.000000   clock network delay (ideal)
                                  4.000000    4.000000 v input external delay
     1    0.003112    0.019657    0.010260    4.010260 v b[0] (in)
                                                         b[0] (net)
                      0.019657    0.000000    4.010260 v input33/A (sky130_fd_sc_hd__clkbuf_1)
     2    0.004697    0.069434    0.154890    4.165150 v input33/X (sky130_fd_sc_hd__clkbuf_1)
                                                         net33 (net)
                      0.069434    0.000236    4.165386 v _185_/A (sky130_fd_sc_hd__or2_1)
     2    0.005491    0.120762    0.526958    4.692344 v _185_/X (sky130_fd_sc_hd__or2_1)
                                                         _008_ (net)
                      0.120762    0.000199    4.692543 v _187_/A2 (sky130_fd_sc_hd__a21bo_1)
     3    0.011347    0.130557    0.428662    5.121204 v _187_/X (sky130_fd_sc_hd__a21bo_1)
                                                         _010_ (net)
                      0.130558    0.000600    5.121804 v _206_/A1 (sky130_fd_sc_hd__a211oi_1)
     2    0.006070    0.450439    0.486533    5.608337 ^ _206_/Y (sky130_fd_sc_hd__a211oi_1)
                                                         _025_ (net)
                      0.450439    0.000403    5.608740 ^ _208_/A (sky130_fd_sc_hd__nor2_1)
     1    0.004838    0.117266    0.233594    5.842334 v _208_/Y (sky130_fd_sc_hd__nor2_1)
                                                         _027_ (net)
                      0.117267    0.000359    5.842693 v _217_/B (sky130_fd_sc_hd__xnor2_1)
     1    0.003923    0.223192    0.259288    6.101981 ^ _217_/Y (sky130_fd_sc_hd__xnor2_1)
                                                         net93 (net)
                      0.223192    0.000160    6.102141 ^ output93/A (sky130_fd_sc_hd__buf_2)
     1    0.034004    0.270656    0.413194    6.515335 ^ output93/X (sky130_fd_sc_hd__buf_2)
                                                         sum[4] (net)
                      0.270662    0.001597    6.516931 ^ sum[4] (out)
                                              6.516931   data arrival time

                      0.000000   20.000000   20.000000   clock __VIRTUAL_CLK__ (rise edge)
                                  0.000000   20.000000   clock network delay (ideal)
                                 -0.250000   19.750002   clock uncertainty
                                  0.000000   19.750002   clock reconvergence pessimism
                                 -4.000000   15.750001   output external delay
                                             15.750001   data required time
---------------------------------------------------------------------------------------------
                                             15.750001   data required time
                                             -6.516931   data arrival time
---------------------------------------------------------------------------------------------
                                              9.233069   slack (MET)


Startpoint: b[0] (input port clocked by __VIRTUAL_CLK__)
Endpoint: sum[3] (output port clocked by __VIRTUAL_CLK__)
Path Group: __VIRTUAL_CLK__
Path Type: max

Fanout         Cap        Slew       Delay        Time   Description
---------------------------------------------------------------------------------------------
                      0.000000    0.000000    0.000000   clock __VIRTUAL_CLK__ (rise edge)
                                  0.000000    0.000000   clock network delay (ideal)
                                  4.000000    4.000000 v input external delay
     1    0.003112    0.019657    0.010260    4.010260 v b[0] (in)
                                                         b[0] (net)
                      0.019657    0.000000    4.010260 v input33/A (sky130_fd_sc_hd__clkbuf_1)
     2    0.004697    0.069434    0.154890    4.165150 v input33/X (sky130_fd_sc_hd__clkbuf_1)
                                                         net33 (net)
                      0.069434    0.000236    4.165386 v _185_/A (sky130_fd_sc_hd__or2_1)
     2    0.005491    0.120762    0.526958    4.692344 v _185_/X (sky130_fd_sc_hd__or2_1)
                                                         _008_ (net)
                      0.120762    0.000199    4.692543 v _187_/A2 (sky130_fd_sc_hd__a21bo_1)
     3    0.011347    0.130557    0.428662    5.121204 v _187_/X (sky130_fd_sc_hd__a21bo_1)
                                                         _010_ (net)
                      0.130558    0.000615    5.121819 v _190_/A1 (sky130_fd_sc_hd__a21oi_1)
     2    0.009403    0.366624    0.382431    5.504250 ^ _190_/Y (sky130_fd_sc_hd__a21oi_1)
                                                         _013_ (net)
                      0.366625    0.000472    5.504722 ^ _191_/A2 (sky130_fd_sc_hd__o21a_1)
     1    0.005451    0.108276    0.333734    5.838456 ^ _191_/X (sky130_fd_sc_hd__o21a_1)
                                                         _014_ (net)
                      0.108276    0.000401    5.838857 ^ _192_/B (sky130_fd_sc_hd__xnor2_1)
     1    0.003037    0.195859    0.208967    6.047823 ^ _192_/Y (sky130_fd_sc_hd__xnor2_1)
                                                         net92 (net)
                      0.195859    0.000191    6.048014 ^ output92/A (sky130_fd_sc_hd__buf_2)
     1    0.034433    0.273797    0.402622    6.450637 ^ output92/X (sky130_fd_sc_hd__buf_2)
                                                         sum[3] (net)
                      0.273803    0.001644    6.452281 ^ sum[3] (out)
                                              6.452281   data arrival time

                      0.000000   20.000000   20.000000   clock __VIRTUAL_CLK__ (rise edge)
                                  0.000000   20.000000   clock network delay (ideal)
                                 -0.250000   19.750002   clock uncertainty
                                  0.000000   19.750002   clock reconvergence pessimism
                                 -4.000000   15.750001   output external delay
                                             15.750001   data required time
---------------------------------------------------------------------------------------------
                                             15.750001   data required time
                                             -6.452281   data arrival time
---------------------------------------------------------------------------------------------
                                              9.297720   slack (MET)


Startpoint: b[0] (input port clocked by __VIRTUAL_CLK__)
Endpoint: sum[2] (output port clocked by __VIRTUAL_CLK__)
Path Group: __VIRTUAL_CLK__
Path Type: max

Fanout         Cap        Slew       Delay        Time   Description
---------------------------------------------------------------------------------------------
                      0.000000    0.000000    0.000000   clock __VIRTUAL_CLK__ (rise edge)
                                  0.000000    0.000000   clock network delay (ideal)
                                  4.000000    4.000000 v input external delay
     1    0.003112    0.019657    0.010260    4.010260 v b[0] (in)
                                                         b[0] (net)
                      0.019657    0.000000    4.010260 v input33/A (sky130_fd_sc_hd__clkbuf_1)
     2    0.004697    0.069434    0.154890    4.165150 v input33/X (sky130_fd_sc_hd__clkbuf_1)
                                                         net33 (net)
                      0.069434    0.000236    4.165386 v _185_/A (sky130_fd_sc_hd__or2_1)
     2    0.005491    0.120762    0.526958    4.692344 v _185_/X (sky130_fd_sc_hd__or2_1)
                                                         _008_ (net)
                      0.120762    0.000199    4.692543 v _187_/A2 (sky130_fd_sc_hd__a21bo_1)
     3    0.011347    0.130557    0.428662    5.121204 v _187_/X (sky130_fd_sc_hd__a21bo_1)
                                                         _010_ (net)
                      0.130558    0.000615    5.121819 v _190_/A1 (sky130_fd_sc_hd__a21oi_1)
     2    0.009403    0.366624    0.382431    5.504250 ^ _190_/Y (sky130_fd_sc_hd__a21oi_1)
                                                         _013_ (net)
                      0.366625    0.000369    5.504619 ^ _193_/B (sky130_fd_sc_hd__xnor2_1)
     1    0.003737    0.217563    0.311093    5.815711 ^ _193_/Y (sky130_fd_sc_hd__xnor2_1)
                                                         net89 (net)
                      0.217563    0.000228    5.815939 ^ output89/A (sky130_fd_sc_hd__buf_2)
     1    0.036145    0.286670    0.421518    6.237458 ^ output89/X (sky130_fd_sc_hd__buf_2)
                                                         sum[2] (net)
                      0.286682    0.002180    6.239637 ^ sum[2] (out)
                                              6.239637   data arrival time

                      0.000000   20.000000   20.000000   clock __VIRTUAL_CLK__ (rise edge)
                                  0.000000   20.000000   clock network delay (ideal)
                                 -0.250000   19.750002   clock uncertainty
                                  0.000000   19.750002   clock reconvergence pessimism
                                 -4.000000   15.750001   output external delay
                                             15.750001   data required time
---------------------------------------------------------------------------------------------
                                             15.750001   data required time
                                             -6.239637   data arrival time
---------------------------------------------------------------------------------------------
                                              9.510364   slack (MET)


Startpoint: b[0] (input port clocked by __VIRTUAL_CLK__)
Endpoint: sum[1] (output port clocked by __VIRTUAL_CLK__)
Path Group: __VIRTUAL_CLK__
Path Type: max

Fanout         Cap        Slew       Delay        Time   Description
---------------------------------------------------------------------------------------------
                      0.000000    0.000000    0.000000   clock __VIRTUAL_CLK__ (rise edge)
                                  0.000000    0.000000   clock network delay (ideal)
                                  4.000000    4.000000 v input external delay
     1    0.003112    0.019657    0.010260    4.010260 v b[0] (in)
                                                         b[0] (net)
                      0.019657    0.000000    4.010260 v input33/A (sky130_fd_sc_hd__clkbuf_1)
     2    0.004697    0.069434    0.154890    4.165150 v input33/X (sky130_fd_sc_hd__clkbuf_1)
                                                         net33 (net)
                      0.069434    0.000236    4.165386 v _185_/A (sky130_fd_sc_hd__or2_1)
     2    0.005491    0.120762    0.526958    4.692344 v _185_/X (sky130_fd_sc_hd__or2_1)
                                                         _008_ (net)
                      0.120762    0.000199    4.692543 v _187_/A2 (sky130_fd_sc_hd__a21bo_1)
     3    0.011347    0.130557    0.428662    5.121204 v _187_/X (sky130_fd_sc_hd__a21bo_1)
                                                         _010_ (net)
                      0.130557    0.000438    5.121643 v _194_/A (sky130_fd_sc_hd__xor2_1)
     1    0.002890    0.127393    0.317659    5.439301 v _194_/X (sky130_fd_sc_hd__xor2_1)
                                                         net78 (net)
                      0.127393    0.000171    5.439473 v output78/A (sky130_fd_sc_hd__buf_2)
     1    0.034575    0.167436    0.372282    5.811755 v output78/X (sky130_fd_sc_hd__buf_2)
                                                         sum[1] (net)
                      0.167452    0.001714    5.813469 v sum[1] (out)
                                              5.813469   data arrival time

                      0.000000   20.000000   20.000000   clock __VIRTUAL_CLK__ (rise edge)
                                  0.000000   20.000000   clock network delay (ideal)
                                 -0.250000   19.750002   clock uncertainty
                                  0.000000   19.750002   clock reconvergence pessimism
                                 -4.000000   15.750001   output external delay
                                             15.750001   data required time
---------------------------------------------------------------------------------------------
                                             15.750001   data required time
                                             -5.813469   data arrival time
---------------------------------------------------------------------------------------------
                                              9.936532   slack (MET)


Startpoint: b[0] (input port clocked by __VIRTUAL_CLK__)
Endpoint: sum[0] (output port clocked by __VIRTUAL_CLK__)
Path Group: __VIRTUAL_CLK__
Path Type: max

Fanout         Cap        Slew       Delay        Time   Description
---------------------------------------------------------------------------------------------
                      0.000000    0.000000    0.000000   clock __VIRTUAL_CLK__ (rise edge)
                                  0.000000    0.000000   clock network delay (ideal)
                                  4.000000    4.000000 v input external delay
     1    0.003112    0.019657    0.010260    4.010260 v b[0] (in)
                                                         b[0] (net)
                      0.019657    0.000000    4.010260 v input33/A (sky130_fd_sc_hd__clkbuf_1)
     2    0.004697    0.069434    0.154890    4.165150 v input33/X (sky130_fd_sc_hd__clkbuf_1)
                                                         net33 (net)
                      0.069434    0.000236    4.165386 v _185_/A (sky130_fd_sc_hd__or2_1)
     2    0.005491    0.120762    0.526958    4.692344 v _185_/X (sky130_fd_sc_hd__or2_1)
                                                         _008_ (net)
                      0.120762    0.000258    4.692602 v _186_/B (sky130_fd_sc_hd__nand2_1)
     1    0.005500    0.107335    0.150922    4.843524 ^ _186_/Y (sky130_fd_sc_hd__nand2_1)
                                                         _009_ (net)
                      0.107335    0.000426    4.843950 ^ _195_/B (sky130_fd_sc_hd__xnor2_1)
     1    0.002542    0.180339    0.202569    5.046519 ^ _195_/Y (sky130_fd_sc_hd__xnor2_1)
                                                         net67 (net)
                      0.180339    0.000162    5.046681 ^ output67/A (sky130_fd_sc_hd__buf_2)
     1    0.036200    0.287014    0.404302    5.450984 ^ output67/X (sky130_fd_sc_hd__buf_2)
                                                         sum[0] (net)
                      0.287028    0.002239    5.453222 ^ sum[0] (out)
                                              5.453222   data arrival time

                      0.000000   20.000000   20.000000   clock __VIRTUAL_CLK__ (rise edge)
                                  0.000000   20.000000   clock network delay (ideal)
                                 -0.250000   19.750002   clock uncertainty
                                  0.000000   19.750002   clock reconvergence pessimism
                                 -4.000000   15.750001   output external delay
                                             15.750001   data required time
---------------------------------------------------------------------------------------------
                                             15.750001   data required time
                                             -5.453222   data arrival time
---------------------------------------------------------------------------------------------
                                             10.296779   slack (MET)



