
===========================================================================
report_checks -path_delay min (Hold)
============================================================================
======================= nom_ff_n40C_1v95 Corner ===================================

Startpoint: _463_ (rising edge-triggered flip-flop clocked by clk)
Endpoint: _463_ (rising edge-triggered flip-flop clocked by clk)
Path Group: clk
Path Type: min

Fanout         Cap        Slew       Delay        Time   Description
---------------------------------------------------------------------------------------------
                                  0.000000    0.000000   clock clk (rise edge)
                                  0.000000    0.000000   clock source latency
     1    0.017235    0.062552    0.042611    0.042611 ^ clk (in)
                                                         clk (net)
                      0.062562    0.000000    0.042611 ^ clkbuf_0_clk/A (sky130_fd_sc_hd__clkbuf_16)
     4    0.039010    0.044516    0.105087    0.147698 ^ clkbuf_0_clk/X (sky130_fd_sc_hd__clkbuf_16)
                                                         clknet_0_clk (net)
                      0.044548    0.001013    0.148711 ^ clkbuf_2_3__f_clk/A (sky130_fd_sc_hd__clkbuf_16)
     8    0.026745    0.035798    0.092946    0.241657 ^ clkbuf_2_3__f_clk/X (sky130_fd_sc_hd__clkbuf_16)
                                                         clknet_2_3__leaf_clk (net)
                      0.035804    0.000450    0.242108 ^ _463_/CLK (sky130_fd_sc_hd__dfrtp_1)
     2    0.007741    0.060755    0.222656    0.464764 ^ _463_/Q (sky130_fd_sc_hd__dfrtp_1)
                                                         net58 (net)
                      0.060755    0.000217    0.464980 ^ _364_/B (sky130_fd_sc_hd__xnor2_1)
     1    0.005769    0.035149    0.049145    0.514125 v _364_/Y (sky130_fd_sc_hd__xnor2_1)
                                                         _169_ (net)
                      0.035149    0.000188    0.514314 v _365_/B (sky130_fd_sc_hd__xnor2_1)
     1    0.002374    0.032779    0.081864    0.596178 ^ _365_/Y (sky130_fd_sc_hd__xnor2_1)
                                                         adder.cla_blocks[7].block.sum[3] (net)
                      0.032779    0.000068    0.596246 ^ _463_/D (sky130_fd_sc_hd__dfrtp_1)
                                              0.596246   data arrival time

                                  0.000000    0.000000   clock clk (rise edge)
                                  0.000000    0.000000   clock source latency
     1    0.017235    0.062552    0.042611    0.042611 ^ clk (in)
                                                         clk (net)
                      0.062562    0.000000    0.042611 ^ clkbuf_0_clk/A (sky130_fd_sc_hd__clkbuf_16)
     4    0.039010    0.044516    0.105087    0.147698 ^ clkbuf_0_clk/X (sky130_fd_sc_hd__clkbuf_16)
                                                         clknet_0_clk (net)
                      0.044548    0.001013    0.148711 ^ clkbuf_2_3__f_clk/A (sky130_fd_sc_hd__clkbuf_16)
     8    0.026745    0.035798    0.092946    0.241657 ^ clkbuf_2_3__f_clk/X (sky130_fd_sc_hd__clkbuf_16)
                                                         clknet_2_3__leaf_clk (net)
                      0.035804    0.000450    0.242108 ^ _463_/CLK (sky130_fd_sc_hd__dfrtp_1)
                                  0.250000    0.492108   clock uncertainty
                                  0.000000    0.492108   clock reconvergence pessimism
                                 -0.019799    0.472309   library hold time
                                              0.472309   data required time
---------------------------------------------------------------------------------------------
                                              0.472309   data required time
                                             -0.596246   data arrival time
---------------------------------------------------------------------------------------------
                                              0.123937   slack (MET)


Startpoint: _432_ (rising edge-triggered flip-flop clocked by clk)
Endpoint: _432_ (rising edge-triggered flip-flop clocked by clk)
Path Group: clk
Path Type: min

Fanout         Cap        Slew       Delay        Time   Description
---------------------------------------------------------------------------------------------
                                  0.000000    0.000000   clock clk (rise edge)
                                  0.000000    0.000000   clock source latency
     1    0.017235    0.062552    0.042611    0.042611 ^ clk (in)
                                                         clk (net)
                      0.062562    0.000000    0.042611 ^ clkbuf_0_clk/A (sky130_fd_sc_hd__clkbuf_16)
     4    0.039010    0.044516    0.105087    0.147698 ^ clkbuf_0_clk/X (sky130_fd_sc_hd__clkbuf_16)
                                                         clknet_0_clk (net)
                      0.044548    0.001013    0.148711 ^ clkbuf_2_3__f_clk/A (sky130_fd_sc_hd__clkbuf_16)
     8    0.026745    0.035798    0.092946    0.241657 ^ clkbuf_2_3__f_clk/X (sky130_fd_sc_hd__clkbuf_16)
                                                         clknet_2_3__leaf_clk (net)
                      0.035802    0.000386    0.242044 ^ _432_/CLK (sky130_fd_sc_hd__dfrtp_1)
     3    0.010383    0.076490    0.235332    0.477375 ^ _432_/Q (sky130_fd_sc_hd__dfrtp_1)
                                                         net34 (net)
                      0.076490    0.000190    0.477566 ^ _422_/B (sky130_fd_sc_hd__or2_1)
     1    0.001868    0.023586    0.062518    0.540084 ^ _422_/X (sky130_fd_sc_hd__or2_1)
                                                         _199_ (net)
                      0.023586    0.000036    0.540120 ^ _423_/B (sky130_fd_sc_hd__and2_1)
     1    0.002635    0.031456    0.069080    0.609200 ^ _423_/X (sky130_fd_sc_hd__and2_1)
                                                         adder.cla_blocks[0].block.p[0] (net)
                      0.031456    0.000075    0.609275 ^ _432_/D (sky130_fd_sc_hd__dfrtp_1)
                                              0.609275   data arrival time

                                  0.000000    0.000000   clock clk (rise edge)
                                  0.000000    0.000000   clock source latency
     1    0.017235    0.062552    0.042611    0.042611 ^ clk (in)
                                                         clk (net)
                      0.062562    0.000000    0.042611 ^ clkbuf_0_clk/A (sky130_fd_sc_hd__clkbuf_16)
     4    0.039010    0.044516    0.105087    0.147698 ^ clkbuf_0_clk/X (sky130_fd_sc_hd__clkbuf_16)
                                                         clknet_0_clk (net)
                      0.044548    0.001013    0.148711 ^ clkbuf_2_3__f_clk/A (sky130_fd_sc_hd__clkbuf_16)
     8    0.026745    0.035798    0.092946    0.241657 ^ clkbuf_2_3__f_clk/X (sky130_fd_sc_hd__clkbuf_16)
                                                         clknet_2_3__leaf_clk (net)
                      0.035802    0.000386    0.242044 ^ _432_/CLK (sky130_fd_sc_hd__dfrtp_1)
                                  0.250000    0.492044   clock uncertainty
                                  0.000000    0.492044   clock reconvergence pessimism
                                 -0.019699    0.472345   library hold time
                                              0.472345   data required time
---------------------------------------------------------------------------------------------
                                              0.472345   data required time
                                             -0.609275   data arrival time
---------------------------------------------------------------------------------------------
                                              0.136930   slack (MET)


Startpoint: _432_ (rising edge-triggered flip-flop clocked by clk)
Endpoint: _433_ (rising edge-triggered flip-flop clocked by clk)
Path Group: clk
Path Type: min

Fanout         Cap        Slew       Delay        Time   Description
---------------------------------------------------------------------------------------------
                                  0.000000    0.000000   clock clk (rise edge)
                                  0.000000    0.000000   clock source latency
     1    0.017235    0.062552    0.042611    0.042611 ^ clk (in)
                                                         clk (net)
                      0.062562    0.000000    0.042611 ^ clkbuf_0_clk/A (sky130_fd_sc_hd__clkbuf_16)
     4    0.039010    0.044516    0.105087    0.147698 ^ clkbuf_0_clk/X (sky130_fd_sc_hd__clkbuf_16)
                                                         clknet_0_clk (net)
                      0.044548    0.001013    0.148711 ^ clkbuf_2_3__f_clk/A (sky130_fd_sc_hd__clkbuf_16)
     8    0.026745    0.035798    0.092946    0.241657 ^ clkbuf_2_3__f_clk/X (sky130_fd_sc_hd__clkbuf_16)
                                                         clknet_2_3__leaf_clk (net)
                      0.035802    0.000386    0.242044 ^ _432_/CLK (sky130_fd_sc_hd__dfrtp_1)
     3    0.009836    0.051012    0.248620    0.490663 v _432_/Q (sky130_fd_sc_hd__dfrtp_1)
                                                         net34 (net)
                      0.051012    0.000205    0.490868 v _266_/B (sky130_fd_sc_hd__nand2_1)
     3    0.011261    0.082079    0.090150    0.581018 ^ _266_/Y (sky130_fd_sc_hd__nand2_1)
                                                         _074_ (net)
                      0.082081    0.000334    0.581352 ^ _417_/B (sky130_fd_sc_hd__xnor2_1)
     1    0.002693    0.023235    0.039281    0.620633 v _417_/Y (sky130_fd_sc_hd__xnor2_1)
                                                         adder.cla_blocks[0].block.sum[1] (net)
                      0.023235    0.000078    0.620712 v _433_/D (sky130_fd_sc_hd__dfrtp_1)
                                              0.620712   data arrival time

                                  0.000000    0.000000   clock clk (rise edge)
                                  0.000000    0.000000   clock source latency
     1    0.017235    0.062552    0.042611    0.042611 ^ clk (in)
                                                         clk (net)
                      0.062562    0.000000    0.042611 ^ clkbuf_0_clk/A (sky130_fd_sc_hd__clkbuf_16)
     4    0.039010    0.044516    0.105087    0.147698 ^ clkbuf_0_clk/X (sky130_fd_sc_hd__clkbuf_16)
                                                         clknet_0_clk (net)
                      0.044547    0.000998    0.148696 ^ clkbuf_2_1__f_clk/A (sky130_fd_sc_hd__clkbuf_16)
     9    0.026995    0.035975    0.093101    0.241797 ^ clkbuf_2_1__f_clk/X (sky130_fd_sc_hd__clkbuf_16)
                                                         clknet_2_1__leaf_clk (net)
                      0.035986    0.000567    0.242364 ^ _433_/CLK (sky130_fd_sc_hd__dfrtp_1)
                                  0.250000    0.492364   clock uncertainty
                                  0.000000    0.492364   clock reconvergence pessimism
                                 -0.029043    0.463321   library hold time
                                              0.463321   data required time
---------------------------------------------------------------------------------------------
                                              0.463321   data required time
                                             -0.620712   data arrival time
---------------------------------------------------------------------------------------------
                                              0.157390   slack (MET)


Startpoint: _457_ (rising edge-triggered flip-flop clocked by clk)
Endpoint: _457_ (rising edge-triggered flip-flop clocked by clk)
Path Group: clk
Path Type: min

Fanout         Cap        Slew       Delay        Time   Description
---------------------------------------------------------------------------------------------
                                  0.000000    0.000000   clock clk (rise edge)
                                  0.000000    0.000000   clock source latency
     1    0.017235    0.062552    0.042611    0.042611 ^ clk (in)
                                                         clk (net)
                      0.062562    0.000000    0.042611 ^ clkbuf_0_clk/A (sky130_fd_sc_hd__clkbuf_16)
     4    0.039010    0.044516    0.105087    0.147698 ^ clkbuf_0_clk/X (sky130_fd_sc_hd__clkbuf_16)
                                                         clknet_0_clk (net)
                      0.044558    0.001148    0.148846 ^ clkbuf_2_2__f_clk/A (sky130_fd_sc_hd__clkbuf_16)
     9    0.028601    0.037126    0.094110    0.242956 ^ clkbuf_2_2__f_clk/X (sky130_fd_sc_hd__clkbuf_16)
                                                         clknet_2_2__leaf_clk (net)
                      0.037142    0.000699    0.243655 ^ _457_/CLK (sky130_fd_sc_hd__dfrtp_1)
     3    0.008110    0.062990    0.224867    0.468521 ^ _457_/Q (sky130_fd_sc_hd__dfrtp_1)
                                                         net51 (net)
                      0.062990    0.000131    0.468653 ^ _227_/B (sky130_fd_sc_hd__nand2_1)
     3    0.007159    0.039048    0.048776    0.517429 v _227_/Y (sky130_fd_sc_hd__nand2_1)
                                                         _035_ (net)
                      0.039048    0.000135    0.517564 v _229_/A (sky130_fd_sc_hd__nand2_1)
     2    0.007368    0.057083    0.061970    0.579534 ^ _229_/Y (sky130_fd_sc_hd__nand2_1)
                                                         _037_ (net)
                      0.057084    0.000208    0.579742 ^ _369_/A (sky130_fd_sc_hd__xnor2_1)
     1    0.003207    0.025174    0.044060    0.623802 v _369_/Y (sky130_fd_sc_hd__xnor2_1)
                                                         adder.cla_blocks[6].block.sum[1] (net)
                      0.025174    0.000077    0.623879 v _457_/D (sky130_fd_sc_hd__dfrtp_1)
                                              0.623879   data arrival time

                                  0.000000    0.000000   clock clk (rise edge)
                                  0.000000    0.000000   clock source latency
     1    0.017235    0.062552    0.042611    0.042611 ^ clk (in)
                                                         clk (net)
                      0.062562    0.000000    0.042611 ^ clkbuf_0_clk/A (sky130_fd_sc_hd__clkbuf_16)
     4    0.039010    0.044516    0.105087    0.147698 ^ clkbuf_0_clk/X (sky130_fd_sc_hd__clkbuf_16)
                                                         clknet_0_clk (net)
                      0.044558    0.001148    0.148846 ^ clkbuf_2_2__f_clk/A (sky130_fd_sc_hd__clkbuf_16)
     9    0.028601    0.037126    0.094110    0.242956 ^ clkbuf_2_2__f_clk/X (sky130_fd_sc_hd__clkbuf_16)
                                                         clknet_2_2__leaf_clk (net)
                      0.037142    0.000699    0.243655 ^ _457_/CLK (sky130_fd_sc_hd__dfrtp_1)
                                  0.250000    0.493655   clock uncertainty
                                  0.000000    0.493655   clock reconvergence pessimism
                                 -0.029559    0.464095   library hold time
                                              0.464095   data required time
---------------------------------------------------------------------------------------------
                                              0.464095   data required time
                                             -0.623879   data arrival time
---------------------------------------------------------------------------------------------
                                              0.159783   slack (MET)


Startpoint: _453_ (rising edge-triggered flip-flop clocked by clk)
Endpoint: _453_ (rising edge-triggered flip-flop clocked by clk)
Path Group: clk
Path Type: min

Fanout         Cap        Slew       Delay        Time   Description
---------------------------------------------------------------------------------------------
                                  0.000000    0.000000   clock clk (rise edge)
                                  0.000000    0.000000   clock source latency
     1    0.017235    0.062552    0.042611    0.042611 ^ clk (in)
                                                         clk (net)
                      0.062562    0.000000    0.042611 ^ clkbuf_0_clk/A (sky130_fd_sc_hd__clkbuf_16)
     4    0.039010    0.044516    0.105087    0.147698 ^ clkbuf_0_clk/X (sky130_fd_sc_hd__clkbuf_16)
                                                         clknet_0_clk (net)
                      0.044558    0.001148    0.148846 ^ clkbuf_2_2__f_clk/A (sky130_fd_sc_hd__clkbuf_16)
     9    0.028601    0.037126    0.094110    0.242956 ^ clkbuf_2_2__f_clk/X (sky130_fd_sc_hd__clkbuf_16)
                                                         clknet_2_2__leaf_clk (net)
                      0.037138    0.000622    0.243578 ^ _453_/CLK (sky130_fd_sc_hd__dfrtp_1)
     3    0.007981    0.062208    0.224243    0.467822 ^ _453_/Q (sky130_fd_sc_hd__dfrtp_1)
                                                         net47 (net)
                      0.062208    0.000168    0.467990 ^ _327_/B (sky130_fd_sc_hd__nand2_1)
     3    0.007325    0.039544    0.049221    0.517211 v _327_/Y (sky130_fd_sc_hd__nand2_1)
                                                         _135_ (net)
                      0.039544    0.000113    0.517323 v _329_/A (sky130_fd_sc_hd__nand2_1)
     2    0.008309    0.063125    0.066587    0.583910 ^ _329_/Y (sky130_fd_sc_hd__nand2_1)
                                                         _137_ (net)
                      0.063126    0.000227    0.584137 ^ _377_/A (sky130_fd_sc_hd__xnor2_1)
     1    0.002345    0.021924    0.041180    0.625317 v _377_/Y (sky130_fd_sc_hd__xnor2_1)
                                                         adder.cla_blocks[5].block.sum[1] (net)
                      0.021924    0.000067    0.625384 v _453_/D (sky130_fd_sc_hd__dfrtp_1)
                                              0.625384   data arrival time

                                  0.000000    0.000000   clock clk (rise edge)
                                  0.000000    0.000000   clock source latency
     1    0.017235    0.062552    0.042611    0.042611 ^ clk (in)
                                                         clk (net)
                      0.062562    0.000000    0.042611 ^ clkbuf_0_clk/A (sky130_fd_sc_hd__clkbuf_16)
     4    0.039010    0.044516    0.105087    0.147698 ^ clkbuf_0_clk/X (sky130_fd_sc_hd__clkbuf_16)
                                                         clknet_0_clk (net)
                      0.044558    0.001148    0.148846 ^ clkbuf_2_2__f_clk/A (sky130_fd_sc_hd__clkbuf_16)
     9    0.028601    0.037126    0.094110    0.242956 ^ clkbuf_2_2__f_clk/X (sky130_fd_sc_hd__clkbuf_16)
                                                         clknet_2_2__leaf_clk (net)
                      0.037138    0.000622    0.243578 ^ _453_/CLK (sky130_fd_sc_hd__dfrtp_1)
                                  0.250000    0.493578   clock uncertainty
                                  0.000000    0.493578   clock reconvergence pessimism
                                 -0.028503    0.465075   library hold time
                                              0.465075   data required time
---------------------------------------------------------------------------------------------
                                              0.465075   data required time
                                             -0.625384   data arrival time
---------------------------------------------------------------------------------------------
                                              0.160309   slack (MET)


Startpoint: _438_ (rising edge-triggered flip-flop clocked by clk)
Endpoint: _439_ (rising edge-triggered flip-flop clocked by clk)
Path Group: clk
Path Type: min

Fanout         Cap        Slew       Delay        Time   Description
---------------------------------------------------------------------------------------------
                                  0.000000    0.000000   clock clk (rise edge)
                                  0.000000    0.000000   clock source latency
     1    0.017235    0.062552    0.042611    0.042611 ^ clk (in)
                                                         clk (net)
                      0.062562    0.000000    0.042611 ^ clkbuf_0_clk/A (sky130_fd_sc_hd__clkbuf_16)
     4    0.039010    0.044516    0.105087    0.147698 ^ clkbuf_0_clk/X (sky130_fd_sc_hd__clkbuf_16)
                                                         clknet_0_clk (net)
                      0.044547    0.001004    0.148702 ^ clkbuf_2_0__f_clk/A (sky130_fd_sc_hd__clkbuf_16)
     9    0.030602    0.038492    0.095470    0.244172 ^ clkbuf_2_0__f_clk/X (sky130_fd_sc_hd__clkbuf_16)
                                                         clknet_2_0__leaf_clk (net)
                      0.038495    0.000426    0.244598 ^ _438_/CLK (sky130_fd_sc_hd__dfrtp_1)
     4    0.013647    0.096828    0.251071    0.495669 ^ _438_/Q (sky130_fd_sc_hd__dfrtp_1)
                                                         net62 (net)
                      0.096828    0.000187    0.495857 ^ _415_/A2 (sky130_fd_sc_hd__a21oi_1)
     1    0.004863    0.031050    0.054437    0.550293 v _415_/Y (sky130_fd_sc_hd__a21oi_1)
                                                         _196_ (net)
                      0.031050    0.000102    0.550395 v _416_/B (sky130_fd_sc_hd__xnor2_1)
     1    0.002558    0.034301    0.082424    0.632818 ^ _416_/Y (sky130_fd_sc_hd__xnor2_1)
                                                         adder.cla_blocks[1].block.sum[3] (net)
                      0.034301    0.000052    0.632870 ^ _439_/D (sky130_fd_sc_hd__dfrtp_1)
                                              0.632870   data arrival time

                                  0.000000    0.000000   clock clk (rise edge)
                                  0.000000    0.000000   clock source latency
     1    0.017235    0.062552    0.042611    0.042611 ^ clk (in)
                                                         clk (net)
                      0.062562    0.000000    0.042611 ^ clkbuf_0_clk/A (sky130_fd_sc_hd__clkbuf_16)
     4    0.039010    0.044516    0.105087    0.147698 ^ clkbuf_0_clk/X (sky130_fd_sc_hd__clkbuf_16)
                                                         clknet_0_clk (net)
                      0.044547    0.000998    0.148696 ^ clkbuf_2_1__f_clk/A (sky130_fd_sc_hd__clkbuf_16)
     9    0.026995    0.035975    0.093101    0.241797 ^ clkbuf_2_1__f_clk/X (sky130_fd_sc_hd__clkbuf_16)
                                                         clknet_2_1__leaf_clk (net)
                      0.035980    0.000399    0.242196 ^ _439_/CLK (sky130_fd_sc_hd__dfrtp_1)
                                  0.250000    0.492196   clock uncertainty
                                  0.000000    0.492196   clock reconvergence pessimism
                                 -0.019909    0.472287   library hold time
                                              0.472287   data required time
---------------------------------------------------------------------------------------------
                                              0.472287   data required time
                                             -0.632870   data arrival time
---------------------------------------------------------------------------------------------
                                              0.160584   slack (MET)


Startpoint: _449_ (rising edge-triggered flip-flop clocked by clk)
Endpoint: _450_ (rising edge-triggered flip-flop clocked by clk)
Path Group: clk
Path Type: min

Fanout         Cap        Slew       Delay        Time   Description
---------------------------------------------------------------------------------------------
                                  0.000000    0.000000   clock clk (rise edge)
                                  0.000000    0.000000   clock source latency
     1    0.017235    0.062552    0.042611    0.042611 ^ clk (in)
                                                         clk (net)
                      0.062562    0.000000    0.042611 ^ clkbuf_0_clk/A (sky130_fd_sc_hd__clkbuf_16)
     4    0.039010    0.044516    0.105087    0.147698 ^ clkbuf_0_clk/X (sky130_fd_sc_hd__clkbuf_16)
                                                         clknet_0_clk (net)
                      0.044547    0.001004    0.148702 ^ clkbuf_2_0__f_clk/A (sky130_fd_sc_hd__clkbuf_16)
     9    0.030602    0.038492    0.095470    0.244172 ^ clkbuf_2_0__f_clk/X (sky130_fd_sc_hd__clkbuf_16)
                                                         clknet_2_0__leaf_clk (net)
                      0.038518    0.000882    0.245054 ^ _449_/CLK (sky130_fd_sc_hd__dfrtp_1)
     4    0.012624    0.090365    0.246397    0.491451 ^ _449_/Q (sky130_fd_sc_hd__dfrtp_1)
                                                         net42 (net)
                      0.090365    0.000322    0.491774 ^ _387_/A2 (sky130_fd_sc_hd__a21o_1)
     2    0.008725    0.062335    0.102843    0.594616 ^ _387_/X (sky130_fd_sc_hd__a21o_1)
                                                         _181_ (net)
                      0.062335    0.000259    0.594875 ^ _388_/B (sky130_fd_sc_hd__xnor2_1)
     1    0.002453    0.022336    0.036466    0.631341 v _388_/Y (sky130_fd_sc_hd__xnor2_1)
                                                         adder.cla_blocks[4].block.sum[2] (net)
                      0.022342    0.000051    0.631392 v _450_/D (sky130_fd_sc_hd__dfrtp_1)
                                              0.631392   data arrival time

                                  0.000000    0.000000   clock clk (rise edge)
                                  0.000000    0.000000   clock source latency
     1    0.017235    0.062552    0.042611    0.042611 ^ clk (in)
                                                         clk (net)
                      0.062562    0.000000    0.042611 ^ clkbuf_0_clk/A (sky130_fd_sc_hd__clkbuf_16)
     4    0.039010    0.044516    0.105087    0.147698 ^ clkbuf_0_clk/X (sky130_fd_sc_hd__clkbuf_16)
                                                         clknet_0_clk (net)
                      0.044558    0.001148    0.148846 ^ clkbuf_2_2__f_clk/A (sky130_fd_sc_hd__clkbuf_16)
     9    0.028601    0.037126    0.094110    0.242956 ^ clkbuf_2_2__f_clk/X (sky130_fd_sc_hd__clkbuf_16)
                                                         clknet_2_2__leaf_clk (net)
                      0.037139    0.000639    0.243594 ^ _450_/CLK (sky130_fd_sc_hd__dfrtp_1)
                                  0.250000    0.493595   clock uncertainty
                                  0.000000    0.493595   clock reconvergence pessimism
                                 -0.028639    0.464955   library hold time
                                              0.464955   data required time
---------------------------------------------------------------------------------------------
                                              0.464955   data required time
                                             -0.631392   data arrival time
---------------------------------------------------------------------------------------------
                                              0.166436   slack (MET)


Startpoint: _441_ (rising edge-triggered flip-flop clocked by clk)
Endpoint: _441_ (rising edge-triggered flip-flop clocked by clk)
Path Group: clk
Path Type: min

Fanout         Cap        Slew       Delay        Time   Description
---------------------------------------------------------------------------------------------
                                  0.000000    0.000000   clock clk (rise edge)
                                  0.000000    0.000000   clock source latency
     1    0.017235    0.062552    0.042611    0.042611 ^ clk (in)
                                                         clk (net)
                      0.062562    0.000000    0.042611 ^ clkbuf_0_clk/A (sky130_fd_sc_hd__clkbuf_16)
     4    0.039010    0.044516    0.105087    0.147698 ^ clkbuf_0_clk/X (sky130_fd_sc_hd__clkbuf_16)
                                                         clknet_0_clk (net)
                      0.044547    0.000998    0.148696 ^ clkbuf_2_1__f_clk/A (sky130_fd_sc_hd__clkbuf_16)
     9    0.026995    0.035975    0.093101    0.241797 ^ clkbuf_2_1__f_clk/X (sky130_fd_sc_hd__clkbuf_16)
                                                         clknet_2_1__leaf_clk (net)
                      0.035980    0.000416    0.242213 ^ _441_/CLK (sky130_fd_sc_hd__dfrtp_1)
     3    0.008207    0.063582    0.224957    0.467170 ^ _441_/Q (sky130_fd_sc_hd__dfrtp_1)
                                                         net65 (net)
                      0.063582    0.000177    0.467347 ^ _251_/B (sky130_fd_sc_hd__nand2_1)
     3    0.007721    0.040428    0.050766    0.518113 v _251_/Y (sky130_fd_sc_hd__nand2_1)
                                                         _059_ (net)
                      0.040429    0.000173    0.518286 v _253_/A (sky130_fd_sc_hd__nand2_1)
     2    0.007532    0.058160    0.063330    0.581616 ^ _253_/Y (sky130_fd_sc_hd__nand2_1)
                                                         _061_ (net)
                      0.058160    0.000136    0.581751 ^ _401_/A (sky130_fd_sc_hd__xnor2_1)
     1    0.003848    0.027554    0.046588    0.628339 v _401_/Y (sky130_fd_sc_hd__xnor2_1)
                                                         adder.cla_blocks[2].block.sum[1] (net)
                      0.027554    0.000090    0.628429 v _441_/D (sky130_fd_sc_hd__dfrtp_1)
                                              0.628429   data arrival time

                                  0.000000    0.000000   clock clk (rise edge)
                                  0.000000    0.000000   clock source latency
     1    0.017235    0.062552    0.042611    0.042611 ^ clk (in)
                                                         clk (net)
                      0.062562    0.000000    0.042611 ^ clkbuf_0_clk/A (sky130_fd_sc_hd__clkbuf_16)
     4    0.039010    0.044516    0.105087    0.147698 ^ clkbuf_0_clk/X (sky130_fd_sc_hd__clkbuf_16)
                                                         clknet_0_clk (net)
                      0.044547    0.000998    0.148696 ^ clkbuf_2_1__f_clk/A (sky130_fd_sc_hd__clkbuf_16)
     9    0.026995    0.035975    0.093101    0.241797 ^ clkbuf_2_1__f_clk/X (sky130_fd_sc_hd__clkbuf_16)
                                                         clknet_2_1__leaf_clk (net)
                      0.035980    0.000416    0.242213 ^ _441_/CLK (sky130_fd_sc_hd__dfrtp_1)
                                  0.250000    0.492213   clock uncertainty
                                  0.000000    0.492213   clock reconvergence pessimism
                                 -0.030448    0.461766   library hold time
                                              0.461766   data required time
---------------------------------------------------------------------------------------------
                                              0.461766   data required time
                                             -0.628429   data arrival time
---------------------------------------------------------------------------------------------
                                              0.166664   slack (MET)


Startpoint: _447_ (rising edge-triggered flip-flop clocked by clk)
Endpoint: _447_ (rising edge-triggered flip-flop clocked by clk)
Path Group: clk
Path Type: min

Fanout         Cap        Slew       Delay        Time   Description
---------------------------------------------------------------------------------------------
                                  0.000000    0.000000   clock clk (rise edge)
                                  0.000000    0.000000   clock source latency
     1    0.017235    0.062552    0.042611    0.042611 ^ clk (in)
                                                         clk (net)
                      0.062562    0.000000    0.042611 ^ clkbuf_0_clk/A (sky130_fd_sc_hd__clkbuf_16)
     4    0.039010    0.044516    0.105087    0.147698 ^ clkbuf_0_clk/X (sky130_fd_sc_hd__clkbuf_16)
                                                         clknet_0_clk (net)
                      0.044547    0.001004    0.148702 ^ clkbuf_2_0__f_clk/A (sky130_fd_sc_hd__clkbuf_16)
     9    0.030602    0.038492    0.095470    0.244172 ^ clkbuf_2_0__f_clk/X (sky130_fd_sc_hd__clkbuf_16)
                                                         clknet_2_0__leaf_clk (net)
                      0.038520    0.000906    0.245078 ^ _447_/CLK (sky130_fd_sc_hd__dfrtp_1)
     4    0.010936    0.079681    0.238788    0.483866 ^ _447_/Q (sky130_fd_sc_hd__dfrtp_1)
                                                         net40 (net)
                      0.079681    0.000232    0.484097 ^ _298_/B (sky130_fd_sc_hd__nand2_1)
     2    0.005483    0.035654    0.045054    0.529151 v _298_/Y (sky130_fd_sc_hd__nand2_1)
                                                         _106_ (net)
                      0.035654    0.000079    0.529231 v _301_/A (sky130_fd_sc_hd__nand2_1)
     2    0.008709    0.065652    0.066966    0.596196 ^ _301_/Y (sky130_fd_sc_hd__nand2_1)
                                                         _109_ (net)
                      0.065653    0.000221    0.596418 ^ _397_/A (sky130_fd_sc_hd__xnor2_1)
     1    0.002765    0.021323    0.043325    0.639743 v _397_/Y (sky130_fd_sc_hd__xnor2_1)
                                                         adder.cla_blocks[3].block.sum[3] (net)
                      0.021323    0.000079    0.639822 v _447_/D (sky130_fd_sc_hd__dfrtp_1)
                                              0.639822   data arrival time

                                  0.000000    0.000000   clock clk (rise edge)
                                  0.000000    0.000000   clock source latency
     1    0.017235    0.062552    0.042611    0.042611 ^ clk (in)
                                                         clk (net)
                      0.062562    0.000000    0.042611 ^ clkbuf_0_clk/A (sky130_fd_sc_hd__clkbuf_16)
     4    0.039010    0.044516    0.105087    0.147698 ^ clkbuf_0_clk/X (sky130_fd_sc_hd__clkbuf_16)
                                                         clknet_0_clk (net)
                      0.044547    0.001004    0.148702 ^ clkbuf_2_0__f_clk/A (sky130_fd_sc_hd__clkbuf_16)
     9    0.030602    0.038492    0.095470    0.244172 ^ clkbuf_2_0__f_clk/X (sky130_fd_sc_hd__clkbuf_16)
                                                         clknet_2_0__leaf_clk (net)
                      0.038520    0.000906    0.245078 ^ _447_/CLK (sky130_fd_sc_hd__dfrtp_1)
                                  0.250000    0.495078   clock uncertainty
                                  0.000000    0.495078   clock reconvergence pessimism
                                 -0.028172    0.466906   library hold time
                                              0.466906   data required time
---------------------------------------------------------------------------------------------
                                              0.466906   data required time
                                             -0.639822   data arrival time
---------------------------------------------------------------------------------------------
                                              0.172916   slack (MET)


Startpoint: _452_ (rising edge-triggered flip-flop clocked by clk)
Endpoint: _452_ (rising edge-triggered flip-flop clocked by clk)
Path Group: clk
Path Type: min

Fanout         Cap        Slew       Delay        Time   Description
---------------------------------------------------------------------------------------------
                                  0.000000    0.000000   clock clk (rise edge)
                                  0.000000    0.000000   clock source latency
     1    0.017235    0.062552    0.042611    0.042611 ^ clk (in)
                                                         clk (net)
                      0.062562    0.000000    0.042611 ^ clkbuf_0_clk/A (sky130_fd_sc_hd__clkbuf_16)
     4    0.039010    0.044516    0.105087    0.147698 ^ clkbuf_0_clk/X (sky130_fd_sc_hd__clkbuf_16)
                                                         clknet_0_clk (net)
                      0.044558    0.001148    0.148846 ^ clkbuf_2_2__f_clk/A (sky130_fd_sc_hd__clkbuf_16)
     9    0.028601    0.037126    0.094110    0.242956 ^ clkbuf_2_2__f_clk/X (sky130_fd_sc_hd__clkbuf_16)
                                                         clknet_2_2__leaf_clk (net)
                      0.037137    0.000587    0.243543 ^ _452_/CLK (sky130_fd_sc_hd__dfrtp_1)
     3    0.010428    0.076743    0.235941    0.479484 ^ _452_/Q (sky130_fd_sc_hd__dfrtp_1)
                                                         net46 (net)
                      0.076743    0.000257    0.479741 ^ _338_/B (sky130_fd_sc_hd__nand2_1)
     3    0.008547    0.045339    0.055998    0.535740 v _338_/Y (sky130_fd_sc_hd__nand2_1)
                                                         _146_ (net)
                      0.045341    0.000221    0.535960 v _340_/A (sky130_fd_sc_hd__nand2_1)
     2    0.008206    0.062545    0.068410    0.604370 ^ _340_/Y (sky130_fd_sc_hd__nand2_1)
                                                         _148_ (net)
                      0.062546    0.000205    0.604575 ^ _375_/B (sky130_fd_sc_hd__xnor2_1)
     1    0.002407    0.022181    0.036264    0.640839 v _375_/Y (sky130_fd_sc_hd__xnor2_1)
                                                         adder.cla_blocks[5].block.sum[0] (net)
                      0.022181    0.000049    0.640887 v _452_/D (sky130_fd_sc_hd__dfrtp_1)
                                              0.640887   data arrival time

                                  0.000000    0.000000   clock clk (rise edge)
                                  0.000000    0.000000   clock source latency
     1    0.017235    0.062552    0.042611    0.042611 ^ clk (in)
                                                         clk (net)
                      0.062562    0.000000    0.042611 ^ clkbuf_0_clk/A (sky130_fd_sc_hd__clkbuf_16)
     4    0.039010    0.044516    0.105087    0.147698 ^ clkbuf_0_clk/X (sky130_fd_sc_hd__clkbuf_16)
                                                         clknet_0_clk (net)
                      0.044558    0.001148    0.148846 ^ clkbuf_2_2__f_clk/A (sky130_fd_sc_hd__clkbuf_16)
     9    0.028601    0.037126    0.094110    0.242956 ^ clkbuf_2_2__f_clk/X (sky130_fd_sc_hd__clkbuf_16)
                                                         clknet_2_2__leaf_clk (net)
                      0.037137    0.000587    0.243543 ^ _452_/CLK (sky130_fd_sc_hd__dfrtp_1)
                                  0.250000    0.493543   clock uncertainty
                                  0.000000    0.493543   clock reconvergence pessimism
                                 -0.028587    0.464956   library hold time
                                              0.464956   data required time
---------------------------------------------------------------------------------------------
                                              0.464956   data required time
                                             -0.640887   data arrival time
---------------------------------------------------------------------------------------------
                                              0.175932   slack (MET)


Startpoint: _446_ (rising edge-triggered flip-flop clocked by clk)
Endpoint: _446_ (rising edge-triggered flip-flop clocked by clk)
Path Group: clk
Path Type: min

Fanout         Cap        Slew       Delay        Time   Description
---------------------------------------------------------------------------------------------
                                  0.000000    0.000000   clock clk (rise edge)
                                  0.000000    0.000000   clock source latency
     1    0.017235    0.062552    0.042611    0.042611 ^ clk (in)
                                                         clk (net)
                      0.062562    0.000000    0.042611 ^ clkbuf_0_clk/A (sky130_fd_sc_hd__clkbuf_16)
     4    0.039010    0.044516    0.105087    0.147698 ^ clkbuf_0_clk/X (sky130_fd_sc_hd__clkbuf_16)
                                                         clknet_0_clk (net)
                      0.044547    0.001004    0.148702 ^ clkbuf_2_0__f_clk/A (sky130_fd_sc_hd__clkbuf_16)
     9    0.030602    0.038492    0.095470    0.244172 ^ clkbuf_2_0__f_clk/X (sky130_fd_sc_hd__clkbuf_16)
                                                         clknet_2_0__leaf_clk (net)
                      0.038523    0.000941    0.245113 ^ _446_/CLK (sky130_fd_sc_hd__dfrtp_1)
     3    0.007859    0.061475    0.224061    0.469174 ^ _446_/Q (sky130_fd_sc_hd__dfrtp_1)
                                                         net39 (net)
                      0.061475    0.000180    0.469353 ^ _296_/B (sky130_fd_sc_hd__nand2_1)
     3    0.008592    0.043654    0.053429    0.522783 v _296_/Y (sky130_fd_sc_hd__nand2_1)
                                                         _104_ (net)
                      0.043655    0.000181    0.522964 v _297_/B (sky130_fd_sc_hd__nand2_1)
     2    0.008290    0.063006    0.073420    0.596384 ^ _297_/Y (sky130_fd_sc_hd__nand2_1)
                                                         _105_ (net)
                      0.063007    0.000213    0.596597 ^ _395_/A (sky130_fd_sc_hd__xnor2_1)
     1    0.003238    0.025289    0.044904    0.641501 v _395_/Y (sky130_fd_sc_hd__xnor2_1)
                                                         adder.cla_blocks[3].block.sum[2] (net)
                      0.025289    0.000101    0.641602 v _446_/D (sky130_fd_sc_hd__dfrtp_1)
                                              0.641602   data arrival time

                                  0.000000    0.000000   clock clk (rise edge)
                                  0.000000    0.000000   clock source latency
     1    0.017235    0.062552    0.042611    0.042611 ^ clk (in)
                                                         clk (net)
                      0.062562    0.000000    0.042611 ^ clkbuf_0_clk/A (sky130_fd_sc_hd__clkbuf_16)
     4    0.039010    0.044516    0.105087    0.147698 ^ clkbuf_0_clk/X (sky130_fd_sc_hd__clkbuf_16)
                                                         clknet_0_clk (net)
                      0.044547    0.001004    0.148702 ^ clkbuf_2_0__f_clk/A (sky130_fd_sc_hd__clkbuf_16)
     9    0.030602    0.038492    0.095470    0.244172 ^ clkbuf_2_0__f_clk/X (sky130_fd_sc_hd__clkbuf_16)
                                                         clknet_2_0__leaf_clk (net)
                      0.038523    0.000941    0.245113 ^ _446_/CLK (sky130_fd_sc_hd__dfrtp_1)
                                  0.250000    0.495113   clock uncertainty
                                  0.000000    0.495113   clock reconvergence pessimism
                                 -0.029461    0.465652   library hold time
                                              0.465652   data required time
---------------------------------------------------------------------------------------------
                                              0.465652   data required time
                                             -0.641602   data arrival time
---------------------------------------------------------------------------------------------
                                              0.175950   slack (MET)


Startpoint: _461_ (rising edge-triggered flip-flop clocked by clk)
Endpoint: _461_ (rising edge-triggered flip-flop clocked by clk)
Path Group: clk
Path Type: min

Fanout         Cap        Slew       Delay        Time   Description
---------------------------------------------------------------------------------------------
                                  0.000000    0.000000   clock clk (rise edge)
                                  0.000000    0.000000   clock source latency
     1    0.017235    0.062552    0.042611    0.042611 ^ clk (in)
                                                         clk (net)
                      0.062562    0.000000    0.042611 ^ clkbuf_0_clk/A (sky130_fd_sc_hd__clkbuf_16)
     4    0.039010    0.044516    0.105087    0.147698 ^ clkbuf_0_clk/X (sky130_fd_sc_hd__clkbuf_16)
                                                         clknet_0_clk (net)
                      0.044548    0.001013    0.148711 ^ clkbuf_2_3__f_clk/A (sky130_fd_sc_hd__clkbuf_16)
     8    0.026745    0.035798    0.092946    0.241657 ^ clkbuf_2_3__f_clk/X (sky130_fd_sc_hd__clkbuf_16)
                                                         clknet_2_3__leaf_clk (net)
                      0.035801    0.000365    0.242022 ^ _461_/CLK (sky130_fd_sc_hd__dfrtp_1)
     3    0.009835    0.073476    0.232709    0.474732 ^ _461_/Q (sky130_fd_sc_hd__dfrtp_1)
                                                         net55 (net)
                      0.073476    0.000221    0.474953 ^ _352_/B (sky130_fd_sc_hd__nand2_1)
     3    0.009061    0.045769    0.057285    0.532238 v _352_/Y (sky130_fd_sc_hd__nand2_1)
                                                         _159_ (net)
                      0.045769    0.000138    0.532376 v _353_/B (sky130_fd_sc_hd__nand2b_1)
     1    0.005702    0.054941    0.065744    0.598120 ^ _353_/Y (sky130_fd_sc_hd__nand2b_1)
                                                         _160_ (net)
                      0.054941    0.000185    0.598305 ^ _355_/A (sky130_fd_sc_hd__xnor2_1)
     1    0.002642    0.022280    0.041566    0.639870 v _355_/Y (sky130_fd_sc_hd__xnor2_1)
                                                         adder.cla_blocks[7].block.sum[1] (net)
                      0.022280    0.000056    0.639926 v _461_/D (sky130_fd_sc_hd__dfrtp_1)
                                              0.639926   data arrival time

                                  0.000000    0.000000   clock clk (rise edge)
                                  0.000000    0.000000   clock source latency
     1    0.017235    0.062552    0.042611    0.042611 ^ clk (in)
                                                         clk (net)
                      0.062562    0.000000    0.042611 ^ clkbuf_0_clk/A (sky130_fd_sc_hd__clkbuf_16)
     4    0.039010    0.044516    0.105087    0.147698 ^ clkbuf_0_clk/X (sky130_fd_sc_hd__clkbuf_16)
                                                         clknet_0_clk (net)
                      0.044548    0.001013    0.148711 ^ clkbuf_2_3__f_clk/A (sky130_fd_sc_hd__clkbuf_16)
     8    0.026745    0.035798    0.092946    0.241657 ^ clkbuf_2_3__f_clk/X (sky130_fd_sc_hd__clkbuf_16)
                                                         clknet_2_3__leaf_clk (net)
                      0.035801    0.000365    0.242022 ^ _461_/CLK (sky130_fd_sc_hd__dfrtp_1)
                                  0.250000    0.492022   clock uncertainty
                                  0.000000    0.492022   clock reconvergence pessimism
                                 -0.028751    0.463272   library hold time
                                              0.463272   data required time
---------------------------------------------------------------------------------------------
                                              0.463272   data required time
                                             -0.639926   data arrival time
---------------------------------------------------------------------------------------------
                                              0.176654   slack (MET)


Startpoint: _455_ (rising edge-triggered flip-flop clocked by clk)
Endpoint: _455_ (rising edge-triggered flip-flop clocked by clk)
Path Group: clk
Path Type: min

Fanout         Cap        Slew       Delay        Time   Description
---------------------------------------------------------------------------------------------
                                  0.000000    0.000000   clock clk (rise edge)
                                  0.000000    0.000000   clock source latency
     1    0.017235    0.062552    0.042611    0.042611 ^ clk (in)
                                                         clk (net)
                      0.062562    0.000000    0.042611 ^ clkbuf_0_clk/A (sky130_fd_sc_hd__clkbuf_16)
     4    0.039010    0.044516    0.105087    0.147698 ^ clkbuf_0_clk/X (sky130_fd_sc_hd__clkbuf_16)
                                                         clknet_0_clk (net)
                      0.044558    0.001148    0.148846 ^ clkbuf_2_2__f_clk/A (sky130_fd_sc_hd__clkbuf_16)
     9    0.028601    0.037126    0.094110    0.242956 ^ clkbuf_2_2__f_clk/X (sky130_fd_sc_hd__clkbuf_16)
                                                         clknet_2_2__leaf_clk (net)
                      0.037151    0.000838    0.243793 ^ _455_/CLK (sky130_fd_sc_hd__dfrtp_1)
     3    0.007475    0.059131    0.221825    0.465618 ^ _455_/Q (sky130_fd_sc_hd__dfrtp_1)
                                                         net49 (net)
                      0.059131    0.000150    0.465768 ^ _333_/B (sky130_fd_sc_hd__nand2_1)
     2    0.007123    0.038259    0.048042    0.513810 v _333_/Y (sky130_fd_sc_hd__nand2_1)
                                                         _141_ (net)
                      0.038259    0.000119    0.513929 v _335_/A (sky130_fd_sc_hd__nand2_1)
     3    0.012211    0.088316    0.084213    0.598142 ^ _335_/Y (sky130_fd_sc_hd__nand2_1)
                                                         _143_ (net)
                      0.088319    0.000431    0.598572 ^ _381_/A (sky130_fd_sc_hd__xnor2_1)
     1    0.002785    0.021150    0.046072    0.644644 v _381_/Y (sky130_fd_sc_hd__xnor2_1)
                                                         adder.cla_blocks[5].block.sum[3] (net)
                      0.021150    0.000082    0.644726 v _455_/D (sky130_fd_sc_hd__dfrtp_1)
                                              0.644726   data arrival time

                                  0.000000    0.000000   clock clk (rise edge)
                                  0.000000    0.000000   clock source latency
     1    0.017235    0.062552    0.042611    0.042611 ^ clk (in)
                                                         clk (net)
                      0.062562    0.000000    0.042611 ^ clkbuf_0_clk/A (sky130_fd_sc_hd__clkbuf_16)
     4    0.039010    0.044516    0.105087    0.147698 ^ clkbuf_0_clk/X (sky130_fd_sc_hd__clkbuf_16)
                                                         clknet_0_clk (net)
                      0.044558    0.001148    0.148846 ^ clkbuf_2_2__f_clk/A (sky130_fd_sc_hd__clkbuf_16)
     9    0.028601    0.037126    0.094110    0.242956 ^ clkbuf_2_2__f_clk/X (sky130_fd_sc_hd__clkbuf_16)
                                                         clknet_2_2__leaf_clk (net)
                      0.037151    0.000838    0.243793 ^ _455_/CLK (sky130_fd_sc_hd__dfrtp_1)
                                  0.250000    0.493793   clock uncertainty
                                  0.000000    0.493793   clock reconvergence pessimism
                                 -0.028250    0.465543   library hold time
                                              0.465543   data required time
---------------------------------------------------------------------------------------------
                                              0.465543   data required time
                                             -0.644726   data arrival time
---------------------------------------------------------------------------------------------
                                              0.179183   slack (MET)


Startpoint: _458_ (rising edge-triggered flip-flop clocked by clk)
Endpoint: _458_ (rising edge-triggered flip-flop clocked by clk)
Path Group: clk
Path Type: min

Fanout         Cap        Slew       Delay        Time   Description
---------------------------------------------------------------------------------------------
                                  0.000000    0.000000   clock clk (rise edge)
                                  0.000000    0.000000   clock source latency
     1    0.017235    0.062552    0.042611    0.042611 ^ clk (in)
                                                         clk (net)
                      0.062562    0.000000    0.042611 ^ clkbuf_0_clk/A (sky130_fd_sc_hd__clkbuf_16)
     4    0.039010    0.044516    0.105087    0.147698 ^ clkbuf_0_clk/X (sky130_fd_sc_hd__clkbuf_16)
                                                         clknet_0_clk (net)
                      0.044558    0.001148    0.148846 ^ clkbuf_2_2__f_clk/A (sky130_fd_sc_hd__clkbuf_16)
     9    0.028601    0.037126    0.094110    0.242956 ^ clkbuf_2_2__f_clk/X (sky130_fd_sc_hd__clkbuf_16)
                                                         clknet_2_2__leaf_clk (net)
                      0.037151    0.000848    0.243804 ^ _458_/CLK (sky130_fd_sc_hd__dfrtp_1)
     4    0.010588    0.077614    0.236750    0.480553 ^ _458_/Q (sky130_fd_sc_hd__dfrtp_1)
                                                         net52 (net)
                      0.077614    0.000247    0.480800 ^ _231_/B (sky130_fd_sc_hd__nand2_1)
     2    0.004879    0.033140    0.042542    0.523342 v _231_/Y (sky130_fd_sc_hd__nand2_1)
                                                         _039_ (net)
                      0.033140    0.000108    0.523451 v _233_/A (sky130_fd_sc_hd__nand2_1)
     3    0.011415    0.083066    0.078701    0.602152 ^ _233_/Y (sky130_fd_sc_hd__nand2_1)
                                                         _041_ (net)
                      0.083068    0.000244    0.602396 ^ _372_/A (sky130_fd_sc_hd__xnor2_1)
     1    0.002567    0.020740    0.044398    0.646794 v _372_/Y (sky130_fd_sc_hd__xnor2_1)
                                                         adder.cla_blocks[6].block.sum[2] (net)
                      0.020740    0.000074    0.646867 v _458_/D (sky130_fd_sc_hd__dfrtp_1)
                                              0.646867   data arrival time

                                  0.000000    0.000000   clock clk (rise edge)
                                  0.000000    0.000000   clock source latency
     1    0.017235    0.062552    0.042611    0.042611 ^ clk (in)
                                                         clk (net)
                      0.062562    0.000000    0.042611 ^ clkbuf_0_clk/A (sky130_fd_sc_hd__clkbuf_16)
     4    0.039010    0.044516    0.105087    0.147698 ^ clkbuf_0_clk/X (sky130_fd_sc_hd__clkbuf_16)
                                                         clknet_0_clk (net)
                      0.044558    0.001148    0.148846 ^ clkbuf_2_2__f_clk/A (sky130_fd_sc_hd__clkbuf_16)
     9    0.028601    0.037126    0.094110    0.242956 ^ clkbuf_2_2__f_clk/X (sky130_fd_sc_hd__clkbuf_16)
                                                         clknet_2_2__leaf_clk (net)
                      0.037151    0.000848    0.243804 ^ _458_/CLK (sky130_fd_sc_hd__dfrtp_1)
                                  0.250000    0.493804   clock uncertainty
                                  0.000000    0.493804   clock reconvergence pessimism
                                 -0.028117    0.465686   library hold time
                                              0.465686   data required time
---------------------------------------------------------------------------------------------
                                              0.465686   data required time
                                             -0.646867   data arrival time
---------------------------------------------------------------------------------------------
                                              0.181181   slack (MET)


Startpoint: _435_ (rising edge-triggered flip-flop clocked by clk)
Endpoint: _435_ (rising edge-triggered flip-flop clocked by clk)
Path Group: clk
Path Type: min

Fanout         Cap        Slew       Delay        Time   Description
---------------------------------------------------------------------------------------------
                                  0.000000    0.000000   clock clk (rise edge)
                                  0.000000    0.000000   clock source latency
     1    0.017235    0.062552    0.042611    0.042611 ^ clk (in)
                                                         clk (net)
                      0.062562    0.000000    0.042611 ^ clkbuf_0_clk/A (sky130_fd_sc_hd__clkbuf_16)
     4    0.039010    0.044516    0.105087    0.147698 ^ clkbuf_0_clk/X (sky130_fd_sc_hd__clkbuf_16)
                                                         clknet_0_clk (net)
                      0.044547    0.000998    0.148696 ^ clkbuf_2_1__f_clk/A (sky130_fd_sc_hd__clkbuf_16)
     9    0.026995    0.035975    0.093101    0.241797 ^ clkbuf_2_1__f_clk/X (sky130_fd_sc_hd__clkbuf_16)
                                                         clknet_2_1__leaf_clk (net)
                      0.035985    0.000532    0.242329 ^ _435_/CLK (sky130_fd_sc_hd__dfrtp_4)
     5    0.026780    0.074583    0.285121    0.527449 ^ _435_/Q (sky130_fd_sc_hd__dfrtp_4)
                                                         net59 (net)
                      0.074595    0.000956    0.528405 ^ _270_/B (sky130_fd_sc_hd__xor2_1)
     1    0.004824    0.030563    0.046631    0.575036 v _270_/X (sky130_fd_sc_hd__xor2_1)
                                                         _078_ (net)
                      0.030564    0.000143    0.575179 v _421_/A (sky130_fd_sc_hd__xnor2_1)
     1    0.002351    0.021940    0.074462    0.649640 v _421_/Y (sky130_fd_sc_hd__xnor2_1)
                                                         adder.cla_blocks[0].block.sum[3] (net)
                      0.021940    0.000066    0.649706 v _435_/D (sky130_fd_sc_hd__dfrtp_4)
                                              0.649706   data arrival time

                                  0.000000    0.000000   clock clk (rise edge)
                                  0.000000    0.000000   clock source latency
     1    0.017235    0.062552    0.042611    0.042611 ^ clk (in)
                                                         clk (net)
                      0.062562    0.000000    0.042611 ^ clkbuf_0_clk/A (sky130_fd_sc_hd__clkbuf_16)
     4    0.039010    0.044516    0.105087    0.147698 ^ clkbuf_0_clk/X (sky130_fd_sc_hd__clkbuf_16)
                                                         clknet_0_clk (net)
                      0.044547    0.000998    0.148696 ^ clkbuf_2_1__f_clk/A (sky130_fd_sc_hd__clkbuf_16)
     9    0.026995    0.035975    0.093101    0.241797 ^ clkbuf_2_1__f_clk/X (sky130_fd_sc_hd__clkbuf_16)
                                                         clknet_2_1__leaf_clk (net)
                      0.035985    0.000532    0.242329 ^ _435_/CLK (sky130_fd_sc_hd__dfrtp_4)
                                  0.250000    0.492329   clock uncertainty
                                  0.000000    0.492329   clock reconvergence pessimism
                                 -0.024930    0.467399   library hold time
                                              0.467399   data required time
---------------------------------------------------------------------------------------------
                                              0.467399   data required time
                                             -0.649706   data arrival time
---------------------------------------------------------------------------------------------
                                              0.182307   slack (MET)


Startpoint: _445_ (rising edge-triggered flip-flop clocked by clk)
Endpoint: _445_ (rising edge-triggered flip-flop clocked by clk)
Path Group: clk
Path Type: min

Fanout         Cap        Slew       Delay        Time   Description
---------------------------------------------------------------------------------------------
                                  0.000000    0.000000   clock clk (rise edge)
                                  0.000000    0.000000   clock source latency
     1    0.017235    0.062552    0.042611    0.042611 ^ clk (in)
                                                         clk (net)
                      0.062562    0.000000    0.042611 ^ clkbuf_0_clk/A (sky130_fd_sc_hd__clkbuf_16)
     4    0.039010    0.044516    0.105087    0.147698 ^ clkbuf_0_clk/X (sky130_fd_sc_hd__clkbuf_16)
                                                         clknet_0_clk (net)
                      0.044547    0.001004    0.148702 ^ clkbuf_2_0__f_clk/A (sky130_fd_sc_hd__clkbuf_16)
     9    0.030602    0.038492    0.095470    0.244172 ^ clkbuf_2_0__f_clk/X (sky130_fd_sc_hd__clkbuf_16)
                                                         clknet_2_0__leaf_clk (net)
                      0.038516    0.000843    0.245015 ^ _445_/CLK (sky130_fd_sc_hd__dfrtp_1)
     3    0.010053    0.074674    0.234617    0.479633 ^ _445_/Q (sky130_fd_sc_hd__dfrtp_1)
                                                         net38 (net)
                      0.074674    0.000186    0.479818 ^ _292_/B (sky130_fd_sc_hd__nand2_1)
     3    0.008891    0.045321    0.056872    0.536690 v _292_/Y (sky130_fd_sc_hd__nand2_1)
                                                         _100_ (net)
                      0.045323    0.000262    0.536952 v _294_/A (sky130_fd_sc_hd__nand2_1)
     2    0.008495    0.064377    0.069738    0.606690 ^ _294_/Y (sky130_fd_sc_hd__nand2_1)
                                                         _102_ (net)
                      0.064378    0.000220    0.606910 ^ _393_/A (sky130_fd_sc_hd__xnor2_1)
     1    0.002766    0.023548    0.043190    0.650099 v _393_/Y (sky130_fd_sc_hd__xnor2_1)
                                                         adder.cla_blocks[3].block.sum[1] (net)
                      0.023548    0.000059    0.650158 v _445_/D (sky130_fd_sc_hd__dfrtp_1)
                                              0.650158   data arrival time

                                  0.000000    0.000000   clock clk (rise edge)
                                  0.000000    0.000000   clock source latency
     1    0.017235    0.062552    0.042611    0.042611 ^ clk (in)
                                                         clk (net)
                      0.062562    0.000000    0.042611 ^ clkbuf_0_clk/A (sky130_fd_sc_hd__clkbuf_16)
     4    0.039010    0.044516    0.105087    0.147698 ^ clkbuf_0_clk/X (sky130_fd_sc_hd__clkbuf_16)
                                                         clknet_0_clk (net)
                      0.044547    0.001004    0.148702 ^ clkbuf_2_0__f_clk/A (sky130_fd_sc_hd__clkbuf_16)
     9    0.030602    0.038492    0.095470    0.244172 ^ clkbuf_2_0__f_clk/X (sky130_fd_sc_hd__clkbuf_16)
                                                         clknet_2_0__leaf_clk (net)
                      0.038516    0.000843    0.245015 ^ _445_/CLK (sky130_fd_sc_hd__dfrtp_1)
                                  0.250000    0.495015   clock uncertainty
                                  0.000000    0.495015   clock reconvergence pessimism
                                 -0.028896    0.466119   library hold time
                                              0.466119   data required time
---------------------------------------------------------------------------------------------
                                              0.466119   data required time
                                             -0.650158   data arrival time
---------------------------------------------------------------------------------------------
                                              0.184039   slack (MET)


Startpoint: _434_ (rising edge-triggered flip-flop clocked by clk)
Endpoint: _434_ (rising edge-triggered flip-flop clocked by clk)
Path Group: clk
Path Type: min

Fanout         Cap        Slew       Delay        Time   Description
---------------------------------------------------------------------------------------------
                                  0.000000    0.000000   clock clk (rise edge)
                                  0.000000    0.000000   clock source latency
     1    0.017235    0.062552    0.042611    0.042611 ^ clk (in)
                                                         clk (net)
                      0.062562    0.000000    0.042611 ^ clkbuf_0_clk/A (sky130_fd_sc_hd__clkbuf_16)
     4    0.039010    0.044516    0.105087    0.147698 ^ clkbuf_0_clk/X (sky130_fd_sc_hd__clkbuf_16)
                                                         clknet_0_clk (net)
                      0.044548    0.001013    0.148711 ^ clkbuf_2_3__f_clk/A (sky130_fd_sc_hd__clkbuf_16)
     8    0.026745    0.035798    0.092946    0.241657 ^ clkbuf_2_3__f_clk/X (sky130_fd_sc_hd__clkbuf_16)
                                                         clknet_2_3__leaf_clk (net)
                      0.035802    0.000407    0.242064 ^ _434_/CLK (sky130_fd_sc_hd__dfrtp_1)
     3    0.007929    0.061883    0.223597    0.465661 ^ _434_/Q (sky130_fd_sc_hd__dfrtp_1)
                                                         net56 (net)
                      0.061883    0.000119    0.465779 ^ _261_/B (sky130_fd_sc_hd__nor2_1)
     2    0.008395    0.034703    0.042256    0.508035 v _261_/Y (sky130_fd_sc_hd__nor2_1)
                                                         _069_ (net)
                      0.034704    0.000236    0.508271 v _418_/A2 (sky130_fd_sc_hd__o21a_1)
     1    0.002427    0.016196    0.101093    0.609364 v _418_/X (sky130_fd_sc_hd__o21a_1)
                                                         _197_ (net)
                      0.016196    0.000048    0.609412 v _419_/B (sky130_fd_sc_hd__nor2_1)
     1    0.002563    0.050384    0.048098    0.657510 ^ _419_/Y (sky130_fd_sc_hd__nor2_1)
                                                         adder.cla_blocks[0].block.sum[2] (net)
                      0.050384    0.000072    0.657582 ^ _434_/D (sky130_fd_sc_hd__dfrtp_1)
                                              0.657582   data arrival time

                                  0.000000    0.000000   clock clk (rise edge)
                                  0.000000    0.000000   clock source latency
     1    0.017235    0.062552    0.042611    0.042611 ^ clk (in)
                                                         clk (net)
                      0.062562    0.000000    0.042611 ^ clkbuf_0_clk/A (sky130_fd_sc_hd__clkbuf_16)
     4    0.039010    0.044516    0.105087    0.147698 ^ clkbuf_0_clk/X (sky130_fd_sc_hd__clkbuf_16)
                                                         clknet_0_clk (net)
                      0.044548    0.001013    0.148711 ^ clkbuf_2_3__f_clk/A (sky130_fd_sc_hd__clkbuf_16)
     8    0.026745    0.035798    0.092946    0.241657 ^ clkbuf_2_3__f_clk/X (sky130_fd_sc_hd__clkbuf_16)
                                                         clknet_2_3__leaf_clk (net)
                      0.035802    0.000407    0.242064 ^ _434_/CLK (sky130_fd_sc_hd__dfrtp_1)
                                  0.250000    0.492064   clock uncertainty
                                  0.000000    0.492064   clock reconvergence pessimism
                                 -0.021129    0.470935   library hold time
                                              0.470935   data required time
---------------------------------------------------------------------------------------------
                                              0.470935   data required time
                                             -0.657582   data arrival time
---------------------------------------------------------------------------------------------
                                              0.186647   slack (MET)


Startpoint: _454_ (rising edge-triggered flip-flop clocked by clk)
Endpoint: _454_ (rising edge-triggered flip-flop clocked by clk)
Path Group: clk
Path Type: min

Fanout         Cap        Slew       Delay        Time   Description
---------------------------------------------------------------------------------------------
                                  0.000000    0.000000   clock clk (rise edge)
                                  0.000000    0.000000   clock source latency
     1    0.017235    0.062552    0.042611    0.042611 ^ clk (in)
                                                         clk (net)
                      0.062562    0.000000    0.042611 ^ clkbuf_0_clk/A (sky130_fd_sc_hd__clkbuf_16)
     4    0.039010    0.044516    0.105087    0.147698 ^ clkbuf_0_clk/X (sky130_fd_sc_hd__clkbuf_16)
                                                         clknet_0_clk (net)
                      0.044558    0.001148    0.148846 ^ clkbuf_2_2__f_clk/A (sky130_fd_sc_hd__clkbuf_16)
     9    0.028601    0.037126    0.094110    0.242956 ^ clkbuf_2_2__f_clk/X (sky130_fd_sc_hd__clkbuf_16)
                                                         clknet_2_2__leaf_clk (net)
                      0.037152    0.000861    0.243817 ^ _454_/CLK (sky130_fd_sc_hd__dfrtp_1)
     3    0.007951    0.062039    0.224063    0.467880 ^ _454_/Q (sky130_fd_sc_hd__dfrtp_1)
                                                         net48 (net)
                      0.062039    0.000229    0.468108 ^ _331_/B (sky130_fd_sc_hd__nand2_1)
     3    0.007407    0.039069    0.049436    0.517544 v _331_/Y (sky130_fd_sc_hd__nand2_1)
                                                         _139_ (net)
                      0.039070    0.000187    0.517731 v _332_/B (sky130_fd_sc_hd__nand2_1)
     3    0.011994    0.086845    0.088605    0.606336 ^ _332_/Y (sky130_fd_sc_hd__nand2_1)
                                                         _140_ (net)
                      0.086846    0.000202    0.606537 ^ _379_/A (sky130_fd_sc_hd__xnor2_1)
     1    0.002793    0.023663    0.045936    0.652474 v _379_/Y (sky130_fd_sc_hd__xnor2_1)
                                                         adder.cla_blocks[5].block.sum[2] (net)
                      0.023670    0.000082    0.652556 v _454_/D (sky130_fd_sc_hd__dfrtp_1)
                                              0.652556   data arrival time

                                  0.000000    0.000000   clock clk (rise edge)
                                  0.000000    0.000000   clock source latency
     1    0.017235    0.062552    0.042611    0.042611 ^ clk (in)
                                                         clk (net)
                      0.062562    0.000000    0.042611 ^ clkbuf_0_clk/A (sky130_fd_sc_hd__clkbuf_16)
     4    0.039010    0.044516    0.105087    0.147698 ^ clkbuf_0_clk/X (sky130_fd_sc_hd__clkbuf_16)
                                                         clknet_0_clk (net)
                      0.044558    0.001148    0.148846 ^ clkbuf_2_2__f_clk/A (sky130_fd_sc_hd__clkbuf_16)
     9    0.028601    0.037126    0.094110    0.242956 ^ clkbuf_2_2__f_clk/X (sky130_fd_sc_hd__clkbuf_16)
                                                         clknet_2_2__leaf_clk (net)
                      0.037152    0.000861    0.243817 ^ _454_/CLK (sky130_fd_sc_hd__dfrtp_1)
                                  0.250000    0.493817   clock uncertainty
                                  0.000000    0.493817   clock reconvergence pessimism
                                 -0.029069    0.464748   library hold time
                                              0.464748   data required time
---------------------------------------------------------------------------------------------
                                              0.464748   data required time
                                             -0.652556   data arrival time
---------------------------------------------------------------------------------------------
                                              0.187808   slack (MET)


Startpoint: _451_ (rising edge-triggered flip-flop clocked by clk)
Endpoint: _451_ (rising edge-triggered flip-flop clocked by clk)
Path Group: clk
Path Type: min

Fanout         Cap        Slew       Delay        Time   Description
---------------------------------------------------------------------------------------------
                                  0.000000    0.000000   clock clk (rise edge)
                                  0.000000    0.000000   clock source latency
     1    0.017235    0.062552    0.042611    0.042611 ^ clk (in)
                                                         clk (net)
                      0.062562    0.000000    0.042611 ^ clkbuf_0_clk/A (sky130_fd_sc_hd__clkbuf_16)
     4    0.039010    0.044516    0.105087    0.147698 ^ clkbuf_0_clk/X (sky130_fd_sc_hd__clkbuf_16)
                                                         clknet_0_clk (net)
                      0.044558    0.001148    0.148846 ^ clkbuf_2_2__f_clk/A (sky130_fd_sc_hd__clkbuf_16)
     9    0.028601    0.037126    0.094110    0.242956 ^ clkbuf_2_2__f_clk/X (sky130_fd_sc_hd__clkbuf_16)
                                                         clknet_2_2__leaf_clk (net)
                      0.037137    0.000594    0.243550 ^ _451_/CLK (sky130_fd_sc_hd__dfrtp_1)
     4    0.015612    0.109314    0.259404    0.502954 ^ _451_/Q (sky130_fd_sc_hd__dfrtp_1)
                                                         net44 (net)
                      0.109314    0.000391    0.503345 ^ _315_/B (sky130_fd_sc_hd__xnor2_1)
     2    0.008224    0.044779    0.067015    0.570359 v _315_/Y (sky130_fd_sc_hd__xnor2_1)
                                                         _123_ (net)
                      0.044779    0.000200    0.570559 v _390_/A (sky130_fd_sc_hd__xnor2_1)
     1    0.003186    0.023095    0.083856    0.654415 v _390_/Y (sky130_fd_sc_hd__xnor2_1)
                                                         adder.cla_blocks[4].block.sum[3] (net)
                      0.023095    0.000075    0.654490 v _451_/D (sky130_fd_sc_hd__dfrtp_1)
                                              0.654490   data arrival time

                                  0.000000    0.000000   clock clk (rise edge)
                                  0.000000    0.000000   clock source latency
     1    0.017235    0.062552    0.042611    0.042611 ^ clk (in)
                                                         clk (net)
                      0.062562    0.000000    0.042611 ^ clkbuf_0_clk/A (sky130_fd_sc_hd__clkbuf_16)
     4    0.039010    0.044516    0.105087    0.147698 ^ clkbuf_0_clk/X (sky130_fd_sc_hd__clkbuf_16)
                                                         clknet_0_clk (net)
                      0.044558    0.001148    0.148846 ^ clkbuf_2_2__f_clk/A (sky130_fd_sc_hd__clkbuf_16)
     9    0.028601    0.037126    0.094110    0.242956 ^ clkbuf_2_2__f_clk/X (sky130_fd_sc_hd__clkbuf_16)
                                                         clknet_2_2__leaf_clk (net)
                      0.037137    0.000594    0.243550 ^ _451_/CLK (sky130_fd_sc_hd__dfrtp_1)
                                  0.250000    0.493550   clock uncertainty
                                  0.000000    0.493550   clock reconvergence pessimism
                                 -0.028884    0.464666   library hold time
                                              0.464666   data required time
---------------------------------------------------------------------------------------------
                                              0.464666   data required time
                                             -0.654490   data arrival time
---------------------------------------------------------------------------------------------
                                              0.189824   slack (MET)


Startpoint: _442_ (rising edge-triggered flip-flop clocked by clk)
Endpoint: _442_ (rising edge-triggered flip-flop clocked by clk)
Path Group: clk
Path Type: min

Fanout         Cap        Slew       Delay        Time   Description
---------------------------------------------------------------------------------------------
                                  0.000000    0.000000   clock clk (rise edge)
                                  0.000000    0.000000   clock source latency
     1    0.017235    0.062552    0.042611    0.042611 ^ clk (in)
                                                         clk (net)
                      0.062562    0.000000    0.042611 ^ clkbuf_0_clk/A (sky130_fd_sc_hd__clkbuf_16)
     4    0.039010    0.044516    0.105087    0.147698 ^ clkbuf_0_clk/X (sky130_fd_sc_hd__clkbuf_16)
                                                         clknet_0_clk (net)
                      0.044547    0.001004    0.148702 ^ clkbuf_2_0__f_clk/A (sky130_fd_sc_hd__clkbuf_16)
     9    0.030602    0.038492    0.095470    0.244172 ^ clkbuf_2_0__f_clk/X (sky130_fd_sc_hd__clkbuf_16)
                                                         clknet_2_0__leaf_clk (net)
                      0.038509    0.000731    0.244903 ^ _442_/CLK (sky130_fd_sc_hd__dfrtp_1)
     3    0.007731    0.060701    0.223438    0.468341 ^ _442_/Q (sky130_fd_sc_hd__dfrtp_1)
                                                         net35 (net)
                      0.060701    0.000195    0.468536 ^ _248_/B (sky130_fd_sc_hd__nand2_1)
     3    0.009020    0.044760    0.054759    0.523294 v _248_/Y (sky130_fd_sc_hd__nand2_1)
                                                         _056_ (net)
                      0.044761    0.000226    0.523520 v _250_/A (sky130_fd_sc_hd__nand2_1)
     3    0.011819    0.085691    0.084994    0.608514 ^ _250_/Y (sky130_fd_sc_hd__nand2_1)
                                                         _058_ (net)
                      0.085693    0.000343    0.608857 ^ _403_/A (sky130_fd_sc_hd__xnor2_1)
     1    0.003469    0.026095    0.048706    0.657563 v _403_/Y (sky130_fd_sc_hd__xnor2_1)
                                                         adder.cla_blocks[2].block.sum[2] (net)
                      0.026095    0.000078    0.657641 v _442_/D (sky130_fd_sc_hd__dfrtp_1)
                                              0.657641   data arrival time

                                  0.000000    0.000000   clock clk (rise edge)
                                  0.000000    0.000000   clock source latency
     1    0.017235    0.062552    0.042611    0.042611 ^ clk (in)
                                                         clk (net)
                      0.062562    0.000000    0.042611 ^ clkbuf_0_clk/A (sky130_fd_sc_hd__clkbuf_16)
     4    0.039010    0.044516    0.105087    0.147698 ^ clkbuf_0_clk/X (sky130_fd_sc_hd__clkbuf_16)
                                                         clknet_0_clk (net)
                      0.044547    0.001004    0.148702 ^ clkbuf_2_0__f_clk/A (sky130_fd_sc_hd__clkbuf_16)
     9    0.030602    0.038492    0.095470    0.244172 ^ clkbuf_2_0__f_clk/X (sky130_fd_sc_hd__clkbuf_16)
                                                         clknet_2_0__leaf_clk (net)
                      0.038509    0.000731    0.244903 ^ _442_/CLK (sky130_fd_sc_hd__dfrtp_1)
                                  0.250000    0.494903   clock uncertainty
                                  0.000000    0.494903   clock reconvergence pessimism
                                 -0.029724    0.465178   library hold time
                                              0.465178   data required time
---------------------------------------------------------------------------------------------
                                              0.465178   data required time
                                             -0.657641   data arrival time
---------------------------------------------------------------------------------------------
                                              0.192463   slack (MET)


Startpoint: _443_ (rising edge-triggered flip-flop clocked by clk)
Endpoint: _443_ (rising edge-triggered flip-flop clocked by clk)
Path Group: clk
Path Type: min

Fanout         Cap        Slew       Delay        Time   Description
---------------------------------------------------------------------------------------------
                                  0.000000    0.000000   clock clk (rise edge)
                                  0.000000    0.000000   clock source latency
     1    0.017235    0.062552    0.042611    0.042611 ^ clk (in)
                                                         clk (net)
                      0.062562    0.000000    0.042611 ^ clkbuf_0_clk/A (sky130_fd_sc_hd__clkbuf_16)
     4    0.039010    0.044516    0.105087    0.147698 ^ clkbuf_0_clk/X (sky130_fd_sc_hd__clkbuf_16)
                                                         clknet_0_clk (net)
                      0.044547    0.001004    0.148702 ^ clkbuf_2_0__f_clk/A (sky130_fd_sc_hd__clkbuf_16)
     9    0.030602    0.038492    0.095470    0.244172 ^ clkbuf_2_0__f_clk/X (sky130_fd_sc_hd__clkbuf_16)
                                                         clknet_2_0__leaf_clk (net)
                      0.038513    0.000799    0.244971 ^ _443_/CLK (sky130_fd_sc_hd__dfrtp_1)
     4    0.010243    0.075717    0.235528    0.480499 ^ _443_/Q (sky130_fd_sc_hd__dfrtp_1)
                                                         net36 (net)
                      0.075717    0.000162    0.480661 ^ _244_/B (sky130_fd_sc_hd__nand2_1)
     2    0.006022    0.036980    0.046520    0.527181 v _244_/Y (sky130_fd_sc_hd__nand2_1)
                                                         _052_ (net)
                      0.036980    0.000169    0.527350 v _247_/A (sky130_fd_sc_hd__nand2_1)
     3    0.013835    0.098990    0.091367    0.618717 ^ _247_/Y (sky130_fd_sc_hd__nand2_1)
                                                         _055_ (net)
                      0.098991    0.000242    0.618959 ^ _405_/A (sky130_fd_sc_hd__xnor2_1)
     1    0.002424    0.021039    0.045432    0.664390 v _405_/Y (sky130_fd_sc_hd__xnor2_1)
                                                         adder.cla_blocks[2].block.sum[3] (net)
                      0.021039    0.000069    0.664459 v _443_/D (sky130_fd_sc_hd__dfrtp_1)
                                              0.664459   data arrival time

                                  0.000000    0.000000   clock clk (rise edge)
                                  0.000000    0.000000   clock source latency
     1    0.017235    0.062552    0.042611    0.042611 ^ clk (in)
                                                         clk (net)
                      0.062562    0.000000    0.042611 ^ clkbuf_0_clk/A (sky130_fd_sc_hd__clkbuf_16)
     4    0.039010    0.044516    0.105087    0.147698 ^ clkbuf_0_clk/X (sky130_fd_sc_hd__clkbuf_16)
                                                         clknet_0_clk (net)
                      0.044547    0.001004    0.148702 ^ clkbuf_2_0__f_clk/A (sky130_fd_sc_hd__clkbuf_16)
     9    0.030602    0.038492    0.095470    0.244172 ^ clkbuf_2_0__f_clk/X (sky130_fd_sc_hd__clkbuf_16)
                                                         clknet_2_0__leaf_clk (net)
                      0.038513    0.000799    0.244971 ^ _443_/CLK (sky130_fd_sc_hd__dfrtp_1)
                                  0.250000    0.494971   clock uncertainty
                                  0.000000    0.494971   clock reconvergence pessimism
                                 -0.028080    0.466891   library hold time
                                              0.466891   data required time
---------------------------------------------------------------------------------------------
                                              0.466891   data required time
                                             -0.664459   data arrival time
---------------------------------------------------------------------------------------------
                                              0.197568   slack (MET)


Startpoint: _449_ (rising edge-triggered flip-flop clocked by clk)
Endpoint: _449_ (rising edge-triggered flip-flop clocked by clk)
Path Group: clk
Path Type: min

Fanout         Cap        Slew       Delay        Time   Description
---------------------------------------------------------------------------------------------
                                  0.000000    0.000000   clock clk (rise edge)
                                  0.000000    0.000000   clock source latency
     1    0.017235    0.062552    0.042611    0.042611 ^ clk (in)
                                                         clk (net)
                      0.062562    0.000000    0.042611 ^ clkbuf_0_clk/A (sky130_fd_sc_hd__clkbuf_16)
     4    0.039010    0.044516    0.105087    0.147698 ^ clkbuf_0_clk/X (sky130_fd_sc_hd__clkbuf_16)
                                                         clknet_0_clk (net)
                      0.044547    0.001004    0.148702 ^ clkbuf_2_0__f_clk/A (sky130_fd_sc_hd__clkbuf_16)
     9    0.030602    0.038492    0.095470    0.244172 ^ clkbuf_2_0__f_clk/X (sky130_fd_sc_hd__clkbuf_16)
                                                         clknet_2_0__leaf_clk (net)
                      0.038518    0.000882    0.245054 ^ _449_/CLK (sky130_fd_sc_hd__dfrtp_1)
     4    0.012624    0.090365    0.246397    0.491451 ^ _449_/Q (sky130_fd_sc_hd__dfrtp_1)
                                                         net42 (net)
                      0.090365    0.000279    0.491731 ^ _311_/B (sky130_fd_sc_hd__xnor2_1)
     3    0.007728    0.042728    0.061714    0.553444 v _311_/Y (sky130_fd_sc_hd__xnor2_1)
                                                         _119_ (net)
                      0.042728    0.000169    0.553613 v _384_/B1 (sky130_fd_sc_hd__a21oi_1)
     2    0.006336    0.083125    0.081115    0.634728 ^ _384_/Y (sky130_fd_sc_hd__a21oi_1)
                                                         _179_ (net)
                      0.083125    0.000091    0.634819 ^ _386_/A (sky130_fd_sc_hd__nor2_1)
     1    0.002859    0.016507    0.031340    0.666159 v _386_/Y (sky130_fd_sc_hd__nor2_1)
                                                         adder.cla_blocks[4].block.sum[1] (net)
                      0.016507    0.000081    0.666240 v _449_/D (sky130_fd_sc_hd__dfrtp_1)
                                              0.666240   data arrival time

                                  0.000000    0.000000   clock clk (rise edge)
                                  0.000000    0.000000   clock source latency
     1    0.017235    0.062552    0.042611    0.042611 ^ clk (in)
                                                         clk (net)
                      0.062562    0.000000    0.042611 ^ clkbuf_0_clk/A (sky130_fd_sc_hd__clkbuf_16)
     4    0.039010    0.044516    0.105087    0.147698 ^ clkbuf_0_clk/X (sky130_fd_sc_hd__clkbuf_16)
                                                         clknet_0_clk (net)
                      0.044547    0.001004    0.148702 ^ clkbuf_2_0__f_clk/A (sky130_fd_sc_hd__clkbuf_16)
     9    0.030602    0.038492    0.095470    0.244172 ^ clkbuf_2_0__f_clk/X (sky130_fd_sc_hd__clkbuf_16)
                                                         clknet_2_0__leaf_clk (net)
                      0.038518    0.000882    0.245054 ^ _449_/CLK (sky130_fd_sc_hd__dfrtp_1)
                                  0.250000    0.495054   clock uncertainty
                                  0.000000    0.495054   clock reconvergence pessimism
                                 -0.026606    0.468447   library hold time
                                              0.468447   data required time
---------------------------------------------------------------------------------------------
                                              0.468447   data required time
                                             -0.666240   data arrival time
---------------------------------------------------------------------------------------------
                                              0.197792   slack (MET)


Startpoint: _438_ (rising edge-triggered flip-flop clocked by clk)
Endpoint: _438_ (rising edge-triggered flip-flop clocked by clk)
Path Group: clk
Path Type: min

Fanout         Cap        Slew       Delay        Time   Description
---------------------------------------------------------------------------------------------
                                  0.000000    0.000000   clock clk (rise edge)
                                  0.000000    0.000000   clock source latency
     1    0.017235    0.062552    0.042611    0.042611 ^ clk (in)
                                                         clk (net)
                      0.062562    0.000000    0.042611 ^ clkbuf_0_clk/A (sky130_fd_sc_hd__clkbuf_16)
     4    0.039010    0.044516    0.105087    0.147698 ^ clkbuf_0_clk/X (sky130_fd_sc_hd__clkbuf_16)
                                                         clknet_0_clk (net)
                      0.044547    0.001004    0.148702 ^ clkbuf_2_0__f_clk/A (sky130_fd_sc_hd__clkbuf_16)
     9    0.030602    0.038492    0.095470    0.244172 ^ clkbuf_2_0__f_clk/X (sky130_fd_sc_hd__clkbuf_16)
                                                         clknet_2_0__leaf_clk (net)
                      0.038495    0.000426    0.244598 ^ _438_/CLK (sky130_fd_sc_hd__dfrtp_1)
     4    0.013647    0.096828    0.251071    0.495669 ^ _438_/Q (sky130_fd_sc_hd__dfrtp_1)
                                                         net62 (net)
                      0.096828    0.000190    0.495859 ^ _272_/B (sky130_fd_sc_hd__xnor2_1)
     3    0.006966    0.039674    0.060079    0.555938 v _272_/Y (sky130_fd_sc_hd__xnor2_1)
                                                         _080_ (net)
                      0.039675    0.000184    0.556123 v _412_/B1 (sky130_fd_sc_hd__a21oi_1)
     2    0.005991    0.079528    0.077335    0.633457 ^ _412_/Y (sky130_fd_sc_hd__a21oi_1)
                                                         _194_ (net)
                      0.079528    0.000123    0.633580 ^ _414_/A (sky130_fd_sc_hd__nor2_1)
     1    0.003615    0.018851    0.033736    0.667317 v _414_/Y (sky130_fd_sc_hd__nor2_1)
                                                         adder.cla_blocks[1].block.sum[2] (net)
                      0.018851    0.000105    0.667422 v _438_/D (sky130_fd_sc_hd__dfrtp_1)
                                              0.667422   data arrival time

                                  0.000000    0.000000   clock clk (rise edge)
                                  0.000000    0.000000   clock source latency
     1    0.017235    0.062552    0.042611    0.042611 ^ clk (in)
                                                         clk (net)
                      0.062562    0.000000    0.042611 ^ clkbuf_0_clk/A (sky130_fd_sc_hd__clkbuf_16)
     4    0.039010    0.044516    0.105087    0.147698 ^ clkbuf_0_clk/X (sky130_fd_sc_hd__clkbuf_16)
                                                         clknet_0_clk (net)
                      0.044547    0.001004    0.148702 ^ clkbuf_2_0__f_clk/A (sky130_fd_sc_hd__clkbuf_16)
     9    0.030602    0.038492    0.095470    0.244172 ^ clkbuf_2_0__f_clk/X (sky130_fd_sc_hd__clkbuf_16)
                                                         clknet_2_0__leaf_clk (net)
                      0.038495    0.000426    0.244598 ^ _438_/CLK (sky130_fd_sc_hd__dfrtp_1)
                                  0.250000    0.494598   clock uncertainty
                                  0.000000    0.494598   clock reconvergence pessimism
                                 -0.027371    0.467228   library hold time
                                              0.467228   data required time
---------------------------------------------------------------------------------------------
                                              0.467228   data required time
                                             -0.667422   data arrival time
---------------------------------------------------------------------------------------------
                                              0.200195   slack (MET)


Startpoint: _436_ (rising edge-triggered flip-flop clocked by clk)
Endpoint: _437_ (rising edge-triggered flip-flop clocked by clk)
Path Group: clk
Path Type: min

Fanout         Cap        Slew       Delay        Time   Description
---------------------------------------------------------------------------------------------
                                  0.000000    0.000000   clock clk (rise edge)
                                  0.000000    0.000000   clock source latency
     1    0.017235    0.062552    0.042611    0.042611 ^ clk (in)
                                                         clk (net)
                      0.062562    0.000000    0.042611 ^ clkbuf_0_clk/A (sky130_fd_sc_hd__clkbuf_16)
     4    0.039010    0.044516    0.105087    0.147698 ^ clkbuf_0_clk/X (sky130_fd_sc_hd__clkbuf_16)
                                                         clknet_0_clk (net)
                      0.044547    0.000998    0.148696 ^ clkbuf_2_1__f_clk/A (sky130_fd_sc_hd__clkbuf_16)
     9    0.026995    0.035975    0.093101    0.241797 ^ clkbuf_2_1__f_clk/X (sky130_fd_sc_hd__clkbuf_16)
                                                         clknet_2_1__leaf_clk (net)
                      0.035978    0.000322    0.242118 ^ _436_/CLK (sky130_fd_sc_hd__dfrtp_1)
     3    0.007217    0.057577    0.220212    0.462330 ^ _436_/Q (sky130_fd_sc_hd__dfrtp_1)
                                                         net60 (net)
                      0.057577    0.000170    0.462500 ^ _280_/B (sky130_fd_sc_hd__nand2_1)
     4    0.014798    0.067268    0.072402    0.534902 v _280_/Y (sky130_fd_sc_hd__nand2_1)
                                                         _088_ (net)
                      0.067273    0.000480    0.535382 v _410_/B (sky130_fd_sc_hd__nand3_1)
     1    0.002720    0.039562    0.066955    0.602337 ^ _410_/Y (sky130_fd_sc_hd__nand3_1)
                                                         _193_ (net)
                      0.039562    0.000079    0.602417 ^ _411_/B (sky130_fd_sc_hd__and2_1)
     1    0.002436    0.030287    0.071804    0.674221 ^ _411_/X (sky130_fd_sc_hd__and2_1)
                                                         adder.cla_blocks[1].block.sum[1] (net)
                      0.030287    0.000070    0.674291 ^ _437_/D (sky130_fd_sc_hd__dfrtp_1)
                                              0.674291   data arrival time

                                  0.000000    0.000000   clock clk (rise edge)
                                  0.000000    0.000000   clock source latency
     1    0.017235    0.062552    0.042611    0.042611 ^ clk (in)
                                                         clk (net)
                      0.062562    0.000000    0.042611 ^ clkbuf_0_clk/A (sky130_fd_sc_hd__clkbuf_16)
     4    0.039010    0.044516    0.105087    0.147698 ^ clkbuf_0_clk/X (sky130_fd_sc_hd__clkbuf_16)
                                                         clknet_0_clk (net)
                      0.044547    0.000998    0.148696 ^ clkbuf_2_1__f_clk/A (sky130_fd_sc_hd__clkbuf_16)
     9    0.026995    0.035975    0.093101    0.241797 ^ clkbuf_2_1__f_clk/X (sky130_fd_sc_hd__clkbuf_16)
                                                         clknet_2_1__leaf_clk (net)
                      0.035979    0.000375    0.242171 ^ _437_/CLK (sky130_fd_sc_hd__dfrtp_1)
                                  0.250000    0.492171   clock uncertainty
                                  0.000000    0.492171   clock reconvergence pessimism
                                 -0.019606    0.472565   library hold time
                                              0.472565   data required time
---------------------------------------------------------------------------------------------
                                              0.472565   data required time
                                             -0.674291   data arrival time
---------------------------------------------------------------------------------------------
                                              0.201725   slack (MET)


Startpoint: _460_ (rising edge-triggered flip-flop clocked by clk)
Endpoint: _460_ (rising edge-triggered flip-flop clocked by clk)
Path Group: clk
Path Type: min

Fanout         Cap        Slew       Delay        Time   Description
---------------------------------------------------------------------------------------------
                                  0.000000    0.000000   clock clk (rise edge)
                                  0.000000    0.000000   clock source latency
     1    0.017235    0.062552    0.042611    0.042611 ^ clk (in)
                                                         clk (net)
                      0.062562    0.000000    0.042611 ^ clkbuf_0_clk/A (sky130_fd_sc_hd__clkbuf_16)
     4    0.039010    0.044516    0.105087    0.147698 ^ clkbuf_0_clk/X (sky130_fd_sc_hd__clkbuf_16)
                                                         clknet_0_clk (net)
                      0.044548    0.001013    0.148711 ^ clkbuf_2_3__f_clk/A (sky130_fd_sc_hd__clkbuf_16)
     8    0.026745    0.035798    0.092946    0.241657 ^ clkbuf_2_3__f_clk/X (sky130_fd_sc_hd__clkbuf_16)
                                                         clknet_2_3__leaf_clk (net)
                      0.035802    0.000386    0.242043 ^ _460_/CLK (sky130_fd_sc_hd__dfrtp_1)
     3    0.010741    0.078467    0.237004    0.479047 ^ _460_/Q (sky130_fd_sc_hd__dfrtp_1)
                                                         net54 (net)
                      0.078467    0.000299    0.479346 ^ _224_/B (sky130_fd_sc_hd__nand2_1)
     4    0.012456    0.059692    0.069824    0.549169 v _224_/Y (sky130_fd_sc_hd__nand2_1)
                                                         _032_ (net)
                      0.059693    0.000229    0.549399 v _226_/A (sky130_fd_sc_hd__nand2_1)
     2    0.008917    0.067885    0.077402    0.626801 ^ _226_/Y (sky130_fd_sc_hd__nand2_1)
                                                         _034_ (net)
                      0.067887    0.000288    0.627089 ^ _350_/A (sky130_fd_sc_hd__xnor2_1)
     1    0.002422    0.022218    0.042038    0.669127 v _350_/Y (sky130_fd_sc_hd__xnor2_1)
                                                         adder.cla_blocks[7].block.sum[0] (net)
                      0.022224    0.000068    0.669195 v _460_/D (sky130_fd_sc_hd__dfrtp_1)
                                              0.669195   data arrival time

                                  0.000000    0.000000   clock clk (rise edge)
                                  0.000000    0.000000   clock source latency
     1    0.017235    0.062552    0.042611    0.042611 ^ clk (in)
                                                         clk (net)
                      0.062562    0.000000    0.042611 ^ clkbuf_0_clk/A (sky130_fd_sc_hd__clkbuf_16)
     4    0.039010    0.044516    0.105087    0.147698 ^ clkbuf_0_clk/X (sky130_fd_sc_hd__clkbuf_16)
                                                         clknet_0_clk (net)
                      0.044548    0.001013    0.148711 ^ clkbuf_2_3__f_clk/A (sky130_fd_sc_hd__clkbuf_16)
     8    0.026745    0.035798    0.092946    0.241657 ^ clkbuf_2_3__f_clk/X (sky130_fd_sc_hd__clkbuf_16)
                                                         clknet_2_3__leaf_clk (net)
                      0.035802    0.000386    0.242043 ^ _460_/CLK (sky130_fd_sc_hd__dfrtp_1)
                                  0.250000    0.492043   clock uncertainty
                                  0.000000    0.492043   clock reconvergence pessimism
                                 -0.028732    0.463311   library hold time
                                              0.463311   data required time
---------------------------------------------------------------------------------------------
                                              0.463311   data required time
                                             -0.669195   data arrival time
---------------------------------------------------------------------------------------------
                                              0.205884   slack (MET)


Startpoint: _435_ (rising edge-triggered flip-flop clocked by clk)
Endpoint: _436_ (rising edge-triggered flip-flop clocked by clk)
Path Group: clk
Path Type: min

Fanout         Cap        Slew       Delay        Time   Description
---------------------------------------------------------------------------------------------
                                  0.000000    0.000000   clock clk (rise edge)
                                  0.000000    0.000000   clock source latency
     1    0.017235    0.062552    0.042611    0.042611 ^ clk (in)
                                                         clk (net)
                      0.062562    0.000000    0.042611 ^ clkbuf_0_clk/A (sky130_fd_sc_hd__clkbuf_16)
     4    0.039010    0.044516    0.105087    0.147698 ^ clkbuf_0_clk/X (sky130_fd_sc_hd__clkbuf_16)
                                                         clknet_0_clk (net)
                      0.044547    0.000998    0.148696 ^ clkbuf_2_1__f_clk/A (sky130_fd_sc_hd__clkbuf_16)
     9    0.026995    0.035975    0.093101    0.241797 ^ clkbuf_2_1__f_clk/X (sky130_fd_sc_hd__clkbuf_16)
                                                         clknet_2_1__leaf_clk (net)
                      0.035985    0.000532    0.242329 ^ _435_/CLK (sky130_fd_sc_hd__dfrtp_4)
     5    0.026780    0.074583    0.285121    0.527449 ^ _435_/Q (sky130_fd_sc_hd__dfrtp_4)
                                                         net59 (net)
                      0.074594    0.000903    0.528353 ^ _271_/A2 (sky130_fd_sc_hd__o22ai_1)
     2    0.004896    0.033634    0.045410    0.573763 v _271_/Y (sky130_fd_sc_hd__o22ai_1)
                                                         _079_ (net)
                      0.033634    0.000121    0.573884 v _407_/A (sky130_fd_sc_hd__nand2_1)
     1    0.002531    0.026755    0.036798    0.610682 ^ _407_/Y (sky130_fd_sc_hd__nand2_1)
                                                         _191_ (net)
                      0.026755    0.000072    0.610754 ^ _408_/B (sky130_fd_sc_hd__and2_1)
     1    0.002482    0.030529    0.069012    0.679766 ^ _408_/X (sky130_fd_sc_hd__and2_1)
                                                         adder.cla_blocks[1].block.sum[0] (net)
                      0.030529    0.000070    0.679836 ^ _436_/D (sky130_fd_sc_hd__dfrtp_1)
                                              0.679836   data arrival time

                                  0.000000    0.000000   clock clk (rise edge)
                                  0.000000    0.000000   clock source latency
     1    0.017235    0.062552    0.042611    0.042611 ^ clk (in)
                                                         clk (net)
                      0.062562    0.000000    0.042611 ^ clkbuf_0_clk/A (sky130_fd_sc_hd__clkbuf_16)
     4    0.039010    0.044516    0.105087    0.147698 ^ clkbuf_0_clk/X (sky130_fd_sc_hd__clkbuf_16)
                                                         clknet_0_clk (net)
                      0.044547    0.000998    0.148696 ^ clkbuf_2_1__f_clk/A (sky130_fd_sc_hd__clkbuf_16)
     9    0.026995    0.035975    0.093101    0.241797 ^ clkbuf_2_1__f_clk/X (sky130_fd_sc_hd__clkbuf_16)
                                                         clknet_2_1__leaf_clk (net)
                      0.035978    0.000322    0.242118 ^ _436_/CLK (sky130_fd_sc_hd__dfrtp_1)
                                  0.250000    0.492118   clock uncertainty
                                  0.000000    0.492118   clock reconvergence pessimism
                                 -0.019624    0.472494   library hold time
                                              0.472494   data required time
---------------------------------------------------------------------------------------------
                                              0.472494   data required time
                                             -0.679836   data arrival time
---------------------------------------------------------------------------------------------
                                              0.207342   slack (MET)


Startpoint: _461_ (rising edge-triggered flip-flop clocked by clk)
Endpoint: _462_ (rising edge-triggered flip-flop clocked by clk)
Path Group: clk
Path Type: min

Fanout         Cap        Slew       Delay        Time   Description
---------------------------------------------------------------------------------------------
                                  0.000000    0.000000   clock clk (rise edge)
                                  0.000000    0.000000   clock source latency
     1    0.017235    0.062552    0.042611    0.042611 ^ clk (in)
                                                         clk (net)
                      0.062562    0.000000    0.042611 ^ clkbuf_0_clk/A (sky130_fd_sc_hd__clkbuf_16)
     4    0.039010    0.044516    0.105087    0.147698 ^ clkbuf_0_clk/X (sky130_fd_sc_hd__clkbuf_16)
                                                         clknet_0_clk (net)
                      0.044548    0.001013    0.148711 ^ clkbuf_2_3__f_clk/A (sky130_fd_sc_hd__clkbuf_16)
     8    0.026745    0.035798    0.092946    0.241657 ^ clkbuf_2_3__f_clk/X (sky130_fd_sc_hd__clkbuf_16)
                                                         clknet_2_3__leaf_clk (net)
                      0.035801    0.000365    0.242022 ^ _461_/CLK (sky130_fd_sc_hd__dfrtp_1)
     3    0.009835    0.073476    0.232709    0.474732 ^ _461_/Q (sky130_fd_sc_hd__dfrtp_1)
                                                         net55 (net)
                      0.073476    0.000220    0.474951 ^ _351_/B (sky130_fd_sc_hd__nor2_1)
     3    0.008586    0.035892    0.044451    0.519403 v _351_/Y (sky130_fd_sc_hd__nor2_1)
                                                         _158_ (net)
                      0.035892    0.000181    0.519584 v _359_/B1 (sky130_fd_sc_hd__a31o_1)
     1    0.006053    0.028884    0.080050    0.599634 v _359_/X (sky130_fd_sc_hd__a31o_1)
                                                         _165_ (net)
                      0.028885    0.000210    0.599844 v _360_/B (sky130_fd_sc_hd__xnor2_1)
     1    0.002556    0.033824    0.081647    0.681491 ^ _360_/Y (sky130_fd_sc_hd__xnor2_1)
                                                         adder.cla_blocks[7].block.sum[2] (net)
                      0.033824    0.000050    0.681540 ^ _462_/D (sky130_fd_sc_hd__dfrtp_1)
                                              0.681540   data arrival time

                                  0.000000    0.000000   clock clk (rise edge)
                                  0.000000    0.000000   clock source latency
     1    0.017235    0.062552    0.042611    0.042611 ^ clk (in)
                                                         clk (net)
                      0.062562    0.000000    0.042611 ^ clkbuf_0_clk/A (sky130_fd_sc_hd__clkbuf_16)
     4    0.039010    0.044516    0.105087    0.147698 ^ clkbuf_0_clk/X (sky130_fd_sc_hd__clkbuf_16)
                                                         clknet_0_clk (net)
                      0.044548    0.001013    0.148711 ^ clkbuf_2_3__f_clk/A (sky130_fd_sc_hd__clkbuf_16)
     8    0.026745    0.035798    0.092946    0.241657 ^ clkbuf_2_3__f_clk/X (sky130_fd_sc_hd__clkbuf_16)
                                                         clknet_2_3__leaf_clk (net)
                      0.035808    0.000552    0.242209 ^ _462_/CLK (sky130_fd_sc_hd__dfrtp_1)
                                  0.250000    0.492209   clock uncertainty
                                  0.000000    0.492209   clock reconvergence pessimism
                                 -0.019878    0.472332   library hold time
                                              0.472332   data required time
---------------------------------------------------------------------------------------------
                                              0.472332   data required time
                                             -0.681540   data arrival time
---------------------------------------------------------------------------------------------
                                              0.209209   slack (MET)


Startpoint: _459_ (rising edge-triggered flip-flop clocked by clk)
Endpoint: _459_ (rising edge-triggered flip-flop clocked by clk)
Path Group: clk
Path Type: min

Fanout         Cap        Slew       Delay        Time   Description
---------------------------------------------------------------------------------------------
                                  0.000000    0.000000   clock clk (rise edge)
                                  0.000000    0.000000   clock source latency
     1    0.017235    0.062552    0.042611    0.042611 ^ clk (in)
                                                         clk (net)
                      0.062562    0.000000    0.042611 ^ clkbuf_0_clk/A (sky130_fd_sc_hd__clkbuf_16)
     4    0.039010    0.044516    0.105087    0.147698 ^ clkbuf_0_clk/X (sky130_fd_sc_hd__clkbuf_16)
                                                         clknet_0_clk (net)
                      0.044548    0.001013    0.148711 ^ clkbuf_2_3__f_clk/A (sky130_fd_sc_hd__clkbuf_16)
     8    0.026745    0.035798    0.092946    0.241657 ^ clkbuf_2_3__f_clk/X (sky130_fd_sc_hd__clkbuf_16)
                                                         clknet_2_3__leaf_clk (net)
                      0.035810    0.000584    0.242242 ^ _459_/CLK (sky130_fd_sc_hd__dfrtp_1)
     4    0.015128    0.106222    0.256889    0.499130 ^ _459_/Q (sky130_fd_sc_hd__dfrtp_1)
                                                         net53 (net)
                      0.106222    0.000372    0.499503 ^ _230_/B (sky130_fd_sc_hd__xnor2_1)
     3    0.011658    0.106342    0.125980    0.625483 ^ _230_/Y (sky130_fd_sc_hd__xnor2_1)
                                                         _038_ (net)
                      0.106342    0.000301    0.625784 ^ _374_/A (sky130_fd_sc_hd__xor2_1)
     1    0.002741    0.024953    0.046137    0.671921 v _374_/X (sky130_fd_sc_hd__xor2_1)
                                                         adder.cla_blocks[6].block.sum[3] (net)
                      0.024953    0.000081    0.672002 v _459_/D (sky130_fd_sc_hd__dfrtp_1)
                                              0.672002   data arrival time

                                  0.000000    0.000000   clock clk (rise edge)
                                  0.000000    0.000000   clock source latency
     1    0.017235    0.062552    0.042611    0.042611 ^ clk (in)
                                                         clk (net)
                      0.062562    0.000000    0.042611 ^ clkbuf_0_clk/A (sky130_fd_sc_hd__clkbuf_16)
     4    0.039010    0.044516    0.105087    0.147698 ^ clkbuf_0_clk/X (sky130_fd_sc_hd__clkbuf_16)
                                                         clknet_0_clk (net)
                      0.044548    0.001013    0.148711 ^ clkbuf_2_3__f_clk/A (sky130_fd_sc_hd__clkbuf_16)
     8    0.026745    0.035798    0.092946    0.241657 ^ clkbuf_2_3__f_clk/X (sky130_fd_sc_hd__clkbuf_16)
                                                         clknet_2_3__leaf_clk (net)
                      0.035810    0.000584    0.242242 ^ _459_/CLK (sky130_fd_sc_hd__dfrtp_1)
                                  0.250000    0.492242   clock uncertainty
                                  0.000000    0.492242   clock reconvergence pessimism
                                 -0.029618    0.462623   library hold time
                                              0.462623   data required time
---------------------------------------------------------------------------------------------
                                              0.462623   data required time
                                             -0.672002   data arrival time
---------------------------------------------------------------------------------------------
                                              0.209379   slack (MET)


Startpoint: _456_ (rising edge-triggered flip-flop clocked by clk)
Endpoint: _456_ (rising edge-triggered flip-flop clocked by clk)
Path Group: clk
Path Type: min

Fanout         Cap        Slew       Delay        Time   Description
---------------------------------------------------------------------------------------------
                                  0.000000    0.000000   clock clk (rise edge)
                                  0.000000    0.000000   clock source latency
     1    0.017235    0.062552    0.042611    0.042611 ^ clk (in)
                                                         clk (net)
                      0.062562    0.000000    0.042611 ^ clkbuf_0_clk/A (sky130_fd_sc_hd__clkbuf_16)
     4    0.039010    0.044516    0.105087    0.147698 ^ clkbuf_0_clk/X (sky130_fd_sc_hd__clkbuf_16)
                                                         clknet_0_clk (net)
                      0.044558    0.001148    0.148846 ^ clkbuf_2_2__f_clk/A (sky130_fd_sc_hd__clkbuf_16)
     9    0.028601    0.037126    0.094110    0.242956 ^ clkbuf_2_2__f_clk/X (sky130_fd_sc_hd__clkbuf_16)
                                                         clknet_2_2__leaf_clk (net)
                      0.037130    0.000389    0.243345 ^ _456_/CLK (sky130_fd_sc_hd__dfrtp_1)
     3    0.009560    0.071850    0.231801    0.475146 ^ _456_/Q (sky130_fd_sc_hd__dfrtp_1)
                                                         net50 (net)
                      0.071850    0.000139    0.475285 ^ _242_/B (sky130_fd_sc_hd__or2_1)
     1    0.002526    0.027657    0.065143    0.540427 ^ _242_/X (sky130_fd_sc_hd__or2_1)
                                                         _050_ (net)
                      0.027657    0.000048    0.540475 ^ _243_/B (sky130_fd_sc_hd__nand2_1)
     3    0.009391    0.044498    0.048300    0.588776 v _243_/Y (sky130_fd_sc_hd__nand2_1)
                                                         _051_ (net)
                      0.044500    0.000234    0.589009 v _346_/B1 (sky130_fd_sc_hd__a21oi_1)
     1    0.004258    0.061609    0.065858    0.654868 ^ _346_/Y (sky130_fd_sc_hd__a21oi_1)
                                                         _154_ (net)
                      0.061609    0.000140    0.655007 ^ _367_/A (sky130_fd_sc_hd__nor2_1)
     1    0.002769    0.015966    0.029452    0.684459 v _367_/Y (sky130_fd_sc_hd__nor2_1)
                                                         adder.cla_blocks[6].block.sum[0] (net)
                      0.015967    0.000082    0.684541 v _456_/D (sky130_fd_sc_hd__dfrtp_1)
                                              0.684541   data arrival time

                                  0.000000    0.000000   clock clk (rise edge)
                                  0.000000    0.000000   clock source latency
     1    0.017235    0.062552    0.042611    0.042611 ^ clk (in)
                                                         clk (net)
                      0.062562    0.000000    0.042611 ^ clkbuf_0_clk/A (sky130_fd_sc_hd__clkbuf_16)
     4    0.039010    0.044516    0.105087    0.147698 ^ clkbuf_0_clk/X (sky130_fd_sc_hd__clkbuf_16)
                                                         clknet_0_clk (net)
                      0.044558    0.001148    0.148846 ^ clkbuf_2_2__f_clk/A (sky130_fd_sc_hd__clkbuf_16)
     9    0.028601    0.037126    0.094110    0.242956 ^ clkbuf_2_2__f_clk/X (sky130_fd_sc_hd__clkbuf_16)
                                                         clknet_2_2__leaf_clk (net)
                      0.037130    0.000389    0.243345 ^ _456_/CLK (sky130_fd_sc_hd__dfrtp_1)
                                  0.250000    0.493345   clock uncertainty
                                  0.000000    0.493345   clock reconvergence pessimism
                                 -0.026567    0.466777   library hold time
                                              0.466777   data required time
---------------------------------------------------------------------------------------------
                                              0.466777   data required time
                                             -0.684541   data arrival time
---------------------------------------------------------------------------------------------
                                              0.217764   slack (MET)


Startpoint: _440_ (rising edge-triggered flip-flop clocked by clk)
Endpoint: _440_ (rising edge-triggered flip-flop clocked by clk)
Path Group: clk
Path Type: min

Fanout         Cap        Slew       Delay        Time   Description
---------------------------------------------------------------------------------------------
                                  0.000000    0.000000   clock clk (rise edge)
                                  0.000000    0.000000   clock source latency
     1    0.017235    0.062552    0.042611    0.042611 ^ clk (in)
                                                         clk (net)
                      0.062562    0.000000    0.042611 ^ clkbuf_0_clk/A (sky130_fd_sc_hd__clkbuf_16)
     4    0.039010    0.044516    0.105087    0.147698 ^ clkbuf_0_clk/X (sky130_fd_sc_hd__clkbuf_16)
                                                         clknet_0_clk (net)
                      0.044547    0.000998    0.148696 ^ clkbuf_2_1__f_clk/A (sky130_fd_sc_hd__clkbuf_16)
     9    0.026995    0.035975    0.093101    0.241797 ^ clkbuf_2_1__f_clk/X (sky130_fd_sc_hd__clkbuf_16)
                                                         clknet_2_1__leaf_clk (net)
                      0.035988    0.000606    0.242402 ^ _440_/CLK (sky130_fd_sc_hd__dfrtp_1)
     3    0.008882    0.067697    0.228202    0.470605 ^ _440_/Q (sky130_fd_sc_hd__dfrtp_1)
                                                         net64 (net)
                      0.067697    0.000180    0.470785 ^ _258_/B (sky130_fd_sc_hd__or2_1)
     1    0.002705    0.028639    0.065414    0.536199 ^ _258_/X (sky130_fd_sc_hd__or2_1)
                                                         _066_ (net)
                      0.028639    0.000078    0.536277 ^ _259_/B (sky130_fd_sc_hd__nand2_1)
     3    0.008403    0.040468    0.045466    0.581742 v _259_/Y (sky130_fd_sc_hd__nand2_1)
                                                         _067_ (net)
                      0.040481    0.000170    0.581913 v _398_/A (sky130_fd_sc_hd__nand3_1)
     1    0.002545    0.034635    0.045786    0.627699 ^ _398_/Y (sky130_fd_sc_hd__nand3_1)
                                                         _186_ (net)
                      0.034635    0.000073    0.627771 ^ _399_/B (sky130_fd_sc_hd__and2_1)
     1    0.002893    0.033073    0.073082    0.700853 ^ _399_/X (sky130_fd_sc_hd__and2_1)
                                                         adder.cla_blocks[2].block.sum[0] (net)
                      0.033073    0.000087    0.700941 ^ _440_/D (sky130_fd_sc_hd__dfrtp_1)
                                              0.700941   data arrival time

                                  0.000000    0.000000   clock clk (rise edge)
                                  0.000000    0.000000   clock source latency
     1    0.017235    0.062552    0.042611    0.042611 ^ clk (in)
                                                         clk (net)
                      0.062562    0.000000    0.042611 ^ clkbuf_0_clk/A (sky130_fd_sc_hd__clkbuf_16)
     4    0.039010    0.044516    0.105087    0.147698 ^ clkbuf_0_clk/X (sky130_fd_sc_hd__clkbuf_16)
                                                         clknet_0_clk (net)
                      0.044547    0.000998    0.148696 ^ clkbuf_2_1__f_clk/A (sky130_fd_sc_hd__clkbuf_16)
     9    0.026995    0.035975    0.093101    0.241797 ^ clkbuf_2_1__f_clk/X (sky130_fd_sc_hd__clkbuf_16)
                                                         clknet_2_1__leaf_clk (net)
                      0.035988    0.000606    0.242402 ^ _440_/CLK (sky130_fd_sc_hd__dfrtp_1)
                                  0.250000    0.492402   clock uncertainty
                                  0.000000    0.492402   clock reconvergence pessimism
                                 -0.019816    0.472586   library hold time
                                              0.472586   data required time
---------------------------------------------------------------------------------------------
                                              0.472586   data required time
                                             -0.700941   data arrival time
---------------------------------------------------------------------------------------------
                                              0.228354   slack (MET)


Startpoint: _448_ (rising edge-triggered flip-flop clocked by clk)
Endpoint: _448_ (rising edge-triggered flip-flop clocked by clk)
Path Group: clk
Path Type: min

Fanout         Cap        Slew       Delay        Time   Description
---------------------------------------------------------------------------------------------
                                  0.000000    0.000000   clock clk (rise edge)
                                  0.000000    0.000000   clock source latency
     1    0.017235    0.062552    0.042611    0.042611 ^ clk (in)
                                                         clk (net)
                      0.062562    0.000000    0.042611 ^ clkbuf_0_clk/A (sky130_fd_sc_hd__clkbuf_16)
     4    0.039010    0.044516    0.105087    0.147698 ^ clkbuf_0_clk/X (sky130_fd_sc_hd__clkbuf_16)
                                                         clknet_0_clk (net)
                      0.044547    0.001004    0.148702 ^ clkbuf_2_0__f_clk/A (sky130_fd_sc_hd__clkbuf_16)
     9    0.030602    0.038492    0.095470    0.244172 ^ clkbuf_2_0__f_clk/X (sky130_fd_sc_hd__clkbuf_16)
                                                         clknet_2_0__leaf_clk (net)
                      0.038495    0.000399    0.244571 ^ _448_/CLK (sky130_fd_sc_hd__dfrtp_1)
     4    0.012121    0.087188    0.244060    0.488631 ^ _448_/Q (sky130_fd_sc_hd__dfrtp_1)
                                                         net41 (net)
                      0.087188    0.000290    0.488921 ^ _319_/B (sky130_fd_sc_hd__or2_1)
     1    0.001926    0.024453    0.064399    0.553320 ^ _319_/X (sky130_fd_sc_hd__or2_1)
                                                         _127_ (net)
                      0.024453    0.000038    0.553358 ^ _320_/B (sky130_fd_sc_hd__and2_1)
     3    0.010844    0.086248    0.110352    0.663710 ^ _320_/X (sky130_fd_sc_hd__and2_1)
                                                         _128_ (net)
                      0.086248    0.000247    0.663957 ^ _383_/B (sky130_fd_sc_hd__xor2_1)
     1    0.002978    0.025667    0.041298    0.705255 v _383_/X (sky130_fd_sc_hd__xor2_1)
                                                         adder.cla_blocks[4].block.sum[0] (net)
                      0.025667    0.000065    0.705319 v _448_/D (sky130_fd_sc_hd__dfrtp_1)
                                              0.705319   data arrival time

                                  0.000000    0.000000   clock clk (rise edge)
                                  0.000000    0.000000   clock source latency
     1    0.017235    0.062552    0.042611    0.042611 ^ clk (in)
                                                         clk (net)
                      0.062562    0.000000    0.042611 ^ clkbuf_0_clk/A (sky130_fd_sc_hd__clkbuf_16)
     4    0.039010    0.044516    0.105087    0.147698 ^ clkbuf_0_clk/X (sky130_fd_sc_hd__clkbuf_16)
                                                         clknet_0_clk (net)
                      0.044547    0.001004    0.148702 ^ clkbuf_2_0__f_clk/A (sky130_fd_sc_hd__clkbuf_16)
     9    0.030602    0.038492    0.095470    0.244172 ^ clkbuf_2_0__f_clk/X (sky130_fd_sc_hd__clkbuf_16)
                                                         clknet_2_0__leaf_clk (net)
                      0.038495    0.000399    0.244571 ^ _448_/CLK (sky130_fd_sc_hd__dfrtp_1)
                                  0.250000    0.494571   clock uncertainty
                                  0.000000    0.494571   clock reconvergence pessimism
                                 -0.029586    0.464984   library hold time
                                              0.464984   data required time
---------------------------------------------------------------------------------------------
                                              0.464984   data required time
                                             -0.705319   data arrival time
---------------------------------------------------------------------------------------------
                                              0.240335   slack (MET)


Startpoint: _444_ (rising edge-triggered flip-flop clocked by clk)
Endpoint: _444_ (rising edge-triggered flip-flop clocked by clk)
Path Group: clk
Path Type: min

Fanout         Cap        Slew       Delay        Time   Description
---------------------------------------------------------------------------------------------
                                  0.000000    0.000000   clock clk (rise edge)
                                  0.000000    0.000000   clock source latency
     1    0.017235    0.062552    0.042611    0.042611 ^ clk (in)
                                                         clk (net)
                      0.062562    0.000000    0.042611 ^ clkbuf_0_clk/A (sky130_fd_sc_hd__clkbuf_16)
     4    0.039010    0.044516    0.105087    0.147698 ^ clkbuf_0_clk/X (sky130_fd_sc_hd__clkbuf_16)
                                                         clknet_0_clk (net)
                      0.044547    0.000998    0.148696 ^ clkbuf_2_1__f_clk/A (sky130_fd_sc_hd__clkbuf_16)
     9    0.026995    0.035975    0.093101    0.241797 ^ clkbuf_2_1__f_clk/X (sky130_fd_sc_hd__clkbuf_16)
                                                         clknet_2_1__leaf_clk (net)
                      0.035986    0.000566    0.242363 ^ _444_/CLK (sky130_fd_sc_hd__dfrtp_1)
     4    0.013934    0.061592    0.260666    0.503030 v _444_/Q (sky130_fd_sc_hd__dfrtp_1)
                                                         net37 (net)
                      0.061592    0.000308    0.503338 v _304_/B (sky130_fd_sc_hd__nand2_1)
     2    0.004416    0.038623    0.062866    0.566204 ^ _304_/Y (sky130_fd_sc_hd__nand2_1)
                                                         _112_ (net)
                      0.038623    0.000060    0.566263 ^ _306_/A (sky130_fd_sc_hd__and2_1)
     3    0.011576    0.091386    0.114215    0.680478 ^ _306_/X (sky130_fd_sc_hd__and2_1)
                                                         _114_ (net)
                      0.091386    0.000166    0.680644 ^ _391_/B (sky130_fd_sc_hd__xor2_1)
     1    0.003703    0.027540    0.044726    0.725370 v _391_/X (sky130_fd_sc_hd__xor2_1)
                                                         adder.cla_blocks[3].block.sum[0] (net)
                      0.027540    0.000126    0.725496 v _444_/D (sky130_fd_sc_hd__dfrtp_1)
                                              0.725496   data arrival time

                                  0.000000    0.000000   clock clk (rise edge)
                                  0.000000    0.000000   clock source latency
     1    0.017235    0.062552    0.042611    0.042611 ^ clk (in)
                                                         clk (net)
                      0.062562    0.000000    0.042611 ^ clkbuf_0_clk/A (sky130_fd_sc_hd__clkbuf_16)
     4    0.039010    0.044516    0.105087    0.147698 ^ clkbuf_0_clk/X (sky130_fd_sc_hd__clkbuf_16)
                                                         clknet_0_clk (net)
                      0.044547    0.000998    0.148696 ^ clkbuf_2_1__f_clk/A (sky130_fd_sc_hd__clkbuf_16)
     9    0.026995    0.035975    0.093101    0.241797 ^ clkbuf_2_1__f_clk/X (sky130_fd_sc_hd__clkbuf_16)
                                                         clknet_2_1__leaf_clk (net)
                      0.035986    0.000566    0.242363 ^ _444_/CLK (sky130_fd_sc_hd__dfrtp_1)
                                  0.250000    0.492363   clock uncertainty
                                  0.000000    0.492363   clock reconvergence pessimism
                                 -0.030442    0.461921   library hold time
                                              0.461921   data required time
---------------------------------------------------------------------------------------------
                                              0.461921   data required time
                                             -0.725496   data arrival time
---------------------------------------------------------------------------------------------
                                              0.263575   slack (MET)


Startpoint: rst (input port clocked by clk)
Endpoint: _460_ (removal check against rising-edge clock clk)
Path Group: asynchronous
Path Type: min

Fanout         Cap        Slew       Delay        Time   Description
---------------------------------------------------------------------------------------------
                                  0.000000    0.000000   clock clk (rise edge)
                                  0.000000    0.000000   clock network delay (propagated)
                                  4.000000    4.000000 v input external delay
     1    0.002575    0.004392    0.002081    4.002080 v rst (in)
                                                         rst (net)
                      0.004392    0.000000    4.002080 v input33/A (sky130_fd_sc_hd__dlymetal6s2s_1)
     4    0.023756    0.087930    0.130058    4.132139 v input33/X (sky130_fd_sc_hd__dlymetal6s2s_1)
                                                         net33 (net)
                      0.088018    0.001847    4.133986 v fanout69/A (sky130_fd_sc_hd__buf_2)
     6    0.033414    0.061714    0.139364    4.273350 v fanout69/X (sky130_fd_sc_hd__buf_2)
                                                         net69 (net)
                      0.061719    0.000614    4.273964 v _219_/A (sky130_fd_sc_hd__inv_2)
     1    0.003802    0.025146    0.040770    4.314734 ^ _219_/Y (sky130_fd_sc_hd__inv_2)
                                                         _028_ (net)
                      0.025146    0.000073    4.314807 ^ _460_/RESET_B (sky130_fd_sc_hd__dfrtp_1)
                                              4.314807   data arrival time

                                  0.000000    0.000000   clock clk (rise edge)
                                  0.000000    0.000000   clock source latency
     1    0.017235    0.062552    0.042611    0.042611 ^ clk (in)
                                                         clk (net)
                      0.062562    0.000000    0.042611 ^ clkbuf_0_clk/A (sky130_fd_sc_hd__clkbuf_16)
     4    0.039010    0.044516    0.105087    0.147698 ^ clkbuf_0_clk/X (sky130_fd_sc_hd__clkbuf_16)
                                                         clknet_0_clk (net)
                      0.044548    0.001013    0.148711 ^ clkbuf_2_3__f_clk/A (sky130_fd_sc_hd__clkbuf_16)
     8    0.026745    0.035798    0.092946    0.241657 ^ clkbuf_2_3__f_clk/X (sky130_fd_sc_hd__clkbuf_16)
                                                         clknet_2_3__leaf_clk (net)
                      0.035802    0.000386    0.242043 ^ _460_/CLK (sky130_fd_sc_hd__dfrtp_1)
                                  0.250000    0.492043   clock uncertainty
                                  0.000000    0.492043   clock reconvergence pessimism
                                  0.196272    0.688315   library removal time
                                              0.688315   data required time
---------------------------------------------------------------------------------------------
                                              0.688315   data required time
                                             -4.314807   data arrival time
---------------------------------------------------------------------------------------------
                                              3.626492   slack (MET)


Startpoint: rst (input port clocked by clk)
Endpoint: _434_ (removal check against rising-edge clock clk)
Path Group: asynchronous
Path Type: min

Fanout         Cap        Slew       Delay        Time   Description
---------------------------------------------------------------------------------------------
                                  0.000000    0.000000   clock clk (rise edge)
                                  0.000000    0.000000   clock network delay (propagated)
                                  4.000000    4.000000 v input external delay
     1    0.002575    0.004392    0.002081    4.002080 v rst (in)
                                                         rst (net)
                      0.004392    0.000000    4.002080 v input33/A (sky130_fd_sc_hd__dlymetal6s2s_1)
     4    0.023756    0.087930    0.130058    4.132139 v input33/X (sky130_fd_sc_hd__dlymetal6s2s_1)
                                                         net33 (net)
                      0.088018    0.001847    4.133986 v fanout69/A (sky130_fd_sc_hd__buf_2)
     6    0.033414    0.061714    0.139364    4.273350 v fanout69/X (sky130_fd_sc_hd__buf_2)
                                                         net69 (net)
                      0.061715    0.000365    4.273715 v _425_/A (sky130_fd_sc_hd__inv_2)
     1    0.003943    0.025494    0.041260    4.314975 ^ _425_/Y (sky130_fd_sc_hd__inv_2)
                                                         _002_ (net)
                      0.025494    0.000079    4.315055 ^ _434_/RESET_B (sky130_fd_sc_hd__dfrtp_1)
                                              4.315055   data arrival time

                                  0.000000    0.000000   clock clk (rise edge)
                                  0.000000    0.000000   clock source latency
     1    0.017235    0.062552    0.042611    0.042611 ^ clk (in)
                                                         clk (net)
                      0.062562    0.000000    0.042611 ^ clkbuf_0_clk/A (sky130_fd_sc_hd__clkbuf_16)
     4    0.039010    0.044516    0.105087    0.147698 ^ clkbuf_0_clk/X (sky130_fd_sc_hd__clkbuf_16)
                                                         clknet_0_clk (net)
                      0.044548    0.001013    0.148711 ^ clkbuf_2_3__f_clk/A (sky130_fd_sc_hd__clkbuf_16)
     8    0.026745    0.035798    0.092946    0.241657 ^ clkbuf_2_3__f_clk/X (sky130_fd_sc_hd__clkbuf_16)
                                                         clknet_2_3__leaf_clk (net)
                      0.035802    0.000407    0.242064 ^ _434_/CLK (sky130_fd_sc_hd__dfrtp_1)
                                  0.250000    0.492064   clock uncertainty
                                  0.000000    0.492064   clock reconvergence pessimism
                                  0.196363    0.688427   library removal time
                                              0.688427   data required time
---------------------------------------------------------------------------------------------
                                              0.688427   data required time
                                             -4.315055   data arrival time
---------------------------------------------------------------------------------------------
                                              3.626628   slack (MET)


Startpoint: rst (input port clocked by clk)
Endpoint: _461_ (removal check against rising-edge clock clk)
Path Group: asynchronous
Path Type: min

Fanout         Cap        Slew       Delay        Time   Description
---------------------------------------------------------------------------------------------
                                  0.000000    0.000000   clock clk (rise edge)
                                  0.000000    0.000000   clock network delay (propagated)
                                  4.000000    4.000000 v input external delay
     1    0.002575    0.004392    0.002081    4.002080 v rst (in)
                                                         rst (net)
                      0.004392    0.000000    4.002080 v input33/A (sky130_fd_sc_hd__dlymetal6s2s_1)
     4    0.023756    0.087930    0.130058    4.132139 v input33/X (sky130_fd_sc_hd__dlymetal6s2s_1)
                                                         net33 (net)
                      0.088018    0.001847    4.133986 v fanout69/A (sky130_fd_sc_hd__buf_2)
     6    0.033414    0.061714    0.139364    4.273350 v fanout69/X (sky130_fd_sc_hd__buf_2)
                                                         net69 (net)
                      0.061722    0.000720    4.274071 v _220_/A (sky130_fd_sc_hd__inv_2)
     1    0.004153    0.026036    0.041988    4.316059 ^ _220_/Y (sky130_fd_sc_hd__inv_2)
                                                         _029_ (net)
                      0.026036    0.000086    4.316144 ^ _461_/RESET_B (sky130_fd_sc_hd__dfrtp_1)
                                              4.316144   data arrival time

                                  0.000000    0.000000   clock clk (rise edge)
                                  0.000000    0.000000   clock source latency
     1    0.017235    0.062552    0.042611    0.042611 ^ clk (in)
                                                         clk (net)
                      0.062562    0.000000    0.042611 ^ clkbuf_0_clk/A (sky130_fd_sc_hd__clkbuf_16)
     4    0.039010    0.044516    0.105087    0.147698 ^ clkbuf_0_clk/X (sky130_fd_sc_hd__clkbuf_16)
                                                         clknet_0_clk (net)
                      0.044548    0.001013    0.148711 ^ clkbuf_2_3__f_clk/A (sky130_fd_sc_hd__clkbuf_16)
     8    0.026745    0.035798    0.092946    0.241657 ^ clkbuf_2_3__f_clk/X (sky130_fd_sc_hd__clkbuf_16)
                                                         clknet_2_3__leaf_clk (net)
                      0.035801    0.000365    0.242022 ^ _461_/CLK (sky130_fd_sc_hd__dfrtp_1)
                                  0.250000    0.492022   clock uncertainty
                                  0.000000    0.492022   clock reconvergence pessimism
                                  0.196503    0.688526   library removal time
                                              0.688526   data required time
---------------------------------------------------------------------------------------------
                                              0.688526   data required time
                                             -4.316144   data arrival time
---------------------------------------------------------------------------------------------
                                              3.627619   slack (MET)


Startpoint: rst (input port clocked by clk)
Endpoint: _432_ (removal check against rising-edge clock clk)
Path Group: asynchronous
Path Type: min

Fanout         Cap        Slew       Delay        Time   Description
---------------------------------------------------------------------------------------------
                                  0.000000    0.000000   clock clk (rise edge)
                                  0.000000    0.000000   clock network delay (propagated)
                                  4.000000    4.000000 v input external delay
     1    0.002575    0.004392    0.002081    4.002080 v rst (in)
                                                         rst (net)
                      0.004392    0.000000    4.002080 v input33/A (sky130_fd_sc_hd__dlymetal6s2s_1)
     4    0.023756    0.087930    0.130058    4.132139 v input33/X (sky130_fd_sc_hd__dlymetal6s2s_1)
                                                         net33 (net)
                      0.088018    0.001847    4.133986 v fanout69/A (sky130_fd_sc_hd__buf_2)
     6    0.033414    0.061714    0.139364    4.273350 v fanout69/X (sky130_fd_sc_hd__buf_2)
                                                         net69 (net)
                      0.061734    0.001064    4.274415 v _223_/A (sky130_fd_sc_hd__inv_2)
     1    0.004103    0.025910    0.041819    4.316234 ^ _223_/Y (sky130_fd_sc_hd__inv_2)
                                                         _000_ (net)
                      0.025910    0.000084    4.316318 ^ _432_/RESET_B (sky130_fd_sc_hd__dfrtp_1)
                                              4.316318   data arrival time

                                  0.000000    0.000000   clock clk (rise edge)
                                  0.000000    0.000000   clock source latency
     1    0.017235    0.062552    0.042611    0.042611 ^ clk (in)
                                                         clk (net)
                      0.062562    0.000000    0.042611 ^ clkbuf_0_clk/A (sky130_fd_sc_hd__clkbuf_16)
     4    0.039010    0.044516    0.105087    0.147698 ^ clkbuf_0_clk/X (sky130_fd_sc_hd__clkbuf_16)
                                                         clknet_0_clk (net)
                      0.044548    0.001013    0.148711 ^ clkbuf_2_3__f_clk/A (sky130_fd_sc_hd__clkbuf_16)
     8    0.026745    0.035798    0.092946    0.241657 ^ clkbuf_2_3__f_clk/X (sky130_fd_sc_hd__clkbuf_16)
                                                         clknet_2_3__leaf_clk (net)
                      0.035802    0.000386    0.242044 ^ _432_/CLK (sky130_fd_sc_hd__dfrtp_1)
                                  0.250000    0.492044   clock uncertainty
                                  0.000000    0.492044   clock reconvergence pessimism
                                  0.196470    0.688514   library removal time
                                              0.688514   data required time
---------------------------------------------------------------------------------------------
                                              0.688514   data required time
                                             -4.316318   data arrival time
---------------------------------------------------------------------------------------------
                                              3.627804   slack (MET)


Startpoint: rst (input port clocked by clk)
Endpoint: _463_ (removal check against rising-edge clock clk)
Path Group: asynchronous
Path Type: min

Fanout         Cap        Slew       Delay        Time   Description
---------------------------------------------------------------------------------------------
                                  0.000000    0.000000   clock clk (rise edge)
                                  0.000000    0.000000   clock network delay (propagated)
                                  4.000000    4.000000 v input external delay
     1    0.002575    0.004392    0.002081    4.002080 v rst (in)
                                                         rst (net)
                      0.004392    0.000000    4.002080 v input33/A (sky130_fd_sc_hd__dlymetal6s2s_1)
     4    0.023756    0.087930    0.130058    4.132139 v input33/X (sky130_fd_sc_hd__dlymetal6s2s_1)
                                                         net33 (net)
                      0.088018    0.001847    4.133986 v fanout69/A (sky130_fd_sc_hd__buf_2)
     6    0.033414    0.061714    0.139364    4.273350 v fanout69/X (sky130_fd_sc_hd__buf_2)
                                                         net69 (net)
                      0.061741    0.001208    4.274559 v _222_/A (sky130_fd_sc_hd__inv_2)
     1    0.004153    0.026041    0.041994    4.316553 ^ _222_/Y (sky130_fd_sc_hd__inv_2)
                                                         _031_ (net)
                      0.026041    0.000084    4.316638 ^ _463_/RESET_B (sky130_fd_sc_hd__dfrtp_1)
                                              4.316638   data arrival time

                                  0.000000    0.000000   clock clk (rise edge)
                                  0.000000    0.000000   clock source latency
     1    0.017235    0.062552    0.042611    0.042611 ^ clk (in)
                                                         clk (net)
                      0.062562    0.000000    0.042611 ^ clkbuf_0_clk/A (sky130_fd_sc_hd__clkbuf_16)
     4    0.039010    0.044516    0.105087    0.147698 ^ clkbuf_0_clk/X (sky130_fd_sc_hd__clkbuf_16)
                                                         clknet_0_clk (net)
                      0.044548    0.001013    0.148711 ^ clkbuf_2_3__f_clk/A (sky130_fd_sc_hd__clkbuf_16)
     8    0.026745    0.035798    0.092946    0.241657 ^ clkbuf_2_3__f_clk/X (sky130_fd_sc_hd__clkbuf_16)
                                                         clknet_2_3__leaf_clk (net)
                      0.035804    0.000450    0.242108 ^ _463_/CLK (sky130_fd_sc_hd__dfrtp_1)
                                  0.250000    0.492108   clock uncertainty
                                  0.000000    0.492108   clock reconvergence pessimism
                                  0.196505    0.688612   library removal time
                                              0.688612   data required time
---------------------------------------------------------------------------------------------
                                              0.688612   data required time
                                             -4.316638   data arrival time
---------------------------------------------------------------------------------------------
                                              3.628025   slack (MET)


Startpoint: rst (input port clocked by clk)
Endpoint: _462_ (removal check against rising-edge clock clk)
Path Group: asynchronous
Path Type: min

Fanout         Cap        Slew       Delay        Time   Description
---------------------------------------------------------------------------------------------
                                  0.000000    0.000000   clock clk (rise edge)
                                  0.000000    0.000000   clock network delay (propagated)
                                  4.000000    4.000000 v input external delay
     1    0.002575    0.004392    0.002081    4.002080 v rst (in)
                                                         rst (net)
                      0.004392    0.000000    4.002080 v input33/A (sky130_fd_sc_hd__dlymetal6s2s_1)
     4    0.023756    0.087930    0.130058    4.132139 v input33/X (sky130_fd_sc_hd__dlymetal6s2s_1)
                                                         net33 (net)
                      0.088018    0.001847    4.133986 v fanout69/A (sky130_fd_sc_hd__buf_2)
     6    0.033414    0.061714    0.139364    4.273350 v fanout69/X (sky130_fd_sc_hd__buf_2)
                                                         net69 (net)
                      0.061754    0.001430    4.274781 v _221_/A (sky130_fd_sc_hd__inv_2)
     1    0.004250    0.026301    0.042331    4.317111 ^ _221_/Y (sky130_fd_sc_hd__inv_2)
                                                         _030_ (net)
                      0.026301    0.000091    4.317203 ^ _462_/RESET_B (sky130_fd_sc_hd__dfrtp_1)
                                              4.317203   data arrival time

                                  0.000000    0.000000   clock clk (rise edge)
                                  0.000000    0.000000   clock source latency
     1    0.017235    0.062552    0.042611    0.042611 ^ clk (in)
                                                         clk (net)
                      0.062562    0.000000    0.042611 ^ clkbuf_0_clk/A (sky130_fd_sc_hd__clkbuf_16)
     4    0.039010    0.044516    0.105087    0.147698 ^ clkbuf_0_clk/X (sky130_fd_sc_hd__clkbuf_16)
                                                         clknet_0_clk (net)
                      0.044548    0.001013    0.148711 ^ clkbuf_2_3__f_clk/A (sky130_fd_sc_hd__clkbuf_16)
     8    0.026745    0.035798    0.092946    0.241657 ^ clkbuf_2_3__f_clk/X (sky130_fd_sc_hd__clkbuf_16)
                                                         clknet_2_3__leaf_clk (net)
                      0.035808    0.000552    0.242209 ^ _462_/CLK (sky130_fd_sc_hd__dfrtp_1)
                                  0.250000    0.492209   clock uncertainty
                                  0.000000    0.492209   clock reconvergence pessimism
                                  0.196573    0.688782   library removal time
                                              0.688782   data required time
---------------------------------------------------------------------------------------------
                                              0.688782   data required time
                                             -4.317203   data arrival time
---------------------------------------------------------------------------------------------
                                              3.628421   slack (MET)


Startpoint: rst (input port clocked by clk)
Endpoint: _438_ (removal check against rising-edge clock clk)
Path Group: asynchronous
Path Type: min

Fanout         Cap        Slew       Delay        Time   Description
---------------------------------------------------------------------------------------------
                                  0.000000    0.000000   clock clk (rise edge)
                                  0.000000    0.000000   clock network delay (propagated)
                                  4.000000    4.000000 v input external delay
     1    0.002575    0.004392    0.002081    4.002080 v rst (in)
                                                         rst (net)
                      0.004392    0.000000    4.002080 v input33/A (sky130_fd_sc_hd__dlymetal6s2s_1)
     4    0.023756    0.087930    0.130058    4.132139 v input33/X (sky130_fd_sc_hd__dlymetal6s2s_1)
                                                         net33 (net)
                      0.088028    0.002009    4.134148 v fanout67/A (sky130_fd_sc_hd__buf_2)
     6    0.036331    0.065935    0.142563    4.276711 v fanout67/X (sky130_fd_sc_hd__buf_2)
                                                         net67 (net)
                      0.065947    0.000867    4.277578 v _429_/A (sky130_fd_sc_hd__inv_2)
     1    0.004020    0.026479    0.042716    4.320295 ^ _429_/Y (sky130_fd_sc_hd__inv_2)
                                                         _006_ (net)
                      0.026479    0.000079    4.320374 ^ _438_/RESET_B (sky130_fd_sc_hd__dfrtp_1)
                                              4.320374   data arrival time

                                  0.000000    0.000000   clock clk (rise edge)
                                  0.000000    0.000000   clock source latency
     1    0.017235    0.062552    0.042611    0.042611 ^ clk (in)
                                                         clk (net)
                      0.062562    0.000000    0.042611 ^ clkbuf_0_clk/A (sky130_fd_sc_hd__clkbuf_16)
     4    0.039010    0.044516    0.105087    0.147698 ^ clkbuf_0_clk/X (sky130_fd_sc_hd__clkbuf_16)
                                                         clknet_0_clk (net)
                      0.044547    0.001004    0.148702 ^ clkbuf_2_0__f_clk/A (sky130_fd_sc_hd__clkbuf_16)
     9    0.030602    0.038492    0.095470    0.244172 ^ clkbuf_2_0__f_clk/X (sky130_fd_sc_hd__clkbuf_16)
                                                         clknet_2_0__leaf_clk (net)
                      0.038495    0.000426    0.244598 ^ _438_/CLK (sky130_fd_sc_hd__dfrtp_1)
                                  0.250000    0.494598   clock uncertainty
                                  0.000000    0.494598   clock reconvergence pessimism
                                  0.196990    0.691588   library removal time
                                              0.691588   data required time
---------------------------------------------------------------------------------------------
                                              0.691588   data required time
                                             -4.320374   data arrival time
---------------------------------------------------------------------------------------------
                                              3.628786   slack (MET)


Startpoint: rst (input port clocked by clk)
Endpoint: _435_ (removal check against rising-edge clock clk)
Path Group: asynchronous
Path Type: min

Fanout         Cap        Slew       Delay        Time   Description
---------------------------------------------------------------------------------------------
                                  0.000000    0.000000   clock clk (rise edge)
                                  0.000000    0.000000   clock network delay (propagated)
                                  4.000000    4.000000 v input external delay
     1    0.002575    0.004392    0.002081    4.002080 v rst (in)
                                                         rst (net)
                      0.004392    0.000000    4.002080 v input33/A (sky130_fd_sc_hd__dlymetal6s2s_1)
     4    0.023756    0.087930    0.130058    4.132139 v input33/X (sky130_fd_sc_hd__dlymetal6s2s_1)
                                                         net33 (net)
                      0.088028    0.002009    4.134148 v fanout67/A (sky130_fd_sc_hd__buf_2)
     6    0.036331    0.065935    0.142563    4.276711 v fanout67/X (sky130_fd_sc_hd__buf_2)
                                                         net67 (net)
                      0.066018    0.002077    4.278788 v _426_/A (sky130_fd_sc_hd__inv_2)
     1    0.003824    0.025985    0.042035    4.320823 ^ _426_/Y (sky130_fd_sc_hd__inv_2)
                                                         _003_ (net)
                      0.025985    0.000075    4.320898 ^ _435_/RESET_B (sky130_fd_sc_hd__dfrtp_4)
                                              4.320898   data arrival time

                                  0.000000    0.000000   clock clk (rise edge)
                                  0.000000    0.000000   clock source latency
     1    0.017235    0.062552    0.042611    0.042611 ^ clk (in)
                                                         clk (net)
                      0.062562    0.000000    0.042611 ^ clkbuf_0_clk/A (sky130_fd_sc_hd__clkbuf_16)
     4    0.039010    0.044516    0.105087    0.147698 ^ clkbuf_0_clk/X (sky130_fd_sc_hd__clkbuf_16)
                                                         clknet_0_clk (net)
                      0.044547    0.000998    0.148696 ^ clkbuf_2_1__f_clk/A (sky130_fd_sc_hd__clkbuf_16)
     9    0.026995    0.035975    0.093101    0.241797 ^ clkbuf_2_1__f_clk/X (sky130_fd_sc_hd__clkbuf_16)
                                                         clknet_2_1__leaf_clk (net)
                      0.035985    0.000532    0.242329 ^ _435_/CLK (sky130_fd_sc_hd__dfrtp_4)
                                  0.250000    0.492329   clock uncertainty
                                  0.000000    0.492329   clock reconvergence pessimism
                                  0.197633    0.689962   library removal time
                                              0.689962   data required time
---------------------------------------------------------------------------------------------
                                              0.689962   data required time
                                             -4.320898   data arrival time
---------------------------------------------------------------------------------------------
                                              3.630936   slack (MET)


Startpoint: rst (input port clocked by clk)
Endpoint: _440_ (removal check against rising-edge clock clk)
Path Group: asynchronous
Path Type: min

Fanout         Cap        Slew       Delay        Time   Description
---------------------------------------------------------------------------------------------
                                  0.000000    0.000000   clock clk (rise edge)
                                  0.000000    0.000000   clock network delay (propagated)
                                  4.000000    4.000000 v input external delay
     1    0.002575    0.004392    0.002081    4.002080 v rst (in)
                                                         rst (net)
                      0.004392    0.000000    4.002080 v input33/A (sky130_fd_sc_hd__dlymetal6s2s_1)
     4    0.023756    0.087930    0.130058    4.132139 v input33/X (sky130_fd_sc_hd__dlymetal6s2s_1)
                                                         net33 (net)
                      0.088028    0.002009    4.134148 v fanout67/A (sky130_fd_sc_hd__buf_2)
     6    0.036331    0.065935    0.142563    4.276711 v fanout67/X (sky130_fd_sc_hd__buf_2)
                                                         net67 (net)
                      0.065966    0.001320    4.278031 v _431_/A (sky130_fd_sc_hd__inv_2)
     1    0.003958    0.026317    0.042514    4.320546 ^ _431_/Y (sky130_fd_sc_hd__inv_2)
                                                         _008_ (net)
                      0.026317    0.000044    4.320590 ^ _440_/RESET_B (sky130_fd_sc_hd__dfrtp_1)
                                              4.320590   data arrival time

                                  0.000000    0.000000   clock clk (rise edge)
                                  0.000000    0.000000   clock source latency
     1    0.017235    0.062552    0.042611    0.042611 ^ clk (in)
                                                         clk (net)
                      0.062562    0.000000    0.042611 ^ clkbuf_0_clk/A (sky130_fd_sc_hd__clkbuf_16)
     4    0.039010    0.044516    0.105087    0.147698 ^ clkbuf_0_clk/X (sky130_fd_sc_hd__clkbuf_16)
                                                         clknet_0_clk (net)
                      0.044547    0.000998    0.148696 ^ clkbuf_2_1__f_clk/A (sky130_fd_sc_hd__clkbuf_16)
     9    0.026995    0.035975    0.093101    0.241797 ^ clkbuf_2_1__f_clk/X (sky130_fd_sc_hd__clkbuf_16)
                                                         clknet_2_1__leaf_clk (net)
                      0.035988    0.000606    0.242402 ^ _440_/CLK (sky130_fd_sc_hd__dfrtp_1)
                                  0.250000    0.492402   clock uncertainty
                                  0.000000    0.492402   clock reconvergence pessimism
                                  0.196602    0.689005   library removal time
                                              0.689005   data required time
---------------------------------------------------------------------------------------------
                                              0.689005   data required time
                                             -4.320590   data arrival time
---------------------------------------------------------------------------------------------
                                              3.631585   slack (MET)


Startpoint: rst (input port clocked by clk)
Endpoint: _437_ (removal check against rising-edge clock clk)
Path Group: asynchronous
Path Type: min

Fanout         Cap        Slew       Delay        Time   Description
---------------------------------------------------------------------------------------------
                                  0.000000    0.000000   clock clk (rise edge)
                                  0.000000    0.000000   clock network delay (propagated)
                                  4.000000    4.000000 v input external delay
     1    0.002575    0.004392    0.002081    4.002080 v rst (in)
                                                         rst (net)
                      0.004392    0.000000    4.002080 v input33/A (sky130_fd_sc_hd__dlymetal6s2s_1)
     4    0.023756    0.087930    0.130058    4.132139 v input33/X (sky130_fd_sc_hd__dlymetal6s2s_1)
                                                         net33 (net)
                      0.088028    0.002009    4.134148 v fanout67/A (sky130_fd_sc_hd__buf_2)
     6    0.036331    0.065935    0.142563    4.276711 v fanout67/X (sky130_fd_sc_hd__buf_2)
                                                         net67 (net)
                      0.066001    0.001865    4.278576 v _428_/A (sky130_fd_sc_hd__inv_2)
     1    0.003996    0.026424    0.042644    4.321220 ^ _428_/Y (sky130_fd_sc_hd__inv_2)
                                                         _005_ (net)
                      0.026424    0.000080    4.321301 ^ _437_/RESET_B (sky130_fd_sc_hd__dfrtp_1)
                                              4.321301   data arrival time

                                  0.000000    0.000000   clock clk (rise edge)
                                  0.000000    0.000000   clock source latency
     1    0.017235    0.062552    0.042611    0.042611 ^ clk (in)
                                                         clk (net)
                      0.062562    0.000000    0.042611 ^ clkbuf_0_clk/A (sky130_fd_sc_hd__clkbuf_16)
     4    0.039010    0.044516    0.105087    0.147698 ^ clkbuf_0_clk/X (sky130_fd_sc_hd__clkbuf_16)
                                                         clknet_0_clk (net)
                      0.044547    0.000998    0.148696 ^ clkbuf_2_1__f_clk/A (sky130_fd_sc_hd__clkbuf_16)
     9    0.026995    0.035975    0.093101    0.241797 ^ clkbuf_2_1__f_clk/X (sky130_fd_sc_hd__clkbuf_16)
                                                         clknet_2_1__leaf_clk (net)
                      0.035979    0.000375    0.242171 ^ _437_/CLK (sky130_fd_sc_hd__dfrtp_1)
                                  0.250000    0.492171   clock uncertainty
                                  0.000000    0.492171   clock reconvergence pessimism
                                  0.196629    0.688800   library removal time
                                              0.688800   data required time
---------------------------------------------------------------------------------------------
                                              0.688800   data required time
                                             -4.321301   data arrival time
---------------------------------------------------------------------------------------------
                                              3.632501   slack (MET)


Startpoint: rst (input port clocked by clk)
Endpoint: _439_ (removal check against rising-edge clock clk)
Path Group: asynchronous
Path Type: min

Fanout         Cap        Slew       Delay        Time   Description
---------------------------------------------------------------------------------------------
                                  0.000000    0.000000   clock clk (rise edge)
                                  0.000000    0.000000   clock network delay (propagated)
                                  4.000000    4.000000 v input external delay
     1    0.002575    0.004392    0.002081    4.002080 v rst (in)
                                                         rst (net)
                      0.004392    0.000000    4.002080 v input33/A (sky130_fd_sc_hd__dlymetal6s2s_1)
     4    0.023756    0.087930    0.130058    4.132139 v input33/X (sky130_fd_sc_hd__dlymetal6s2s_1)
                                                         net33 (net)
                      0.088028    0.002009    4.134148 v fanout67/A (sky130_fd_sc_hd__buf_2)
     6    0.036331    0.065935    0.142563    4.276711 v fanout67/X (sky130_fd_sc_hd__buf_2)
                                                         net67 (net)
                      0.066008    0.001950    4.278661 v _430_/A (sky130_fd_sc_hd__inv_2)
     1    0.003988    0.026399    0.042635    4.321295 ^ _430_/Y (sky130_fd_sc_hd__inv_2)
                                                         _007_ (net)
                      0.026399    0.000044    4.321340 ^ _439_/RESET_B (sky130_fd_sc_hd__dfrtp_1)
                                              4.321340   data arrival time

                                  0.000000    0.000000   clock clk (rise edge)
                                  0.000000    0.000000   clock source latency
     1    0.017235    0.062552    0.042611    0.042611 ^ clk (in)
                                                         clk (net)
                      0.062562    0.000000    0.042611 ^ clkbuf_0_clk/A (sky130_fd_sc_hd__clkbuf_16)
     4    0.039010    0.044516    0.105087    0.147698 ^ clkbuf_0_clk/X (sky130_fd_sc_hd__clkbuf_16)
                                                         clknet_0_clk (net)
                      0.044547    0.000998    0.148696 ^ clkbuf_2_1__f_clk/A (sky130_fd_sc_hd__clkbuf_16)
     9    0.026995    0.035975    0.093101    0.241797 ^ clkbuf_2_1__f_clk/X (sky130_fd_sc_hd__clkbuf_16)
                                                         clknet_2_1__leaf_clk (net)
                      0.035980    0.000399    0.242196 ^ _439_/CLK (sky130_fd_sc_hd__dfrtp_1)
                                  0.250000    0.492196   clock uncertainty
                                  0.000000    0.492196   clock reconvergence pessimism
                                  0.196622    0.688818   library removal time
                                              0.688818   data required time
---------------------------------------------------------------------------------------------
                                              0.688818   data required time
                                             -4.321340   data arrival time
---------------------------------------------------------------------------------------------
                                              3.632521   slack (MET)


Startpoint: rst (input port clocked by clk)
Endpoint: _436_ (removal check against rising-edge clock clk)
Path Group: asynchronous
Path Type: min

Fanout         Cap        Slew       Delay        Time   Description
---------------------------------------------------------------------------------------------
                                  0.000000    0.000000   clock clk (rise edge)
                                  0.000000    0.000000   clock network delay (propagated)
                                  4.000000    4.000000 v input external delay
     1    0.002575    0.004392    0.002081    4.002080 v rst (in)
                                                         rst (net)
                      0.004392    0.000000    4.002080 v input33/A (sky130_fd_sc_hd__dlymetal6s2s_1)
     4    0.023756    0.087930    0.130058    4.132139 v input33/X (sky130_fd_sc_hd__dlymetal6s2s_1)
                                                         net33 (net)
                      0.088028    0.002009    4.134148 v fanout67/A (sky130_fd_sc_hd__buf_2)
     6    0.036331    0.065935    0.142563    4.276711 v fanout67/X (sky130_fd_sc_hd__buf_2)
                                                         net67 (net)
                      0.066013    0.002009    4.278720 v _427_/A (sky130_fd_sc_hd__inv_2)
     1    0.004066    0.026614    0.042898    4.321618 ^ _427_/Y (sky130_fd_sc_hd__inv_2)
                                                         _004_ (net)
                      0.026614    0.000083    4.321701 ^ _436_/RESET_B (sky130_fd_sc_hd__dfrtp_1)
                                              4.321701   data arrival time

                                  0.000000    0.000000   clock clk (rise edge)
                                  0.000000    0.000000   clock source latency
     1    0.017235    0.062552    0.042611    0.042611 ^ clk (in)
                                                         clk (net)
                      0.062562    0.000000    0.042611 ^ clkbuf_0_clk/A (sky130_fd_sc_hd__clkbuf_16)
     4    0.039010    0.044516    0.105087    0.147698 ^ clkbuf_0_clk/X (sky130_fd_sc_hd__clkbuf_16)
                                                         clknet_0_clk (net)
                      0.044547    0.000998    0.148696 ^ clkbuf_2_1__f_clk/A (sky130_fd_sc_hd__clkbuf_16)
     9    0.026995    0.035975    0.093101    0.241797 ^ clkbuf_2_1__f_clk/X (sky130_fd_sc_hd__clkbuf_16)
                                                         clknet_2_1__leaf_clk (net)
                      0.035978    0.000322    0.242118 ^ _436_/CLK (sky130_fd_sc_hd__dfrtp_1)
                                  0.250000    0.492118   clock uncertainty
                                  0.000000    0.492118   clock reconvergence pessimism
                                  0.196678    0.688796   library removal time
                                              0.688796   data required time
---------------------------------------------------------------------------------------------
                                              0.688796   data required time
                                             -4.321701   data arrival time
---------------------------------------------------------------------------------------------
                                              3.632904   slack (MET)


Startpoint: rst (input port clocked by clk)
Endpoint: _445_ (removal check against rising-edge clock clk)
Path Group: asynchronous
Path Type: min

Fanout         Cap        Slew       Delay        Time   Description
---------------------------------------------------------------------------------------------
                                  0.000000    0.000000   clock clk (rise edge)
                                  0.000000    0.000000   clock network delay (propagated)
                                  4.000000    4.000000 v input external delay
     1    0.002575    0.004392    0.002081    4.002080 v rst (in)
                                                         rst (net)
                      0.004392    0.000000    4.002080 v input33/A (sky130_fd_sc_hd__dlymetal6s2s_1)
     4    0.023756    0.087930    0.130058    4.132139 v input33/X (sky130_fd_sc_hd__dlymetal6s2s_1)
                                                         net33 (net)
                      0.087932    0.000612    4.132751 v fanout66/A (sky130_fd_sc_hd__buf_4)
    10    0.062776    0.066165    0.155783    4.288535 v fanout66/X (sky130_fd_sc_hd__buf_4)
                                                         net66 (net)
                      0.066175    0.000806    4.289340 v _204_/A (sky130_fd_sc_hd__inv_2)
     1    0.003791    0.025926    0.041959    4.331300 ^ _204_/Y (sky130_fd_sc_hd__inv_2)
                                                         _013_ (net)
                      0.025926    0.000073    4.331373 ^ _445_/RESET_B (sky130_fd_sc_hd__dfrtp_1)
                                              4.331373   data arrival time

                                  0.000000    0.000000   clock clk (rise edge)
                                  0.000000    0.000000   clock source latency
     1    0.017235    0.062552    0.042611    0.042611 ^ clk (in)
                                                         clk (net)
                      0.062562    0.000000    0.042611 ^ clkbuf_0_clk/A (sky130_fd_sc_hd__clkbuf_16)
     4    0.039010    0.044516    0.105087    0.147698 ^ clkbuf_0_clk/X (sky130_fd_sc_hd__clkbuf_16)
                                                         clknet_0_clk (net)
                      0.044547    0.001004    0.148702 ^ clkbuf_2_0__f_clk/A (sky130_fd_sc_hd__clkbuf_16)
     9    0.030602    0.038492    0.095470    0.244172 ^ clkbuf_2_0__f_clk/X (sky130_fd_sc_hd__clkbuf_16)
                                                         clknet_2_0__leaf_clk (net)
                      0.038516    0.000843    0.245015 ^ _445_/CLK (sky130_fd_sc_hd__dfrtp_1)
                                  0.250000    0.495015   clock uncertainty
                                  0.000000    0.495015   clock reconvergence pessimism
                                  0.196849    0.691864   library removal time
                                              0.691864   data required time
---------------------------------------------------------------------------------------------
                                              0.691864   data required time
                                             -4.331373   data arrival time
---------------------------------------------------------------------------------------------
                                              3.639508   slack (MET)


Startpoint: rst (input port clocked by clk)
Endpoint: _446_ (removal check against rising-edge clock clk)
Path Group: asynchronous
Path Type: min

Fanout         Cap        Slew       Delay        Time   Description
---------------------------------------------------------------------------------------------
                                  0.000000    0.000000   clock clk (rise edge)
                                  0.000000    0.000000   clock network delay (propagated)
                                  4.000000    4.000000 v input external delay
     1    0.002575    0.004392    0.002081    4.002080 v rst (in)
                                                         rst (net)
                      0.004392    0.000000    4.002080 v input33/A (sky130_fd_sc_hd__dlymetal6s2s_1)
     4    0.023756    0.087930    0.130058    4.132139 v input33/X (sky130_fd_sc_hd__dlymetal6s2s_1)
                                                         net33 (net)
                      0.087932    0.000612    4.132751 v fanout66/A (sky130_fd_sc_hd__buf_4)
    10    0.062776    0.066165    0.155783    4.288535 v fanout66/X (sky130_fd_sc_hd__buf_4)
                                                         net66 (net)
                      0.066186    0.001103    4.289638 v _205_/A (sky130_fd_sc_hd__inv_2)
     1    0.003884    0.026164    0.042298    4.331935 ^ _205_/Y (sky130_fd_sc_hd__inv_2)
                                                         _014_ (net)
                      0.026164    0.000077    4.332013 ^ _446_/RESET_B (sky130_fd_sc_hd__dfrtp_1)
                                              4.332013   data arrival time

                                  0.000000    0.000000   clock clk (rise edge)
                                  0.000000    0.000000   clock source latency
     1    0.017235    0.062552    0.042611    0.042611 ^ clk (in)
                                                         clk (net)
                      0.062562    0.000000    0.042611 ^ clkbuf_0_clk/A (sky130_fd_sc_hd__clkbuf_16)
     4    0.039010    0.044516    0.105087    0.147698 ^ clkbuf_0_clk/X (sky130_fd_sc_hd__clkbuf_16)
                                                         clknet_0_clk (net)
                      0.044547    0.001004    0.148702 ^ clkbuf_2_0__f_clk/A (sky130_fd_sc_hd__clkbuf_16)
     9    0.030602    0.038492    0.095470    0.244172 ^ clkbuf_2_0__f_clk/X (sky130_fd_sc_hd__clkbuf_16)
                                                         clknet_2_0__leaf_clk (net)
                      0.038523    0.000941    0.245113 ^ _446_/CLK (sky130_fd_sc_hd__dfrtp_1)
                                  0.250000    0.495113   clock uncertainty
                                  0.000000    0.495113   clock reconvergence pessimism
                                  0.196912    0.692025   library removal time
                                              0.692025   data required time
---------------------------------------------------------------------------------------------
                                              0.692025   data required time
                                             -4.332013   data arrival time
---------------------------------------------------------------------------------------------
                                              3.639987   slack (MET)


Startpoint: rst (input port clocked by clk)
Endpoint: _443_ (removal check against rising-edge clock clk)
Path Group: asynchronous
Path Type: min

Fanout         Cap        Slew       Delay        Time   Description
---------------------------------------------------------------------------------------------
                                  0.000000    0.000000   clock clk (rise edge)
                                  0.000000    0.000000   clock network delay (propagated)
                                  4.000000    4.000000 v input external delay
     1    0.002575    0.004392    0.002081    4.002080 v rst (in)
                                                         rst (net)
                      0.004392    0.000000    4.002080 v input33/A (sky130_fd_sc_hd__dlymetal6s2s_1)
     4    0.023756    0.087930    0.130058    4.132139 v input33/X (sky130_fd_sc_hd__dlymetal6s2s_1)
                                                         net33 (net)
                      0.087932    0.000612    4.132751 v fanout66/A (sky130_fd_sc_hd__buf_4)
    10    0.062776    0.066165    0.155783    4.288535 v fanout66/X (sky130_fd_sc_hd__buf_4)
                                                         net66 (net)
                      0.066229    0.001841    4.290375 v _202_/A (sky130_fd_sc_hd__inv_2)
     1    0.003935    0.026304    0.042489    4.332864 ^ _202_/Y (sky130_fd_sc_hd__inv_2)
                                                         _011_ (net)
                      0.026304    0.000078    4.332942 ^ _443_/RESET_B (sky130_fd_sc_hd__dfrtp_1)
                                              4.332942   data arrival time

                                  0.000000    0.000000   clock clk (rise edge)
                                  0.000000    0.000000   clock source latency
     1    0.017235    0.062552    0.042611    0.042611 ^ clk (in)
                                                         clk (net)
                      0.062562    0.000000    0.042611 ^ clkbuf_0_clk/A (sky130_fd_sc_hd__clkbuf_16)
     4    0.039010    0.044516    0.105087    0.147698 ^ clkbuf_0_clk/X (sky130_fd_sc_hd__clkbuf_16)
                                                         clknet_0_clk (net)
                      0.044547    0.001004    0.148702 ^ clkbuf_2_0__f_clk/A (sky130_fd_sc_hd__clkbuf_16)
     9    0.030602    0.038492    0.095470    0.244172 ^ clkbuf_2_0__f_clk/X (sky130_fd_sc_hd__clkbuf_16)
                                                         clknet_2_0__leaf_clk (net)
                      0.038513    0.000799    0.244971 ^ _443_/CLK (sky130_fd_sc_hd__dfrtp_1)
                                  0.250000    0.494971   clock uncertainty
                                  0.000000    0.494971   clock reconvergence pessimism
                                  0.196947    0.691918   library removal time
                                              0.691918   data required time
---------------------------------------------------------------------------------------------
                                              0.691918   data required time
                                             -4.332942   data arrival time
---------------------------------------------------------------------------------------------
                                              3.641024   slack (MET)


Startpoint: rst (input port clocked by clk)
Endpoint: _449_ (removal check against rising-edge clock clk)
Path Group: asynchronous
Path Type: min

Fanout         Cap        Slew       Delay        Time   Description
---------------------------------------------------------------------------------------------
                                  0.000000    0.000000   clock clk (rise edge)
                                  0.000000    0.000000   clock network delay (propagated)
                                  4.000000    4.000000 v input external delay
     1    0.002575    0.004392    0.002081    4.002080 v rst (in)
                                                         rst (net)
                      0.004392    0.000000    4.002080 v input33/A (sky130_fd_sc_hd__dlymetal6s2s_1)
     4    0.023756    0.087930    0.130058    4.132139 v input33/X (sky130_fd_sc_hd__dlymetal6s2s_1)
                                                         net33 (net)
                      0.087932    0.000612    4.132751 v fanout66/A (sky130_fd_sc_hd__buf_4)
    10    0.062776    0.066165    0.155783    4.288535 v fanout66/X (sky130_fd_sc_hd__buf_4)
                                                         net66 (net)
                      0.066176    0.000854    4.289388 v _208_/A (sky130_fd_sc_hd__inv_2)
     1    0.004489    0.027842    0.044475    4.333863 ^ _208_/Y (sky130_fd_sc_hd__inv_2)
                                                         _017_ (net)
                      0.027842    0.000059    4.333921 ^ _449_/RESET_B (sky130_fd_sc_hd__dfrtp_1)
                                              4.333921   data arrival time

                                  0.000000    0.000000   clock clk (rise edge)
                                  0.000000    0.000000   clock source latency
     1    0.017235    0.062552    0.042611    0.042611 ^ clk (in)
                                                         clk (net)
                      0.062562    0.000000    0.042611 ^ clkbuf_0_clk/A (sky130_fd_sc_hd__clkbuf_16)
     4    0.039010    0.044516    0.105087    0.147698 ^ clkbuf_0_clk/X (sky130_fd_sc_hd__clkbuf_16)
                                                         clknet_0_clk (net)
                      0.044547    0.001004    0.148702 ^ clkbuf_2_0__f_clk/A (sky130_fd_sc_hd__clkbuf_16)
     9    0.030602    0.038492    0.095470    0.244172 ^ clkbuf_2_0__f_clk/X (sky130_fd_sc_hd__clkbuf_16)
                                                         clknet_2_0__leaf_clk (net)
                      0.038518    0.000882    0.245054 ^ _449_/CLK (sky130_fd_sc_hd__dfrtp_1)
                                  0.250000    0.495054   clock uncertainty
                                  0.000000    0.495054   clock reconvergence pessimism
                                  0.197348    0.692401   library removal time
                                              0.692401   data required time
---------------------------------------------------------------------------------------------
                                              0.692401   data required time
                                             -4.333921   data arrival time
---------------------------------------------------------------------------------------------
                                              3.641520   slack (MET)


Startpoint: rst (input port clocked by clk)
Endpoint: _442_ (removal check against rising-edge clock clk)
Path Group: asynchronous
Path Type: min

Fanout         Cap        Slew       Delay        Time   Description
---------------------------------------------------------------------------------------------
                                  0.000000    0.000000   clock clk (rise edge)
                                  0.000000    0.000000   clock network delay (propagated)
                                  4.000000    4.000000 v input external delay
     1    0.002575    0.004392    0.002081    4.002080 v rst (in)
                                                         rst (net)
                      0.004392    0.000000    4.002080 v input33/A (sky130_fd_sc_hd__dlymetal6s2s_1)
     4    0.023756    0.087930    0.130058    4.132139 v input33/X (sky130_fd_sc_hd__dlymetal6s2s_1)
                                                         net33 (net)
                      0.087932    0.000612    4.132751 v fanout66/A (sky130_fd_sc_hd__buf_4)
    10    0.062776    0.066165    0.155783    4.288535 v fanout66/X (sky130_fd_sc_hd__buf_4)
                                                         net66 (net)
                      0.066215    0.001646    4.290180 v _201_/A (sky130_fd_sc_hd__inv_2)
     1    0.004235    0.027114    0.043560    4.333741 ^ _201_/Y (sky130_fd_sc_hd__inv_2)
                                                         _010_ (net)
                      0.027114    0.000088    4.333828 ^ _442_/RESET_B (sky130_fd_sc_hd__dfrtp_1)
                                              4.333828   data arrival time

                                  0.000000    0.000000   clock clk (rise edge)
                                  0.000000    0.000000   clock source latency
     1    0.017235    0.062552    0.042611    0.042611 ^ clk (in)
                                                         clk (net)
                      0.062562    0.000000    0.042611 ^ clkbuf_0_clk/A (sky130_fd_sc_hd__clkbuf_16)
     4    0.039010    0.044516    0.105087    0.147698 ^ clkbuf_0_clk/X (sky130_fd_sc_hd__clkbuf_16)
                                                         clknet_0_clk (net)
                      0.044547    0.001004    0.148702 ^ clkbuf_2_0__f_clk/A (sky130_fd_sc_hd__clkbuf_16)
     9    0.030602    0.038492    0.095470    0.244172 ^ clkbuf_2_0__f_clk/X (sky130_fd_sc_hd__clkbuf_16)
                                                         clknet_2_0__leaf_clk (net)
                      0.038509    0.000731    0.244903 ^ _442_/CLK (sky130_fd_sc_hd__dfrtp_1)
                                  0.250000    0.494903   clock uncertainty
                                  0.000000    0.494903   clock reconvergence pessimism
                                  0.197157    0.692060   library removal time
                                              0.692060   data required time
---------------------------------------------------------------------------------------------
                                              0.692060   data required time
                                             -4.333828   data arrival time
---------------------------------------------------------------------------------------------
                                              3.641769   slack (MET)


Startpoint: rst (input port clocked by clk)
Endpoint: _448_ (removal check against rising-edge clock clk)
Path Group: asynchronous
Path Type: min

Fanout         Cap        Slew       Delay        Time   Description
---------------------------------------------------------------------------------------------
                                  0.000000    0.000000   clock clk (rise edge)
                                  0.000000    0.000000   clock network delay (propagated)
                                  4.000000    4.000000 v input external delay
     1    0.002575    0.004392    0.002081    4.002080 v rst (in)
                                                         rst (net)
                      0.004392    0.000000    4.002080 v input33/A (sky130_fd_sc_hd__dlymetal6s2s_1)
     4    0.023756    0.087930    0.130058    4.132139 v input33/X (sky130_fd_sc_hd__dlymetal6s2s_1)
                                                         net33 (net)
                      0.087932    0.000612    4.132751 v fanout66/A (sky130_fd_sc_hd__buf_4)
    10    0.062776    0.066165    0.155783    4.288535 v fanout66/X (sky130_fd_sc_hd__buf_4)
                                                         net66 (net)
                      0.066255    0.002156    4.290690 v _207_/A (sky130_fd_sc_hd__inv_2)
     1    0.003990    0.026455    0.042695    4.333385 ^ _207_/Y (sky130_fd_sc_hd__inv_2)
                                                         _016_ (net)
                      0.026455    0.000080    4.333465 ^ _448_/RESET_B (sky130_fd_sc_hd__dfrtp_1)
                                              4.333465   data arrival time

                                  0.000000    0.000000   clock clk (rise edge)
                                  0.000000    0.000000   clock source latency
     1    0.017235    0.062552    0.042611    0.042611 ^ clk (in)
                                                         clk (net)
                      0.062562    0.000000    0.042611 ^ clkbuf_0_clk/A (sky130_fd_sc_hd__clkbuf_16)
     4    0.039010    0.044516    0.105087    0.147698 ^ clkbuf_0_clk/X (sky130_fd_sc_hd__clkbuf_16)
                                                         clknet_0_clk (net)
                      0.044547    0.001004    0.148702 ^ clkbuf_2_0__f_clk/A (sky130_fd_sc_hd__clkbuf_16)
     9    0.030602    0.038492    0.095470    0.244172 ^ clkbuf_2_0__f_clk/X (sky130_fd_sc_hd__clkbuf_16)
                                                         clknet_2_0__leaf_clk (net)
                      0.038495    0.000399    0.244571 ^ _448_/CLK (sky130_fd_sc_hd__dfrtp_1)
                                  0.250000    0.494571   clock uncertainty
                                  0.000000    0.494571   clock reconvergence pessimism
                                  0.196984    0.691555   library removal time
                                              0.691555   data required time
---------------------------------------------------------------------------------------------
                                              0.691555   data required time
                                             -4.333465   data arrival time
---------------------------------------------------------------------------------------------
                                              3.641911   slack (MET)


Startpoint: rst (input port clocked by clk)
Endpoint: _450_ (removal check against rising-edge clock clk)
Path Group: asynchronous
Path Type: min

Fanout         Cap        Slew       Delay        Time   Description
---------------------------------------------------------------------------------------------
                                  0.000000    0.000000   clock clk (rise edge)
                                  0.000000    0.000000   clock network delay (propagated)
                                  4.000000    4.000000 v input external delay
     1    0.002575    0.004392    0.002081    4.002080 v rst (in)
                                                         rst (net)
                      0.004392    0.000000    4.002080 v input33/A (sky130_fd_sc_hd__dlymetal6s2s_1)
     4    0.023756    0.087930    0.130058    4.132139 v input33/X (sky130_fd_sc_hd__dlymetal6s2s_1)
                                                         net33 (net)
                      0.088007    0.001664    4.133802 v fanout68/A (sky130_fd_sc_hd__buf_4)
    10    0.063065    0.066768    0.155380    4.289183 v fanout68/X (sky130_fd_sc_hd__buf_4)
                                                         net68 (net)
                      0.066783    0.001007    4.290189 v _209_/A (sky130_fd_sc_hd__inv_2)
     1    0.004031    0.026663    0.042991    4.333180 ^ _209_/Y (sky130_fd_sc_hd__inv_2)
                                                         _018_ (net)
                      0.026663    0.000081    4.333261 ^ _450_/RESET_B (sky130_fd_sc_hd__dfrtp_1)
                                              4.333261   data arrival time

                                  0.000000    0.000000   clock clk (rise edge)
                                  0.000000    0.000000   clock source latency
     1    0.017235    0.062552    0.042611    0.042611 ^ clk (in)
                                                         clk (net)
                      0.062562    0.000000    0.042611 ^ clkbuf_0_clk/A (sky130_fd_sc_hd__clkbuf_16)
     4    0.039010    0.044516    0.105087    0.147698 ^ clkbuf_0_clk/X (sky130_fd_sc_hd__clkbuf_16)
                                                         clknet_0_clk (net)
                      0.044558    0.001148    0.148846 ^ clkbuf_2_2__f_clk/A (sky130_fd_sc_hd__clkbuf_16)
     9    0.028601    0.037126    0.094110    0.242956 ^ clkbuf_2_2__f_clk/X (sky130_fd_sc_hd__clkbuf_16)
                                                         clknet_2_2__leaf_clk (net)
                      0.037139    0.000639    0.243594 ^ _450_/CLK (sky130_fd_sc_hd__dfrtp_1)
                                  0.250000    0.493595   clock uncertainty
                                  0.000000    0.493595   clock reconvergence pessimism
                                  0.196851    0.690445   library removal time
                                              0.690445   data required time
---------------------------------------------------------------------------------------------
                                              0.690445   data required time
                                             -4.333261   data arrival time
---------------------------------------------------------------------------------------------
                                              3.642816   slack (MET)


Startpoint: rst (input port clocked by clk)
Endpoint: _451_ (removal check against rising-edge clock clk)
Path Group: asynchronous
Path Type: min

Fanout         Cap        Slew       Delay        Time   Description
---------------------------------------------------------------------------------------------
                                  0.000000    0.000000   clock clk (rise edge)
                                  0.000000    0.000000   clock network delay (propagated)
                                  4.000000    4.000000 v input external delay
     1    0.002575    0.004392    0.002081    4.002080 v rst (in)
                                                         rst (net)
                      0.004392    0.000000    4.002080 v input33/A (sky130_fd_sc_hd__dlymetal6s2s_1)
     4    0.023756    0.087930    0.130058    4.132139 v input33/X (sky130_fd_sc_hd__dlymetal6s2s_1)
                                                         net33 (net)
                      0.088007    0.001664    4.133802 v fanout68/A (sky130_fd_sc_hd__buf_4)
    10    0.063065    0.066768    0.155380    4.289183 v fanout68/X (sky130_fd_sc_hd__buf_4)
                                                         net68 (net)
                      0.066787    0.001105    4.290288 v _210_/A (sky130_fd_sc_hd__inv_2)
     1    0.004037    0.026680    0.043013    4.333301 ^ _210_/Y (sky130_fd_sc_hd__inv_2)
                                                         _019_ (net)
                      0.026680    0.000083    4.333383 ^ _451_/RESET_B (sky130_fd_sc_hd__dfrtp_1)
                                              4.333383   data arrival time

                                  0.000000    0.000000   clock clk (rise edge)
                                  0.000000    0.000000   clock source latency
     1    0.017235    0.062552    0.042611    0.042611 ^ clk (in)
                                                         clk (net)
                      0.062562    0.000000    0.042611 ^ clkbuf_0_clk/A (sky130_fd_sc_hd__clkbuf_16)
     4    0.039010    0.044516    0.105087    0.147698 ^ clkbuf_0_clk/X (sky130_fd_sc_hd__clkbuf_16)
                                                         clknet_0_clk (net)
                      0.044558    0.001148    0.148846 ^ clkbuf_2_2__f_clk/A (sky130_fd_sc_hd__clkbuf_16)
     9    0.028601    0.037126    0.094110    0.242956 ^ clkbuf_2_2__f_clk/X (sky130_fd_sc_hd__clkbuf_16)
                                                         clknet_2_2__leaf_clk (net)
                      0.037137    0.000594    0.243550 ^ _451_/CLK (sky130_fd_sc_hd__dfrtp_1)
                                  0.250000    0.493550   clock uncertainty
                                  0.000000    0.493550   clock reconvergence pessimism
                                  0.196855    0.690405   library removal time
                                              0.690405   data required time
---------------------------------------------------------------------------------------------
                                              0.690405   data required time
                                             -4.333383   data arrival time
---------------------------------------------------------------------------------------------
                                              3.642978   slack (MET)


Startpoint: rst (input port clocked by clk)
Endpoint: _447_ (removal check against rising-edge clock clk)
Path Group: asynchronous
Path Type: min

Fanout         Cap        Slew       Delay        Time   Description
---------------------------------------------------------------------------------------------
                                  0.000000    0.000000   clock clk (rise edge)
                                  0.000000    0.000000   clock network delay (propagated)
                                  4.000000    4.000000 v input external delay
     1    0.002575    0.004392    0.002081    4.002080 v rst (in)
                                                         rst (net)
                      0.004392    0.000000    4.002080 v input33/A (sky130_fd_sc_hd__dlymetal6s2s_1)
     4    0.023756    0.087930    0.130058    4.132139 v input33/X (sky130_fd_sc_hd__dlymetal6s2s_1)
                                                         net33 (net)
                      0.087932    0.000612    4.132751 v fanout66/A (sky130_fd_sc_hd__buf_4)
    10    0.062776    0.066165    0.155783    4.288535 v fanout66/X (sky130_fd_sc_hd__buf_4)
                                                         net66 (net)
                      0.066228    0.001838    4.290372 v _206_/A (sky130_fd_sc_hd__inv_2)
     1    0.004714    0.028529    0.045292    4.335664 ^ _206_/Y (sky130_fd_sc_hd__inv_2)
                                                         _015_ (net)
                      0.028529    0.000068    4.335732 ^ _447_/RESET_B (sky130_fd_sc_hd__dfrtp_1)
                                              4.335732   data arrival time

                                  0.000000    0.000000   clock clk (rise edge)
                                  0.000000    0.000000   clock source latency
     1    0.017235    0.062552    0.042611    0.042611 ^ clk (in)
                                                         clk (net)
                      0.062562    0.000000    0.042611 ^ clkbuf_0_clk/A (sky130_fd_sc_hd__clkbuf_16)
     4    0.039010    0.044516    0.105087    0.147698 ^ clkbuf_0_clk/X (sky130_fd_sc_hd__clkbuf_16)
                                                         clknet_0_clk (net)
                      0.044547    0.001004    0.148702 ^ clkbuf_2_0__f_clk/A (sky130_fd_sc_hd__clkbuf_16)
     9    0.030602    0.038492    0.095470    0.244172 ^ clkbuf_2_0__f_clk/X (sky130_fd_sc_hd__clkbuf_16)
                                                         clknet_2_0__leaf_clk (net)
                      0.038520    0.000906    0.245078 ^ _447_/CLK (sky130_fd_sc_hd__dfrtp_1)
                                  0.250000    0.495078   clock uncertainty
                                  0.000000    0.495078   clock reconvergence pessimism
                                  0.197526    0.692604   library removal time
                                              0.692604   data required time
---------------------------------------------------------------------------------------------
                                              0.692604   data required time
                                             -4.335732   data arrival time
---------------------------------------------------------------------------------------------
                                              3.643128   slack (MET)


Startpoint: rst (input port clocked by clk)
Endpoint: _454_ (removal check against rising-edge clock clk)
Path Group: asynchronous
Path Type: min

Fanout         Cap        Slew       Delay        Time   Description
---------------------------------------------------------------------------------------------
                                  0.000000    0.000000   clock clk (rise edge)
                                  0.000000    0.000000   clock network delay (propagated)
                                  4.000000    4.000000 v input external delay
     1    0.002575    0.004392    0.002081    4.002080 v rst (in)
                                                         rst (net)
                      0.004392    0.000000    4.002080 v input33/A (sky130_fd_sc_hd__dlymetal6s2s_1)
     4    0.023756    0.087930    0.130058    4.132139 v input33/X (sky130_fd_sc_hd__dlymetal6s2s_1)
                                                         net33 (net)
                      0.088007    0.001664    4.133802 v fanout68/A (sky130_fd_sc_hd__buf_4)
    10    0.063065    0.066768    0.155380    4.289183 v fanout68/X (sky130_fd_sc_hd__buf_4)
                                                         net68 (net)
                      0.066880    0.002431    4.291613 v _213_/A (sky130_fd_sc_hd__inv_2)
     1    0.003963    0.026499    0.042772    4.334385 ^ _213_/Y (sky130_fd_sc_hd__inv_2)
                                                         _022_ (net)
                      0.026499    0.000080    4.334465 ^ _454_/RESET_B (sky130_fd_sc_hd__dfrtp_1)
                                              4.334465   data arrival time

                                  0.000000    0.000000   clock clk (rise edge)
                                  0.000000    0.000000   clock source latency
     1    0.017235    0.062552    0.042611    0.042611 ^ clk (in)
                                                         clk (net)
                      0.062562    0.000000    0.042611 ^ clkbuf_0_clk/A (sky130_fd_sc_hd__clkbuf_16)
     4    0.039010    0.044516    0.105087    0.147698 ^ clkbuf_0_clk/X (sky130_fd_sc_hd__clkbuf_16)
                                                         clknet_0_clk (net)
                      0.044558    0.001148    0.148846 ^ clkbuf_2_2__f_clk/A (sky130_fd_sc_hd__clkbuf_16)
     9    0.028601    0.037126    0.094110    0.242956 ^ clkbuf_2_2__f_clk/X (sky130_fd_sc_hd__clkbuf_16)
                                                         clknet_2_2__leaf_clk (net)
                      0.037152    0.000861    0.243817 ^ _454_/CLK (sky130_fd_sc_hd__dfrtp_1)
                                  0.250000    0.493817   clock uncertainty
                                  0.000000    0.493817   clock reconvergence pessimism
                                  0.196810    0.690627   library removal time
                                              0.690627   data required time
---------------------------------------------------------------------------------------------
                                              0.690627   data required time
                                             -4.334465   data arrival time
---------------------------------------------------------------------------------------------
                                              3.643838   slack (MET)


Startpoint: rst (input port clocked by clk)
Endpoint: _453_ (removal check against rising-edge clock clk)
Path Group: asynchronous
Path Type: min

Fanout         Cap        Slew       Delay        Time   Description
---------------------------------------------------------------------------------------------
                                  0.000000    0.000000   clock clk (rise edge)
                                  0.000000    0.000000   clock network delay (propagated)
                                  4.000000    4.000000 v input external delay
     1    0.002575    0.004392    0.002081    4.002080 v rst (in)
                                                         rst (net)
                      0.004392    0.000000    4.002080 v input33/A (sky130_fd_sc_hd__dlymetal6s2s_1)
     4    0.023756    0.087930    0.130058    4.132139 v input33/X (sky130_fd_sc_hd__dlymetal6s2s_1)
                                                         net33 (net)
                      0.088007    0.001664    4.133802 v fanout68/A (sky130_fd_sc_hd__buf_4)
    10    0.063065    0.066768    0.155380    4.289183 v fanout68/X (sky130_fd_sc_hd__buf_4)
                                                         net68 (net)
                      0.066891    0.002533    4.291716 v _212_/A (sky130_fd_sc_hd__inv_2)
     1    0.003848    0.026206    0.042363    4.334078 ^ _212_/Y (sky130_fd_sc_hd__inv_2)
                                                         _021_ (net)
                      0.026206    0.000075    4.334153 ^ _453_/RESET_B (sky130_fd_sc_hd__dfrtp_1)
                                              4.334153   data arrival time

                                  0.000000    0.000000   clock clk (rise edge)
                                  0.000000    0.000000   clock source latency
     1    0.017235    0.062552    0.042611    0.042611 ^ clk (in)
                                                         clk (net)
                      0.062562    0.000000    0.042611 ^ clkbuf_0_clk/A (sky130_fd_sc_hd__clkbuf_16)
     4    0.039010    0.044516    0.105087    0.147698 ^ clkbuf_0_clk/X (sky130_fd_sc_hd__clkbuf_16)
                                                         clknet_0_clk (net)
                      0.044558    0.001148    0.148846 ^ clkbuf_2_2__f_clk/A (sky130_fd_sc_hd__clkbuf_16)
     9    0.028601    0.037126    0.094110    0.242956 ^ clkbuf_2_2__f_clk/X (sky130_fd_sc_hd__clkbuf_16)
                                                         clknet_2_2__leaf_clk (net)
                      0.037138    0.000622    0.243578 ^ _453_/CLK (sky130_fd_sc_hd__dfrtp_1)
                                  0.250000    0.493578   clock uncertainty
                                  0.000000    0.493578   clock reconvergence pessimism
                                  0.196732    0.690310   library removal time
                                              0.690310   data required time
---------------------------------------------------------------------------------------------
                                              0.690310   data required time
                                             -4.334153   data arrival time
---------------------------------------------------------------------------------------------
                                              3.643843   slack (MET)


Startpoint: rst (input port clocked by clk)
Endpoint: _455_ (removal check against rising-edge clock clk)
Path Group: asynchronous
Path Type: min

Fanout         Cap        Slew       Delay        Time   Description
---------------------------------------------------------------------------------------------
                                  0.000000    0.000000   clock clk (rise edge)
                                  0.000000    0.000000   clock network delay (propagated)
                                  4.000000    4.000000 v input external delay
     1    0.002575    0.004392    0.002081    4.002080 v rst (in)
                                                         rst (net)
                      0.004392    0.000000    4.002080 v input33/A (sky130_fd_sc_hd__dlymetal6s2s_1)
     4    0.023756    0.087930    0.130058    4.132139 v input33/X (sky130_fd_sc_hd__dlymetal6s2s_1)
                                                         net33 (net)
                      0.088007    0.001664    4.133802 v fanout68/A (sky130_fd_sc_hd__buf_4)
    10    0.063065    0.066768    0.155380    4.289183 v fanout68/X (sky130_fd_sc_hd__buf_4)
                                                         net68 (net)
                      0.066874    0.002371    4.291553 v _214_/A (sky130_fd_sc_hd__inv_2)
     1    0.004122    0.026928    0.043343    4.334896 ^ _214_/Y (sky130_fd_sc_hd__inv_2)
                                                         _023_ (net)
                      0.026928    0.000085    4.334980 ^ _455_/RESET_B (sky130_fd_sc_hd__dfrtp_1)
                                              4.334980   data arrival time

                                  0.000000    0.000000   clock clk (rise edge)
                                  0.000000    0.000000   clock source latency
     1    0.017235    0.062552    0.042611    0.042611 ^ clk (in)
                                                         clk (net)
                      0.062562    0.000000    0.042611 ^ clkbuf_0_clk/A (sky130_fd_sc_hd__clkbuf_16)
     4    0.039010    0.044516    0.105087    0.147698 ^ clkbuf_0_clk/X (sky130_fd_sc_hd__clkbuf_16)
                                                         clknet_0_clk (net)
                      0.044558    0.001148    0.148846 ^ clkbuf_2_2__f_clk/A (sky130_fd_sc_hd__clkbuf_16)
     9    0.028601    0.037126    0.094110    0.242956 ^ clkbuf_2_2__f_clk/X (sky130_fd_sc_hd__clkbuf_16)
                                                         clknet_2_2__leaf_clk (net)
                      0.037151    0.000838    0.243793 ^ _455_/CLK (sky130_fd_sc_hd__dfrtp_1)
                                  0.250000    0.493793   clock uncertainty
                                  0.000000    0.493793   clock reconvergence pessimism
                                  0.196921    0.690715   library removal time
                                              0.690715   data required time
---------------------------------------------------------------------------------------------
                                              0.690715   data required time
                                             -4.334980   data arrival time
---------------------------------------------------------------------------------------------
                                              3.644266   slack (MET)


Startpoint: rst (input port clocked by clk)
Endpoint: _433_ (removal check against rising-edge clock clk)
Path Group: asynchronous
Path Type: min

Fanout         Cap        Slew       Delay        Time   Description
---------------------------------------------------------------------------------------------
                                  0.000000    0.000000   clock clk (rise edge)
                                  0.000000    0.000000   clock network delay (propagated)
                                  4.000000    4.000000 v input external delay
     1    0.002575    0.004392    0.002081    4.002080 v rst (in)
                                                         rst (net)
                      0.004392    0.000000    4.002080 v input33/A (sky130_fd_sc_hd__dlymetal6s2s_1)
     4    0.023756    0.087930    0.130058    4.132139 v input33/X (sky130_fd_sc_hd__dlymetal6s2s_1)
                                                         net33 (net)
                      0.087932    0.000612    4.132751 v fanout66/A (sky130_fd_sc_hd__buf_4)
    10    0.062776    0.066165    0.155783    4.288535 v fanout66/X (sky130_fd_sc_hd__buf_4)
                                                         net66 (net)
                      0.066285    0.002464    4.290998 v _424_/A (sky130_fd_sc_hd__inv_2)
     1    0.003833    0.026055    0.042139    4.333138 ^ _424_/Y (sky130_fd_sc_hd__inv_2)
                                                         _001_ (net)
                      0.026055    0.000074    4.333212 ^ _433_/RESET_B (sky130_fd_sc_hd__dfrtp_1)
                                              4.333212   data arrival time

                                  0.000000    0.000000   clock clk (rise edge)
                                  0.000000    0.000000   clock source latency
     1    0.017235    0.062552    0.042611    0.042611 ^ clk (in)
                                                         clk (net)
                      0.062562    0.000000    0.042611 ^ clkbuf_0_clk/A (sky130_fd_sc_hd__clkbuf_16)
     4    0.039010    0.044516    0.105087    0.147698 ^ clkbuf_0_clk/X (sky130_fd_sc_hd__clkbuf_16)
                                                         clknet_0_clk (net)
                      0.044547    0.000998    0.148696 ^ clkbuf_2_1__f_clk/A (sky130_fd_sc_hd__clkbuf_16)
     9    0.026995    0.035975    0.093101    0.241797 ^ clkbuf_2_1__f_clk/X (sky130_fd_sc_hd__clkbuf_16)
                                                         clknet_2_1__leaf_clk (net)
                      0.035986    0.000567    0.242364 ^ _433_/CLK (sky130_fd_sc_hd__dfrtp_1)
                                  0.250000    0.492364   clock uncertainty
                                  0.000000    0.492364   clock reconvergence pessimism
                                  0.196534    0.688898   library removal time
                                              0.688898   data required time
---------------------------------------------------------------------------------------------
                                              0.688898   data required time
                                             -4.333212   data arrival time
---------------------------------------------------------------------------------------------
                                              3.644314   slack (MET)


Startpoint: rst (input port clocked by clk)
Endpoint: _458_ (removal check against rising-edge clock clk)
Path Group: asynchronous
Path Type: min

Fanout         Cap        Slew       Delay        Time   Description
---------------------------------------------------------------------------------------------
                                  0.000000    0.000000   clock clk (rise edge)
                                  0.000000    0.000000   clock network delay (propagated)
                                  4.000000    4.000000 v input external delay
     1    0.002575    0.004392    0.002081    4.002080 v rst (in)
                                                         rst (net)
                      0.004392    0.000000    4.002080 v input33/A (sky130_fd_sc_hd__dlymetal6s2s_1)
     4    0.023756    0.087930    0.130058    4.132139 v input33/X (sky130_fd_sc_hd__dlymetal6s2s_1)
                                                         net33 (net)
                      0.088007    0.001664    4.133802 v fanout68/A (sky130_fd_sc_hd__buf_4)
    10    0.063065    0.066768    0.155380    4.289183 v fanout68/X (sky130_fd_sc_hd__buf_4)
                                                         net68 (net)
                      0.066935    0.002915    4.292097 v _217_/A (sky130_fd_sc_hd__inv_2)
     1    0.003970    0.026529    0.042814    4.334911 ^ _217_/Y (sky130_fd_sc_hd__inv_2)
                                                         _026_ (net)
                      0.026529    0.000080    4.334991 ^ _458_/RESET_B (sky130_fd_sc_hd__dfrtp_1)
                                              4.334991   data arrival time

                                  0.000000    0.000000   clock clk (rise edge)
                                  0.000000    0.000000   clock source latency
     1    0.017235    0.062552    0.042611    0.042611 ^ clk (in)
                                                         clk (net)
                      0.062562    0.000000    0.042611 ^ clkbuf_0_clk/A (sky130_fd_sc_hd__clkbuf_16)
     4    0.039010    0.044516    0.105087    0.147698 ^ clkbuf_0_clk/X (sky130_fd_sc_hd__clkbuf_16)
                                                         clknet_0_clk (net)
                      0.044558    0.001148    0.148846 ^ clkbuf_2_2__f_clk/A (sky130_fd_sc_hd__clkbuf_16)
     9    0.028601    0.037126    0.094110    0.242956 ^ clkbuf_2_2__f_clk/X (sky130_fd_sc_hd__clkbuf_16)
                                                         clknet_2_2__leaf_clk (net)
                      0.037151    0.000848    0.243804 ^ _458_/CLK (sky130_fd_sc_hd__dfrtp_1)
                                  0.250000    0.493804   clock uncertainty
                                  0.000000    0.493804   clock reconvergence pessimism
                                  0.196818    0.690621   library removal time
                                              0.690621   data required time
---------------------------------------------------------------------------------------------
                                              0.690621   data required time
                                             -4.334991   data arrival time
---------------------------------------------------------------------------------------------
                                              3.644370   slack (MET)


Startpoint: rst (input port clocked by clk)
Endpoint: _457_ (removal check against rising-edge clock clk)
Path Group: asynchronous
Path Type: min

Fanout         Cap        Slew       Delay        Time   Description
---------------------------------------------------------------------------------------------
                                  0.000000    0.000000   clock clk (rise edge)
                                  0.000000    0.000000   clock network delay (propagated)
                                  4.000000    4.000000 v input external delay
     1    0.002575    0.004392    0.002081    4.002080 v rst (in)
                                                         rst (net)
                      0.004392    0.000000    4.002080 v input33/A (sky130_fd_sc_hd__dlymetal6s2s_1)
     4    0.023756    0.087930    0.130058    4.132139 v input33/X (sky130_fd_sc_hd__dlymetal6s2s_1)
                                                         net33 (net)
                      0.088007    0.001664    4.133802 v fanout68/A (sky130_fd_sc_hd__buf_4)
    10    0.063065    0.066768    0.155380    4.289183 v fanout68/X (sky130_fd_sc_hd__buf_4)
                                                         net68 (net)
                      0.066952    0.003047    4.292229 v _216_/A (sky130_fd_sc_hd__inv_2)
     1    0.003944    0.026463    0.042741    4.334970 ^ _216_/Y (sky130_fd_sc_hd__inv_2)
                                                         _025_ (net)
                      0.026463    0.000044    4.335014 ^ _457_/RESET_B (sky130_fd_sc_hd__dfrtp_1)
                                              4.335014   data arrival time

                                  0.000000    0.000000   clock clk (rise edge)
                                  0.000000    0.000000   clock source latency
     1    0.017235    0.062552    0.042611    0.042611 ^ clk (in)
                                                         clk (net)
                      0.062562    0.000000    0.042611 ^ clkbuf_0_clk/A (sky130_fd_sc_hd__clkbuf_16)
     4    0.039010    0.044516    0.105087    0.147698 ^ clkbuf_0_clk/X (sky130_fd_sc_hd__clkbuf_16)
                                                         clknet_0_clk (net)
                      0.044558    0.001148    0.148846 ^ clkbuf_2_2__f_clk/A (sky130_fd_sc_hd__clkbuf_16)
     9    0.028601    0.037126    0.094110    0.242956 ^ clkbuf_2_2__f_clk/X (sky130_fd_sc_hd__clkbuf_16)
                                                         clknet_2_2__leaf_clk (net)
                      0.037142    0.000699    0.243655 ^ _457_/CLK (sky130_fd_sc_hd__dfrtp_1)
                                  0.250000    0.493655   clock uncertainty
                                  0.000000    0.493655   clock reconvergence pessimism
                                  0.196799    0.690454   library removal time
                                              0.690454   data required time
---------------------------------------------------------------------------------------------
                                              0.690454   data required time
                                             -4.335014   data arrival time
---------------------------------------------------------------------------------------------
                                              3.644560   slack (MET)


Startpoint: rst (input port clocked by clk)
Endpoint: _452_ (removal check against rising-edge clock clk)
Path Group: asynchronous
Path Type: min

Fanout         Cap        Slew       Delay        Time   Description
---------------------------------------------------------------------------------------------
                                  0.000000    0.000000   clock clk (rise edge)
                                  0.000000    0.000000   clock network delay (propagated)
                                  4.000000    4.000000 v input external delay
     1    0.002575    0.004392    0.002081    4.002080 v rst (in)
                                                         rst (net)
                      0.004392    0.000000    4.002080 v input33/A (sky130_fd_sc_hd__dlymetal6s2s_1)
     4    0.023756    0.087930    0.130058    4.132139 v input33/X (sky130_fd_sc_hd__dlymetal6s2s_1)
                                                         net33 (net)
                      0.088007    0.001664    4.133802 v fanout68/A (sky130_fd_sc_hd__buf_4)
    10    0.063065    0.066768    0.155380    4.289183 v fanout68/X (sky130_fd_sc_hd__buf_4)
                                                         net68 (net)
                      0.066981    0.003261    4.292443 v _211_/A (sky130_fd_sc_hd__inv_2)
     1    0.003899    0.026348    0.042586    4.335029 ^ _211_/Y (sky130_fd_sc_hd__inv_2)
                                                         _020_ (net)
                      0.026348    0.000043    4.335073 ^ _452_/RESET_B (sky130_fd_sc_hd__dfrtp_1)
                                              4.335073   data arrival time

                                  0.000000    0.000000   clock clk (rise edge)
                                  0.000000    0.000000   clock source latency
     1    0.017235    0.062552    0.042611    0.042611 ^ clk (in)
                                                         clk (net)
                      0.062562    0.000000    0.042611 ^ clkbuf_0_clk/A (sky130_fd_sc_hd__clkbuf_16)
     4    0.039010    0.044516    0.105087    0.147698 ^ clkbuf_0_clk/X (sky130_fd_sc_hd__clkbuf_16)
                                                         clknet_0_clk (net)
                      0.044558    0.001148    0.148846 ^ clkbuf_2_2__f_clk/A (sky130_fd_sc_hd__clkbuf_16)
     9    0.028601    0.037126    0.094110    0.242956 ^ clkbuf_2_2__f_clk/X (sky130_fd_sc_hd__clkbuf_16)
                                                         clknet_2_2__leaf_clk (net)
                      0.037137    0.000587    0.243543 ^ _452_/CLK (sky130_fd_sc_hd__dfrtp_1)
                                  0.250000    0.493543   clock uncertainty
                                  0.000000    0.493543   clock reconvergence pessimism
                                  0.196769    0.690311   library removal time
                                              0.690311   data required time
---------------------------------------------------------------------------------------------
                                              0.690311   data required time
                                             -4.335073   data arrival time
---------------------------------------------------------------------------------------------
                                              3.644761   slack (MET)


Startpoint: rst (input port clocked by clk)
Endpoint: _441_ (removal check against rising-edge clock clk)
Path Group: asynchronous
Path Type: min

Fanout         Cap        Slew       Delay        Time   Description
---------------------------------------------------------------------------------------------
                                  0.000000    0.000000   clock clk (rise edge)
                                  0.000000    0.000000   clock network delay (propagated)
                                  4.000000    4.000000 v input external delay
     1    0.002575    0.004392    0.002081    4.002080 v rst (in)
                                                         rst (net)
                      0.004392    0.000000    4.002080 v input33/A (sky130_fd_sc_hd__dlymetal6s2s_1)
     4    0.023756    0.087930    0.130058    4.132139 v input33/X (sky130_fd_sc_hd__dlymetal6s2s_1)
                                                         net33 (net)
                      0.087932    0.000612    4.132751 v fanout66/A (sky130_fd_sc_hd__buf_4)
    10    0.062776    0.066165    0.155783    4.288535 v fanout66/X (sky130_fd_sc_hd__buf_4)
                                                         net66 (net)
                      0.066248    0.002085    4.290619 v _200_/A (sky130_fd_sc_hd__inv_2)
     1    0.004091    0.026724    0.043053    4.333672 ^ _200_/Y (sky130_fd_sc_hd__inv_2)
                                                         _009_ (net)
                      0.026724    0.000084    4.333755 ^ _441_/RESET_B (sky130_fd_sc_hd__dfrtp_1)
                                              4.333755   data arrival time

                                  0.000000    0.000000   clock clk (rise edge)
                                  0.000000    0.000000   clock source latency
     1    0.017235    0.062552    0.042611    0.042611 ^ clk (in)
                                                         clk (net)
                      0.062562    0.000000    0.042611 ^ clkbuf_0_clk/A (sky130_fd_sc_hd__clkbuf_16)
     4    0.039010    0.044516    0.105087    0.147698 ^ clkbuf_0_clk/X (sky130_fd_sc_hd__clkbuf_16)
                                                         clknet_0_clk (net)
                      0.044547    0.000998    0.148696 ^ clkbuf_2_1__f_clk/A (sky130_fd_sc_hd__clkbuf_16)
     9    0.026995    0.035975    0.093101    0.241797 ^ clkbuf_2_1__f_clk/X (sky130_fd_sc_hd__clkbuf_16)
                                                         clknet_2_1__leaf_clk (net)
                      0.035980    0.000416    0.242213 ^ _441_/CLK (sky130_fd_sc_hd__dfrtp_1)
                                  0.250000    0.492213   clock uncertainty
                                  0.000000    0.492213   clock reconvergence pessimism
                                  0.196707    0.688920   library removal time
                                              0.688920   data required time
---------------------------------------------------------------------------------------------
                                              0.688920   data required time
                                             -4.333755   data arrival time
---------------------------------------------------------------------------------------------
                                              3.644836   slack (MET)


Startpoint: rst (input port clocked by clk)
Endpoint: _456_ (removal check against rising-edge clock clk)
Path Group: asynchronous
Path Type: min

Fanout         Cap        Slew       Delay        Time   Description
---------------------------------------------------------------------------------------------
                                  0.000000    0.000000   clock clk (rise edge)
                                  0.000000    0.000000   clock network delay (propagated)
                                  4.000000    4.000000 v input external delay
     1    0.002575    0.004392    0.002081    4.002080 v rst (in)
                                                         rst (net)
                      0.004392    0.000000    4.002080 v input33/A (sky130_fd_sc_hd__dlymetal6s2s_1)
     4    0.023756    0.087930    0.130058    4.132139 v input33/X (sky130_fd_sc_hd__dlymetal6s2s_1)
                                                         net33 (net)
                      0.088007    0.001664    4.133802 v fanout68/A (sky130_fd_sc_hd__buf_4)
    10    0.063065    0.066768    0.155380    4.289183 v fanout68/X (sky130_fd_sc_hd__buf_4)
                                                         net68 (net)
                      0.066975    0.003218    4.292400 v _215_/A (sky130_fd_sc_hd__inv_2)
     1    0.003955    0.026496    0.042787    4.335187 ^ _215_/Y (sky130_fd_sc_hd__inv_2)
                                                         _024_ (net)
                      0.026496    0.000044    4.335230 ^ _456_/RESET_B (sky130_fd_sc_hd__dfrtp_1)
                                              4.335230   data arrival time

                                  0.000000    0.000000   clock clk (rise edge)
                                  0.000000    0.000000   clock source latency
     1    0.017235    0.062552    0.042611    0.042611 ^ clk (in)
                                                         clk (net)
                      0.062562    0.000000    0.042611 ^ clkbuf_0_clk/A (sky130_fd_sc_hd__clkbuf_16)
     4    0.039010    0.044516    0.105087    0.147698 ^ clkbuf_0_clk/X (sky130_fd_sc_hd__clkbuf_16)
                                                         clknet_0_clk (net)
                      0.044558    0.001148    0.148846 ^ clkbuf_2_2__f_clk/A (sky130_fd_sc_hd__clkbuf_16)
     9    0.028601    0.037126    0.094110    0.242956 ^ clkbuf_2_2__f_clk/X (sky130_fd_sc_hd__clkbuf_16)
                                                         clknet_2_2__leaf_clk (net)
                      0.037130    0.000389    0.243345 ^ _456_/CLK (sky130_fd_sc_hd__dfrtp_1)
                                  0.250000    0.493345   clock uncertainty
                                  0.000000    0.493345   clock reconvergence pessimism
                                  0.196806    0.690151   library removal time
                                              0.690151   data required time
---------------------------------------------------------------------------------------------
                                              0.690151   data required time
                                             -4.335230   data arrival time
---------------------------------------------------------------------------------------------
                                              3.645080   slack (MET)


Startpoint: rst (input port clocked by clk)
Endpoint: _444_ (removal check against rising-edge clock clk)
Path Group: asynchronous
Path Type: min

Fanout         Cap        Slew       Delay        Time   Description
---------------------------------------------------------------------------------------------
                                  0.000000    0.000000   clock clk (rise edge)
                                  0.000000    0.000000   clock network delay (propagated)
                                  4.000000    4.000000 v input external delay
     1    0.002575    0.004392    0.002081    4.002080 v rst (in)
                                                         rst (net)
                      0.004392    0.000000    4.002080 v input33/A (sky130_fd_sc_hd__dlymetal6s2s_1)
     4    0.023756    0.087930    0.130058    4.132139 v input33/X (sky130_fd_sc_hd__dlymetal6s2s_1)
                                                         net33 (net)
                      0.087932    0.000612    4.132751 v fanout66/A (sky130_fd_sc_hd__buf_4)
    10    0.062776    0.066165    0.155783    4.288535 v fanout66/X (sky130_fd_sc_hd__buf_4)
                                                         net66 (net)
                      0.066246    0.002053    4.290587 v _203_/A (sky130_fd_sc_hd__inv_2)
     1    0.004250    0.027160    0.043620    4.334208 ^ _203_/Y (sky130_fd_sc_hd__inv_2)
                                                         _012_ (net)
                      0.027160    0.000087    4.334295 ^ _444_/RESET_B (sky130_fd_sc_hd__dfrtp_1)
                                              4.334295   data arrival time

                                  0.000000    0.000000   clock clk (rise edge)
                                  0.000000    0.000000   clock source latency
     1    0.017235    0.062552    0.042611    0.042611 ^ clk (in)
                                                         clk (net)
                      0.062562    0.000000    0.042611 ^ clkbuf_0_clk/A (sky130_fd_sc_hd__clkbuf_16)
     4    0.039010    0.044516    0.105087    0.147698 ^ clkbuf_0_clk/X (sky130_fd_sc_hd__clkbuf_16)
                                                         clknet_0_clk (net)
                      0.044547    0.000998    0.148696 ^ clkbuf_2_1__f_clk/A (sky130_fd_sc_hd__clkbuf_16)
     9    0.026995    0.035975    0.093101    0.241797 ^ clkbuf_2_1__f_clk/X (sky130_fd_sc_hd__clkbuf_16)
                                                         clknet_2_1__leaf_clk (net)
                      0.035986    0.000566    0.242363 ^ _444_/CLK (sky130_fd_sc_hd__dfrtp_1)
                                  0.250000    0.492363   clock uncertainty
                                  0.000000    0.492363   clock reconvergence pessimism
                                  0.196821    0.689184   library removal time
                                              0.689184   data required time
---------------------------------------------------------------------------------------------
                                              0.689184   data required time
                                             -4.334295   data arrival time
---------------------------------------------------------------------------------------------
                                              3.645111   slack (MET)


Startpoint: rst (input port clocked by clk)
Endpoint: _459_ (removal check against rising-edge clock clk)
Path Group: asynchronous
Path Type: min

Fanout         Cap        Slew       Delay        Time   Description
---------------------------------------------------------------------------------------------
                                  0.000000    0.000000   clock clk (rise edge)
                                  0.000000    0.000000   clock network delay (propagated)
                                  4.000000    4.000000 v input external delay
     1    0.002575    0.004392    0.002081    4.002080 v rst (in)
                                                         rst (net)
                      0.004392    0.000000    4.002080 v input33/A (sky130_fd_sc_hd__dlymetal6s2s_1)
     4    0.023756    0.087930    0.130058    4.132139 v input33/X (sky130_fd_sc_hd__dlymetal6s2s_1)
                                                         net33 (net)
                      0.088007    0.001664    4.133802 v fanout68/A (sky130_fd_sc_hd__buf_4)
    10    0.063065    0.066768    0.155380    4.289183 v fanout68/X (sky130_fd_sc_hd__buf_4)
                                                         net68 (net)
                      0.066957    0.003085    4.292267 v _218_/A (sky130_fd_sc_hd__inv_2)
     1    0.004075    0.026813    0.043195    4.335462 ^ _218_/Y (sky130_fd_sc_hd__inv_2)
                                                         _027_ (net)
                      0.026813    0.000083    4.335545 ^ _459_/RESET_B (sky130_fd_sc_hd__dfrtp_1)
                                              4.335545   data arrival time

                                  0.000000    0.000000   clock clk (rise edge)
                                  0.000000    0.000000   clock source latency
     1    0.017235    0.062552    0.042611    0.042611 ^ clk (in)
                                                         clk (net)
                      0.062562    0.000000    0.042611 ^ clkbuf_0_clk/A (sky130_fd_sc_hd__clkbuf_16)
     4    0.039010    0.044516    0.105087    0.147698 ^ clkbuf_0_clk/X (sky130_fd_sc_hd__clkbuf_16)
                                                         clknet_0_clk (net)
                      0.044548    0.001013    0.148711 ^ clkbuf_2_3__f_clk/A (sky130_fd_sc_hd__clkbuf_16)
     8    0.026745    0.035798    0.092946    0.241657 ^ clkbuf_2_3__f_clk/X (sky130_fd_sc_hd__clkbuf_16)
                                                         clknet_2_3__leaf_clk (net)
                      0.035810    0.000584    0.242242 ^ _459_/CLK (sky130_fd_sc_hd__dfrtp_1)
                                  0.250000    0.492242   clock uncertainty
                                  0.000000    0.492242   clock reconvergence pessimism
                                  0.196706    0.688948   library removal time
                                              0.688948   data required time
---------------------------------------------------------------------------------------------
                                              0.688948   data required time
                                             -4.335545   data arrival time
---------------------------------------------------------------------------------------------
                                              3.646597   slack (MET)


Startpoint: _437_ (rising edge-triggered flip-flop clocked by clk)
Endpoint: acc[5] (output port clocked by clk)
Path Group: clk
Path Type: min

Fanout         Cap        Slew       Delay        Time   Description
---------------------------------------------------------------------------------------------
                                  0.000000    0.000000   clock clk (rise edge)
                                  0.000000    0.000000   clock source latency
     1    0.017235    0.062552    0.042611    0.042611 ^ clk (in)
                                                         clk (net)
                      0.062562    0.000000    0.042611 ^ clkbuf_0_clk/A (sky130_fd_sc_hd__clkbuf_16)
     4    0.039010    0.044516    0.105087    0.147698 ^ clkbuf_0_clk/X (sky130_fd_sc_hd__clkbuf_16)
                                                         clknet_0_clk (net)
                      0.044547    0.000998    0.148696 ^ clkbuf_2_1__f_clk/A (sky130_fd_sc_hd__clkbuf_16)
     9    0.026995    0.035975    0.093101    0.241797 ^ clkbuf_2_1__f_clk/X (sky130_fd_sc_hd__clkbuf_16)
                                                         clknet_2_1__leaf_clk (net)
                      0.035979    0.000375    0.242171 ^ _437_/CLK (sky130_fd_sc_hd__dfrtp_1)
     3    0.006331    0.039143    0.235996    0.478168 v _437_/Q (sky130_fd_sc_hd__dfrtp_1)
                                                         net61 (net)
                      0.039143    0.000128    0.478296 v output61/A (sky130_fd_sc_hd__buf_2)
     1    0.034199    0.062669    0.120804    0.599100 v output61/X (sky130_fd_sc_hd__buf_2)
                                                         acc[5] (net)
                      0.062675    0.000635    0.599735 v acc[5] (out)
                                              0.599735   data arrival time

                                  0.000000    0.000000   clock clk (rise edge)
                                  0.000000    0.000000   clock network delay (propagated)
                                  0.250000    0.250000   clock uncertainty
                                  0.000000    0.250000   clock reconvergence pessimism
                                 -4.000000   -3.750000   output external delay
                                             -3.750000   data required time
---------------------------------------------------------------------------------------------
                                             -3.750000   data required time
                                             -0.599735   data arrival time
---------------------------------------------------------------------------------------------
                                              4.349735   slack (MET)


Startpoint: _436_ (rising edge-triggered flip-flop clocked by clk)
Endpoint: acc[4] (output port clocked by clk)
Path Group: clk
Path Type: min

Fanout         Cap        Slew       Delay        Time   Description
---------------------------------------------------------------------------------------------
                                  0.000000    0.000000   clock clk (rise edge)
                                  0.000000    0.000000   clock source latency
     1    0.017235    0.062552    0.042611    0.042611 ^ clk (in)
                                                         clk (net)
                      0.062562    0.000000    0.042611 ^ clkbuf_0_clk/A (sky130_fd_sc_hd__clkbuf_16)
     4    0.039010    0.044516    0.105087    0.147698 ^ clkbuf_0_clk/X (sky130_fd_sc_hd__clkbuf_16)
                                                         clknet_0_clk (net)
                      0.044547    0.000998    0.148696 ^ clkbuf_2_1__f_clk/A (sky130_fd_sc_hd__clkbuf_16)
     9    0.026995    0.035975    0.093101    0.241797 ^ clkbuf_2_1__f_clk/X (sky130_fd_sc_hd__clkbuf_16)
                                                         clknet_2_1__leaf_clk (net)
                      0.035978    0.000322    0.242118 ^ _436_/CLK (sky130_fd_sc_hd__dfrtp_1)
     3    0.006670    0.040303    0.237217    0.479335 v _436_/Q (sky130_fd_sc_hd__dfrtp_1)
                                                         net60 (net)
                      0.040303    0.000154    0.479489 v output60/A (sky130_fd_sc_hd__buf_2)
     1    0.034679    0.063420    0.121804    0.601293 v output60/X (sky130_fd_sc_hd__buf_2)
                                                         acc[4] (net)
                      0.063428    0.000736    0.602029 v acc[4] (out)
                                              0.602029   data arrival time

                                  0.000000    0.000000   clock clk (rise edge)
                                  0.000000    0.000000   clock network delay (propagated)
                                  0.250000    0.250000   clock uncertainty
                                  0.000000    0.250000   clock reconvergence pessimism
                                 -4.000000   -3.750000   output external delay
                                             -3.750000   data required time
---------------------------------------------------------------------------------------------
                                             -3.750000   data required time
                                             -0.602029   data arrival time
---------------------------------------------------------------------------------------------
                                              4.352029   slack (MET)


Startpoint: _434_ (rising edge-triggered flip-flop clocked by clk)
Endpoint: acc[2] (output port clocked by clk)
Path Group: clk
Path Type: min

Fanout         Cap        Slew       Delay        Time   Description
---------------------------------------------------------------------------------------------
                                  0.000000    0.000000   clock clk (rise edge)
                                  0.000000    0.000000   clock source latency
     1    0.017235    0.062552    0.042611    0.042611 ^ clk (in)
                                                         clk (net)
                      0.062562    0.000000    0.042611 ^ clkbuf_0_clk/A (sky130_fd_sc_hd__clkbuf_16)
     4    0.039010    0.044516    0.105087    0.147698 ^ clkbuf_0_clk/X (sky130_fd_sc_hd__clkbuf_16)
                                                         clknet_0_clk (net)
                      0.044548    0.001013    0.148711 ^ clkbuf_2_3__f_clk/A (sky130_fd_sc_hd__clkbuf_16)
     8    0.026745    0.035798    0.092946    0.241657 ^ clkbuf_2_3__f_clk/X (sky130_fd_sc_hd__clkbuf_16)
                                                         clknet_2_3__leaf_clk (net)
                      0.035802    0.000407    0.242064 ^ _434_/CLK (sky130_fd_sc_hd__dfrtp_1)
     3    0.007337    0.042520    0.239604    0.481668 v _434_/Q (sky130_fd_sc_hd__dfrtp_1)
                                                         net56 (net)
                      0.042520    0.000161    0.481829 v output56/A (sky130_fd_sc_hd__buf_2)
     1    0.033997    0.062370    0.121898    0.603727 v output56/X (sky130_fd_sc_hd__buf_2)
                                                         acc[2] (net)
                      0.062377    0.000635    0.604362 v acc[2] (out)
                                              0.604362   data arrival time

                                  0.000000    0.000000   clock clk (rise edge)
                                  0.000000    0.000000   clock network delay (propagated)
                                  0.250000    0.250000   clock uncertainty
                                  0.000000    0.250000   clock reconvergence pessimism
                                 -4.000000   -3.750000   output external delay
                                             -3.750000   data required time
---------------------------------------------------------------------------------------------
                                             -3.750000   data required time
                                             -0.604362   data arrival time
---------------------------------------------------------------------------------------------
                                              4.354362   slack (MET)


Startpoint: _463_ (rising edge-triggered flip-flop clocked by clk)
Endpoint: acc[31] (output port clocked by clk)
Path Group: clk
Path Type: min

Fanout         Cap        Slew       Delay        Time   Description
---------------------------------------------------------------------------------------------
                                  0.000000    0.000000   clock clk (rise edge)
                                  0.000000    0.000000   clock source latency
     1    0.017235    0.062552    0.042611    0.042611 ^ clk (in)
                                                         clk (net)
                      0.062562    0.000000    0.042611 ^ clkbuf_0_clk/A (sky130_fd_sc_hd__clkbuf_16)
     4    0.039010    0.044516    0.105087    0.147698 ^ clkbuf_0_clk/X (sky130_fd_sc_hd__clkbuf_16)
                                                         clknet_0_clk (net)
                      0.044548    0.001013    0.148711 ^ clkbuf_2_3__f_clk/A (sky130_fd_sc_hd__clkbuf_16)
     8    0.026745    0.035798    0.092946    0.241657 ^ clkbuf_2_3__f_clk/X (sky130_fd_sc_hd__clkbuf_16)
                                                         clknet_2_3__leaf_clk (net)
                      0.035804    0.000450    0.242108 ^ _463_/CLK (sky130_fd_sc_hd__dfrtp_1)
     2    0.007381    0.042695    0.239726    0.481834 v _463_/Q (sky130_fd_sc_hd__dfrtp_1)
                                                         net58 (net)
                      0.042695    0.000152    0.481986 v output58/A (sky130_fd_sc_hd__buf_2)
     1    0.034082    0.062492    0.122087    0.604072 v output58/X (sky130_fd_sc_hd__buf_2)
                                                         acc[31] (net)
                      0.062498    0.000623    0.604695 v acc[31] (out)
                                              0.604695   data arrival time

                                  0.000000    0.000000   clock clk (rise edge)
                                  0.000000    0.000000   clock network delay (propagated)
                                  0.250000    0.250000   clock uncertainty
                                  0.000000    0.250000   clock reconvergence pessimism
                                 -4.000000   -3.750000   output external delay
                                             -3.750000   data required time
---------------------------------------------------------------------------------------------
                                             -3.750000   data required time
                                             -0.604695   data arrival time
---------------------------------------------------------------------------------------------
                                              4.354695   slack (MET)


Startpoint: _455_ (rising edge-triggered flip-flop clocked by clk)
Endpoint: acc[23] (output port clocked by clk)
Path Group: clk
Path Type: min

Fanout         Cap        Slew       Delay        Time   Description
---------------------------------------------------------------------------------------------
                                  0.000000    0.000000   clock clk (rise edge)
                                  0.000000    0.000000   clock source latency
     1    0.017235    0.062552    0.042611    0.042611 ^ clk (in)
                                                         clk (net)
                      0.062562    0.000000    0.042611 ^ clkbuf_0_clk/A (sky130_fd_sc_hd__clkbuf_16)
     4    0.039010    0.044516    0.105087    0.147698 ^ clkbuf_0_clk/X (sky130_fd_sc_hd__clkbuf_16)
                                                         clknet_0_clk (net)
                      0.044558    0.001148    0.148846 ^ clkbuf_2_2__f_clk/A (sky130_fd_sc_hd__clkbuf_16)
     9    0.028601    0.037126    0.094110    0.242956 ^ clkbuf_2_2__f_clk/X (sky130_fd_sc_hd__clkbuf_16)
                                                         clknet_2_2__leaf_clk (net)
                      0.037151    0.000838    0.243793 ^ _455_/CLK (sky130_fd_sc_hd__dfrtp_1)
     3    0.006928    0.041145    0.238515    0.482309 v _455_/Q (sky130_fd_sc_hd__dfrtp_1)
                                                         net49 (net)
                      0.041145    0.000085    0.482394 v output49/A (sky130_fd_sc_hd__buf_2)
     1    0.034808    0.063676    0.122177    0.604571 v output49/X (sky130_fd_sc_hd__buf_2)
                                                         acc[23] (net)
                      0.063690    0.000917    0.605487 v acc[23] (out)
                                              0.605487   data arrival time

                                  0.000000    0.000000   clock clk (rise edge)
                                  0.000000    0.000000   clock network delay (propagated)
                                  0.250000    0.250000   clock uncertainty
                                  0.000000    0.250000   clock reconvergence pessimism
                                 -4.000000   -3.750000   output external delay
                                             -3.750000   data required time
---------------------------------------------------------------------------------------------
                                             -3.750000   data required time
                                             -0.605487   data arrival time
---------------------------------------------------------------------------------------------
                                              4.355488   slack (MET)


Startpoint: _453_ (rising edge-triggered flip-flop clocked by clk)
Endpoint: acc[21] (output port clocked by clk)
Path Group: clk
Path Type: min

Fanout         Cap        Slew       Delay        Time   Description
---------------------------------------------------------------------------------------------
                                  0.000000    0.000000   clock clk (rise edge)
                                  0.000000    0.000000   clock source latency
     1    0.017235    0.062552    0.042611    0.042611 ^ clk (in)
                                                         clk (net)
                      0.062562    0.000000    0.042611 ^ clkbuf_0_clk/A (sky130_fd_sc_hd__clkbuf_16)
     4    0.039010    0.044516    0.105087    0.147698 ^ clkbuf_0_clk/X (sky130_fd_sc_hd__clkbuf_16)
                                                         clknet_0_clk (net)
                      0.044558    0.001148    0.148846 ^ clkbuf_2_2__f_clk/A (sky130_fd_sc_hd__clkbuf_16)
     9    0.028601    0.037126    0.094110    0.242956 ^ clkbuf_2_2__f_clk/X (sky130_fd_sc_hd__clkbuf_16)
                                                         clknet_2_2__leaf_clk (net)
                      0.037138    0.000622    0.243578 ^ _453_/CLK (sky130_fd_sc_hd__dfrtp_1)
     3    0.007434    0.042855    0.240341    0.483919 v _453_/Q (sky130_fd_sc_hd__dfrtp_1)
                                                         net47 (net)
                      0.042855    0.000126    0.484046 v output47/A (sky130_fd_sc_hd__buf_2)
     1    0.033961    0.062308    0.122004    0.606050 v output47/X (sky130_fd_sc_hd__buf_2)
                                                         acc[21] (net)
                      0.062314    0.000613    0.606663 v acc[21] (out)
                                              0.606663   data arrival time

                                  0.000000    0.000000   clock clk (rise edge)
                                  0.000000    0.000000   clock network delay (propagated)
                                  0.250000    0.250000   clock uncertainty
                                  0.000000    0.250000   clock reconvergence pessimism
                                 -4.000000   -3.750000   output external delay
                                             -3.750000   data required time
---------------------------------------------------------------------------------------------
                                             -3.750000   data required time
                                             -0.606663   data arrival time
---------------------------------------------------------------------------------------------
                                              4.356663   slack (MET)


Startpoint: _441_ (rising edge-triggered flip-flop clocked by clk)
Endpoint: acc[9] (output port clocked by clk)
Path Group: clk
Path Type: min

Fanout         Cap        Slew       Delay        Time   Description
---------------------------------------------------------------------------------------------
                                  0.000000    0.000000   clock clk (rise edge)
                                  0.000000    0.000000   clock source latency
     1    0.017235    0.062552    0.042611    0.042611 ^ clk (in)
                                                         clk (net)
                      0.062562    0.000000    0.042611 ^ clkbuf_0_clk/A (sky130_fd_sc_hd__clkbuf_16)
     4    0.039010    0.044516    0.105087    0.147698 ^ clkbuf_0_clk/X (sky130_fd_sc_hd__clkbuf_16)
                                                         clknet_0_clk (net)
                      0.044547    0.000998    0.148696 ^ clkbuf_2_1__f_clk/A (sky130_fd_sc_hd__clkbuf_16)
     9    0.026995    0.035975    0.093101    0.241797 ^ clkbuf_2_1__f_clk/X (sky130_fd_sc_hd__clkbuf_16)
                                                         clknet_2_1__leaf_clk (net)
                      0.035980    0.000416    0.242213 ^ _441_/CLK (sky130_fd_sc_hd__dfrtp_1)
     3    0.007660    0.043635    0.240802    0.483015 v _441_/Q (sky130_fd_sc_hd__dfrtp_1)
                                                         net65 (net)
                      0.043635    0.000190    0.483204 v output65/A (sky130_fd_sc_hd__buf_2)
     1    0.034455    0.063100    0.122832    0.606036 v output65/X (sky130_fd_sc_hd__buf_2)
                                                         acc[9] (net)
                      0.063110    0.000771    0.606807 v acc[9] (out)
                                              0.606807   data arrival time

                                  0.000000    0.000000   clock clk (rise edge)
                                  0.000000    0.000000   clock network delay (propagated)
                                  0.250000    0.250000   clock uncertainty
                                  0.000000    0.250000   clock reconvergence pessimism
                                 -4.000000   -3.750000   output external delay
                                             -3.750000   data required time
---------------------------------------------------------------------------------------------
                                             -3.750000   data required time
                                             -0.606807   data arrival time
---------------------------------------------------------------------------------------------
                                              4.356807   slack (MET)


Startpoint: _454_ (rising edge-triggered flip-flop clocked by clk)
Endpoint: acc[22] (output port clocked by clk)
Path Group: clk
Path Type: min

Fanout         Cap        Slew       Delay        Time   Description
---------------------------------------------------------------------------------------------
                                  0.000000    0.000000   clock clk (rise edge)
                                  0.000000    0.000000   clock source latency
     1    0.017235    0.062552    0.042611    0.042611 ^ clk (in)
                                                         clk (net)
                      0.062562    0.000000    0.042611 ^ clkbuf_0_clk/A (sky130_fd_sc_hd__clkbuf_16)
     4    0.039010    0.044516    0.105087    0.147698 ^ clkbuf_0_clk/X (sky130_fd_sc_hd__clkbuf_16)
                                                         clknet_0_clk (net)
                      0.044558    0.001148    0.148846 ^ clkbuf_2_2__f_clk/A (sky130_fd_sc_hd__clkbuf_16)
     9    0.028601    0.037126    0.094110    0.242956 ^ clkbuf_2_2__f_clk/X (sky130_fd_sc_hd__clkbuf_16)
                                                         clknet_2_2__leaf_clk (net)
                      0.037152    0.000861    0.243817 ^ _454_/CLK (sky130_fd_sc_hd__dfrtp_1)
     3    0.007404    0.042780    0.240197    0.484015 v _454_/Q (sky130_fd_sc_hd__dfrtp_1)
                                                         net48 (net)
                      0.042780    0.000171    0.484186 v output48/A (sky130_fd_sc_hd__buf_2)
     1    0.034316    0.062886    0.122326    0.606512 v output48/X (sky130_fd_sc_hd__buf_2)
                                                         acc[22] (net)
                      0.062895    0.000749    0.607261 v acc[22] (out)
                                              0.607261   data arrival time

                                  0.000000    0.000000   clock clk (rise edge)
                                  0.000000    0.000000   clock network delay (propagated)
                                  0.250000    0.250000   clock uncertainty
                                  0.000000    0.250000   clock reconvergence pessimism
                                 -4.000000   -3.750000   output external delay
                                             -3.750000   data required time
---------------------------------------------------------------------------------------------
                                             -3.750000   data required time
                                             -0.607261   data arrival time
---------------------------------------------------------------------------------------------
                                              4.357261   slack (MET)


Startpoint: _442_ (rising edge-triggered flip-flop clocked by clk)
Endpoint: acc[10] (output port clocked by clk)
Path Group: clk
Path Type: min

Fanout         Cap        Slew       Delay        Time   Description
---------------------------------------------------------------------------------------------
                                  0.000000    0.000000   clock clk (rise edge)
                                  0.000000    0.000000   clock source latency
     1    0.017235    0.062552    0.042611    0.042611 ^ clk (in)
                                                         clk (net)
                      0.062562    0.000000    0.042611 ^ clkbuf_0_clk/A (sky130_fd_sc_hd__clkbuf_16)
     4    0.039010    0.044516    0.105087    0.147698 ^ clkbuf_0_clk/X (sky130_fd_sc_hd__clkbuf_16)
                                                         clknet_0_clk (net)
                      0.044547    0.001004    0.148702 ^ clkbuf_2_0__f_clk/A (sky130_fd_sc_hd__clkbuf_16)
     9    0.030602    0.038492    0.095470    0.244172 ^ clkbuf_2_0__f_clk/X (sky130_fd_sc_hd__clkbuf_16)
                                                         clknet_2_0__leaf_clk (net)
                      0.038509    0.000731    0.244903 ^ _442_/CLK (sky130_fd_sc_hd__dfrtp_1)
     3    0.007184    0.042024    0.239818    0.484720 v _442_/Q (sky130_fd_sc_hd__dfrtp_1)
                                                         net35 (net)
                      0.042024    0.000176    0.484896 v output35/A (sky130_fd_sc_hd__buf_2)
     1    0.034327    0.062895    0.122051    0.606947 v output35/X (sky130_fd_sc_hd__buf_2)
                                                         acc[10] (net)
                      0.062904    0.000732    0.607679 v acc[10] (out)
                                              0.607679   data arrival time

                                  0.000000    0.000000   clock clk (rise edge)
                                  0.000000    0.000000   clock network delay (propagated)
                                  0.250000    0.250000   clock uncertainty
                                  0.000000    0.250000   clock reconvergence pessimism
                                 -4.000000   -3.750000   output external delay
                                             -3.750000   data required time
---------------------------------------------------------------------------------------------
                                             -3.750000   data required time
                                             -0.607679   data arrival time
---------------------------------------------------------------------------------------------
                                              4.357679   slack (MET)


Startpoint: _457_ (rising edge-triggered flip-flop clocked by clk)
Endpoint: acc[25] (output port clocked by clk)
Path Group: clk
Path Type: min

Fanout         Cap        Slew       Delay        Time   Description
---------------------------------------------------------------------------------------------
                                  0.000000    0.000000   clock clk (rise edge)
                                  0.000000    0.000000   clock source latency
     1    0.017235    0.062552    0.042611    0.042611 ^ clk (in)
                                                         clk (net)
                      0.062562    0.000000    0.042611 ^ clkbuf_0_clk/A (sky130_fd_sc_hd__clkbuf_16)
     4    0.039010    0.044516    0.105087    0.147698 ^ clkbuf_0_clk/X (sky130_fd_sc_hd__clkbuf_16)
                                                         clknet_0_clk (net)
                      0.044558    0.001148    0.148846 ^ clkbuf_2_2__f_clk/A (sky130_fd_sc_hd__clkbuf_16)
     9    0.028601    0.037126    0.094110    0.242956 ^ clkbuf_2_2__f_clk/X (sky130_fd_sc_hd__clkbuf_16)
                                                         clknet_2_2__leaf_clk (net)
                      0.037142    0.000699    0.243655 ^ _457_/CLK (sky130_fd_sc_hd__dfrtp_1)
     3    0.007563    0.043291    0.240813    0.484468 v _457_/Q (sky130_fd_sc_hd__dfrtp_1)
                                                         net51 (net)
                      0.043291    0.000153    0.484621 v output51/A (sky130_fd_sc_hd__buf_2)
     1    0.034548    0.063263    0.122762    0.607383 v output51/X (sky130_fd_sc_hd__buf_2)
                                                         acc[25] (net)
                      0.063274    0.000835    0.608217 v acc[25] (out)
                                              0.608217   data arrival time

                                  0.000000    0.000000   clock clk (rise edge)
                                  0.000000    0.000000   clock network delay (propagated)
                                  0.250000    0.250000   clock uncertainty
                                  0.000000    0.250000   clock reconvergence pessimism
                                 -4.000000   -3.750000   output external delay
                                             -3.750000   data required time
---------------------------------------------------------------------------------------------
                                             -3.750000   data required time
                                             -0.608217   data arrival time
---------------------------------------------------------------------------------------------
                                              4.358217   slack (MET)


Startpoint: _446_ (rising edge-triggered flip-flop clocked by clk)
Endpoint: acc[14] (output port clocked by clk)
Path Group: clk
Path Type: min

Fanout         Cap        Slew       Delay        Time   Description
---------------------------------------------------------------------------------------------
                                  0.000000    0.000000   clock clk (rise edge)
                                  0.000000    0.000000   clock source latency
     1    0.017235    0.062552    0.042611    0.042611 ^ clk (in)
                                                         clk (net)
                      0.062562    0.000000    0.042611 ^ clkbuf_0_clk/A (sky130_fd_sc_hd__clkbuf_16)
     4    0.039010    0.044516    0.105087    0.147698 ^ clkbuf_0_clk/X (sky130_fd_sc_hd__clkbuf_16)
                                                         clknet_0_clk (net)
                      0.044547    0.001004    0.148702 ^ clkbuf_2_0__f_clk/A (sky130_fd_sc_hd__clkbuf_16)
     9    0.030602    0.038492    0.095470    0.244172 ^ clkbuf_2_0__f_clk/X (sky130_fd_sc_hd__clkbuf_16)
                                                         clknet_2_0__leaf_clk (net)
                      0.038523    0.000941    0.245113 ^ _446_/CLK (sky130_fd_sc_hd__dfrtp_1)
     3    0.007312    0.042452    0.240290    0.485403 v _446_/Q (sky130_fd_sc_hd__dfrtp_1)
                                                         net39 (net)
                      0.042452    0.000181    0.485584 v output39/A (sky130_fd_sc_hd__buf_2)
     1    0.034158    0.062618    0.122059    0.607643 v output39/X (sky130_fd_sc_hd__buf_2)
                                                         acc[14] (net)
                      0.062625    0.000658    0.608302 v acc[14] (out)
                                              0.608302   data arrival time

                                  0.000000    0.000000   clock clk (rise edge)
                                  0.000000    0.000000   clock network delay (propagated)
                                  0.250000    0.250000   clock uncertainty
                                  0.000000    0.250000   clock reconvergence pessimism
                                 -4.000000   -3.750000   output external delay
                                             -3.750000   data required time
---------------------------------------------------------------------------------------------
                                             -3.750000   data required time
                                             -0.608302   data arrival time
---------------------------------------------------------------------------------------------
                                              4.358302   slack (MET)


Startpoint: _440_ (rising edge-triggered flip-flop clocked by clk)
Endpoint: acc[8] (output port clocked by clk)
Path Group: clk
Path Type: min

Fanout         Cap        Slew       Delay        Time   Description
---------------------------------------------------------------------------------------------
                                  0.000000    0.000000   clock clk (rise edge)
                                  0.000000    0.000000   clock source latency
     1    0.017235    0.062552    0.042611    0.042611 ^ clk (in)
                                                         clk (net)
                      0.062562    0.000000    0.042611 ^ clkbuf_0_clk/A (sky130_fd_sc_hd__clkbuf_16)
     4    0.039010    0.044516    0.105087    0.147698 ^ clkbuf_0_clk/X (sky130_fd_sc_hd__clkbuf_16)
                                                         clknet_0_clk (net)
                      0.044547    0.000998    0.148696 ^ clkbuf_2_1__f_clk/A (sky130_fd_sc_hd__clkbuf_16)
     9    0.026995    0.035975    0.093101    0.241797 ^ clkbuf_2_1__f_clk/X (sky130_fd_sc_hd__clkbuf_16)
                                                         clknet_2_1__leaf_clk (net)
                      0.035988    0.000606    0.242402 ^ _440_/CLK (sky130_fd_sc_hd__dfrtp_1)
     3    0.008335    0.045961    0.243255    0.485657 v _440_/Q (sky130_fd_sc_hd__dfrtp_1)
                                                         net64 (net)
                      0.045961    0.000203    0.485860 v output64/A (sky130_fd_sc_hd__buf_2)
     1    0.034180    0.062646    0.123503    0.609363 v output64/X (sky130_fd_sc_hd__buf_2)
                                                         acc[8] (net)
                      0.062652    0.000645    0.610008 v acc[8] (out)
                                              0.610008   data arrival time

                                  0.000000    0.000000   clock clk (rise edge)
                                  0.000000    0.000000   clock network delay (propagated)
                                  0.250000    0.250000   clock uncertainty
                                  0.000000    0.250000   clock reconvergence pessimism
                                 -4.000000   -3.750000   output external delay
                                             -3.750000   data required time
---------------------------------------------------------------------------------------------
                                             -3.750000   data required time
                                             -0.610008   data arrival time
---------------------------------------------------------------------------------------------
                                              4.360008   slack (MET)


Startpoint: _439_ (rising edge-triggered flip-flop clocked by clk)
Endpoint: acc[7] (output port clocked by clk)
Path Group: clk
Path Type: min

Fanout         Cap        Slew       Delay        Time   Description
---------------------------------------------------------------------------------------------
                                  0.000000    0.000000   clock clk (rise edge)
                                  0.000000    0.000000   clock source latency
     1    0.017235    0.062552    0.042611    0.042611 ^ clk (in)
                                                         clk (net)
                      0.062562    0.000000    0.042611 ^ clkbuf_0_clk/A (sky130_fd_sc_hd__clkbuf_16)
     4    0.039010    0.044516    0.105087    0.147698 ^ clkbuf_0_clk/X (sky130_fd_sc_hd__clkbuf_16)
                                                         clknet_0_clk (net)
                      0.044547    0.000998    0.148696 ^ clkbuf_2_1__f_clk/A (sky130_fd_sc_hd__clkbuf_16)
     9    0.026995    0.035975    0.093101    0.241797 ^ clkbuf_2_1__f_clk/X (sky130_fd_sc_hd__clkbuf_16)
                                                         clknet_2_1__leaf_clk (net)
                      0.035980    0.000399    0.242196 ^ _439_/CLK (sky130_fd_sc_hd__dfrtp_1)
     3    0.008364    0.046086    0.243321    0.485517 v _439_/Q (sky130_fd_sc_hd__dfrtp_1)
                                                         net63 (net)
                      0.046086    0.000221    0.485738 v output63/A (sky130_fd_sc_hd__buf_2)
     1    0.034378    0.062972    0.123741    0.609479 v output63/X (sky130_fd_sc_hd__buf_2)
                                                         acc[7] (net)
                      0.062981    0.000734    0.610213 v acc[7] (out)
                                              0.610213   data arrival time

                                  0.000000    0.000000   clock clk (rise edge)
                                  0.000000    0.000000   clock network delay (propagated)
                                  0.250000    0.250000   clock uncertainty
                                  0.000000    0.250000   clock reconvergence pessimism
                                 -4.000000   -3.750000   output external delay
                                             -3.750000   data required time
---------------------------------------------------------------------------------------------
                                             -3.750000   data required time
                                             -0.610213   data arrival time
---------------------------------------------------------------------------------------------
                                              4.360213   slack (MET)


Startpoint: _462_ (rising edge-triggered flip-flop clocked by clk)
Endpoint: acc[30] (output port clocked by clk)
Path Group: clk
Path Type: min

Fanout         Cap        Slew       Delay        Time   Description
---------------------------------------------------------------------------------------------
                                  0.000000    0.000000   clock clk (rise edge)
                                  0.000000    0.000000   clock source latency
     1    0.017235    0.062552    0.042611    0.042611 ^ clk (in)
                                                         clk (net)
                      0.062562    0.000000    0.042611 ^ clkbuf_0_clk/A (sky130_fd_sc_hd__clkbuf_16)
     4    0.039010    0.044516    0.105087    0.147698 ^ clkbuf_0_clk/X (sky130_fd_sc_hd__clkbuf_16)
                                                         clknet_0_clk (net)
                      0.044548    0.001013    0.148711 ^ clkbuf_2_3__f_clk/A (sky130_fd_sc_hd__clkbuf_16)
     8    0.026745    0.035798    0.092946    0.241657 ^ clkbuf_2_3__f_clk/X (sky130_fd_sc_hd__clkbuf_16)
                                                         clknet_2_3__leaf_clk (net)
                      0.035808    0.000552    0.242209 ^ _462_/CLK (sky130_fd_sc_hd__dfrtp_1)
     3    0.008353    0.046030    0.243262    0.485471 v _462_/Q (sky130_fd_sc_hd__dfrtp_1)
                                                         net57 (net)
                      0.046030    0.000172    0.485643 v output57/A (sky130_fd_sc_hd__buf_2)
     1    0.034949    0.063854    0.124378    0.610021 v output57/X (sky130_fd_sc_hd__buf_2)
                                                         acc[30] (net)
                      0.063865    0.000826    0.610847 v acc[30] (out)
                                              0.610847   data arrival time

                                  0.000000    0.000000   clock clk (rise edge)
                                  0.000000    0.000000   clock network delay (propagated)
                                  0.250000    0.250000   clock uncertainty
                                  0.000000    0.250000   clock reconvergence pessimism
                                 -4.000000   -3.750000   output external delay
                                             -3.750000   data required time
---------------------------------------------------------------------------------------------
                                             -3.750000   data required time
                                             -0.610847   data arrival time
---------------------------------------------------------------------------------------------
                                              4.360847   slack (MET)


Startpoint: _461_ (rising edge-triggered flip-flop clocked by clk)
Endpoint: acc[29] (output port clocked by clk)
Path Group: clk
Path Type: min

Fanout         Cap        Slew       Delay        Time   Description
---------------------------------------------------------------------------------------------
                                  0.000000    0.000000   clock clk (rise edge)
                                  0.000000    0.000000   clock source latency
     1    0.017235    0.062552    0.042611    0.042611 ^ clk (in)
                                                         clk (net)
                      0.062562    0.000000    0.042611 ^ clkbuf_0_clk/A (sky130_fd_sc_hd__clkbuf_16)
     4    0.039010    0.044516    0.105087    0.147698 ^ clkbuf_0_clk/X (sky130_fd_sc_hd__clkbuf_16)
                                                         clknet_0_clk (net)
                      0.044548    0.001013    0.148711 ^ clkbuf_2_3__f_clk/A (sky130_fd_sc_hd__clkbuf_16)
     8    0.026745    0.035798    0.092946    0.241657 ^ clkbuf_2_3__f_clk/X (sky130_fd_sc_hd__clkbuf_16)
                                                         clknet_2_3__leaf_clk (net)
                      0.035801    0.000365    0.242022 ^ _461_/CLK (sky130_fd_sc_hd__dfrtp_1)
     3    0.009173    0.048911    0.246227    0.488249 v _461_/Q (sky130_fd_sc_hd__dfrtp_1)
                                                         net55 (net)
                      0.048911    0.000228    0.488478 v output55/A (sky130_fd_sc_hd__buf_2)
     1    0.034257    0.062760    0.124784    0.613262 v output55/X (sky130_fd_sc_hd__buf_2)
                                                         acc[29] (net)
                      0.062767    0.000645    0.613907 v acc[29] (out)
                                              0.613907   data arrival time

                                  0.000000    0.000000   clock clk (rise edge)
                                  0.000000    0.000000   clock network delay (propagated)
                                  0.250000    0.250000   clock uncertainty
                                  0.000000    0.250000   clock reconvergence pessimism
                                 -4.000000   -3.750000   output external delay
                                             -3.750000   data required time
---------------------------------------------------------------------------------------------
                                             -3.750000   data required time
                                             -0.613907   data arrival time
---------------------------------------------------------------------------------------------
                                              4.363907   slack (MET)


Startpoint: _456_ (rising edge-triggered flip-flop clocked by clk)
Endpoint: acc[24] (output port clocked by clk)
Path Group: clk
Path Type: min

Fanout         Cap        Slew       Delay        Time   Description
---------------------------------------------------------------------------------------------
                                  0.000000    0.000000   clock clk (rise edge)
                                  0.000000    0.000000   clock source latency
     1    0.017235    0.062552    0.042611    0.042611 ^ clk (in)
                                                         clk (net)
                      0.062562    0.000000    0.042611 ^ clkbuf_0_clk/A (sky130_fd_sc_hd__clkbuf_16)
     4    0.039010    0.044516    0.105087    0.147698 ^ clkbuf_0_clk/X (sky130_fd_sc_hd__clkbuf_16)
                                                         clknet_0_clk (net)
                      0.044558    0.001148    0.148846 ^ clkbuf_2_2__f_clk/A (sky130_fd_sc_hd__clkbuf_16)
     9    0.028601    0.037126    0.094110    0.242956 ^ clkbuf_2_2__f_clk/X (sky130_fd_sc_hd__clkbuf_16)
                                                         clknet_2_2__leaf_clk (net)
                      0.037130    0.000389    0.243345 ^ _456_/CLK (sky130_fd_sc_hd__dfrtp_1)
     3    0.009013    0.048340    0.246045    0.489390 v _456_/Q (sky130_fd_sc_hd__dfrtp_1)
                                                         net50 (net)
                      0.048341    0.000252    0.489641 v output50/A (sky130_fd_sc_hd__buf_2)
     1    0.034508    0.063199    0.124745    0.614386 v output50/X (sky130_fd_sc_hd__buf_2)
                                                         acc[24] (net)
                      0.063210    0.000820    0.615206 v acc[24] (out)
                                              0.615206   data arrival time

                                  0.000000    0.000000   clock clk (rise edge)
                                  0.000000    0.000000   clock network delay (propagated)
                                  0.250000    0.250000   clock uncertainty
                                  0.000000    0.250000   clock reconvergence pessimism
                                 -4.000000   -3.750000   output external delay
                                             -3.750000   data required time
---------------------------------------------------------------------------------------------
                                             -3.750000   data required time
                                             -0.615206   data arrival time
---------------------------------------------------------------------------------------------
                                              4.365206   slack (MET)


Startpoint: _432_ (rising edge-triggered flip-flop clocked by clk)
Endpoint: acc[0] (output port clocked by clk)
Path Group: clk
Path Type: min

Fanout         Cap        Slew       Delay        Time   Description
---------------------------------------------------------------------------------------------
                                  0.000000    0.000000   clock clk (rise edge)
                                  0.000000    0.000000   clock source latency
     1    0.017235    0.062552    0.042611    0.042611 ^ clk (in)
                                                         clk (net)
                      0.062562    0.000000    0.042611 ^ clkbuf_0_clk/A (sky130_fd_sc_hd__clkbuf_16)
     4    0.039010    0.044516    0.105087    0.147698 ^ clkbuf_0_clk/X (sky130_fd_sc_hd__clkbuf_16)
                                                         clknet_0_clk (net)
                      0.044548    0.001013    0.148711 ^ clkbuf_2_3__f_clk/A (sky130_fd_sc_hd__clkbuf_16)
     8    0.026745    0.035798    0.092946    0.241657 ^ clkbuf_2_3__f_clk/X (sky130_fd_sc_hd__clkbuf_16)
                                                         clknet_2_3__leaf_clk (net)
                      0.035802    0.000386    0.242044 ^ _432_/CLK (sky130_fd_sc_hd__dfrtp_1)
     3    0.009836    0.051012    0.248620    0.490663 v _432_/Q (sky130_fd_sc_hd__dfrtp_1)
                                                         net34 (net)
                      0.051013    0.000302    0.490965 v output34/A (sky130_fd_sc_hd__buf_2)
     1    0.034633    0.063381    0.125981    0.616946 v output34/X (sky130_fd_sc_hd__buf_2)
                                                         acc[0] (net)
                      0.063392    0.000814    0.617760 v acc[0] (out)
                                              0.617760   data arrival time

                                  0.000000    0.000000   clock clk (rise edge)
                                  0.000000    0.000000   clock network delay (propagated)
                                  0.250000    0.250000   clock uncertainty
                                  0.000000    0.250000   clock reconvergence pessimism
                                 -4.000000   -3.750000   output external delay
                                             -3.750000   data required time
---------------------------------------------------------------------------------------------
                                             -3.750000   data required time
                                             -0.617760   data arrival time
---------------------------------------------------------------------------------------------
                                              4.367761   slack (MET)


Startpoint: _460_ (rising edge-triggered flip-flop clocked by clk)
Endpoint: acc[28] (output port clocked by clk)
Path Group: clk
Path Type: min

Fanout         Cap        Slew       Delay        Time   Description
---------------------------------------------------------------------------------------------
                                  0.000000    0.000000   clock clk (rise edge)
                                  0.000000    0.000000   clock source latency
     1    0.017235    0.062552    0.042611    0.042611 ^ clk (in)
                                                         clk (net)
                      0.062562    0.000000    0.042611 ^ clkbuf_0_clk/A (sky130_fd_sc_hd__clkbuf_16)
     4    0.039010    0.044516    0.105087    0.147698 ^ clkbuf_0_clk/X (sky130_fd_sc_hd__clkbuf_16)
                                                         clknet_0_clk (net)
                      0.044548    0.001013    0.148711 ^ clkbuf_2_3__f_clk/A (sky130_fd_sc_hd__clkbuf_16)
     8    0.026745    0.035798    0.092946    0.241657 ^ clkbuf_2_3__f_clk/X (sky130_fd_sc_hd__clkbuf_16)
                                                         clknet_2_3__leaf_clk (net)
                      0.035802    0.000386    0.242043 ^ _460_/CLK (sky130_fd_sc_hd__dfrtp_1)
     3    0.010194    0.051404    0.249875    0.491918 v _460_/Q (sky130_fd_sc_hd__dfrtp_1)
                                                         net54 (net)
                      0.051407    0.000404    0.492322 v output54/A (sky130_fd_sc_hd__buf_2)
     1    0.034340    0.062901    0.125856    0.618178 v output54/X (sky130_fd_sc_hd__buf_2)
                                                         acc[28] (net)
                      0.062908    0.000689    0.618867 v acc[28] (out)
                                              0.618867   data arrival time

                                  0.000000    0.000000   clock clk (rise edge)
                                  0.000000    0.000000   clock network delay (propagated)
                                  0.250000    0.250000   clock uncertainty
                                  0.000000    0.250000   clock reconvergence pessimism
                                 -4.000000   -3.750000   output external delay
                                             -3.750000   data required time
---------------------------------------------------------------------------------------------
                                             -3.750000   data required time
                                             -0.618867   data arrival time
---------------------------------------------------------------------------------------------
                                              4.368867   slack (MET)


Startpoint: _452_ (rising edge-triggered flip-flop clocked by clk)
Endpoint: acc[20] (output port clocked by clk)
Path Group: clk
Path Type: min

Fanout         Cap        Slew       Delay        Time   Description
---------------------------------------------------------------------------------------------
                                  0.000000    0.000000   clock clk (rise edge)
                                  0.000000    0.000000   clock source latency
     1    0.017235    0.062552    0.042611    0.042611 ^ clk (in)
                                                         clk (net)
                      0.062562    0.000000    0.042611 ^ clkbuf_0_clk/A (sky130_fd_sc_hd__clkbuf_16)
     4    0.039010    0.044516    0.105087    0.147698 ^ clkbuf_0_clk/X (sky130_fd_sc_hd__clkbuf_16)
                                                         clknet_0_clk (net)
                      0.044558    0.001148    0.148846 ^ clkbuf_2_2__f_clk/A (sky130_fd_sc_hd__clkbuf_16)
     9    0.028601    0.037126    0.094110    0.242956 ^ clkbuf_2_2__f_clk/X (sky130_fd_sc_hd__clkbuf_16)
                                                         clknet_2_2__leaf_clk (net)
                      0.037137    0.000587    0.243543 ^ _452_/CLK (sky130_fd_sc_hd__dfrtp_1)
     3    0.009881    0.051055    0.249167    0.492709 v _452_/Q (sky130_fd_sc_hd__dfrtp_1)
                                                         net46 (net)
                      0.051056    0.000322    0.493032 v output46/A (sky130_fd_sc_hd__buf_2)
     1    0.033929    0.062263    0.125249    0.618281 v output46/X (sky130_fd_sc_hd__buf_2)
                                                         acc[20] (net)
                      0.062269    0.000613    0.618894 v acc[20] (out)
                                              0.618894   data arrival time

                                  0.000000    0.000000   clock clk (rise edge)
                                  0.000000    0.000000   clock network delay (propagated)
                                  0.250000    0.250000   clock uncertainty
                                  0.000000    0.250000   clock reconvergence pessimism
                                 -4.000000   -3.750000   output external delay
                                             -3.750000   data required time
---------------------------------------------------------------------------------------------
                                             -3.750000   data required time
                                             -0.618894   data arrival time
---------------------------------------------------------------------------------------------
                                              4.368894   slack (MET)


Startpoint: _445_ (rising edge-triggered flip-flop clocked by clk)
Endpoint: acc[13] (output port clocked by clk)
Path Group: clk
Path Type: min

Fanout         Cap        Slew       Delay        Time   Description
---------------------------------------------------------------------------------------------
                                  0.000000    0.000000   clock clk (rise edge)
                                  0.000000    0.000000   clock source latency
     1    0.017235    0.062552    0.042611    0.042611 ^ clk (in)
                                                         clk (net)
                      0.062562    0.000000    0.042611 ^ clkbuf_0_clk/A (sky130_fd_sc_hd__clkbuf_16)
     4    0.039010    0.044516    0.105087    0.147698 ^ clkbuf_0_clk/X (sky130_fd_sc_hd__clkbuf_16)
                                                         clknet_0_clk (net)
                      0.044547    0.001004    0.148702 ^ clkbuf_2_0__f_clk/A (sky130_fd_sc_hd__clkbuf_16)
     9    0.030602    0.038492    0.095470    0.244172 ^ clkbuf_2_0__f_clk/X (sky130_fd_sc_hd__clkbuf_16)
                                                         clknet_2_0__leaf_clk (net)
                      0.038516    0.000843    0.245015 ^ _445_/CLK (sky130_fd_sc_hd__dfrtp_1)
     3    0.009506    0.050067    0.248270    0.493285 v _445_/Q (sky130_fd_sc_hd__dfrtp_1)
                                                         net38 (net)
                      0.050067    0.000178    0.493463 v output38/A (sky130_fd_sc_hd__buf_2)
     1    0.034066    0.062469    0.125021    0.618484 v output38/X (sky130_fd_sc_hd__buf_2)
                                                         acc[13] (net)
                      0.062475    0.000622    0.619106 v acc[13] (out)
                                              0.619106   data arrival time

                                  0.000000    0.000000   clock clk (rise edge)
                                  0.000000    0.000000   clock network delay (propagated)
                                  0.250000    0.250000   clock uncertainty
                                  0.000000    0.250000   clock reconvergence pessimism
                                 -4.000000   -3.750000   output external delay
                                             -3.750000   data required time
---------------------------------------------------------------------------------------------
                                             -3.750000   data required time
                                             -0.619106   data arrival time
---------------------------------------------------------------------------------------------
                                              4.369106   slack (MET)


Startpoint: _443_ (rising edge-triggered flip-flop clocked by clk)
Endpoint: acc[11] (output port clocked by clk)
Path Group: clk
Path Type: min

Fanout         Cap        Slew       Delay        Time   Description
---------------------------------------------------------------------------------------------
                                  0.000000    0.000000   clock clk (rise edge)
                                  0.000000    0.000000   clock source latency
     1    0.017235    0.062552    0.042611    0.042611 ^ clk (in)
                                                         clk (net)
                      0.062562    0.000000    0.042611 ^ clkbuf_0_clk/A (sky130_fd_sc_hd__clkbuf_16)
     4    0.039010    0.044516    0.105087    0.147698 ^ clkbuf_0_clk/X (sky130_fd_sc_hd__clkbuf_16)
                                                         clknet_0_clk (net)
                      0.044547    0.001004    0.148702 ^ clkbuf_2_0__f_clk/A (sky130_fd_sc_hd__clkbuf_16)
     9    0.030602    0.038492    0.095470    0.244172 ^ clkbuf_2_0__f_clk/X (sky130_fd_sc_hd__clkbuf_16)
                                                         clknet_2_0__leaf_clk (net)
                      0.038513    0.000799    0.244971 ^ _443_/CLK (sky130_fd_sc_hd__dfrtp_1)
     4    0.009396    0.049675    0.247869    0.492840 v _443_/Q (sky130_fd_sc_hd__dfrtp_1)
                                                         net36 (net)
                      0.049675    0.000199    0.493039 v output36/A (sky130_fd_sc_hd__buf_2)
     1    0.034964    0.063881    0.125849    0.618888 v output36/X (sky130_fd_sc_hd__buf_2)
                                                         acc[11] (net)
                      0.063893    0.000840    0.619728 v acc[11] (out)
                                              0.619728   data arrival time

                                  0.000000    0.000000   clock clk (rise edge)
                                  0.000000    0.000000   clock network delay (propagated)
                                  0.250000    0.250000   clock uncertainty
                                  0.000000    0.250000   clock reconvergence pessimism
                                 -4.000000   -3.750000   output external delay
                                             -3.750000   data required time
---------------------------------------------------------------------------------------------
                                             -3.750000   data required time
                                             -0.619728   data arrival time
---------------------------------------------------------------------------------------------
                                              4.369728   slack (MET)


Startpoint: _458_ (rising edge-triggered flip-flop clocked by clk)
Endpoint: acc[26] (output port clocked by clk)
Path Group: clk
Path Type: min

Fanout         Cap        Slew       Delay        Time   Description
---------------------------------------------------------------------------------------------
                                  0.000000    0.000000   clock clk (rise edge)
                                  0.000000    0.000000   clock source latency
     1    0.017235    0.062552    0.042611    0.042611 ^ clk (in)
                                                         clk (net)
                      0.062562    0.000000    0.042611 ^ clkbuf_0_clk/A (sky130_fd_sc_hd__clkbuf_16)
     4    0.039010    0.044516    0.105087    0.147698 ^ clkbuf_0_clk/X (sky130_fd_sc_hd__clkbuf_16)
                                                         clknet_0_clk (net)
                      0.044558    0.001148    0.148846 ^ clkbuf_2_2__f_clk/A (sky130_fd_sc_hd__clkbuf_16)
     9    0.028601    0.037126    0.094110    0.242956 ^ clkbuf_2_2__f_clk/X (sky130_fd_sc_hd__clkbuf_16)
                                                         clknet_2_2__leaf_clk (net)
                      0.037151    0.000848    0.243804 ^ _458_/CLK (sky130_fd_sc_hd__dfrtp_1)
     4    0.009881    0.051034    0.249206    0.493009 v _458_/Q (sky130_fd_sc_hd__dfrtp_1)
                                                         net52 (net)
                      0.051035    0.000232    0.493241 v output52/A (sky130_fd_sc_hd__buf_2)
     1    0.034432    0.063079    0.125743    0.618984 v output52/X (sky130_fd_sc_hd__buf_2)
                                                         acc[26] (net)
                      0.063089    0.000802    0.619786 v acc[26] (out)
                                              0.619786   data arrival time

                                  0.000000    0.000000   clock clk (rise edge)
                                  0.000000    0.000000   clock network delay (propagated)
                                  0.250000    0.250000   clock uncertainty
                                  0.000000    0.250000   clock reconvergence pessimism
                                 -4.000000   -3.750000   output external delay
                                             -3.750000   data required time
---------------------------------------------------------------------------------------------
                                             -3.750000   data required time
                                             -0.619786   data arrival time
---------------------------------------------------------------------------------------------
                                              4.369786   slack (MET)


Startpoint: _433_ (rising edge-triggered flip-flop clocked by clk)
Endpoint: acc[1] (output port clocked by clk)
Path Group: clk
Path Type: min

Fanout         Cap        Slew       Delay        Time   Description
---------------------------------------------------------------------------------------------
                                  0.000000    0.000000   clock clk (rise edge)
                                  0.000000    0.000000   clock source latency
     1    0.017235    0.062552    0.042611    0.042611 ^ clk (in)
                                                         clk (net)
                      0.062562    0.000000    0.042611 ^ clkbuf_0_clk/A (sky130_fd_sc_hd__clkbuf_16)
     4    0.039010    0.044516    0.105087    0.147698 ^ clkbuf_0_clk/X (sky130_fd_sc_hd__clkbuf_16)
                                                         clknet_0_clk (net)
                      0.044547    0.000998    0.148696 ^ clkbuf_2_1__f_clk/A (sky130_fd_sc_hd__clkbuf_16)
     9    0.026995    0.035975    0.093101    0.241797 ^ clkbuf_2_1__f_clk/X (sky130_fd_sc_hd__clkbuf_16)
                                                         clknet_2_1__leaf_clk (net)
                      0.035986    0.000567    0.242364 ^ _433_/CLK (sky130_fd_sc_hd__dfrtp_1)
     3    0.010622    0.052061    0.251549    0.493913 v _433_/Q (sky130_fd_sc_hd__dfrtp_1)
                                                         net45 (net)
                      0.052062    0.000299    0.494213 v output45/A (sky130_fd_sc_hd__buf_2)
     1    0.034165    0.062624    0.125932    0.620145 v output45/X (sky130_fd_sc_hd__buf_2)
                                                         acc[1] (net)
                      0.062630    0.000643    0.620788 v acc[1] (out)
                                              0.620788   data arrival time

                                  0.000000    0.000000   clock clk (rise edge)
                                  0.000000    0.000000   clock network delay (propagated)
                                  0.250000    0.250000   clock uncertainty
                                  0.000000    0.250000   clock reconvergence pessimism
                                 -4.000000   -3.750000   output external delay
                                             -3.750000   data required time
---------------------------------------------------------------------------------------------
                                             -3.750000   data required time
                                             -0.620788   data arrival time
---------------------------------------------------------------------------------------------
                                              4.370788   slack (MET)


Startpoint: _447_ (rising edge-triggered flip-flop clocked by clk)
Endpoint: acc[15] (output port clocked by clk)
Path Group: clk
Path Type: min

Fanout         Cap        Slew       Delay        Time   Description
---------------------------------------------------------------------------------------------
                                  0.000000    0.000000   clock clk (rise edge)
                                  0.000000    0.000000   clock source latency
     1    0.017235    0.062552    0.042611    0.042611 ^ clk (in)
                                                         clk (net)
                      0.062562    0.000000    0.042611 ^ clkbuf_0_clk/A (sky130_fd_sc_hd__clkbuf_16)
     4    0.039010    0.044516    0.105087    0.147698 ^ clkbuf_0_clk/X (sky130_fd_sc_hd__clkbuf_16)
                                                         clknet_0_clk (net)
                      0.044547    0.001004    0.148702 ^ clkbuf_2_0__f_clk/A (sky130_fd_sc_hd__clkbuf_16)
     9    0.030602    0.038492    0.095470    0.244172 ^ clkbuf_2_0__f_clk/X (sky130_fd_sc_hd__clkbuf_16)
                                                         clknet_2_0__leaf_clk (net)
                      0.038520    0.000906    0.245078 ^ _447_/CLK (sky130_fd_sc_hd__dfrtp_1)
     4    0.010089    0.051242    0.250365    0.495443 v _447_/Q (sky130_fd_sc_hd__dfrtp_1)
                                                         net40 (net)
                      0.051242    0.000190    0.495632 v output40/A (sky130_fd_sc_hd__buf_2)
     1    0.034908    0.063806    0.126389    0.622021 v output40/X (sky130_fd_sc_hd__buf_2)
                                                         acc[15] (net)
                      0.063818    0.000862    0.622884 v acc[15] (out)
                                              0.622884   data arrival time

                                  0.000000    0.000000   clock clk (rise edge)
                                  0.000000    0.000000   clock network delay (propagated)
                                  0.250000    0.250000   clock uncertainty
                                  0.000000    0.250000   clock reconvergence pessimism
                                 -4.000000   -3.750000   output external delay
                                             -3.750000   data required time
---------------------------------------------------------------------------------------------
                                             -3.750000   data required time
                                             -0.622884   data arrival time
---------------------------------------------------------------------------------------------
                                              4.372883   slack (MET)


Startpoint: _448_ (rising edge-triggered flip-flop clocked by clk)
Endpoint: acc[16] (output port clocked by clk)
Path Group: clk
Path Type: min

Fanout         Cap        Slew       Delay        Time   Description
---------------------------------------------------------------------------------------------
                                  0.000000    0.000000   clock clk (rise edge)
                                  0.000000    0.000000   clock source latency
     1    0.017235    0.062552    0.042611    0.042611 ^ clk (in)
                                                         clk (net)
                      0.062562    0.000000    0.042611 ^ clkbuf_0_clk/A (sky130_fd_sc_hd__clkbuf_16)
     4    0.039010    0.044516    0.105087    0.147698 ^ clkbuf_0_clk/X (sky130_fd_sc_hd__clkbuf_16)
                                                         clknet_0_clk (net)
                      0.044547    0.001004    0.148702 ^ clkbuf_2_0__f_clk/A (sky130_fd_sc_hd__clkbuf_16)
     9    0.030602    0.038492    0.095470    0.244172 ^ clkbuf_2_0__f_clk/X (sky130_fd_sc_hd__clkbuf_16)
                                                         clknet_2_0__leaf_clk (net)
                      0.038495    0.000399    0.244571 ^ _448_/CLK (sky130_fd_sc_hd__dfrtp_1)
     4    0.011382    0.054175    0.254452    0.499023 v _448_/Q (sky130_fd_sc_hd__dfrtp_1)
                                                         net41 (net)
                      0.054177    0.000397    0.499421 v output41/A (sky130_fd_sc_hd__buf_2)
     1    0.033981    0.062348    0.126562    0.625983 v output41/X (sky130_fd_sc_hd__buf_2)
                                                         acc[16] (net)
                      0.062354    0.000625    0.626608 v acc[16] (out)
                                              0.626608   data arrival time

                                  0.000000    0.000000   clock clk (rise edge)
                                  0.000000    0.000000   clock network delay (propagated)
                                  0.250000    0.250000   clock uncertainty
                                  0.000000    0.250000   clock reconvergence pessimism
                                 -4.000000   -3.750000   output external delay
                                             -3.750000   data required time
---------------------------------------------------------------------------------------------
                                             -3.750000   data required time
                                             -0.626608   data arrival time
---------------------------------------------------------------------------------------------
                                              4.376607   slack (MET)


Startpoint: _449_ (rising edge-triggered flip-flop clocked by clk)
Endpoint: acc[17] (output port clocked by clk)
Path Group: clk
Path Type: min

Fanout         Cap        Slew       Delay        Time   Description
---------------------------------------------------------------------------------------------
                                  0.000000    0.000000   clock clk (rise edge)
                                  0.000000    0.000000   clock source latency
     1    0.017235    0.062552    0.042611    0.042611 ^ clk (in)
                                                         clk (net)
                      0.062562    0.000000    0.042611 ^ clkbuf_0_clk/A (sky130_fd_sc_hd__clkbuf_16)
     4    0.039010    0.044516    0.105087    0.147698 ^ clkbuf_0_clk/X (sky130_fd_sc_hd__clkbuf_16)
                                                         clknet_0_clk (net)
                      0.044547    0.001004    0.148702 ^ clkbuf_2_0__f_clk/A (sky130_fd_sc_hd__clkbuf_16)
     9    0.030602    0.038492    0.095470    0.244172 ^ clkbuf_2_0__f_clk/X (sky130_fd_sc_hd__clkbuf_16)
                                                         clknet_2_0__leaf_clk (net)
                      0.038518    0.000882    0.245054 ^ _449_/CLK (sky130_fd_sc_hd__dfrtp_1)
     4    0.011995    0.055922    0.256167    0.501221 v _449_/Q (sky130_fd_sc_hd__dfrtp_1)
                                                         net42 (net)
                      0.055922    0.000243    0.501464 v output42/A (sky130_fd_sc_hd__buf_2)
     1    0.034117    0.062567    0.127421    0.628886 v output42/X (sky130_fd_sc_hd__buf_2)
                                                         acc[17] (net)
                      0.062574    0.000657    0.629543 v acc[17] (out)
                                              0.629543   data arrival time

                                  0.000000    0.000000   clock clk (rise edge)
                                  0.000000    0.000000   clock network delay (propagated)
                                  0.250000    0.250000   clock uncertainty
                                  0.000000    0.250000   clock reconvergence pessimism
                                 -4.000000   -3.750000   output external delay
                                             -3.750000   data required time
---------------------------------------------------------------------------------------------
                                             -3.750000   data required time
                                             -0.629543   data arrival time
---------------------------------------------------------------------------------------------
                                              4.379543   slack (MET)


Startpoint: _450_ (rising edge-triggered flip-flop clocked by clk)
Endpoint: acc[18] (output port clocked by clk)
Path Group: clk
Path Type: min

Fanout         Cap        Slew       Delay        Time   Description
---------------------------------------------------------------------------------------------
                                  0.000000    0.000000   clock clk (rise edge)
                                  0.000000    0.000000   clock source latency
     1    0.017235    0.062552    0.042611    0.042611 ^ clk (in)
                                                         clk (net)
                      0.062562    0.000000    0.042611 ^ clkbuf_0_clk/A (sky130_fd_sc_hd__clkbuf_16)
     4    0.039010    0.044516    0.105087    0.147698 ^ clkbuf_0_clk/X (sky130_fd_sc_hd__clkbuf_16)
                                                         clknet_0_clk (net)
                      0.044558    0.001148    0.148846 ^ clkbuf_2_2__f_clk/A (sky130_fd_sc_hd__clkbuf_16)
     9    0.028601    0.037126    0.094110    0.242956 ^ clkbuf_2_2__f_clk/X (sky130_fd_sc_hd__clkbuf_16)
                                                         clknet_2_2__leaf_clk (net)
                      0.037139    0.000639    0.243594 ^ _450_/CLK (sky130_fd_sc_hd__dfrtp_1)
     4    0.012487    0.057360    0.257061    0.500655 v _450_/Q (sky130_fd_sc_hd__dfrtp_1)
                                                         net43 (net)
                      0.057360    0.000311    0.500966 v output43/A (sky130_fd_sc_hd__buf_2)
     1    0.034064    0.062483    0.127954    0.628921 v output43/X (sky130_fd_sc_hd__buf_2)
                                                         acc[18] (net)
                      0.062490    0.000635    0.629556 v acc[18] (out)
                                              0.629556   data arrival time

                                  0.000000    0.000000   clock clk (rise edge)
                                  0.000000    0.000000   clock network delay (propagated)
                                  0.250000    0.250000   clock uncertainty
                                  0.000000    0.250000   clock reconvergence pessimism
                                 -4.000000   -3.750000   output external delay
                                             -3.750000   data required time
---------------------------------------------------------------------------------------------
                                             -3.750000   data required time
                                             -0.629556   data arrival time
---------------------------------------------------------------------------------------------
                                              4.379556   slack (MET)


Startpoint: _438_ (rising edge-triggered flip-flop clocked by clk)
Endpoint: acc[6] (output port clocked by clk)
Path Group: clk
Path Type: min

Fanout         Cap        Slew       Delay        Time   Description
---------------------------------------------------------------------------------------------
                                  0.000000    0.000000   clock clk (rise edge)
                                  0.000000    0.000000   clock source latency
     1    0.017235    0.062552    0.042611    0.042611 ^ clk (in)
                                                         clk (net)
                      0.062562    0.000000    0.042611 ^ clkbuf_0_clk/A (sky130_fd_sc_hd__clkbuf_16)
     4    0.039010    0.044516    0.105087    0.147698 ^ clkbuf_0_clk/X (sky130_fd_sc_hd__clkbuf_16)
                                                         clknet_0_clk (net)
                      0.044547    0.001004    0.148702 ^ clkbuf_2_0__f_clk/A (sky130_fd_sc_hd__clkbuf_16)
     9    0.030602    0.038492    0.095470    0.244172 ^ clkbuf_2_0__f_clk/X (sky130_fd_sc_hd__clkbuf_16)
                                                         clknet_2_0__leaf_clk (net)
                      0.038495    0.000426    0.244598 ^ _438_/CLK (sky130_fd_sc_hd__dfrtp_1)
     4    0.012869    0.058434    0.258581    0.503180 v _438_/Q (sky130_fd_sc_hd__dfrtp_1)
                                                         net62 (net)
                      0.058434    0.000226    0.503406 v output62/A (sky130_fd_sc_hd__buf_2)
     1    0.034372    0.062979    0.128711    0.632116 v output62/X (sky130_fd_sc_hd__buf_2)
                                                         acc[6] (net)
                      0.062988    0.000734    0.632850 v acc[6] (out)
                                              0.632850   data arrival time

                                  0.000000    0.000000   clock clk (rise edge)
                                  0.000000    0.000000   clock network delay (propagated)
                                  0.250000    0.250000   clock uncertainty
                                  0.000000    0.250000   clock reconvergence pessimism
                                 -4.000000   -3.750000   output external delay
                                             -3.750000   data required time
---------------------------------------------------------------------------------------------
                                             -3.750000   data required time
                                             -0.632850   data arrival time
---------------------------------------------------------------------------------------------
                                              4.382850   slack (MET)


Startpoint: _444_ (rising edge-triggered flip-flop clocked by clk)
Endpoint: acc[12] (output port clocked by clk)
Path Group: clk
Path Type: min

Fanout         Cap        Slew       Delay        Time   Description
---------------------------------------------------------------------------------------------
                                  0.000000    0.000000   clock clk (rise edge)
                                  0.000000    0.000000   clock source latency
     1    0.017235    0.062552    0.042611    0.042611 ^ clk (in)
                                                         clk (net)
                      0.062562    0.000000    0.042611 ^ clkbuf_0_clk/A (sky130_fd_sc_hd__clkbuf_16)
     4    0.039010    0.044516    0.105087    0.147698 ^ clkbuf_0_clk/X (sky130_fd_sc_hd__clkbuf_16)
                                                         clknet_0_clk (net)
                      0.044547    0.000998    0.148696 ^ clkbuf_2_1__f_clk/A (sky130_fd_sc_hd__clkbuf_16)
     9    0.026995    0.035975    0.093101    0.241797 ^ clkbuf_2_1__f_clk/X (sky130_fd_sc_hd__clkbuf_16)
                                                         clknet_2_1__leaf_clk (net)
                      0.035986    0.000566    0.242363 ^ _444_/CLK (sky130_fd_sc_hd__dfrtp_1)
     4    0.013934    0.061592    0.260666    0.503030 v _444_/Q (sky130_fd_sc_hd__dfrtp_1)
                                                         net37 (net)
                      0.061593    0.000354    0.503383 v output37/A (sky130_fd_sc_hd__buf_2)
     1    0.034309    0.062897    0.129909    0.633293 v output37/X (sky130_fd_sc_hd__buf_2)
                                                         acc[12] (net)
                      0.062906    0.000741    0.634033 v acc[12] (out)
                                              0.634033   data arrival time

                                  0.000000    0.000000   clock clk (rise edge)
                                  0.000000    0.000000   clock network delay (propagated)
                                  0.250000    0.250000   clock uncertainty
                                  0.000000    0.250000   clock reconvergence pessimism
                                 -4.000000   -3.750000   output external delay
                                             -3.750000   data required time
---------------------------------------------------------------------------------------------
                                             -3.750000   data required time
                                             -0.634033   data arrival time
---------------------------------------------------------------------------------------------
                                              4.384033   slack (MET)


Startpoint: _459_ (rising edge-triggered flip-flop clocked by clk)
Endpoint: acc[27] (output port clocked by clk)
Path Group: clk
Path Type: min

Fanout         Cap        Slew       Delay        Time   Description
---------------------------------------------------------------------------------------------
                                  0.000000    0.000000   clock clk (rise edge)
                                  0.000000    0.000000   clock source latency
     1    0.017235    0.062552    0.042611    0.042611 ^ clk (in)
                                                         clk (net)
                      0.062562    0.000000    0.042611 ^ clkbuf_0_clk/A (sky130_fd_sc_hd__clkbuf_16)
     4    0.039010    0.044516    0.105087    0.147698 ^ clkbuf_0_clk/X (sky130_fd_sc_hd__clkbuf_16)
                                                         clknet_0_clk (net)
                      0.044548    0.001013    0.148711 ^ clkbuf_2_3__f_clk/A (sky130_fd_sc_hd__clkbuf_16)
     8    0.026745    0.035798    0.092946    0.241657 ^ clkbuf_2_3__f_clk/X (sky130_fd_sc_hd__clkbuf_16)
                                                         clknet_2_3__leaf_clk (net)
                      0.035810    0.000584    0.242242 ^ _459_/CLK (sky130_fd_sc_hd__dfrtp_1)
     4    0.014163    0.062258    0.261251    0.503493 v _459_/Q (sky130_fd_sc_hd__dfrtp_1)
                                                         net53 (net)
                      0.062258    0.000180    0.503673 v output53/A (sky130_fd_sc_hd__buf_2)
     1    0.034513    0.063234    0.130373    0.634046 v output53/X (sky130_fd_sc_hd__buf_2)
                                                         acc[27] (net)
                      0.063245    0.000831    0.634876 v acc[27] (out)
                                              0.634876   data arrival time

                                  0.000000    0.000000   clock clk (rise edge)
                                  0.000000    0.000000   clock network delay (propagated)
                                  0.250000    0.250000   clock uncertainty
                                  0.000000    0.250000   clock reconvergence pessimism
                                 -4.000000   -3.750000   output external delay
                                             -3.750000   data required time
---------------------------------------------------------------------------------------------
                                             -3.750000   data required time
                                             -0.634876   data arrival time
---------------------------------------------------------------------------------------------
                                              4.384876   slack (MET)


Startpoint: _451_ (rising edge-triggered flip-flop clocked by clk)
Endpoint: acc[19] (output port clocked by clk)
Path Group: clk
Path Type: min

Fanout         Cap        Slew       Delay        Time   Description
---------------------------------------------------------------------------------------------
                                  0.000000    0.000000   clock clk (rise edge)
                                  0.000000    0.000000   clock source latency
     1    0.017235    0.062552    0.042611    0.042611 ^ clk (in)
                                                         clk (net)
                      0.062562    0.000000    0.042611 ^ clkbuf_0_clk/A (sky130_fd_sc_hd__clkbuf_16)
     4    0.039010    0.044516    0.105087    0.147698 ^ clkbuf_0_clk/X (sky130_fd_sc_hd__clkbuf_16)
                                                         clknet_0_clk (net)
                      0.044558    0.001148    0.148846 ^ clkbuf_2_2__f_clk/A (sky130_fd_sc_hd__clkbuf_16)
     9    0.028601    0.037126    0.094110    0.242956 ^ clkbuf_2_2__f_clk/X (sky130_fd_sc_hd__clkbuf_16)
                                                         clknet_2_2__leaf_clk (net)
                      0.037137    0.000594    0.243550 ^ _451_/CLK (sky130_fd_sc_hd__dfrtp_1)
     4    0.014740    0.063999    0.263138    0.506688 v _451_/Q (sky130_fd_sc_hd__dfrtp_1)
                                                         net44 (net)
                      0.064002    0.000529    0.507217 v output44/A (sky130_fd_sc_hd__buf_2)
     1    0.034426    0.063083    0.131024    0.638240 v output44/X (sky130_fd_sc_hd__buf_2)
                                                         acc[19] (net)
                      0.063093    0.000757    0.638997 v acc[19] (out)
                                              0.638997   data arrival time

                                  0.000000    0.000000   clock clk (rise edge)
                                  0.000000    0.000000   clock network delay (propagated)
                                  0.250000    0.250000   clock uncertainty
                                  0.000000    0.250000   clock reconvergence pessimism
                                 -4.000000   -3.750000   output external delay
                                             -3.750000   data required time
---------------------------------------------------------------------------------------------
                                             -3.750000   data required time
                                             -0.638997   data arrival time
---------------------------------------------------------------------------------------------
                                              4.388997   slack (MET)


Startpoint: _435_ (rising edge-triggered flip-flop clocked by clk)
Endpoint: acc[3] (output port clocked by clk)
Path Group: clk
Path Type: min

Fanout         Cap        Slew       Delay        Time   Description
---------------------------------------------------------------------------------------------
                                  0.000000    0.000000   clock clk (rise edge)
                                  0.000000    0.000000   clock source latency
     1    0.017235    0.062552    0.042611    0.042611 ^ clk (in)
                                                         clk (net)
                      0.062562    0.000000    0.042611 ^ clkbuf_0_clk/A (sky130_fd_sc_hd__clkbuf_16)
     4    0.039010    0.044516    0.105087    0.147698 ^ clkbuf_0_clk/X (sky130_fd_sc_hd__clkbuf_16)
                                                         clknet_0_clk (net)
                      0.044547    0.000998    0.148696 ^ clkbuf_2_1__f_clk/A (sky130_fd_sc_hd__clkbuf_16)
     9    0.026995    0.035975    0.093101    0.241797 ^ clkbuf_2_1__f_clk/X (sky130_fd_sc_hd__clkbuf_16)
                                                         clknet_2_1__leaf_clk (net)
                      0.035985    0.000532    0.242329 ^ _435_/CLK (sky130_fd_sc_hd__dfrtp_4)
     5    0.026780    0.074583    0.285121    0.527449 ^ _435_/Q (sky130_fd_sc_hd__dfrtp_4)
                                                         net59 (net)
                      0.074586    0.000590    0.528040 ^ output59/A (sky130_fd_sc_hd__buf_2)
     1    0.033940    0.126941    0.148072    0.676112 ^ output59/X (sky130_fd_sc_hd__buf_2)
                                                         acc[3] (net)
                      0.126982    0.000615    0.676727 ^ acc[3] (out)
                                              0.676727   data arrival time

                                  0.000000    0.000000   clock clk (rise edge)
                                  0.000000    0.000000   clock network delay (propagated)
                                  0.250000    0.250000   clock uncertainty
                                  0.000000    0.250000   clock reconvergence pessimism
                                 -4.000000   -3.750000   output external delay
                                             -3.750000   data required time
---------------------------------------------------------------------------------------------
                                             -3.750000   data required time
                                             -0.676727   data arrival time
---------------------------------------------------------------------------------------------
                                              4.426727   slack (MET)



