
===========================================================================
report_checks -unconstrained
===========================================================================
======================= nom_ss_100C_1v60 Corner ===================================

Startpoint: rst (input port clocked by clk)
Endpoint: _648_ (recovery check against rising-edge clock clk)
Path Group: asynchronous
Path Type: max

Fanout         Cap        Slew       Delay        Time   Description
---------------------------------------------------------------------------------------------
                                  0.000000    0.000000   clock clk (rise edge)
                                  0.000000    0.000000   clock network delay (propagated)
                                 10.000000   10.000000 v input external delay
     1    0.002865    0.018708    0.009442   10.009442 v rst (in)
                                                         rst (net)
                      0.018708    0.000000   10.009442 v input1/A (sky130_fd_sc_hd__clkbuf_1)
     1    0.005339    0.076019    0.159862   10.169305 v input1/X (sky130_fd_sc_hd__clkbuf_1)
                                                         net1 (net)
                      0.076019    0.000195   10.169499 v wire672/A (sky130_fd_sc_hd__clkbuf_1)
     1    0.006178    0.084629    0.192306   10.361805 v wire672/X (sky130_fd_sc_hd__clkbuf_1)
                                                         net672 (net)
                      0.084629    0.000261   10.362066 v fanout671/A (sky130_fd_sc_hd__buf_4)
     8    0.090108    0.209900    0.398144   10.760210 v fanout671/X (sky130_fd_sc_hd__buf_4)
                                                         net671 (net)
                      0.211503    0.014782   10.774992 v fanout666/A (sky130_fd_sc_hd__buf_4)
     9    0.054304    0.142407    0.405395   11.180387 v fanout666/X (sky130_fd_sc_hd__buf_4)
                                                         net666 (net)
                      0.142413    0.001129   11.181516 v _574_/A (sky130_fd_sc_hd__inv_2)
     1    0.010743    0.096015    0.139177   11.320692 ^ _574_/Y (sky130_fd_sc_hd__inv_2)
                                                         _056_ (net)
                      0.096015    0.000323   11.321015 ^ _648_/RESET_B (sky130_fd_sc_hd__dfrtp_1)
                                             11.321015   data arrival time

                                 50.000000   50.000000   clock clk (rise edge)
                                  0.000000   50.000000   clock source latency
     1    0.032195    0.235189    0.162817   50.162815 ^ clk (in)
                                                         clk (net)
                      0.235197    0.000000   50.162815 ^ clkbuf_0_clk/A (sky130_fd_sc_hd__clkbuf_16)
     8    0.137984    0.230757    0.428372   50.591187 ^ clkbuf_0_clk/X (sky130_fd_sc_hd__clkbuf_16)
                                                         clknet_0_clk (net)
                      0.230831    0.004043   50.595230 ^ clkbuf_3_6__f_clk/A (sky130_fd_sc_hd__clkbuf_16)
    12    0.045358    0.101032    0.329521   50.924751 ^ clkbuf_3_6__f_clk/X (sky130_fd_sc_hd__clkbuf_16)
                                                         clknet_3_6__leaf_clk (net)
                      0.101038    0.000856   50.925610 ^ _648_/CLK (sky130_fd_sc_hd__dfrtp_1)
                                 -0.250000   50.675606   clock uncertainty
                                  0.000000   50.675606   clock reconvergence pessimism
                                  0.463300   51.138905   library recovery time
                                             51.138905   data required time
---------------------------------------------------------------------------------------------
                                             51.138905   data required time
                                            -11.321015   data arrival time
---------------------------------------------------------------------------------------------
                                             39.817894   slack (MET)


Startpoint: _601_ (rising edge-triggered flip-flop clocked by clk)
Endpoint: _664_ (rising edge-triggered flip-flop clocked by clk)
Path Group: clk
Path Type: max

Fanout         Cap        Slew       Delay        Time   Description
---------------------------------------------------------------------------------------------
                                  0.000000    0.000000   clock clk (rise edge)
                                  0.000000    0.000000   clock source latency
     1    0.032195    0.235189    0.162819    0.162819 ^ clk (in)
                                                         clk (net)
                      0.235197    0.000000    0.162819 ^ clkbuf_0_clk/A (sky130_fd_sc_hd__clkbuf_16)
     8    0.137984    0.230757    0.428369    0.591188 ^ clkbuf_0_clk/X (sky130_fd_sc_hd__clkbuf_16)
                                                         clknet_0_clk (net)
                      0.231187    0.007176    0.598364 ^ clkbuf_3_3__f_clk/A (sky130_fd_sc_hd__clkbuf_16)
    10    0.041078    0.095353    0.324639    0.923003 ^ clkbuf_3_3__f_clk/X (sky130_fd_sc_hd__clkbuf_16)
                                                         clknet_3_3__leaf_clk (net)
                      0.095383    0.001553    0.924556 ^ _601_/CLK (sky130_fd_sc_hd__dfrtp_1)
     2    0.005295    0.097683    0.771608    1.696164 v _601_/Q (sky130_fd_sc_hd__dfrtp_1)
                                                         valid_d2 (net)
                      0.097683    0.000110    1.696274 v max_cap603/A (sky130_fd_sc_hd__buf_1)
     2    0.018346    0.213805    0.301117    1.997391 v max_cap603/X (sky130_fd_sc_hd__buf_1)
                                                         net603 (net)
                      0.213805    0.000470    1.997862 v max_cap602/A (sky130_fd_sc_hd__clkbuf_1)
     1    0.002724    0.050305    0.227484    2.225346 v max_cap602/X (sky130_fd_sc_hd__clkbuf_1)
                                                         net602 (net)
                      0.050305    0.000059    2.225405 v wire601/A (sky130_fd_sc_hd__clkbuf_1)
     1    0.005204    0.074541    0.172707    2.398112 v wire601/X (sky130_fd_sc_hd__clkbuf_1)
                                                         net601 (net)
                      0.074541    0.000180    2.398292 v wire600/A (sky130_fd_sc_hd__clkbuf_1)
     2    0.010930    0.134493    0.230924    2.629215 v wire600/X (sky130_fd_sc_hd__clkbuf_1)
                                                         net600 (net)
                      0.134493    0.000181    2.629396 v wire599/A (sky130_fd_sc_hd__clkbuf_1)
     1    0.012834    0.154086    0.274949    2.904346 v wire599/X (sky130_fd_sc_hd__clkbuf_1)
                                                         net599 (net)
                      0.154086    0.000515    2.904860 v wire598/A (sky130_fd_sc_hd__clkbuf_1)
     1    0.009943    0.124376    0.260840    3.165701 v wire598/X (sky130_fd_sc_hd__clkbuf_1)
                                                         net598 (net)
                      0.124376    0.000379    3.166080 v fanout597/A (sky130_fd_sc_hd__clkbuf_2)
     7    0.038468    0.268843    0.381962    3.548043 v fanout597/X (sky130_fd_sc_hd__clkbuf_2)
                                                         net597 (net)
                      0.268843    0.000623    3.548666 v fanout594/A (sky130_fd_sc_hd__buf_2)
    10    0.043249    0.202395    0.467396    4.016061 v fanout594/X (sky130_fd_sc_hd__buf_2)
                                                         net594 (net)
                      0.202395    0.000884    4.016945 v _341_/A (sky130_fd_sc_hd__nand3_1)
     2    0.013113    0.250484    0.272818    4.289763 ^ _341_/Y (sky130_fd_sc_hd__nand3_1)
                                                         _130_ (net)
                      0.250486    0.000583    4.290346 ^ max_cap494/A (sky130_fd_sc_hd__clkbuf_1)
     2    0.017011    0.328527    0.406913    4.697259 ^ max_cap494/X (sky130_fd_sc_hd__clkbuf_1)
                                                         net494 (net)
                      0.328527    0.000914    4.698173 ^ max_cap493/A (sky130_fd_sc_hd__clkbuf_1)
     2    0.016420    0.318054    0.420779    5.118952 ^ max_cap493/X (sky130_fd_sc_hd__clkbuf_1)
                                                         net493 (net)
                      0.318055    0.001224    5.120176 ^ max_cap492/A (sky130_fd_sc_hd__clkbuf_1)
     1    0.002880    0.076215    0.241155    5.361331 ^ max_cap492/X (sky130_fd_sc_hd__clkbuf_1)
                                                         net492 (net)
                      0.076215    0.000083    5.361413 ^ wire491/A (sky130_fd_sc_hd__clkbuf_1)
     1    0.004565    0.103159    0.176671    5.538085 ^ wire491/X (sky130_fd_sc_hd__clkbuf_1)
                                                         net491 (net)
                      0.103159    0.000165    5.538250 ^ wire490/A (sky130_fd_sc_hd__clkbuf_1)
     1    0.004781    0.107103    0.190739    5.728989 ^ wire490/X (sky130_fd_sc_hd__clkbuf_1)
                                                         net490 (net)
                      0.107103    0.000177    5.729166 ^ wire489/A (sky130_fd_sc_hd__clkbuf_1)
     1    0.002899    0.074393    0.167293    5.896459 ^ wire489/X (sky130_fd_sc_hd__clkbuf_1)
                                                         net489 (net)
                      0.074393    0.000084    5.896543 ^ wire488/A (sky130_fd_sc_hd__clkbuf_1)
     1    0.006811    0.143491    0.204984    6.101527 ^ wire488/X (sky130_fd_sc_hd__clkbuf_1)
                                                         net488 (net)
                      0.143491    0.000273    6.101799 ^ wire487/A (sky130_fd_sc_hd__clkbuf_1)
     1    0.008781    0.179281    0.259409    6.361208 ^ wire487/X (sky130_fd_sc_hd__clkbuf_1)
                                                         net487 (net)
                      0.179281    0.000425    6.361633 ^ wire486/A (sky130_fd_sc_hd__clkbuf_1)
     1    0.010778    0.215505    0.300335    6.661969 ^ wire486/X (sky130_fd_sc_hd__clkbuf_1)
                                                         net486 (net)
                      0.215505    0.000432    6.662401 ^ wire485/A (sky130_fd_sc_hd__clkbuf_1)
     1    0.005410    0.118770    0.245445    6.907845 ^ wire485/X (sky130_fd_sc_hd__clkbuf_1)
                                                         net485 (net)
                      0.118770    0.000209    6.908054 ^ wire484/A (sky130_fd_sc_hd__clkbuf_1)
     1    0.005107    0.113005    0.201442    7.109497 ^ wire484/X (sky130_fd_sc_hd__clkbuf_1)
                                                         net484 (net)
                      0.113005    0.000194    7.109690 ^ wire483/A (sky130_fd_sc_hd__clkbuf_1)
     1    0.003102    0.077914    0.172478    7.282168 ^ wire483/X (sky130_fd_sc_hd__clkbuf_1)
                                                         net483 (net)
                      0.077914    0.000091    7.282259 ^ wire482/A (sky130_fd_sc_hd__clkbuf_1)
     1    0.006543    0.138670    0.203082    7.485342 ^ wire482/X (sky130_fd_sc_hd__clkbuf_1)
                                                         net482 (net)
                      0.138670    0.000277    7.485619 ^ wire481/A (sky130_fd_sc_hd__clkbuf_1)
     1    0.004148    0.095961    0.197210    7.682829 ^ wire481/X (sky130_fd_sc_hd__clkbuf_1)
                                                         net481 (net)
                      0.095961    0.000142    7.682971 ^ wire480/A (sky130_fd_sc_hd__clkbuf_1)
     1    0.006913    0.145398    0.215426    7.898397 ^ wire480/X (sky130_fd_sc_hd__clkbuf_1)
                                                         net480 (net)
                      0.145398    0.000290    7.898687 ^ wire479/A (sky130_fd_sc_hd__clkbuf_1)
     1    0.005497    0.120081    0.217536    8.116223 ^ wire479/X (sky130_fd_sc_hd__clkbuf_1)
                                                         net479 (net)
                      0.120081    0.000226    8.116450 ^ wire478/A (sky130_fd_sc_hd__clkbuf_1)
     1    0.003092    0.077792    0.175261    8.291711 ^ wire478/X (sky130_fd_sc_hd__clkbuf_1)
                                                         net478 (net)
                      0.077792    0.000094    8.291805 ^ wire477/A (sky130_fd_sc_hd__clkbuf_1)
     1    0.006248    0.133354    0.199202    8.491006 ^ wire477/X (sky130_fd_sc_hd__clkbuf_1)
                                                         net477 (net)
                      0.133354    0.000262    8.491268 ^ wire476/A (sky130_fd_sc_hd__clkbuf_1)
     1    0.004076    0.094680    0.194067    8.685335 ^ wire476/X (sky130_fd_sc_hd__clkbuf_1)
                                                         net476 (net)
                      0.094680    0.000139    8.685474 ^ wire475/A (sky130_fd_sc_hd__clkbuf_1)
     1    0.007305    0.152455    0.220014    8.905488 ^ wire475/X (sky130_fd_sc_hd__clkbuf_1)
                                                         net475 (net)
                      0.152455    0.000274    8.905762 ^ wire474/A (sky130_fd_sc_hd__clkbuf_1)
     1    0.006218    0.133060    0.229835    9.135596 ^ wire474/X (sky130_fd_sc_hd__clkbuf_1)
                                                         net474 (net)
                      0.133060    0.000256    9.135852 ^ wire473/A (sky130_fd_sc_hd__clkbuf_1)
     1    0.003259    0.080731    0.182885    9.318737 ^ wire473/X (sky130_fd_sc_hd__clkbuf_1)
                                                         net473 (net)
                      0.080731    0.000099    9.318836 ^ wire472/A (sky130_fd_sc_hd__clkbuf_1)
     1    0.008309    0.170584    0.227172    9.546008 ^ wire472/X (sky130_fd_sc_hd__clkbuf_1)
                                                         net472 (net)
                      0.170584    0.000465    9.546474 ^ wire471/A (sky130_fd_sc_hd__clkbuf_1)
     1    0.006507    0.138307    0.241136    9.787609 ^ wire471/X (sky130_fd_sc_hd__clkbuf_1)
                                                         net471 (net)
                      0.138307    0.000248    9.787857 ^ wire470/A (sky130_fd_sc_hd__clkbuf_1)
     1    0.011772    0.233504    0.296230   10.084086 ^ wire470/X (sky130_fd_sc_hd__clkbuf_1)
                                                         net470 (net)
                      0.233504    0.000433   10.084519 ^ wire469/A (sky130_fd_sc_hd__clkbuf_1)
     1    0.002830    0.074245    0.217161   10.301681 ^ wire469/X (sky130_fd_sc_hd__clkbuf_1)
                                                         net469 (net)
                      0.074245    0.000085   10.301766 ^ wire468/A (sky130_fd_sc_hd__clkbuf_1)
     1    0.003183    0.079076    0.157377   10.459144 ^ wire468/X (sky130_fd_sc_hd__clkbuf_1)
                                                         net468 (net)
                      0.079076    0.000093   10.459236 ^ wire467/A (sky130_fd_sc_hd__clkbuf_1)
     1    0.014574    0.285090    0.308120   10.767356 ^ wire467/X (sky130_fd_sc_hd__clkbuf_1)
                                                         net467 (net)
                      0.285092    0.000668   10.768024 ^ wire466/A (sky130_fd_sc_hd__clkbuf_1)
     1    0.002279    0.065945    0.223861   10.991885 ^ wire466/X (sky130_fd_sc_hd__clkbuf_1)
                                                         net466 (net)
                      0.065945    0.000044   10.991929 ^ wire465/A (sky130_fd_sc_hd__clkbuf_1)
     1    0.002891    0.074046    0.149693   11.141623 ^ wire465/X (sky130_fd_sc_hd__clkbuf_1)
                                                         net465 (net)
                      0.074046    0.000083   11.141706 ^ wire464/A (sky130_fd_sc_hd__clkbuf_1)
     1    0.003210    0.079538    0.157645   11.299351 ^ wire464/X (sky130_fd_sc_hd__clkbuf_1)
                                                         net464 (net)
                      0.079538    0.000099   11.299450 ^ wire463/A (sky130_fd_sc_hd__clkbuf_1)
     1    0.007050    0.147813    0.210399   11.509849 ^ wire463/X (sky130_fd_sc_hd__clkbuf_1)
                                                         net463 (net)
                      0.147813    0.000308   11.510157 ^ wire462/A (sky130_fd_sc_hd__clkbuf_1)
     1    0.008252    0.169734    0.254333   11.764489 ^ wire462/X (sky130_fd_sc_hd__clkbuf_1)
                                                         net462 (net)
                      0.169734    0.000430   11.764919 ^ wire461/A (sky130_fd_sc_hd__clkbuf_1)
     1    0.013680    0.268197    0.334086   12.099005 ^ wire461/X (sky130_fd_sc_hd__clkbuf_1)
                                                         net461 (net)
                      0.268197    0.000554   12.099559 ^ wire460/A (sky130_fd_sc_hd__clkbuf_1)
     1    0.003063    0.078587    0.229900   12.329458 ^ wire460/X (sky130_fd_sc_hd__clkbuf_1)
                                                         net460 (net)
                      0.078587    0.000092   12.329551 ^ wire459/A (sky130_fd_sc_hd__clkbuf_1)
     1    0.003247    0.080176    0.160192   12.489743 ^ wire459/X (sky130_fd_sc_hd__clkbuf_1)
                                                         net459 (net)
                      0.080176    0.000099   12.489842 ^ wire458/A (sky130_fd_sc_hd__clkbuf_1)
     1    0.003111    0.077839    0.159038   12.648881 ^ wire458/X (sky130_fd_sc_hd__clkbuf_1)
                                                         net458 (net)
                      0.077839    0.000095   12.648975 ^ wire457/A (sky130_fd_sc_hd__clkbuf_1)
     1    0.003232    0.079904    0.159641   12.808617 ^ wire457/X (sky130_fd_sc_hd__clkbuf_1)
                                                         net457 (net)
                      0.079904    0.000099   12.808716 ^ wire456/A (sky130_fd_sc_hd__clkbuf_1)
     1    0.004593    0.103659    0.178677   12.987392 ^ wire456/X (sky130_fd_sc_hd__clkbuf_1)
                                                         net456 (net)
                      0.103659    0.000164   12.987557 ^ wire455/A (sky130_fd_sc_hd__clkbuf_1)
     1    0.005195    0.114521    0.196336   13.183893 ^ wire455/X (sky130_fd_sc_hd__clkbuf_1)
                                                         net455 (net)
                      0.114521    0.000190   13.184084 ^ wire454/A (sky130_fd_sc_hd__clkbuf_1)
     1    0.012569    0.248136    0.296662   13.480745 ^ wire454/X (sky130_fd_sc_hd__clkbuf_1)
                                                         net454 (net)
                      0.248136    0.000500   13.481246 ^ wire453/A (sky130_fd_sc_hd__clkbuf_1)
     1    0.002848    0.074738    0.221437   13.702682 ^ wire453/X (sky130_fd_sc_hd__clkbuf_1)
                                                         net453 (net)
                      0.074738    0.000084   13.702767 ^ wire452/A (sky130_fd_sc_hd__clkbuf_1)
     1    0.011047    0.220261    0.259965   13.962732 ^ wire452/X (sky130_fd_sc_hd__clkbuf_1)
                                                         net452 (net)
                      0.220261    0.000615   13.963347 ^ wire451/A (sky130_fd_sc_hd__clkbuf_1)
     1    0.010897    0.217741    0.318816   14.282164 ^ wire451/X (sky130_fd_sc_hd__clkbuf_1)
                                                         net451 (net)
                      0.217741    0.000695   14.282858 ^ wire450/A (sky130_fd_sc_hd__clkbuf_1)
     1    0.007630    0.158705    0.275294   14.558151 ^ wire450/X (sky130_fd_sc_hd__clkbuf_1)
                                                         net450 (net)
                      0.158705    0.000381   14.558533 ^ wire449/A (sky130_fd_sc_hd__clkbuf_1)
     1    0.005614    0.122230    0.224570   14.783102 ^ wire449/X (sky130_fd_sc_hd__clkbuf_1)
                                                         net449 (net)
                      0.122230    0.000221   14.783323 ^ wire448/A (sky130_fd_sc_hd__clkbuf_1)
     1    0.004971    0.110580    0.201107   14.984430 ^ wire448/X (sky130_fd_sc_hd__clkbuf_1)
                                                         net448 (net)
                      0.110580    0.000187   14.984616 ^ wire447/A (sky130_fd_sc_hd__clkbuf_1)
     1    0.002807    0.072851    0.167482   15.152099 ^ wire447/X (sky130_fd_sc_hd__clkbuf_1)
                                                         net447 (net)
                      0.072851    0.000082   15.152181 ^ wire446/A (sky130_fd_sc_hd__clkbuf_1)
     1    0.005936    0.127735    0.192919   15.345099 ^ wire446/X (sky130_fd_sc_hd__clkbuf_1)
                                                         net446 (net)
                      0.127735    0.000242   15.345342 ^ wire445/A (sky130_fd_sc_hd__clkbuf_1)
     1    0.002850    0.073706    0.175136   15.520478 ^ wire445/X (sky130_fd_sc_hd__clkbuf_1)
                                                         net445 (net)
                      0.073706    0.000085   15.520563 ^ wire444/A (sky130_fd_sc_hd__clkbuf_1)
     1    0.005046    0.111752    0.181764   15.702327 ^ wire444/X (sky130_fd_sc_hd__clkbuf_1)
                                                         net444 (net)
                      0.111752    0.000190   15.702518 ^ wire443/A (sky130_fd_sc_hd__clkbuf_1)
     1    0.002921    0.074792    0.169498   15.872015 ^ wire443/X (sky130_fd_sc_hd__clkbuf_1)
                                                         net443 (net)
                      0.074792    0.000085   15.872101 ^ wire442/A (sky130_fd_sc_hd__clkbuf_1)
     1    0.006189    0.132290    0.197083   16.069183 ^ wire442/X (sky130_fd_sc_hd__clkbuf_1)
                                                         net442 (net)
                      0.132290    0.000252   16.069435 ^ wire441/A (sky130_fd_sc_hd__clkbuf_1)
     1    0.002625    0.069930    0.173966   16.243402 ^ wire441/X (sky130_fd_sc_hd__clkbuf_1)
                                                         net441 (net)
                      0.069930    0.000073   16.243475 ^ wire440/A (sky130_fd_sc_hd__clkbuf_1)
     1    0.006539    0.138591    0.199416   16.442890 ^ wire440/X (sky130_fd_sc_hd__clkbuf_1)
                                                         net440 (net)
                      0.138591    0.000275   16.443165 ^ wire439/A (sky130_fd_sc_hd__clkbuf_1)
     1    0.002890    0.074463    0.180156   16.623322 ^ wire439/X (sky130_fd_sc_hd__clkbuf_1)
                                                         net439 (net)
                      0.074463    0.000083   16.623405 ^ wire438/A (sky130_fd_sc_hd__clkbuf_1)
     1    0.007203    0.150561    0.210100   16.833506 ^ wire438/X (sky130_fd_sc_hd__clkbuf_1)
                                                         net438 (net)
                      0.150561    0.000275   16.833780 ^ wire437/A (sky130_fd_sc_hd__clkbuf_1)
     1    0.002767    0.072485    0.183439   17.017220 ^ wire437/X (sky130_fd_sc_hd__clkbuf_1)
                                                         net437 (net)
                      0.072485    0.000080   17.017300 ^ wire436/A (sky130_fd_sc_hd__clkbuf_1)
     1    0.017374    0.336413    0.341089   17.358389 ^ wire436/X (sky130_fd_sc_hd__clkbuf_1)
                                                         net436 (net)
                      0.336424    0.001609   17.359999 ^ wire435/A (sky130_fd_sc_hd__clkbuf_1)
     1    0.006905    0.146571    0.299606   17.659603 ^ wire435/X (sky130_fd_sc_hd__clkbuf_1)
                                                         net435 (net)
                      0.146571    0.000274   17.659878 ^ wire434/A (sky130_fd_sc_hd__clkbuf_1)
     1    0.002298    0.064601    0.175442   17.835320 ^ wire434/X (sky130_fd_sc_hd__clkbuf_1)
                                                         net434 (net)
                      0.064601    0.000044   17.835363 ^ wire433/A (sky130_fd_sc_hd__clkbuf_1)
     1    0.010717    0.214164    0.251031   18.086395 ^ wire433/X (sky130_fd_sc_hd__clkbuf_1)
                                                         net433 (net)
                      0.214164    0.000622   18.087017 ^ wire432/A (sky130_fd_sc_hd__clkbuf_1)
     1    0.002300    0.065266    0.203329   18.290346 ^ wire432/X (sky130_fd_sc_hd__clkbuf_1)
                                                         net432 (net)
                      0.065266    0.000044   18.290390 ^ wire431/A (sky130_fd_sc_hd__clkbuf_1)
     1    0.003663    0.087348    0.159812   18.450201 ^ wire431/X (sky130_fd_sc_hd__clkbuf_1)
                                                         net431 (net)
                      0.087348    0.000121   18.450323 ^ wire430/A (sky130_fd_sc_hd__clkbuf_1)
     1    0.012707    0.250715    0.287177   18.737499 ^ wire430/X (sky130_fd_sc_hd__clkbuf_1)
                                                         net430 (net)
                      0.250715    0.000480   18.737978 ^ wire429/A (sky130_fd_sc_hd__clkbuf_1)
     1    0.002281    0.065446    0.214419   18.952398 ^ wire429/X (sky130_fd_sc_hd__clkbuf_1)
                                                         net429 (net)
                      0.065446    0.000044   18.952442 ^ wire428/A (sky130_fd_sc_hd__clkbuf_1)
     1    0.013263    0.260785    0.284672   19.237114 ^ wire428/X (sky130_fd_sc_hd__clkbuf_1)
                                                         net428 (net)
                      0.260786    0.000473   19.237587 ^ wire427/A (sky130_fd_sc_hd__clkbuf_1)
     1    0.011983    0.237269    0.344885   19.582472 ^ wire427/X (sky130_fd_sc_hd__clkbuf_1)
                                                         net427 (net)
                      0.237269    0.000444   19.582916 ^ wire426/A (sky130_fd_sc_hd__clkbuf_1)
     1    0.003059    0.078127    0.221323   19.804239 ^ wire426/X (sky130_fd_sc_hd__clkbuf_1)
                                                         net426 (net)
                      0.078127    0.000089   19.804327 ^ wire425/A (sky130_fd_sc_hd__clkbuf_1)
     1    0.002806    0.072576    0.154019   19.958347 ^ wire425/X (sky130_fd_sc_hd__clkbuf_1)
                                                         net425 (net)
                      0.072576    0.000080   19.958427 ^ wire424/A (sky130_fd_sc_hd__clkbuf_1)
     1    0.009042    0.183803    0.233079   20.191505 ^ wire424/X (sky130_fd_sc_hd__clkbuf_1)
                                                         net424 (net)
                      0.183803    0.000412   20.191917 ^ wire423/A (sky130_fd_sc_hd__clkbuf_1)
     1    0.011594    0.230204    0.312815   20.504732 ^ wire423/X (sky130_fd_sc_hd__clkbuf_1)
                                                         net423 (net)
                      0.230204    0.000572   20.505304 ^ wire422/A (sky130_fd_sc_hd__clkbuf_1)
     1    0.006323    0.135236    0.262542   20.767847 ^ wire422/X (sky130_fd_sc_hd__clkbuf_1)
                                                         net422 (net)
                      0.135236    0.000265   20.768112 ^ wire421/A (sky130_fd_sc_hd__clkbuf_1)
     1    0.008671    0.177248    0.254602   21.022713 ^ wire421/X (sky130_fd_sc_hd__clkbuf_1)
                                                         net421 (net)
                      0.177248    0.000327   21.023041 ^ wire420/A (sky130_fd_sc_hd__clkbuf_1)
     1    0.008796    0.179638    0.273637   21.296677 ^ wire420/X (sky130_fd_sc_hd__clkbuf_1)
                                                         net420 (net)
                      0.179638    0.000460   21.297136 ^ wire419/A (sky130_fd_sc_hd__clkbuf_1)
     1    0.003049    0.077471    0.199265   21.496401 ^ wire419/X (sky130_fd_sc_hd__clkbuf_1)
                                                         net419 (net)
                      0.077471    0.000091   21.496492 ^ wire418/A (sky130_fd_sc_hd__clkbuf_1)
     1    0.002982    0.075614    0.156110   21.652601 ^ wire418/X (sky130_fd_sc_hd__clkbuf_1)
                                                         net418 (net)
                      0.075614    0.000091   21.652693 ^ wire417/A (sky130_fd_sc_hd__clkbuf_1)
     1    0.010804    0.215773    0.257339   21.910032 ^ wire417/X (sky130_fd_sc_hd__clkbuf_1)
                                                         net417 (net)
                      0.215773    0.000416   21.910448 ^ wire416/A (sky130_fd_sc_hd__clkbuf_1)
     1    0.009948    0.200593    0.304643   22.215092 ^ wire416/X (sky130_fd_sc_hd__clkbuf_1)
                                                         net416 (net)
                      0.200593    0.000536   22.215628 ^ wire415/A (sky130_fd_sc_hd__clkbuf_1)
     1    0.002991    0.076640    0.207127   22.422754 ^ wire415/X (sky130_fd_sc_hd__clkbuf_1)
                                                         net415 (net)
                      0.076640    0.000091   22.422844 ^ wire414/A (sky130_fd_sc_hd__clkbuf_1)
     1    0.003142    0.078356    0.157886   22.580730 ^ wire414/X (sky130_fd_sc_hd__clkbuf_1)
                                                         net414 (net)
                      0.078356    0.000094   22.580826 ^ wire413/A (sky130_fd_sc_hd__clkbuf_1)
     1    0.005177    0.114101    0.185580   22.766405 ^ wire413/X (sky130_fd_sc_hd__clkbuf_1)
                                                         net413 (net)
                      0.114101    0.000188   22.766592 ^ wire412/A (sky130_fd_sc_hd__clkbuf_1)
     1    0.006439    0.136915    0.216795   22.983389 ^ wire412/X (sky130_fd_sc_hd__clkbuf_1)
                                                         net412 (net)
                      0.136915    0.000295   22.983683 ^ wire411/A (sky130_fd_sc_hd__clkbuf_1)
     1    0.009454    0.191443    0.265405   23.249088 ^ wire411/X (sky130_fd_sc_hd__clkbuf_1)
                                                         net411 (net)
                      0.191443    0.000522   23.249611 ^ wire410/A (sky130_fd_sc_hd__clkbuf_1)
     1    0.007824    0.162111    0.266905   23.516516 ^ wire410/X (sky130_fd_sc_hd__clkbuf_1)
                                                         net410 (net)
                      0.162111    0.000373   23.516890 ^ wire409/A (sky130_fd_sc_hd__clkbuf_1)
     1    0.003142    0.078926    0.193291   23.710180 ^ wire409/X (sky130_fd_sc_hd__clkbuf_1)
                                                         net409 (net)
                      0.078926    0.000094   23.710274 ^ wire408/A (sky130_fd_sc_hd__clkbuf_1)
     1    0.005951    0.127998    0.195884   23.906158 ^ wire408/X (sky130_fd_sc_hd__clkbuf_1)
                                                         net408 (net)
                      0.127998    0.000229   23.906387 ^ wire407/A (sky130_fd_sc_hd__clkbuf_1)
     1    0.013648    0.267850    0.316163   24.222549 ^ wire407/X (sky130_fd_sc_hd__clkbuf_1)
                                                         net407 (net)
                      0.267850    0.000929   24.223478 ^ wire406/A (sky130_fd_sc_hd__clkbuf_1)
     1    0.007671    0.159782    0.290598   24.514076 ^ wire406/X (sky130_fd_sc_hd__clkbuf_1)
                                                         net406 (net)
                      0.159782    0.000288   24.514364 ^ wire405/A (sky130_fd_sc_hd__clkbuf_1)
     1    0.003055    0.077433    0.191148   24.705513 ^ wire405/X (sky130_fd_sc_hd__clkbuf_1)
                                                         net405 (net)
                      0.077433    0.000091   24.705603 ^ wire404/A (sky130_fd_sc_hd__clkbuf_1)
     1    0.007798    0.161308    0.219167   24.924770 ^ wire404/X (sky130_fd_sc_hd__clkbuf_1)
                                                         net404 (net)
                      0.161308    0.000295   24.925066 ^ wire403/A (sky130_fd_sc_hd__clkbuf_1)
     1    0.007016    0.147444    0.243878   25.168943 ^ wire403/X (sky130_fd_sc_hd__clkbuf_1)
                                                         net403 (net)
                      0.147444    0.000304   25.169247 ^ wire402/A (sky130_fd_sc_hd__clkbuf_1)
     1    0.002859    0.074008    0.183391   25.352638 ^ wire402/X (sky130_fd_sc_hd__clkbuf_1)
                                                         net402 (net)
                      0.074008    0.000085   25.352724 ^ wire401/A (sky130_fd_sc_hd__clkbuf_1)
     1    0.006145    0.131501    0.196156   25.548880 ^ wire401/X (sky130_fd_sc_hd__clkbuf_1)
                                                         net401 (net)
                      0.131501    0.000254   25.549133 ^ wire400/A (sky130_fd_sc_hd__clkbuf_1)
     1    0.006726    0.142124    0.227754   25.776888 ^ wire400/X (sky130_fd_sc_hd__clkbuf_1)
                                                         net400 (net)
                      0.142124    0.000268   25.777155 ^ wire399/A (sky130_fd_sc_hd__clkbuf_1)
     1    0.003027    0.076830    0.183480   25.960636 ^ wire399/X (sky130_fd_sc_hd__clkbuf_1)
                                                         net399 (net)
                      0.076830    0.000089   25.960724 ^ wire398/A (sky130_fd_sc_hd__clkbuf_1)
     1    0.006972    0.146393    0.208164   26.168888 ^ wire398/X (sky130_fd_sc_hd__clkbuf_1)
                                                         net398 (net)
                      0.146393    0.000274   26.169163 ^ wire397/A (sky130_fd_sc_hd__clkbuf_1)
     1    0.006835    0.144136    0.235342   26.404505 ^ wire397/X (sky130_fd_sc_hd__clkbuf_1)
                                                         net397 (net)
                      0.144136    0.000281   26.404785 ^ wire396/A (sky130_fd_sc_hd__clkbuf_1)
     1    0.004522    0.102646    0.204354   26.609138 ^ wire396/X (sky130_fd_sc_hd__clkbuf_1)
                                                         net396 (net)
                      0.102646    0.000149   26.609287 ^ wire395/A (sky130_fd_sc_hd__clkbuf_1)
     1    0.005541    0.120720    0.200405   26.809692 ^ wire395/X (sky130_fd_sc_hd__clkbuf_1)
                                                         net395 (net)
                      0.120720    0.000218   26.809912 ^ wire394/A (sky130_fd_sc_hd__clkbuf_1)
     1    0.006890    0.145049    0.225430   27.035341 ^ wire394/X (sky130_fd_sc_hd__clkbuf_1)
                                                         net394 (net)
                      0.145049    0.000272   27.035614 ^ wire393/A (sky130_fd_sc_hd__clkbuf_1)
     1    0.002873    0.074234    0.182599   27.218212 ^ wire393/X (sky130_fd_sc_hd__clkbuf_1)
                                                         net393 (net)
                      0.074234    0.000083   27.218296 ^ wire392/A (sky130_fd_sc_hd__clkbuf_1)
     1    0.011396    0.226638    0.264398   27.482695 ^ wire392/X (sky130_fd_sc_hd__clkbuf_1)
                                                         net392 (net)
                      0.226638    0.000391   27.483086 ^ wire391/A (sky130_fd_sc_hd__clkbuf_1)
     1    0.002282    0.065107    0.207811   27.690895 ^ wire391/X (sky130_fd_sc_hd__clkbuf_1)
                                                         net391 (net)
                      0.065107    0.000044   27.690941 ^ wire390/A (sky130_fd_sc_hd__clkbuf_1)
     1    0.010496    0.210137    0.248495   27.939434 ^ wire390/X (sky130_fd_sc_hd__clkbuf_1)
                                                         net390 (net)
                      0.210137    0.000428   27.939863 ^ wire389/A (sky130_fd_sc_hd__clkbuf_1)
     1    0.009218    0.187351    0.292847   28.232710 ^ wire389/X (sky130_fd_sc_hd__clkbuf_1)
                                                         net389 (net)
                      0.187351    0.000393   28.233103 ^ wire388/A (sky130_fd_sc_hd__clkbuf_1)
     1    0.011861    0.235009    0.317836   28.550938 ^ wire388/X (sky130_fd_sc_hd__clkbuf_1)
                                                         net388 (net)
                      0.235009    0.000448   28.551386 ^ wire387/A (sky130_fd_sc_hd__clkbuf_1)
     1    0.008851    0.180830    0.296851   28.848236 ^ wire387/X (sky130_fd_sc_hd__clkbuf_1)
                                                         net387 (net)
                      0.180830    0.000352   28.848589 ^ wire386/A (sky130_fd_sc_hd__clkbuf_1)
     1    0.009435    0.191199    0.283503   29.132092 ^ wire386/X (sky130_fd_sc_hd__clkbuf_1)
                                                         net386 (net)
                      0.191199    0.000373   29.132463 ^ wire385/A (sky130_fd_sc_hd__clkbuf_1)
     1    0.009836    0.198482    0.293033   29.425497 ^ wire385/X (sky130_fd_sc_hd__clkbuf_1)
                                                         net385 (net)
                      0.198482    0.000419   29.425917 ^ wire384/A (sky130_fd_sc_hd__clkbuf_1)
     1    0.004140    0.096064    0.221855   29.647772 ^ wire384/X (sky130_fd_sc_hd__clkbuf_1)
                                                         net384 (net)
                      0.096064    0.000139   29.647909 ^ wire383/A (sky130_fd_sc_hd__clkbuf_1)
     1    0.004972    0.110487    0.190289   29.838198 ^ wire383/X (sky130_fd_sc_hd__clkbuf_1)
                                                         net383 (net)
                      0.110487    0.000174   29.838373 ^ wire382/A (sky130_fd_sc_hd__clkbuf_1)
     1    0.003764    0.089236    0.180389   30.018763 ^ wire382/X (sky130_fd_sc_hd__clkbuf_1)
                                                         net382 (net)
                      0.089236    0.000121   30.018883 ^ wire381/A (sky130_fd_sc_hd__clkbuf_1)
     1    0.004906    0.109280    0.186592   30.205475 ^ wire381/X (sky130_fd_sc_hd__clkbuf_1)
                                                         net381 (net)
                      0.109280    0.000185   30.205660 ^ wire380/A (sky130_fd_sc_hd__clkbuf_1)
     1    0.004576    0.103473    0.190621   30.396280 ^ wire380/X (sky130_fd_sc_hd__clkbuf_1)
                                                         net380 (net)
                      0.103473    0.000160   30.396441 ^ wire379/A (sky130_fd_sc_hd__clkbuf_1)
     1    0.005088    0.112603    0.194863   30.591303 ^ wire379/X (sky130_fd_sc_hd__clkbuf_1)
                                                         net379 (net)
                      0.112603    0.000203   30.591505 ^ wire378/A (sky130_fd_sc_hd__clkbuf_1)
     1    0.004937    0.109929    0.196678   30.788183 ^ wire378/X (sky130_fd_sc_hd__clkbuf_1)
                                                         net378 (net)
                      0.109929    0.000181   30.788364 ^ wire377/A (sky130_fd_sc_hd__clkbuf_1)
     1    0.008021    0.165434    0.235662   31.024027 ^ wire377/X (sky130_fd_sc_hd__clkbuf_1)
                                                         net377 (net)
                      0.165434    0.000288   31.024315 ^ wire376/A (sky130_fd_sc_hd__clkbuf_1)
     1    0.007244    0.151573    0.248587   31.272902 ^ wire376/X (sky130_fd_sc_hd__clkbuf_1)
                                                         net376 (net)
                      0.151573    0.000291   31.273193 ^ wire375/A (sky130_fd_sc_hd__clkbuf_1)
     1    0.003042    0.077159    0.187587   31.460779 ^ wire375/X (sky130_fd_sc_hd__clkbuf_1)
                                                         net375 (net)
                      0.077159    0.000092   31.460873 ^ wire374/A (sky130_fd_sc_hd__clkbuf_1)
     1    0.005218    0.114837    0.185565   31.646437 ^ wire374/X (sky130_fd_sc_hd__clkbuf_1)
                                                         net374 (net)
                      0.114837    0.000195   31.646633 ^ wire373/A (sky130_fd_sc_hd__clkbuf_1)
     1    0.007075    0.148378    0.225384   31.872017 ^ wire373/X (sky130_fd_sc_hd__clkbuf_1)
                                                         net373 (net)
                      0.148378    0.000288   31.872305 ^ wire372/A (sky130_fd_sc_hd__clkbuf_1)
     1    0.006676    0.141285    0.234134   32.106438 ^ wire372/X (sky130_fd_sc_hd__clkbuf_1)
                                                         net372 (net)
                      0.141285    0.000242   32.106682 ^ wire371/A (sky130_fd_sc_hd__clkbuf_1)
     1    0.009891    0.199364    0.272966   32.379646 ^ wire371/X (sky130_fd_sc_hd__clkbuf_1)
                                                         net371 (net)
                      0.199364    0.000405   32.380051 ^ wire370/A (sky130_fd_sc_hd__clkbuf_1)
     1    0.005952    0.128431    0.245809   32.625862 ^ wire370/X (sky130_fd_sc_hd__clkbuf_1)
                                                         net370 (net)
                      0.128431    0.000266   32.626125 ^ wire369/A (sky130_fd_sc_hd__clkbuf_1)
     1    0.006742    0.142409    0.226681   32.852806 ^ wire369/X (sky130_fd_sc_hd__clkbuf_1)
                                                         net369 (net)
                      0.142409    0.000277   32.853085 ^ wire368/A (sky130_fd_sc_hd__clkbuf_1)
     1    0.004315    0.098945    0.200941   33.054028 ^ wire368/X (sky130_fd_sc_hd__clkbuf_1)
                                                         net368 (net)
                      0.098945    0.000139   33.054165 ^ wire367/A (sky130_fd_sc_hd__clkbuf_1)
     1    0.005179    0.114206    0.194159   33.248325 ^ wire367/X (sky130_fd_sc_hd__clkbuf_1)
                                                         net367 (net)
                      0.114206    0.000195   33.248520 ^ wire366/A (sky130_fd_sc_hd__clkbuf_1)
     1    0.007025    0.147461    0.224496   33.473015 ^ wire366/X (sky130_fd_sc_hd__clkbuf_1)
                                                         net366 (net)
                      0.147461    0.000249   33.473263 ^ wire365/A (sky130_fd_sc_hd__clkbuf_1)
     1    0.005712    0.123947    0.221199   33.694462 ^ wire365/X (sky130_fd_sc_hd__clkbuf_1)
                                                         net365 (net)
                      0.123947    0.000231   33.694695 ^ wire364/A (sky130_fd_sc_hd__clkbuf_1)
     1    0.004976    0.110677    0.201883   33.896576 ^ wire364/X (sky130_fd_sc_hd__clkbuf_1)
                                                         net364 (net)
                      0.110677    0.000181   33.896759 ^ wire363/A (sky130_fd_sc_hd__clkbuf_1)
     1    0.003610    0.086592    0.178378   34.075138 ^ wire363/X (sky130_fd_sc_hd__clkbuf_1)
                                                         net363 (net)
                      0.086592    0.000117   34.075253 ^ wire362/A (sky130_fd_sc_hd__clkbuf_1)
     1    0.003341    0.081826    0.164786   34.240040 ^ wire362/X (sky130_fd_sc_hd__clkbuf_1)
                                                         net362 (net)
                      0.081826    0.000103   34.240143 ^ wire361/A (sky130_fd_sc_hd__clkbuf_1)
     1    0.006367    0.135490    0.202490   34.442635 ^ wire361/X (sky130_fd_sc_hd__clkbuf_1)
                                                         net361 (net)
                      0.135490    0.000245   34.442879 ^ wire360/A (sky130_fd_sc_hd__clkbuf_1)
     1    0.003972    0.092909    0.193538   34.636417 ^ wire360/X (sky130_fd_sc_hd__clkbuf_1)
                                                         net360 (net)
                      0.092909    0.000131   34.636547 ^ wire359/A (sky130_fd_sc_hd__clkbuf_1)
     1    0.006275    0.133885    0.205887   34.842434 ^ wire359/X (sky130_fd_sc_hd__clkbuf_1)
                                                         net359 (net)
                      0.133885    0.000274   34.842709 ^ wire358/A (sky130_fd_sc_hd__clkbuf_1)
     1    0.002411    0.066355    0.171731   35.014439 ^ wire358/X (sky130_fd_sc_hd__clkbuf_1)
                                                         net358 (net)
                      0.066355    0.000068   35.014507 ^ wire357/A (sky130_fd_sc_hd__clkbuf_1)
     1    0.005629    0.122216    0.186006   35.200512 ^ wire357/X (sky130_fd_sc_hd__clkbuf_1)
                                                         net357 (net)
                      0.122216    0.000227   35.200741 ^ wire356/A (sky130_fd_sc_hd__clkbuf_1)
     1    0.003227    0.080112    0.177973   35.378712 ^ wire356/X (sky130_fd_sc_hd__clkbuf_1)
                                                         net356 (net)
                      0.080112    0.000096   35.378807 ^ wire355/A (sky130_fd_sc_hd__clkbuf_1)
     1    0.006088    0.130468    0.198142   35.576950 ^ wire355/X (sky130_fd_sc_hd__clkbuf_1)
                                                         net355 (net)
                      0.130468    0.000249   35.577198 ^ wire354/A (sky130_fd_sc_hd__clkbuf_1)
     1    0.006653    0.140812    0.226390   35.803589 ^ wire354/X (sky130_fd_sc_hd__clkbuf_1)
                                                         net354 (net)
                      0.140812    0.000242   35.803829 ^ wire353/A (sky130_fd_sc_hd__clkbuf_1)
     1    0.005293    0.116410    0.212999   36.016830 ^ wire353/X (sky130_fd_sc_hd__clkbuf_1)
                                                         net353 (net)
                      0.116410    0.000188   36.017017 ^ wire352/A (sky130_fd_sc_hd__clkbuf_1)
     1    0.005919    0.127561    0.211024   36.228043 ^ wire352/X (sky130_fd_sc_hd__clkbuf_1)
                                                         net352 (net)
                      0.127561    0.000210   36.228252 ^ wire351/A (sky130_fd_sc_hd__clkbuf_1)
     1    0.005172    0.114197    0.205926   36.434177 ^ wire351/X (sky130_fd_sc_hd__clkbuf_1)
                                                         net351 (net)
                      0.114197    0.000210   36.434387 ^ wire350/A (sky130_fd_sc_hd__clkbuf_1)
     1    0.004426    0.100807    0.190681   36.625069 ^ wire350/X (sky130_fd_sc_hd__clkbuf_1)
                                                         net350 (net)
                      0.100807    0.000185   36.625252 ^ wire349/A (sky130_fd_sc_hd__clkbuf_1)
     1    0.005296    0.116315    0.196451   36.821705 ^ wire349/X (sky130_fd_sc_hd__clkbuf_1)
                                                         net349 (net)
                      0.116315    0.000206   36.821911 ^ wire348/A (sky130_fd_sc_hd__clkbuf_1)
     1    0.002972    0.075705    0.172079   36.993988 ^ wire348/X (sky130_fd_sc_hd__clkbuf_1)
                                                         net348 (net)
                      0.075705    0.000089   36.994080 ^ wire347/A (sky130_fd_sc_hd__clkbuf_1)
     1    0.002336    0.064590    0.146589   37.140667 ^ wire347/X (sky130_fd_sc_hd__clkbuf_1)
                                                         net347 (net)
                      0.064590    0.000046   37.140713 ^ wire346/A (sky130_fd_sc_hd__clkbuf_1)
     1    0.004211    0.096843    0.166839   37.307552 ^ wire346/X (sky130_fd_sc_hd__clkbuf_1)
                                                         net346 (net)
                      0.096843    0.000139   37.307690 ^ wire345/A (sky130_fd_sc_hd__clkbuf_1)
     1    0.003333    0.081755    0.168914   37.476604 ^ wire345/X (sky130_fd_sc_hd__clkbuf_1)
                                                         net345 (net)
                      0.081755    0.000103   37.476707 ^ wire344/A (sky130_fd_sc_hd__clkbuf_1)
     1    0.003071    0.077157    0.159140   37.635849 ^ wire344/X (sky130_fd_sc_hd__clkbuf_1)
                                                         net344 (net)
                      0.077157    0.000107   37.635956 ^ wire343/A (sky130_fd_sc_hd__clkbuf_1)
     1    0.003002    0.075946    0.156231   37.792183 ^ wire343/X (sky130_fd_sc_hd__clkbuf_1)
                                                         net343 (net)
                      0.075946    0.000089   37.792274 ^ wire342/A (sky130_fd_sc_hd__clkbuf_1)
     1    0.003671    0.087468    0.164722   37.956997 ^ wire342/X (sky130_fd_sc_hd__clkbuf_1)
                                                         net342 (net)
                      0.087468    0.000117   37.957111 ^ wire341/A (sky130_fd_sc_hd__clkbuf_1)
     1    0.003484    0.084302    0.167095   38.124207 ^ wire341/X (sky130_fd_sc_hd__clkbuf_1)
                                                         net341 (net)
                      0.084302    0.000103   38.124310 ^ wire340/A (sky130_fd_sc_hd__clkbuf_1)
     1    0.003207    0.079509    0.162032   38.286343 ^ wire340/X (sky130_fd_sc_hd__clkbuf_1)
                                                         net340 (net)
                      0.079509    0.000099   38.286442 ^ wire339/A (sky130_fd_sc_hd__clkbuf_1)
     1    0.004004    0.093215    0.170811   38.457253 ^ wire339/X (sky130_fd_sc_hd__clkbuf_1)
                                                         net339 (net)
                      0.093215    0.000149   38.457401 ^ wire338/A (sky130_fd_sc_hd__clkbuf_1)
     1    0.002962    0.075364    0.162409   38.619812 ^ wire338/X (sky130_fd_sc_hd__clkbuf_1)
                                                         net338 (net)
                      0.075364    0.000085   38.619896 ^ wire337/A (sky130_fd_sc_hd__clkbuf_1)
     1    0.002418    0.065975    0.147541   38.767437 ^ wire337/X (sky130_fd_sc_hd__clkbuf_1)
                                                         net337 (net)
                      0.065975    0.000068   38.767506 ^ wire336/A (sky130_fd_sc_hd__clkbuf_1)
     1    0.001945    0.058124    0.136950   38.904453 ^ wire336/X (sky130_fd_sc_hd__clkbuf_1)
                                                         net336 (net)
                      0.058124    0.000039   38.904491 ^ _422_/B (sky130_fd_sc_hd__and2b_1)
     2    0.008691    0.146500    0.284203   39.188698 ^ _422_/X (sky130_fd_sc_hd__and2b_1)
                                                         _211_ (net)
                      0.146500    0.000327   39.189022 ^ _440_/A2 (sky130_fd_sc_hd__a211oi_1)
     1    0.002356    0.107127    0.163705   39.352730 v _440_/Y (sky130_fd_sc_hd__a211oi_1)
                                                         _229_ (net)
                      0.107127    0.000068   39.352795 v wire95/A (sky130_fd_sc_hd__clkbuf_1)
     2    0.008605    0.110151    0.227207   39.580002 v wire95/X (sky130_fd_sc_hd__clkbuf_1)
                                                         net95 (net)
                      0.110151    0.000306   39.580307 v max_cap94/A (sky130_fd_sc_hd__clkbuf_1)
     1    0.003399    0.056497    0.184627   39.764935 v max_cap94/X (sky130_fd_sc_hd__clkbuf_1)
                                                         net94 (net)
                      0.056497    0.000103   39.765038 v _445_/A1 (sky130_fd_sc_hd__o21ba_1)
     1    0.003983    0.074725    0.337423   40.102463 v _445_/X (sky130_fd_sc_hd__o21ba_1)
                                                         _234_ (net)
                      0.074725    0.000135   40.102596 v wire90/A (sky130_fd_sc_hd__clkbuf_1)
     2    0.007243    0.095740    0.200572   40.303169 v wire90/X (sky130_fd_sc_hd__clkbuf_1)
                                                         net90 (net)
                      0.095740    0.000153   40.303322 v max_cap89/A (sky130_fd_sc_hd__clkbuf_1)
     2    0.005723    0.079947    0.197954   40.501274 v max_cap89/X (sky130_fd_sc_hd__clkbuf_1)
                                                         net89 (net)
                      0.079947    0.000092   40.501366 v wire88/A (sky130_fd_sc_hd__clkbuf_1)
     2    0.005574    0.078348    0.189168   40.690536 v wire88/X (sky130_fd_sc_hd__clkbuf_1)
                                                         net88 (net)
                      0.078348    0.000103   40.690639 v _447_/A3 (sky130_fd_sc_hd__o311a_1)
     1    0.006427    0.124903    0.588543   41.279179 v _447_/X (sky130_fd_sc_hd__o311a_1)
                                                         _236_ (net)
                      0.124903    0.000231   41.279411 v wire82/A (sky130_fd_sc_hd__clkbuf_1)
     2    0.005016    0.072769    0.206054   41.485466 v wire82/X (sky130_fd_sc_hd__clkbuf_1)
                                                         net82 (net)
                      0.072769    0.000082   41.485546 v max_cap81/A (sky130_fd_sc_hd__clkbuf_1)
     2    0.005362    0.076156    0.184137   41.669685 v max_cap81/X (sky130_fd_sc_hd__clkbuf_1)
                                                         net81 (net)
                      0.076156    0.000153   41.669838 v wire80/A (sky130_fd_sc_hd__clkbuf_1)
     2    0.006381    0.086738    0.194074   41.863911 v wire80/X (sky130_fd_sc_hd__clkbuf_1)
                                                         net80 (net)
                      0.086738    0.000167   41.864079 v _517_/A3 (sky130_fd_sc_hd__o31a_1)
     1    0.003214    0.088820    0.460826   42.324905 v _517_/X (sky130_fd_sc_hd__o31a_1)
                                                         _267_ (net)
                      0.088820    0.000096   42.325001 v wire75/A (sky130_fd_sc_hd__clkbuf_1)
     1    0.004805    0.070465    0.187033   42.512032 v wire75/X (sky130_fd_sc_hd__clkbuf_1)
                                                         net75 (net)
                      0.070465    0.000099   42.512131 v _518_/B (sky130_fd_sc_hd__xnor2_1)
     1    0.002435    0.085849    0.197513   42.709644 v _518_/Y (sky130_fd_sc_hd__xnor2_1)
                                                         acc_core.adder.cla_blocks[7].block.sum[2] (net)
                      0.085849    0.000068   42.709713 v _664_/D (sky130_fd_sc_hd__dfrtp_1)
                                             42.709713   data arrival time

                                 50.000000   50.000000   clock clk (rise edge)
                                  0.000000   50.000000   clock source latency
     1    0.032195    0.235189    0.162817   50.162815 ^ clk (in)
                                                         clk (net)
                      0.235197    0.000000   50.162815 ^ clkbuf_0_clk/A (sky130_fd_sc_hd__clkbuf_16)
     8    0.137984    0.230757    0.428372   50.591187 ^ clkbuf_0_clk/X (sky130_fd_sc_hd__clkbuf_16)
                                                         clknet_0_clk (net)
                      0.231173    0.007024   50.598213 ^ clkbuf_3_5__f_clk/A (sky130_fd_sc_hd__clkbuf_16)
    15    0.047606    0.103936    0.331788   50.930000 ^ clkbuf_3_5__f_clk/X (sky130_fd_sc_hd__clkbuf_16)
                                                         clknet_3_5__leaf_clk (net)
                      0.104006    0.002313   50.932312 ^ _664_/CLK (sky130_fd_sc_hd__dfrtp_1)
                                 -0.250000   50.682312   clock uncertainty
                                  0.000000   50.682312   clock reconvergence pessimism
                                 -0.274108   50.408207   library setup time
                                             50.408207   data required time
---------------------------------------------------------------------------------------------
                                             50.408207   data required time
                                            -42.709713   data arrival time
---------------------------------------------------------------------------------------------
                                              7.698493   slack (MET)




===========================================================================
report_checks --slack_max -0.01
============================================================================
======================= nom_ss_100C_1v60 Corner ===================================

No paths found.


===========================================================================
 report_check_types -max_slew -max_cap -max_fanout -violators
============================================================================
======================= nom_ss_100C_1v60 Corner ===================================

max slew

Pin                                        Limit        Slew       Slack
------------------------------------------------------------------------
sram0/addr0[1]                          0.040000    0.425478   -0.385478 (VIOLATED)
sram0/addr0[2]                          0.040000    0.385508   -0.345508 (VIOLATED)
sram0/addr0[3]                          0.040000    0.354439   -0.314439 (VIOLATED)
sram0/addr0[0]                          0.040000    0.327387   -0.287387 (VIOLATED)
sram0/din0[10]                          0.150000    0.422172   -0.272172 (VIOLATED)
sram0/din0[13]                          0.150000    0.411549   -0.261549 (VIOLATED)
_477_/Y                                 0.150000    0.409528   -0.259528 (VIOLATED)
_478_/B                                 0.150000    0.409528   -0.259528 (VIOLATED)
max_cap98/A                             0.150000    0.409528   -0.259528 (VIOLATED)
fanout670/A                             0.150000    0.405627   -0.255627 (VIOLATED)
fanout669/A                             0.150000    0.405541   -0.255541 (VIOLATED)
fanout668/A                             0.150000    0.405451   -0.255451 (VIOLATED)
fanout667/A                             0.150000    0.405353   -0.255353 (VIOLATED)
fanout666/A                             0.150000    0.405303   -0.255303 (VIOLATED)
fanout665/A                             0.150000    0.405105   -0.255105 (VIOLATED)
fanout664/A                             0.150000    0.404482   -0.254482 (VIOLATED)
fanout663/A                             0.150000    0.404478   -0.254478 (VIOLATED)
fanout671/X                             0.150000    0.404476   -0.254476 (VIOLATED)
sram0/din0[16]                          0.150000    0.401968   -0.251968 (VIOLATED)
sram0/din0[18]                          0.150000    0.394152   -0.244152 (VIOLATED)
sram0/addr0[7]                          0.040000    0.278452   -0.238452 (VIOLATED)
sram0/addr0[6]                          0.040000    0.275983   -0.235983 (VIOLATED)
sram0/addr0[4]                          0.040000    0.270026   -0.230026 (VIOLATED)
sram0/din0[17]                          0.150000    0.377860   -0.227860 (VIOLATED)
_347_/A                                 0.150000    0.374953   -0.224953 (VIOLATED)
_348_/A1                                0.150000    0.374953   -0.224953 (VIOLATED)
_351_/A1                                0.150000    0.374953   -0.224953 (VIOLATED)
_353_/A                                 0.150000    0.374953   -0.224953 (VIOLATED)
_359_/A                                 0.150000    0.374953   -0.224953 (VIOLATED)
_360_/A1                                0.150000    0.374953   -0.224953 (VIOLATED)
fanout593/X                             0.150000    0.374953   -0.224953 (VIOLATED)
_351_/Y                                 0.150000    0.374563   -0.224563 (VIOLATED)
_354_/A                                 0.150000    0.374563   -0.224563 (VIOLATED)
max_cap331/A                            0.150000    0.374563   -0.224563 (VIOLATED)
sram0/din0[11]                          0.150000    0.374516   -0.224516 (VIOLATED)
max_cap333/A                            0.150000    0.373516   -0.223516 (VIOLATED)
_348_/Y                                 0.150000    0.373516   -0.223516 (VIOLATED)
_350_/B                                 0.150000    0.373516   -0.223516 (VIOLATED)
sram0/din0[8]                           0.150000    0.371887   -0.221887 (VIOLATED)
sram0/addr0[5]                          0.040000    0.261775   -0.221775 (VIOLATED)
_344_/B1                                0.150000    0.368675   -0.218675 (VIOLATED)
max_cap543/A                            0.150000    0.368675   -0.218675 (VIOLATED)
wire544/X                               0.150000    0.368578   -0.218578 (VIOLATED)
sram0/din0[9]                           0.150000    0.366259   -0.216258 (VIOLATED)
fanout592/A                             0.150000    0.359557   -0.209557 (VIOLATED)
max_cap602/A                            0.150000    0.359556   -0.209556 (VIOLATED)
max_cap603/X                            0.150000    0.359555   -0.209555 (VIOLATED)
sram0/din0[19]                          0.150000    0.357158   -0.207158 (VIOLATED)
sram0/din0[20]                          0.150000    0.354240   -0.204240 (VIOLATED)
_359_/Y                                 0.150000    0.351115   -0.201115 (VIOLATED)
max_cap328/A                            0.150000    0.351115   -0.201115 (VIOLATED)
wire325/A                               0.150000    0.351115   -0.201115 (VIOLATED)
_341_/Y                                 0.150000    0.351012   -0.201012 (VIOLATED)
_343_/A                                 0.150000    0.351012   -0.201012 (VIOLATED)
max_cap494/A                            0.150000    0.351012   -0.201012 (VIOLATED)
sram0/din0[3]                           0.150000    0.347411   -0.197411 (VIOLATED)
sram0/din0[7]                           0.150000    0.346538   -0.196538 (VIOLATED)
_428_/A                                 0.150000    0.345700   -0.195700 (VIOLATED)
_427_/A1                                0.150000    0.345700   -0.195699 (VIOLATED)
_330_/A1                                0.150000    0.345687   -0.195687 (VIOLATED)
_329_/A                                 0.150000    0.345685   -0.195685 (VIOLATED)
_332_/A1                                0.150000    0.345680   -0.195680 (VIOLATED)
_334_/A                                 0.150000    0.345679   -0.195679 (VIOLATED)
_327_/A                                 0.150000    0.345679   -0.195679 (VIOLATED)
_326_/A1                                0.150000    0.345671   -0.195671 (VIOLATED)
_341_/A                                 0.150000    0.345671   -0.195671 (VIOLATED)
_342_/A1                                0.150000    0.345671   -0.195671 (VIOLATED)
fanout594/X                             0.150000    0.345671   -0.195671 (VIOLATED)
_357_/Y                                 0.150000    0.343035   -0.193035 (VIOLATED)
_419_/B                                 0.150000    0.343035   -0.193035 (VIOLATED)
max_cap134/A                            0.150000    0.343035   -0.193035 (VIOLATED)
sram0/din0[12]                          0.150000    0.341390   -0.191390 (VIOLATED)
sram0/din0[2]                           0.150000    0.341018   -0.191018 (VIOLATED)
sram0/din0[6]                           0.150000    0.337582   -0.187582 (VIOLATED)
wire435/A                               0.150000    0.336424   -0.186424 (VIOLATED)
wire436/X                               0.150000    0.336413   -0.186413 (VIOLATED)
fanout596/A                             0.150000    0.335396   -0.185396 (VIOLATED)
fanout595/A                             0.150000    0.335386   -0.185386 (VIOLATED)
_433_/A                                 0.150000    0.335378   -0.185378 (VIOLATED)
_432_/A1                                0.150000    0.335376   -0.185376 (VIOLATED)
_436_/A1                                0.150000    0.335372   -0.185372 (VIOLATED)
_437_/A                                 0.150000    0.335372   -0.185372 (VIOLATED)
fanout594/A                             0.150000    0.335372   -0.185372 (VIOLATED)
fanout597/X                             0.150000    0.335372   -0.185372 (VIOLATED)
sram0/din0[14]                          0.150000    0.335184   -0.185184 (VIOLATED)
sram0/din0[21]                          0.150000    0.331130   -0.181130 (VIOLATED)
_485_/A1                                0.150000    0.328527   -0.178527 (VIOLATED)
max_cap493/A                            0.150000    0.328527   -0.178527 (VIOLATED)
max_cap494/X                            0.150000    0.328527   -0.178527 (VIOLATED)
_485_/Y                                 0.150000    0.327847   -0.177847 (VIOLATED)
_486_/B                                 0.150000    0.327847   -0.177847 (VIOLATED)
max_cap92/A                             0.150000    0.327847   -0.177847 (VIOLATED)
sram0/din0[4]                           0.150000    0.322016   -0.172016 (VIOLATED)
_455_/X                                 0.150000    0.319103   -0.169103 (VIOLATED)
max_cap492/A                            0.150000    0.318055   -0.168055 (VIOLATED)
_490_/B                                 0.150000    0.318054   -0.168054 (VIOLATED)
max_cap493/X                            0.150000    0.318054   -0.168054 (VIOLATED)
_565_/A                                 0.150000    0.316676   -0.166676 (VIOLATED)
_527_/A                                 0.150000    0.316672   -0.166672 (VIOLATED)
_566_/A                                 0.150000    0.316666   -0.166666 (VIOLATED)
_564_/A                                 0.150000    0.316655   -0.166655 (VIOLATED)
_563_/A                                 0.150000    0.316655   -0.166655 (VIOLATED)
_562_/A                                 0.150000    0.316595   -0.166595 (VIOLATED)
_561_/A                                 0.150000    0.316555   -0.166555 (VIOLATED)
wire661/X                               0.150000    0.316544   -0.166544 (VIOLATED)
_526_/A                                 0.150000    0.316499   -0.166499 (VIOLATED)
_560_/A                                 0.150000    0.316479   -0.166479 (VIOLATED)
_519_/A                                 0.150000    0.316163   -0.166163 (VIOLATED)
fanout663/X                             0.150000    0.316161   -0.166161 (VIOLATED)
_376_/Y                                 0.150000    0.315109   -0.165109 (VIOLATED)
_377_/B                                 0.150000    0.315109   -0.165109 (VIOLATED)
max_cap217/A                            0.150000    0.315109   -0.165109 (VIOLATED)
_407_/Y                                 0.150000    0.314712   -0.164712 (VIOLATED)
_462_/A                                 0.150000    0.314712   -0.164712 (VIOLATED)
max_cap131/A                            0.150000    0.314712   -0.164712 (VIOLATED)
_332_/Y                                 0.150000    0.314284   -0.164284 (VIOLATED)
_335_/A                                 0.150000    0.314284   -0.164284 (VIOLATED)
max_cap496/A                            0.150000    0.314284   -0.164284 (VIOLATED)
_344_/A1                                0.150000    0.313985   -0.163985 (VIOLATED)
_345_/A                                 0.150000    0.313985   -0.163985 (VIOLATED)
_362_/A                                 0.150000    0.313984   -0.163984 (VIOLATED)
_363_/A1                                0.150000    0.313984   -0.163984 (VIOLATED)
_365_/A                                 0.150000    0.313981   -0.163981 (VIOLATED)
_366_/A1                                0.150000    0.313981   -0.163981 (VIOLATED)
_369_/A                                 0.150000    0.313976   -0.163976 (VIOLATED)
_372_/A1                                0.150000    0.313976   -0.163976 (VIOLATED)
_375_/A                                 0.150000    0.313975   -0.163975 (VIOLATED)
_376_/A1                                0.150000    0.313975   -0.163975 (VIOLATED)
fanout592/X                             0.150000    0.313975   -0.163975 (VIOLATED)
wire658/X                               0.150000    0.308661   -0.158661 (VIOLATED)
_485_/A2                                0.150000    0.307330   -0.157330 (VIOLATED)
max_cap101/X                            0.150000    0.307330   -0.157330 (VIOLATED)
wire100/A                               0.150000    0.307330   -0.157330 (VIOLATED)
sram0/din0[15]                          0.150000    0.303226   -0.153226 (VIOLATED)
sram0/din0[29]                          0.150000    0.302720   -0.152720 (VIOLATED)
wire655/X                               0.150000    0.301475   -0.151475 (VIOLATED)
_302_/A                                 0.150000    0.301104   -0.151104 (VIOLATED)
_300_/A1                                0.150000    0.301104   -0.151104 (VIOLATED)
_316_/A1                                0.150000    0.301103   -0.151103 (VIOLATED)
_315_/A                                 0.150000    0.301103   -0.151103 (VIOLATED)
_307_/A                                 0.150000    0.301101   -0.151101 (VIOLATED)
_309_/A1                                0.150000    0.301101   -0.151101 (VIOLATED)
_323_/A                                 0.150000    0.301101   -0.151101 (VIOLATED)
_324_/A1                                0.150000    0.301101   -0.151101 (VIOLATED)
_424_/A                                 0.150000    0.301101   -0.151101 (VIOLATED)
_425_/A1                                0.150000    0.301101   -0.151101 (VIOLATED)
fanout595/X                             0.150000    0.301101   -0.151101 (VIOLATED)
sram0/din0[23]                          0.150000    0.298354   -0.148354 (VIOLATED)
_351_/B1                                0.150000    0.296869   -0.146869 (VIOLATED)
max_cap541/A                            0.150000    0.296868   -0.146868 (VIOLATED)
wire542/X                               0.150000    0.296785   -0.146785 (VIOLATED)
sram0/din0[1]                           0.150000    0.295566   -0.145566 (VIOLATED)
wire653/X                               0.150000    0.295534   -0.145534 (VIOLATED)
wire650/A                               0.150000    0.294957   -0.144957 (VIOLATED)
input20/X                               0.150000    0.294955   -0.144955 (VIOLATED)
sram0/din0[25]                          0.150000    0.290056   -0.140056 (VIOLATED)
_440_/Y                                 0.150000    0.289571   -0.139571 (VIOLATED)
wire95/A                                0.150000    0.289571   -0.139571 (VIOLATED)
_389_/Y                                 0.150000    0.289324   -0.139324 (VIOLATED)
wire125/A                               0.150000    0.289324   -0.139324 (VIOLATED)
_456_/X                                 0.150000    0.289127   -0.139127 (VIOLATED)
sram0/din0[0]                           0.150000    0.288748   -0.138748 (VIOLATED)
wire323/A                               0.150000    0.287891   -0.137891 (VIOLATED)
wire324/X                               0.150000    0.287891   -0.137891 (VIOLATED)
acc_out[23]                             0.150000    0.286597   -0.136597 (VIOLATED)
output58/X                              0.150000    0.286596   -0.136596 (VIOLATED)
output71/A                              0.150000    0.285577   -0.135577 (VIOLATED)
wire553/X                               0.150000    0.285577   -0.135577 (VIOLATED)
wire466/A                               0.150000    0.285092   -0.135092 (VIOLATED)
wire467/X                               0.150000    0.285090   -0.135090 (VIOLATED)
_477_/A1                                0.150000    0.284736   -0.134736 (VIOLATED)
max_cap327/A                            0.150000    0.284736   -0.134736 (VIOLATED)
max_cap328/X                            0.150000    0.284736   -0.134736 (VIOLATED)
sram0/din0[30]                          0.150000    0.284669   -0.134669 (VIOLATED)
_544_/A                                 0.150000    0.284351   -0.134351 (VIOLATED)
_542_/A                                 0.150000    0.284346   -0.134346 (VIOLATED)
_543_/A                                 0.150000    0.284346   -0.134346 (VIOLATED)
_541_/A                                 0.150000    0.284338   -0.134337 (VIOLATED)
_539_/A                                 0.150000    0.284331   -0.134331 (VIOLATED)
_540_/A                                 0.150000    0.284328   -0.134328 (VIOLATED)
_577_/A                                 0.150000    0.284306   -0.134306 (VIOLATED)
_575_/A                                 0.150000    0.284302   -0.134302 (VIOLATED)
_576_/A                                 0.150000    0.284302   -0.134302 (VIOLATED)
_578_/A                                 0.150000    0.284302   -0.134302 (VIOLATED)
fanout667/X                             0.150000    0.284302   -0.134302 (VIOLATED)
acc_out[19]                             0.150000    0.283465   -0.133465 (VIOLATED)
output53/X                              0.150000    0.283465   -0.133465 (VIOLATED)
wire654/X                               0.150000    0.283318   -0.133318 (VIOLATED)
acc_out[22]                             0.150000    0.283274   -0.133274 (VIOLATED)
output57/X                              0.150000    0.283274   -0.133274 (VIOLATED)
sram0/din0[24]                          0.150000    0.282940   -0.132940 (VIOLATED)
acc_out[4]                              0.150000    0.282504   -0.132504 (VIOLATED)
output69/X                              0.150000    0.282503   -0.132503 (VIOLATED)
acc_out[6]                              0.150000    0.281942   -0.131942 (VIOLATED)
output71/X                              0.150000    0.281942   -0.131942 (VIOLATED)
wire660/X                               0.150000    0.280887   -0.130887 (VIOLATED)
sram0/din0[5]                           0.150000    0.280644   -0.130644 (VIOLATED)
wire626/X                               0.150000    0.278915   -0.128915 (VIOLATED)
_647_/D                                 0.150000    0.278502   -0.128502 (VIOLATED)
_483_/Y                                 0.150000    0.278501   -0.128501 (VIOLATED)
sram0/din0[22]                          0.150000    0.278199   -0.128199 (VIOLATED)
output68/A                              0.150000    0.278187   -0.128187 (VIOLATED)
wire560/X                               0.150000    0.278187   -0.128187 (VIOLATED)
acc_out[14]                             0.150000    0.277777   -0.127777 (VIOLATED)
output48/X                              0.150000    0.277776   -0.127776 (VIOLATED)
acc_out[7]                              0.150000    0.277450   -0.127450 (VIOLATED)
output72/X                              0.150000    0.277450   -0.127450 (VIOLATED)
acc_out[30]                             0.150000    0.277224   -0.127224 (VIOLATED)
output66/X                              0.150000    0.277224   -0.127224 (VIOLATED)
acc_out[9]                              0.150000    0.276489   -0.126489 (VIOLATED)
output74/X                              0.150000    0.276489   -0.126489 (VIOLATED)
acc_out[17]                             0.150000    0.276481   -0.126481 (VIOLATED)
output51/X                              0.150000    0.276480   -0.126480 (VIOLATED)
sram0/din0[31]                          0.150000    0.276096   -0.126096 (VIOLATED)
acc_out[11]                             0.150000    0.275692   -0.125692 (VIOLATED)
output45/X                              0.150000    0.275692   -0.125692 (VIOLATED)
acc_out[21]                             0.150000    0.275312   -0.125312 (VIOLATED)
output56/X                              0.150000    0.275312   -0.125312 (VIOLATED)
acc_out[13]                             0.150000    0.275190   -0.125190 (VIOLATED)
output47/X                              0.150000    0.275190   -0.125190 (VIOLATED)
acc_out[10]                             0.150000    0.275070   -0.125070 (VIOLATED)
output44/X                              0.150000    0.275070   -0.125070 (VIOLATED)
sram0/din0[28]                          0.150000    0.275010   -0.125010 (VIOLATED)
acc_out[15]                             0.150000    0.274900   -0.124900 (VIOLATED)
output49/X                              0.150000    0.274900   -0.124900 (VIOLATED)
wire625/X                               0.150000    0.274694   -0.124694 (VIOLATED)
acc_out[16]                             0.150000    0.274658   -0.124658 (VIOLATED)
output50/X                              0.150000    0.274658   -0.124658 (VIOLATED)
_591_/A                                 0.150000    0.274614   -0.124614 (VIOLATED)
_590_/A                                 0.150000    0.274613   -0.124613 (VIOLATED)
_589_/A                                 0.150000    0.274608   -0.124608 (VIOLATED)
_588_/A                                 0.150000    0.274599   -0.124599 (VIOLATED)
_587_/A                                 0.150000    0.274597   -0.124597 (VIOLATED)
_559_/A                                 0.150000    0.274594   -0.124594 (VIOLATED)
_558_/A                                 0.150000    0.274594   -0.124594 (VIOLATED)
_557_/A                                 0.150000    0.274587   -0.124587 (VIOLATED)
_555_/A                                 0.150000    0.274581   -0.124581 (VIOLATED)
_556_/A                                 0.150000    0.274581   -0.124581 (VIOLATED)
fanout670/X                             0.150000    0.274581   -0.124581 (VIOLATED)
sram0/din0[26]                          0.150000    0.274269   -0.124269 (VIOLATED)
acc_out[8]                              0.150000    0.274265   -0.124265 (VIOLATED)
output73/X                              0.150000    0.274265   -0.124265 (VIOLATED)
acc_out[12]                             0.150000    0.274099   -0.124099 (VIOLATED)
output46/X                              0.150000    0.274099   -0.124099 (VIOLATED)
acc_out[20]                             0.150000    0.273900   -0.123900 (VIOLATED)
output55/X                              0.150000    0.273900   -0.123900 (VIOLATED)
acc_out[18]                             0.150000    0.273871   -0.123871 (VIOLATED)
output52/X                              0.150000    0.273871   -0.123871 (VIOLATED)
acc_out[28]                             0.150000    0.273832   -0.123832 (VIOLATED)
output63/X                              0.150000    0.273832   -0.123832 (VIOLATED)
acc_out[3]                              0.150000    0.273816   -0.123816 (VIOLATED)
output68/X                              0.150000    0.273816   -0.123816 (VIOLATED)
acc_out[24]                             0.150000    0.273537   -0.123537 (VIOLATED)
output59/X                              0.150000    0.273537   -0.123537 (VIOLATED)
acc_out[26]                             0.150000    0.273247   -0.123247 (VIOLATED)
output61/X                              0.150000    0.273247   -0.123247 (VIOLATED)
acc_out[31]                             0.150000    0.273234   -0.123234 (VIOLATED)
output67/X                              0.150000    0.273234   -0.123234 (VIOLATED)
acc_out[25]                             0.150000    0.273215   -0.123215 (VIOLATED)
output60/X                              0.150000    0.273215   -0.123215 (VIOLATED)
acc_out[29]                             0.150000    0.272746   -0.122746 (VIOLATED)
output64/X                              0.150000    0.272746   -0.122746 (VIOLATED)
acc_out[27]                             0.150000    0.272617   -0.122617 (VIOLATED)
output62/X                              0.150000    0.272617   -0.122617 (VIOLATED)
acc_out[2]                              0.150000    0.271973   -0.121973 (VIOLATED)
output65/X                              0.150000    0.271973   -0.121973 (VIOLATED)
acc_out[5]                              0.150000    0.271294   -0.121294 (VIOLATED)
output70/X                              0.150000    0.271294   -0.121294 (VIOLATED)
acc_out[1]                              0.150000    0.270951   -0.120951 (VIOLATED)
output54/X                              0.150000    0.270951   -0.120951 (VIOLATED)
acc_out[0]                              0.150000    0.270434   -0.120434 (VIOLATED)
output43/X                              0.150000    0.270434   -0.120434 (VIOLATED)
_585_/A                                 0.150000    0.270295   -0.120295 (VIOLATED)
_586_/A                                 0.150000    0.270293   -0.120293 (VIOLATED)
_554_/A                                 0.150000    0.270289   -0.120289 (VIOLATED)
_584_/A                                 0.150000    0.270287   -0.120287 (VIOLATED)
_553_/A                                 0.150000    0.270287   -0.120287 (VIOLATED)
_552_/A                                 0.150000    0.270280   -0.120280 (VIOLATED)
_551_/A                                 0.150000    0.270276   -0.120276 (VIOLATED)
_550_/A                                 0.150000    0.270271   -0.120271 (VIOLATED)
_582_/A                                 0.150000    0.270264   -0.120264 (VIOLATED)
_583_/A                                 0.150000    0.270264   -0.120264 (VIOLATED)
fanout669/X                             0.150000    0.270264   -0.120264 (VIOLATED)
sram0/din0[27]                          0.150000    0.269428   -0.119428 (VIOLATED)
output72/A                              0.150000    0.268801   -0.118801 (VIOLATED)
wire551/X                               0.150000    0.268801   -0.118801 (VIOLATED)
wire460/A                               0.150000    0.268197   -0.118197 (VIOLATED)
wire461/X                               0.150000    0.268197   -0.118197 (VIOLATED)
wire650/X                               0.150000    0.267868   -0.117868 (VIOLATED)
wire406/A                               0.150000    0.267850   -0.117850 (VIOLATED)
wire407/X                               0.150000    0.267850   -0.117850 (VIOLATED)
_457_/X                                 0.150000    0.265827   -0.115827 (VIOLATED)
wire648/X                               0.150000    0.265680   -0.115680 (VIOLATED)
_409_/Y                                 0.150000    0.262757   -0.112757 (VIOLATED)
_410_/A2                                0.150000    0.262757   -0.112757 (VIOLATED)
max_cap123/A                            0.150000    0.262757   -0.112757 (VIOLATED)
_534_/A                                 0.150000    0.262175   -0.112175 (VIOLATED)
_533_/A                                 0.150000    0.262174   -0.112174 (VIOLATED)
_532_/A                                 0.150000    0.262171   -0.112171 (VIOLATED)
_531_/A                                 0.150000    0.262170   -0.112170 (VIOLATED)
_530_/A                                 0.150000    0.262169   -0.112169 (VIOLATED)
_529_/A                                 0.150000    0.262166   -0.112166 (VIOLATED)
_528_/A                                 0.150000    0.262164   -0.112164 (VIOLATED)
_567_/A                                 0.150000    0.262160   -0.112160 (VIOLATED)
_568_/A                                 0.150000    0.262160   -0.112160 (VIOLATED)
_569_/A                                 0.150000    0.262160   -0.112160 (VIOLATED)
fanout665/X                             0.150000    0.262160   -0.112160 (VIOLATED)
max_cap107/A                            0.150000    0.262097   -0.112097 (VIOLATED)
wire106/A                               0.150000    0.262097   -0.112097 (VIOLATED)
wire108/X                               0.150000    0.262097   -0.112097 (VIOLATED)
_382_/A                                 0.150000    0.262092   -0.112092 (VIOLATED)
_383_/A1                                0.150000    0.262092   -0.112092 (VIOLATED)
_387_/A                                 0.150000    0.262092   -0.112092 (VIOLATED)
_390_/A1                                0.150000    0.262092   -0.112092 (VIOLATED)
_399_/A                                 0.150000    0.262092   -0.112092 (VIOLATED)
_400_/A1                                0.150000    0.262092   -0.112092 (VIOLATED)
_402_/A                                 0.150000    0.262092   -0.112092 (VIOLATED)
_403_/B                                 0.150000    0.262092   -0.112092 (VIOLATED)
_404_/A1                                0.150000    0.262092   -0.112092 (VIOLATED)
_452_/A1                                0.150000    0.262092   -0.112092 (VIOLATED)
fanout590/X                             0.150000    0.262092   -0.112092 (VIOLATED)
_538_/A                                 0.150000    0.260940   -0.110940 (VIOLATED)
_537_/A                                 0.150000    0.260939   -0.110939 (VIOLATED)
_536_/A                                 0.150000    0.260938   -0.110938 (VIOLATED)
_572_/A                                 0.150000    0.260936   -0.110936 (VIOLATED)
_535_/A                                 0.150000    0.260933   -0.110933 (VIOLATED)
_570_/A                                 0.150000    0.260930   -0.110930 (VIOLATED)
_571_/A                                 0.150000    0.260929   -0.110929 (VIOLATED)
_573_/A                                 0.150000    0.260927   -0.110927 (VIOLATED)
_574_/A                                 0.150000    0.260927   -0.110927 (VIOLATED)
fanout666/X                             0.150000    0.260926   -0.110926 (VIOLATED)
wire427/A                               0.150000    0.260786   -0.110786 (VIOLATED)
wire428/X                               0.150000    0.260785   -0.110785 (VIOLATED)
wire633/X                               0.150000    0.260484   -0.110484 (VIOLATED)
_356_/X                                 0.150000    0.260231   -0.110231 (VIOLATED)
_419_/A                                 0.150000    0.260231   -0.110231 (VIOLATED)
max_cap135/A                            0.150000    0.260231   -0.110231 (VIOLATED)
wire629/X                               0.150000    0.259904   -0.109904 (VIOLATED)
_490_/C                                 0.150000    0.259621   -0.109621 (VIOLATED)
max_cap101/A                            0.150000    0.259621   -0.109621 (VIOLATED)
wire102/X                               0.150000    0.259621   -0.109621 (VIOLATED)
_425_/Y                                 0.150000    0.259522   -0.109522 (VIOLATED)
_426_/B                                 0.150000    0.259522   -0.109522 (VIOLATED)
max_cap195/A                            0.150000    0.259522   -0.109522 (VIOLATED)
wire659/X                               0.150000    0.256042   -0.106042 (VIOLATED)
wire636/X                               0.150000    0.255691   -0.105691 (VIOLATED)
wire598/A                               0.150000    0.254926   -0.104926 (VIOLATED)
wire599/X                               0.150000    0.254926   -0.104926 (VIOLATED)
wire630/X                               0.150000    0.253187   -0.103187 (VIOLATED)
_322_/Y                                 0.150000    0.252962   -0.102962 (VIOLATED)
_446_/B1                                0.150000    0.252962   -0.102962 (VIOLATED)
max_cap117/A                            0.150000    0.252962   -0.102962 (VIOLATED)
_369_/Y                                 0.150000    0.251792   -0.101792 (VIOLATED)
_371_/A2                                0.150000    0.251792   -0.101792 (VIOLATED)
max_cap245/A                            0.150000    0.251792   -0.101792 (VIOLATED)
wire657/X                               0.150000    0.251388   -0.101388 (VIOLATED)
wire429/A                               0.150000    0.250715   -0.100715 (VIOLATED)
wire430/X                               0.150000    0.250715   -0.100715 (VIOLATED)
_313_/Y                                 0.150000    0.248674   -0.098674 (VIOLATED)
_321_/A1                                0.150000    0.248674   -0.098674 (VIOLATED)
max_cap177/A                            0.150000    0.248674   -0.098674 (VIOLATED)
_505_/Y                                 0.150000    0.248382   -0.098382 (VIOLATED)
_660_/D                                 0.150000    0.248382   -0.098382 (VIOLATED)
wire647/X                               0.150000    0.248347   -0.098347 (VIOLATED)
wire453/A                               0.150000    0.248136   -0.098136 (VIOLATED)
wire454/X                               0.150000    0.248136   -0.098136 (VIOLATED)
_370_/Y                                 0.150000    0.246345   -0.096345 (VIOLATED)
_371_/B1                                0.150000    0.246345   -0.096345 (VIOLATED)
wire324/A                               0.150000    0.246062   -0.096062 (VIOLATED)
wire325/X                               0.150000    0.246062   -0.096062 (VIOLATED)
_454_/X                                 0.150000    0.245535   -0.095535 (VIOLATED)
_581_/A                                 0.150000    0.244285   -0.094285 (VIOLATED)
_549_/A                                 0.150000    0.244284   -0.094284 (VIOLATED)
_548_/A                                 0.150000    0.244281   -0.094281 (VIOLATED)
_547_/A                                 0.150000    0.244280   -0.094280 (VIOLATED)
_546_/A                                 0.150000    0.244279   -0.094279 (VIOLATED)
_545_/A                                 0.150000    0.244277   -0.094277 (VIOLATED)
_579_/A                                 0.150000    0.244272   -0.094272 (VIOLATED)
_580_/A                                 0.150000    0.244272   -0.094272 (VIOLATED)
fanout668/X                             0.150000    0.244272   -0.094272 (VIOLATED)
_482_/B                                 0.150000    0.244231   -0.094231 (VIOLATED)
max_cap326/A                            0.150000    0.244231   -0.094231 (VIOLATED)
max_cap327/X                            0.150000    0.244231   -0.094231 (VIOLATED)
_486_/X                                 0.150000    0.243677   -0.093677 (VIOLATED)
max_cap87/A                             0.150000    0.243677   -0.093677 (VIOLATED)
wire86/A                                0.150000    0.243677   -0.093677 (VIOLATED)
_449_/Y                                 0.150000    0.242434   -0.092434 (VIOLATED)
_450_/B                                 0.150000    0.242434   -0.092434 (VIOLATED)
_362_/C                                 0.150000    0.242101   -0.092101 (VIOLATED)
_363_/B1                                0.150000    0.242101   -0.092101 (VIOLATED)
max_cap546/X                            0.150000    0.242101   -0.092101 (VIOLATED)
_435_/Y                                 0.150000    0.241739   -0.091739 (VIOLATED)
_442_/A1                                0.150000    0.241739   -0.091739 (VIOLATED)
max_cap118/A                            0.150000    0.241739   -0.091739 (VIOLATED)
wire632/X                               0.150000    0.241512   -0.091512 (VIOLATED)
_600_/D                                 0.150000    0.240308   -0.090308 (VIOLATED)
max_cap619/X                            0.150000    0.240307   -0.090307 (VIOLATED)
_463_/Y                                 0.150000    0.240245   -0.090245 (VIOLATED)
_636_/D                                 0.150000    0.240245   -0.090245 (VIOLATED)
_472_/Y                                 0.150000    0.240145   -0.090145 (VIOLATED)
_473_/B                                 0.150000    0.240145   -0.090145 (VIOLATED)
_509_/X                                 0.150000    0.239007   -0.089007 (VIOLATED)
_516_/A                                 0.150000    0.239007   -0.089007 (VIOLATED)
wire426/A                               0.150000    0.237269   -0.087269 (VIOLATED)
wire427/X                               0.150000    0.237269   -0.087269 (VIOLATED)
_354_/X                                 0.150000    0.236386   -0.086386 (VIOLATED)
max_cap165/A                            0.150000    0.236386   -0.086386 (VIOLATED)
wire164/A                               0.150000    0.236386   -0.086386 (VIOLATED)
wire296/A                               0.150000    0.235411   -0.085411 (VIOLATED)
wire297/X                               0.150000    0.235411   -0.085411 (VIOLATED)
clkbuf_0_clk/A                          0.150000    0.235197   -0.085197 (VIOLATED)
clk                                     0.150000    0.235189   -0.085189 (VIOLATED)
_330_/Y                                 0.150000    0.235147   -0.085147 (VIOLATED)
_331_/B                                 0.150000    0.235147   -0.085147 (VIOLATED)
max_cap497/A                            0.150000    0.235147   -0.085147 (VIOLATED)
wire387/A                               0.150000    0.235009   -0.085009 (VIOLATED)
wire388/X                               0.150000    0.235009   -0.085009 (VIOLATED)
_481_/A                                 0.150000    0.234493   -0.084493 (VIOLATED)
wire164/X                               0.150000    0.234493   -0.084493 (VIOLATED)
output70/A                              0.150000    0.234097   -0.084097 (VIOLATED)
wire555/X                               0.150000    0.234097   -0.084097 (VIOLATED)
wire469/A                               0.150000    0.233504   -0.083504 (VIOLATED)
wire470/X                               0.150000    0.233504   -0.083504 (VIOLATED)
wire301/A                               0.150000    0.233096   -0.083096 (VIOLATED)
wire302/X                               0.150000    0.233096   -0.083096 (VIOLATED)
clkbuf_3_2__f_clk/A                     0.150000    0.231391   -0.081391 (VIOLATED)
_383_/Y                                 0.150000    0.231355   -0.081355 (VIOLATED)
_385_/B                                 0.150000    0.231355   -0.081355 (VIOLATED)
max_cap211/A                            0.150000    0.231355   -0.081355 (VIOLATED)
clkbuf_3_3__f_clk/A                     0.150000    0.231187   -0.081187 (VIOLATED)
clkbuf_3_5__f_clk/A                     0.150000    0.231173   -0.081173 (VIOLATED)
clkbuf_3_4__f_clk/A                     0.150000    0.231147   -0.081147 (VIOLATED)
clkbuf_3_0__f_clk/A                     0.150000    0.231145   -0.081145 (VIOLATED)
_312_/Y                                 0.150000    0.230941   -0.080941 (VIOLATED)
_320_/A_N                               0.150000    0.230941   -0.080941 (VIOLATED)
max_cap506/A                            0.150000    0.230941   -0.080941 (VIOLATED)
clkbuf_3_1__f_clk/A                     0.150000    0.230923   -0.080923 (VIOLATED)
clkbuf_3_7__f_clk/A                     0.150000    0.230919   -0.080919 (VIOLATED)
clkbuf_3_6__f_clk/A                     0.150000    0.230831   -0.080831 (VIOLATED)
clkbuf_0_clk/X                          0.150000    0.230757   -0.080757 (VIOLATED)
wire422/A                               0.150000    0.230204   -0.080204 (VIOLATED)
wire423/X                               0.150000    0.230204   -0.080204 (VIOLATED)
_366_/B1                                0.150000    0.230144   -0.080144 (VIOLATED)
max_cap547/A                            0.150000    0.230144   -0.080144 (VIOLATED)
wire548/X                               0.150000    0.230144   -0.080144 (VIOLATED)
_379_/A1                                0.150000    0.229818   -0.079818 (VIOLATED)
_380_/A1                                0.150000    0.229818   -0.079818 (VIOLATED)
_378_/A                                 0.150000    0.229817   -0.079817 (VIOLATED)
_394_/A                                 0.150000    0.229815   -0.079815 (VIOLATED)
_395_/A1                                0.150000    0.229814   -0.079814 (VIOLATED)
_397_/A2                                0.150000    0.229814   -0.079814 (VIOLATED)
_398_/B                                 0.150000    0.229814   -0.079814 (VIOLATED)
fanout590/A                             0.150000    0.229814   -0.079814 (VIOLATED)
fanout591/X                             0.150000    0.229814   -0.079814 (VIOLATED)
_427_/Y                                 0.150000    0.227607   -0.077607 (VIOLATED)
_430_/B                                 0.150000    0.227607   -0.077607 (VIOLATED)
max_cap194/A                            0.150000    0.227607   -0.077607 (VIOLATED)
wire656/X                               0.150000    0.227420   -0.077420 (VIOLATED)
wire637/X                               0.150000    0.227040   -0.077040 (VIOLATED)
wire391/A                               0.150000    0.226638   -0.076638 (VIOLATED)
wire392/X                               0.150000    0.226638   -0.076638 (VIOLATED)
wire298/A                               0.150000    0.225834   -0.075834 (VIOLATED)
wire299/X                               0.150000    0.225834   -0.075834 (VIOLATED)
_390_/Y                                 0.150000    0.225627   -0.075627 (VIOLATED)
_392_/B                                 0.150000    0.225627   -0.075627 (VIOLATED)
max_cap207/A                            0.150000    0.225627   -0.075627 (VIOLATED)
_375_/B                                 0.150000    0.225562   -0.075562 (VIOLATED)
_376_/B1                                0.150000    0.225562   -0.075562 (VIOLATED)
max_cap550/X                            0.150000    0.225562   -0.075562 (VIOLATED)
_379_/Y                                 0.150000    0.225148   -0.075148 (VIOLATED)
_381_/B                                 0.150000    0.225148   -0.075148 (VIOLATED)
max_cap215/A                            0.150000    0.225148   -0.075148 (VIOLATED)
_485_/B1                                0.150000    0.225043   -0.075043 (VIOLATED)
_490_/A                                 0.150000    0.225043   -0.075043 (VIOLATED)
max_cap173/X                            0.150000    0.225043   -0.075043 (VIOLATED)
_341_/B                                 0.150000    0.224467   -0.074467 (VIOLATED)
_342_/B1                                0.150000    0.224467   -0.074467 (VIOLATED)
wire539/X                               0.150000    0.224467   -0.074467 (VIOLATED)
wire645/X                               0.150000    0.223766   -0.073766 (VIOLATED)
fanout593/A                             0.150000    0.222610   -0.072610 (VIOLATED)
wire599/A                               0.150000    0.222610   -0.072610 (VIOLATED)
wire600/X                               0.150000    0.222610   -0.072610 (VIOLATED)
_420_/B1                                0.150000    0.222548   -0.072548 (VIOLATED)
_421_/C1                                0.150000    0.222548   -0.072548 (VIOLATED)
wire126/X                               0.150000    0.222548   -0.072548 (VIOLATED)
wire649/X                               0.150000    0.221674   -0.071674 (VIOLATED)
_468_/Y                                 0.150000    0.221453   -0.071453 (VIOLATED)
_640_/D                                 0.150000    0.221453   -0.071453 (VIOLATED)
_474_/Y                                 0.150000    0.221347   -0.071347 (VIOLATED)
_644_/D                                 0.150000    0.221347   -0.071347 (VIOLATED)
_359_/B                                 0.150000    0.220572   -0.070572 (VIOLATED)
output46/A                              0.150000    0.220572   -0.070572 (VIOLATED)
wire545/X                               0.150000    0.220572   -0.070572 (VIOLATED)
wire451/A                               0.150000    0.220261   -0.070261 (VIOLATED)
wire452/X                               0.150000    0.220261   -0.070261 (VIOLATED)
_470_/Y                                 0.150000    0.218805   -0.068805 (VIOLATED)
_638_/D                                 0.150000    0.218805   -0.068805 (VIOLATED)
wire450/A                               0.150000    0.217741   -0.067741 (VIOLATED)
wire451/X                               0.150000    0.217741   -0.067741 (VIOLATED)
wire643/X                               0.150000    0.217542   -0.067542 (VIOLATED)
wire662/X                               0.150000    0.216561   -0.066561 (VIOLATED)
wire416/A                               0.150000    0.215773   -0.065773 (VIOLATED)
wire417/X                               0.150000    0.215773   -0.065773 (VIOLATED)
_360_/B1                                0.150000    0.215535   -0.065535 (VIOLATED)
_646_/Q                                 0.150000    0.215535   -0.065535 (VIOLATED)
wire545/A                               0.150000    0.215535   -0.065535 (VIOLATED)
wire485/A                               0.150000    0.215505   -0.065505 (VIOLATED)
wire486/X                               0.150000    0.215505   -0.065505 (VIOLATED)
_397_/Y                                 0.150000    0.215041   -0.065041 (VIOLATED)
_408_/A_N                               0.150000    0.215041   -0.065041 (VIOLATED)
max_cap204/A                            0.150000    0.215041   -0.065041 (VIOLATED)
_500_/Y                                 0.150000    0.214925   -0.064925 (VIOLATED)
_504_/A2                                0.150000    0.214925   -0.064925 (VIOLATED)
max_cap76/A                             0.150000    0.214925   -0.064925 (VIOLATED)
wire432/A                               0.150000    0.214164   -0.064164 (VIOLATED)
wire433/X                               0.150000    0.214164   -0.064164 (VIOLATED)
_369_/C                                 0.150000    0.214056   -0.064056 (VIOLATED)
_372_/B1                                0.150000    0.214056   -0.064056 (VIOLATED)
max_cap549/X                            0.150000    0.214056   -0.064056 (VIOLATED)
wire635/X                               0.150000    0.213502   -0.063502 (VIOLATED)
wire644/X                               0.150000    0.212205   -0.062205 (VIOLATED)
wire274/A                               0.150000    0.212113   -0.062113 (VIOLATED)
wire275/X                               0.150000    0.212113   -0.062113 (VIOLATED)
_492_/Y                                 0.150000    0.211931   -0.061931 (VIOLATED)
_650_/D                                 0.150000    0.211931   -0.061931 (VIOLATED)
_429_/Y                                 0.150000    0.211081   -0.061081 (VIOLATED)
_497_/A                                 0.150000    0.211081   -0.061081 (VIOLATED)
wire273/A                               0.150000    0.211028   -0.061028 (VIOLATED)
wire274/X                               0.150000    0.211028   -0.061028 (VIOLATED)
_357_/A2                                0.150000    0.210953   -0.060953 (VIOLATED)
wire329/A                               0.150000    0.210953   -0.060953 (VIOLATED)
wire330/X                               0.150000    0.210953   -0.060953 (VIOLATED)
wire631/X                               0.150000    0.210483   -0.060483 (VIOLATED)
wire389/A                               0.150000    0.210137   -0.060137 (VIOLATED)
wire390/X                               0.150000    0.210137   -0.060137 (VIOLATED)
_386_/X                                 0.150000    0.209235   -0.059235 (VIOLATED)
_411_/A                                 0.150000    0.209235   -0.059235 (VIOLATED)
max_cap152/A                            0.150000    0.209235   -0.059235 (VIOLATED)
_461_/X                                 0.150000    0.208839   -0.058839 (VIOLATED)
wire646/X                               0.150000    0.208649   -0.058649 (VIOLATED)
_525_/A                                 0.150000    0.207583   -0.057583 (VIOLATED)
_524_/A                                 0.150000    0.207582   -0.057582 (VIOLATED)
_523_/A                                 0.150000    0.207581   -0.057581 (VIOLATED)
_522_/A                                 0.150000    0.207578   -0.057578 (VIOLATED)
_521_/A                                 0.150000    0.207574   -0.057574 (VIOLATED)
_520_/A                                 0.150000    0.207572   -0.057572 (VIOLATED)
_284_/A                                 0.150000    0.207571   -0.057571 (VIOLATED)
fanout664/X                             0.150000    0.207571   -0.057571 (VIOLATED)
wire634/X                               0.150000    0.207072   -0.057072 (VIOLATED)
_460_/X                                 0.150000    0.206988   -0.056988 (VIOLATED)
_508_/A                                 0.150000    0.206770   -0.056770 (VIOLATED)
_303_/A                                 0.150000    0.206770   -0.056770 (VIOLATED)
_304_/A1                                0.150000    0.206770   -0.056770 (VIOLATED)
_311_/A                                 0.150000    0.206770   -0.056770 (VIOLATED)
_312_/A1                                0.150000    0.206770   -0.056770 (VIOLATED)
_510_/A1                                0.150000    0.206770   -0.056770 (VIOLATED)
_511_/A                                 0.150000    0.206770   -0.056770 (VIOLATED)
fanout596/X                             0.150000    0.206770   -0.056770 (VIOLATED)
wire638/X                               0.150000    0.206258   -0.056258 (VIOLATED)
_454_/A1                                0.150000    0.206204   -0.056204 (VIOLATED)
_283_/A                                 0.150000    0.206203   -0.056203 (VIOLATED)
_299_/A                                 0.150000    0.206203   -0.056203 (VIOLATED)
_455_/S                                 0.150000    0.206203   -0.056203 (VIOLATED)
max_cap623/X                            0.150000    0.206203   -0.056203 (VIOLATED)
_477_/A2                                0.150000    0.206082   -0.056082 (VIOLATED)
_482_/C                                 0.150000    0.206082   -0.056082 (VIOLATED)
max_cap107/X                            0.150000    0.206082   -0.056082 (VIOLATED)
wire642/X                               0.150000    0.205702   -0.055702 (VIOLATED)
_319_/Y                                 0.150000    0.204641   -0.054641 (VIOLATED)
_505_/A                                 0.150000    0.204641   -0.054641 (VIOLATED)
max_cap138/A                            0.150000    0.204641   -0.054641 (VIOLATED)
input22/X                               0.150000    0.204315   -0.054315 (VIOLATED)
wire648/A                               0.150000    0.204315   -0.054315 (VIOLATED)
fanout597/A                             0.150000    0.204024   -0.054024 (VIOLATED)
wire598/X                               0.150000    0.204024   -0.054024 (VIOLATED)
_344_/Y                                 0.150000    0.204010   -0.054010 (VIOLATED)
_346_/A                                 0.150000    0.204010   -0.054010 (VIOLATED)
_332_/B1                                0.150000    0.202612   -0.052612 (VIOLATED)
_652_/Q                                 0.150000    0.202612   -0.052612 (VIOLATED)
max_cap537/A                            0.150000    0.202612   -0.052612 (VIOLATED)
_458_/X                                 0.150000    0.202520   -0.052520 (VIOLATED)
wire641/X                               0.150000    0.202071   -0.052071 (VIOLATED)
_375_/C                                 0.150000    0.201994   -0.051994 (VIOLATED)
_376_/A2                                0.150000    0.201994   -0.051994 (VIOLATED)
wire577/X                               0.150000    0.201994   -0.051994 (VIOLATED)
_489_/A                                 0.150000    0.201902   -0.051902 (VIOLATED)
wire171/X                               0.150000    0.201902   -0.051902 (VIOLATED)
_293_/Y                                 0.150000    0.201709   -0.051709 (VIOLATED)
_294_/B                                 0.150000    0.201709   -0.051709 (VIOLATED)
wire293/A                               0.150000    0.200961   -0.050961 (VIOLATED)
wire294/X                               0.150000    0.200961   -0.050961 (VIOLATED)
wire415/A                               0.150000    0.200593   -0.050593 (VIOLATED)
wire416/X                               0.150000    0.200593   -0.050593 (VIOLATED)
_438_/Y                                 0.150000    0.200147   -0.050147 (VIOLATED)
_439_/B                                 0.150000    0.200147   -0.050147 (VIOLATED)
max_cap141/A                            0.150000    0.200147   -0.050147 (VIOLATED)
_420_/Y                                 0.150000    0.199617   -0.049617 (VIOLATED)
wire103/A                               0.150000    0.199617   -0.049617 (VIOLATED)
_471_/A2                                0.150000    0.199458   -0.049458 (VIOLATED)
max_cap110/A                            0.150000    0.199458   -0.049458 (VIOLATED)
wire111/X                               0.150000    0.199458   -0.049458 (VIOLATED)
wire370/A                               0.150000    0.199364   -0.049364 (VIOLATED)
wire371/X                               0.150000    0.199364   -0.049364 (VIOLATED)
_650_/Q                                 0.150000    0.198765   -0.048765 (VIOLATED)
output50/A                              0.150000    0.198765   -0.048765 (VIOLATED)
wire539/A                               0.150000    0.198765   -0.048765 (VIOLATED)
_456_/S                                 0.150000    0.198666   -0.048666 (VIOLATED)
max_cap623/A                            0.150000    0.198666   -0.048666 (VIOLATED)
_457_/S                                 0.150000    0.198665   -0.048665 (VIOLATED)
_458_/S                                 0.150000    0.198661   -0.048661 (VIOLATED)
max_cap624/X                            0.150000    0.198661   -0.048661 (VIOLATED)
wire384/A                               0.150000    0.198482   -0.048482 (VIOLATED)
wire385/X                               0.150000    0.198482   -0.048482 (VIOLATED)
_414_/Y                                 0.150000    0.197942   -0.047942 (VIOLATED)
wire111/A                               0.150000    0.197942   -0.047942 (VIOLATED)
_478_/X                                 0.150000    0.197854   -0.047854 (VIOLATED)
_479_/A2                                0.150000    0.197854   -0.047854 (VIOLATED)
max_cap93/A                             0.150000    0.197854   -0.047854 (VIOLATED)
_471_/X                                 0.150000    0.197360   -0.047360 (VIOLATED)
_472_/A2                                0.150000    0.197360   -0.047360 (VIOLATED)
max_cap99/A                             0.150000    0.197360   -0.047360 (VIOLATED)
_469_/Y                                 0.150000    0.196584   -0.046584 (VIOLATED)
_639_/D                                 0.150000    0.196584   -0.046584 (VIOLATED)
_459_/X                                 0.150000    0.196332   -0.046332 (VIOLATED)
_299_/Y                                 0.150000    0.196183   -0.046183 (VIOLATED)
_592_/D                                 0.150000    0.196183   -0.046183 (VIOLATED)
_506_/X                                 0.150000    0.195714   -0.045714 (VIOLATED)
_659_/D                                 0.150000    0.195714   -0.045714 (VIOLATED)
_480_/Y                                 0.150000    0.195693   -0.045693 (VIOLATED)
_649_/D                                 0.150000    0.195693   -0.045693 (VIOLATED)
_289_/X                                 0.150000    0.194948   -0.044948 (VIOLATED)
_599_/D                                 0.150000    0.194948   -0.044948 (VIOLATED)
_641_/Q                                 0.150000    0.194598   -0.044598 (VIOLATED)
max_cap552/A                            0.150000    0.194598   -0.044598 (VIOLATED)
wire551/A                               0.150000    0.194598   -0.044598 (VIOLATED)
_452_/Y                                 0.150000    0.193855   -0.043855 (VIOLATED)
_453_/B                                 0.150000    0.193855   -0.043855 (VIOLATED)
_645_/Q                                 0.150000    0.191937   -0.041937 (VIOLATED)
max_cap546/A                            0.150000    0.191937   -0.041937 (VIOLATED)
output45/A                              0.150000    0.191937   -0.041937 (VIOLATED)
_503_/Y                                 0.150000    0.191732   -0.041732 (VIOLATED)
_661_/D                                 0.150000    0.191732   -0.041732 (VIOLATED)
wire410/A                               0.150000    0.191443   -0.041443 (VIOLATED)
wire411/X                               0.150000    0.191443   -0.041443 (VIOLATED)
wire385/A                               0.150000    0.191199   -0.041199 (VIOLATED)
wire386/X                               0.150000    0.191199   -0.041199 (VIOLATED)
_362_/B                                 0.150000    0.190779   -0.040779 (VIOLATED)
_363_/A2                                0.150000    0.190779   -0.040779 (VIOLATED)
wire574/X                               0.150000    0.190779   -0.040779 (VIOLATED)
_327_/B                                 0.150000    0.190737   -0.040737 (VIOLATED)
max_cap538/X                            0.150000    0.190737   -0.040737 (VIOLATED)
output51/A                              0.150000    0.190737   -0.040737 (VIOLATED)
_516_/Y                                 0.150000    0.190234   -0.040234 (VIOLATED)
_665_/D                                 0.150000    0.190234   -0.040234 (VIOLATED)
wire300/A                               0.150000    0.190076   -0.040076 (VIOLATED)
wire301/X                               0.150000    0.190076   -0.040076 (VIOLATED)
_292_/B                                 0.150000    0.189977   -0.039977 (VIOLATED)
max_cap181/A                            0.150000    0.189977   -0.039977 (VIOLATED)
max_cap182/X                            0.150000    0.189977   -0.039977 (VIOLATED)
wire586/A                               0.150000    0.189786   -0.039786 (VIOLATED)
wire587/X                               0.150000    0.189786   -0.039786 (VIOLATED)
_353_/C                                 0.150000    0.189363   -0.039363 (VIOLATED)
max_cap541/X                            0.150000    0.189363   -0.039363 (VIOLATED)
output48/A                              0.150000    0.189363   -0.039363 (VIOLATED)
_430_/X                                 0.150000    0.188920   -0.038920 (VIOLATED)
_435_/A                                 0.150000    0.188920   -0.038920 (VIOLATED)
max_cap128/A                            0.150000    0.188920   -0.038920 (VIOLATED)
_507_/Y                                 0.150000    0.188619   -0.038619 (VIOLATED)
_658_/D                                 0.150000    0.188619   -0.038619 (VIOLATED)
_473_/X                                 0.150000    0.188484   -0.038484 (VIOLATED)
_645_/D                                 0.150000    0.188484   -0.038484 (VIOLATED)
_378_/C                                 0.150000    0.188286   -0.038286 (VIOLATED)
_379_/B1                                0.150000    0.188286   -0.038286 (VIOLATED)
_380_/B1                                0.150000    0.188286   -0.038286 (VIOLATED)
max_cap552/X                            0.150000    0.188286   -0.038286 (VIOLATED)
wire388/A                               0.150000    0.187351   -0.037351 (VIOLATED)
wire389/X                               0.150000    0.187351   -0.037351 (VIOLATED)
_292_/X                                 0.150000    0.187340   -0.037340 (VIOLATED)
_597_/D                                 0.150000    0.187340   -0.037340 (VIOLATED)
_492_/B                                 0.150000    0.186974   -0.036974 (VIOLATED)
wire103/X                               0.150000    0.186974   -0.036974 (VIOLATED)
sram0/web0                              0.150000    0.186672   -0.036672 (VIOLATED)
_499_/X                                 0.150000    0.186567   -0.036567 (VIOLATED)
_654_/D                                 0.150000    0.186567   -0.036567 (VIOLATED)
_462_/Y                                 0.150000    0.186559   -0.036559 (VIOLATED)
_637_/D                                 0.150000    0.186559   -0.036559 (VIOLATED)
_475_/Y                                 0.150000    0.186491   -0.036491 (VIOLATED)
_643_/D                                 0.150000    0.186491   -0.036491 (VIOLATED)
_481_/Y                                 0.150000    0.186140   -0.036140 (VIOLATED)
_648_/D                                 0.150000    0.186140   -0.036140 (VIOLATED)
_476_/X                                 0.150000    0.185884   -0.035884 (VIOLATED)
_642_/D                                 0.150000    0.185884   -0.035884 (VIOLATED)
_344_/A2                                0.150000    0.185712   -0.035712 (VIOLATED)
_345_/C                                 0.150000    0.185712   -0.035712 (VIOLATED)
wire572/X                               0.150000    0.185712   -0.035712 (VIOLATED)
input37/X                               0.150000    0.185306   -0.035306 (VIOLATED)
wire631/A                               0.150000    0.185306   -0.035306 (VIOLATED)
_488_/Y                                 0.150000    0.184998   -0.034998 (VIOLATED)
_653_/D                                 0.150000    0.184998   -0.034998 (VIOLATED)
wire220/A                               0.150000    0.184824   -0.034824 (VIOLATED)
wire221/X                               0.150000    0.184824   -0.034824 (VIOLATED)
wire423/A                               0.150000    0.183803   -0.033803 (VIOLATED)
wire424/X                               0.150000    0.183803   -0.033803 (VIOLATED)
_420_/A1                                0.150000    0.183658   -0.033658 (VIOLATED)
max_cap105/A                            0.150000    0.183658   -0.033658 (VIOLATED)
wire106/X                               0.150000    0.183658   -0.033658 (VIOLATED)
_484_/X                                 0.150000    0.183460   -0.033460 (VIOLATED)
_646_/D                                 0.150000    0.183460   -0.033460 (VIOLATED)
_345_/B                                 0.150000    0.183323   -0.033323 (VIOLATED)
max_cap543/X                            0.150000    0.183323   -0.033323 (VIOLATED)
output47/A                              0.150000    0.183323   -0.033323 (VIOLATED)
max_cap556/X                            0.150000    0.183280   -0.033280 (VIOLATED)
wire555/A                               0.150000    0.183280   -0.033280 (VIOLATED)
_397_/B1                                0.150000    0.183157   -0.033157 (VIOLATED)
_398_/C                                 0.150000    0.183157   -0.033157 (VIOLATED)
max_cap561/X                            0.150000    0.183157   -0.033157 (VIOLATED)
_436_/Y                                 0.150000    0.182892   -0.032892 (VIOLATED)
_438_/A                                 0.150000    0.182892   -0.032892 (VIOLATED)
_335_/X                                 0.150000    0.182851   -0.032851 (VIOLATED)
_336_/B                                 0.150000    0.182851   -0.032851 (VIOLATED)
wire171/A                               0.150000    0.182851   -0.032851 (VIOLATED)
_467_/Y                                 0.150000    0.181350   -0.031350 (VIOLATED)
_641_/D                                 0.150000    0.181350   -0.031350 (VIOLATED)
_347_/C                                 0.150000    0.181292   -0.031292 (VIOLATED)
_348_/B1                                0.150000    0.181292   -0.031292 (VIOLATED)
max_cap540/X                            0.150000    0.181292   -0.031292 (VIOLATED)
_444_/A                                 0.150000    0.180990   -0.030990 (VIOLATED)
max_cap94/A                             0.150000    0.180990   -0.030990 (VIOLATED)
wire95/X                                0.150000    0.180990   -0.030990 (VIOLATED)
_394_/B                                 0.150000    0.180917   -0.030917 (VIOLATED)
_395_/A2                                0.150000    0.180917   -0.030917 (VIOLATED)
wire584/X                               0.150000    0.180917   -0.030917 (VIOLATED)
wire386/A                               0.150000    0.180830   -0.030830 (VIOLATED)
wire387/X                               0.150000    0.180830   -0.030830 (VIOLATED)
_365_/B                                 0.150000    0.180327   -0.030327 (VIOLATED)
_366_/A2                                0.150000    0.180327   -0.030327 (VIOLATED)
wire575/X                               0.150000    0.180327   -0.030327 (VIOLATED)
_493_/Y                                 0.150000    0.180013   -0.030013 (VIOLATED)
wire85/A                                0.150000    0.180013   -0.030013 (VIOLATED)
wire579/A                               0.150000    0.179857   -0.029857 (VIOLATED)
wire580/X                               0.150000    0.179857   -0.029857 (VIOLATED)
wire312/A                               0.150000    0.179673   -0.029673 (VIOLATED)
wire313/X                               0.150000    0.179673   -0.029673 (VIOLATED)
wire419/A                               0.150000    0.179638   -0.029638 (VIOLATED)
wire420/X                               0.150000    0.179638   -0.029638 (VIOLATED)
_295_/B                                 0.150000    0.179498   -0.029498 (VIOLATED)
max_cap520/A                            0.150000    0.179498   -0.029498 (VIOLATED)
max_cap521/X                            0.150000    0.179498   -0.029498 (VIOLATED)
_295_/X                                 0.150000    0.179406   -0.029406 (VIOLATED)
_595_/D                                 0.150000    0.179406   -0.029406 (VIOLATED)
_488_/A                                 0.150000    0.179338   -0.029338 (VIOLATED)
wire172/X                               0.150000    0.179338   -0.029338 (VIOLATED)
wire486/A                               0.150000    0.179281   -0.029281 (VIOLATED)
wire487/X                               0.150000    0.179281   -0.029281 (VIOLATED)
wire259/A                               0.150000    0.178911   -0.028911 (VIOLATED)
wire260/X                               0.150000    0.178911   -0.028911 (VIOLATED)
wire257/A                               0.150000    0.178852   -0.028852 (VIOLATED)
wire258/X                               0.150000    0.178852   -0.028852 (VIOLATED)
_482_/X                                 0.150000    0.178835   -0.028835 (VIOLATED)
_483_/B                                 0.150000    0.178835   -0.028835 (VIOLATED)
_359_/C                                 0.150000    0.178524   -0.028524 (VIOLATED)
_360_/A2                                0.150000    0.178524   -0.028524 (VIOLATED)
wire573/X                               0.150000    0.178524   -0.028524 (VIOLATED)
_399_/C                                 0.150000    0.178320   -0.028320 (VIOLATED)
_400_/B1                                0.150000    0.178320   -0.028320 (VIOLATED)
wire563/X                               0.150000    0.178320   -0.028320 (VIOLATED)
_497_/Y                                 0.150000    0.177760   -0.027760 (VIOLATED)
_656_/D                                 0.150000    0.177760   -0.027760 (VIOLATED)
wire557/A                               0.150000    0.177747   -0.027747 (VIOLATED)
wire558/X                               0.150000    0.177747   -0.027747 (VIOLATED)
_518_/Y                                 0.150000    0.177516   -0.027516 (VIOLATED)
_664_/D                                 0.150000    0.177516   -0.027516 (VIOLATED)
_451_/Y                                 0.150000    0.177301   -0.027301 (VIOLATED)
_662_/D                                 0.150000    0.177301   -0.027301 (VIOLATED)
wire420/A                               0.150000    0.177248   -0.027248 (VIOLATED)
wire421/X                               0.150000    0.177248   -0.027248 (VIOLATED)
_411_/X                                 0.150000    0.176966   -0.026966 (VIOLATED)
_413_/B                                 0.150000    0.176966   -0.026966 (VIOLATED)
max_cap129/A                            0.150000    0.176966   -0.026966 (VIOLATED)
wire292/A                               0.150000    0.176559   -0.026559 (VIOLATED)
wire293/X                               0.150000    0.176559   -0.026559 (VIOLATED)
_399_/Y                                 0.150000    0.176438   -0.026438 (VIOLATED)
_407_/B1_N                              0.150000    0.176438   -0.026438 (VIOLATED)
max_cap200/A                            0.150000    0.176438   -0.026438 (VIOLATED)
_372_/X                                 0.150000    0.175705   -0.025705 (VIOLATED)
_373_/B                                 0.150000    0.175705   -0.025705 (VIOLATED)
_471_/A1                                0.150000    0.175705   -0.025705 (VIOLATED)
_367_/Y                                 0.150000    0.175650   -0.025650 (VIOLATED)
_368_/B                                 0.150000    0.175650   -0.025650 (VIOLATED)
max_cap159/A                            0.150000    0.175650   -0.025650 (VIOLATED)
_382_/B                                 0.150000    0.175493   -0.025493 (VIOLATED)
_383_/A2                                0.150000    0.175493   -0.025493 (VIOLATED)
wire581/X                               0.150000    0.175493   -0.025493 (VIOLATED)
_380_/A2                                0.150000    0.175018   -0.025018 (VIOLATED)
max_cap578/A                            0.150000    0.175018   -0.025018 (VIOLATED)
wire579/X                               0.150000    0.175018   -0.025018 (VIOLATED)
_649_/Q                                 0.150000    0.174711   -0.024711 (VIOLATED)
max_cap540/A                            0.150000    0.174711   -0.024711 (VIOLATED)
output49/A                              0.150000    0.174711   -0.024711 (VIOLATED)
_489_/Y                                 0.150000    0.173872   -0.023872 (VIOLATED)
_652_/D                                 0.150000    0.173872   -0.023872 (VIOLATED)
_464_/Y                                 0.150000    0.172932   -0.022932 (VIOLATED)
_635_/D                                 0.150000    0.172932   -0.022932 (VIOLATED)
_387_/B                                 0.150000    0.172854   -0.022854 (VIOLATED)
_390_/A2                                0.150000    0.172854   -0.022854 (VIOLATED)
wire583/X                               0.150000    0.172854   -0.022854 (VIOLATED)
max_cap564/X                            0.150000    0.172795   -0.022795 (VIOLATED)
wire562/A                               0.150000    0.172795   -0.022795 (VIOLATED)
_448_/X                                 0.150000    0.172333   -0.022333 (VIOLATED)
_450_/A                                 0.150000    0.172333   -0.022333 (VIOLATED)
_496_/X                                 0.150000    0.172287   -0.022287 (VIOLATED)
_657_/D                                 0.150000    0.172287   -0.022287 (VIOLATED)
input13/X                               0.150000    0.172088   -0.022088 (VIOLATED)
wire659/A                               0.150000    0.172088   -0.022088 (VIOLATED)
_346_/X                                 0.150000    0.171340   -0.021340 (VIOLATED)
max_cap168/A                            0.150000    0.171340   -0.021340 (VIOLATED)
wire167/A                               0.150000    0.171340   -0.021340 (VIOLATED)
_481_/B                                 0.150000    0.171040   -0.021040 (VIOLATED)
max_cap93/X                             0.150000    0.171040   -0.021040 (VIOLATED)
_412_/X                                 0.150000    0.170678   -0.020678 (VIOLATED)
_413_/C                                 0.150000    0.170678   -0.020678 (VIOLATED)
max_cap122/A                            0.150000    0.170678   -0.020678 (VIOLATED)
wire471/A                               0.150000    0.170584   -0.020584 (VIOLATED)
wire472/X                               0.150000    0.170584   -0.020584 (VIOLATED)
wire315/A                               0.150000    0.170533   -0.020533 (VIOLATED)
wire316/X                               0.150000    0.170533   -0.020533 (VIOLATED)
_365_/C                                 0.150000    0.170163   -0.020163 (VIOLATED)
max_cap547/X                            0.150000    0.170163   -0.020163 (VIOLATED)
output44/A                              0.150000    0.170163   -0.020163 (VIOLATED)
_309_/Y                                 0.150000    0.170050   -0.020050 (VIOLATED)
_310_/B                                 0.150000    0.170050   -0.020050 (VIOLATED)
wire461/A                               0.150000    0.169734   -0.019734 (VIOLATED)
wire462/X                               0.150000    0.169734   -0.019734 (VIOLATED)
wire311/A                               0.150000    0.168888   -0.018888 (VIOLATED)
wire312/X                               0.150000    0.168888   -0.018888 (VIOLATED)
_498_/X                                 0.150000    0.168521   -0.018521 (VIOLATED)
_655_/D                                 0.150000    0.168521   -0.018521 (VIOLATED)
_423_/Y                                 0.150000    0.168217   -0.018217 (VIOLATED)
wire97/A                                0.150000    0.168217   -0.018217 (VIOLATED)
_640_/Q                                 0.150000    0.167899   -0.017899 (VIOLATED)
max_cap554/A                            0.150000    0.167899   -0.017899 (VIOLATED)
wire553/A                               0.150000    0.167899   -0.017899 (VIOLATED)
_301_/A                                 0.150000    0.167859   -0.017859 (VIOLATED)
max_cap517/A                            0.150000    0.167859   -0.017859 (VIOLATED)
wire518/X                               0.150000    0.167859   -0.017859 (VIOLATED)
wire277/A                               0.150000    0.167800   -0.017800 (VIOLATED)
wire278/X                               0.150000    0.167800   -0.017800 (VIOLATED)
_298_/Y                                 0.150000    0.167182   -0.017182 (VIOLATED)
_593_/D                                 0.150000    0.167182   -0.017182 (VIOLATED)
_423_/A1                                0.150000    0.166473   -0.016473 (VIOLATED)
_440_/A1                                0.150000    0.166473   -0.016473 (VIOLATED)
wire100/X                               0.150000    0.166473   -0.016473 (VIOLATED)
_402_/B                                 0.150000    0.166473   -0.016473 (VIOLATED)
_404_/A2                                0.150000    0.166473   -0.016473 (VIOLATED)
wire588/X                               0.150000    0.166473   -0.016473 (VIOLATED)
_351_/A2                                0.150000    0.165911   -0.015911 (VIOLATED)
_353_/B                                 0.150000    0.165911   -0.015911 (VIOLATED)
wire571/X                               0.150000    0.165911   -0.015911 (VIOLATED)
wire581/A                               0.150000    0.165452   -0.015452 (VIOLATED)
wire582/X                               0.150000    0.165452   -0.015452 (VIOLATED)
_489_/B                                 0.150000    0.165441   -0.015441 (VIOLATED)
wire86/X                                0.150000    0.165441   -0.015441 (VIOLATED)
wire376/A                               0.150000    0.165434   -0.015434 (VIOLATED)
wire377/X                               0.150000    0.165434   -0.015434 (VIOLATED)
wire305/A                               0.150000    0.165381   -0.015381 (VIOLATED)
wire306/X                               0.150000    0.165381   -0.015381 (VIOLATED)
_415_/X                                 0.150000    0.165348   -0.015348 (VIOLATED)
_417_/B                                 0.150000    0.165348   -0.015348 (VIOLATED)
max_cap121/A                            0.150000    0.165348   -0.015348 (VIOLATED)
wire262/A                               0.150000    0.165279   -0.015279 (VIOLATED)
wire263/X                               0.150000    0.165279   -0.015279 (VIOLATED)
_432_/Y                                 0.150000    0.165169   -0.015169 (VIOLATED)
_434_/A                                 0.150000    0.165169   -0.015169 (VIOLATED)
_416_/X                                 0.150000    0.165168   -0.015168 (VIOLATED)
wire114/A                               0.150000    0.165168   -0.015168 (VIOLATED)
_288_/A                                 0.150000    0.164972   -0.014972 (VIOLATED)
_460_/A0                                0.150000    0.164972   -0.014972 (VIOLATED)
max_cap606/X                            0.150000    0.164972   -0.014972 (VIOLATED)
_502_/X                                 0.150000    0.164813   -0.014813 (VIOLATED)
_503_/B                                 0.150000    0.164813   -0.014813 (VIOLATED)
_421_/B1                                0.150000    0.164030   -0.014030 (VIOLATED)
max_cap169/A                            0.150000    0.164030   -0.014030 (VIOLATED)
wire170/X                               0.150000    0.164030   -0.014030 (VIOLATED)
_347_/B                                 0.150000    0.164026   -0.014026 (VIOLATED)
_348_/A2                                0.150000    0.164026   -0.014026 (VIOLATED)
_617_/Q                                 0.150000    0.164026   -0.014026 (VIOLATED)
_473_/A                                 0.150000    0.163263   -0.013263 (VIOLATED)
wire160/X                               0.150000    0.163263   -0.013263 (VIOLATED)
_642_/Q                                 0.150000    0.163043   -0.013043 (VIOLATED)
max_cap550/A                            0.150000    0.163043   -0.013043 (VIOLATED)
output73/A                              0.150000    0.163043   -0.013043 (VIOLATED)
_335_/B                                 0.150000    0.162941   -0.012941 (VIOLATED)
_487_/B1                                0.150000    0.162941   -0.012941 (VIOLATED)
wire495/X                               0.150000    0.162941   -0.012941 (VIOLATED)
_398_/Y                                 0.150000    0.162381   -0.012381 (VIOLATED)
_408_/B                                 0.150000    0.162381   -0.012381 (VIOLATED)
max_cap202/A                            0.150000    0.162381   -0.012381 (VIOLATED)
wire409/A                               0.150000    0.162111   -0.012111 (VIOLATED)
wire410/X                               0.150000    0.162111   -0.012111 (VIOLATED)
_474_/B                                 0.150000    0.161603   -0.011603 (VIOLATED)
max_cap99/X                             0.150000    0.161603   -0.011603 (VIOLATED)
wire403/A                               0.150000    0.161308   -0.011308 (VIOLATED)
wire404/X                               0.150000    0.161308   -0.011308 (VIOLATED)
_341_/C                                 0.150000    0.160534   -0.010534 (VIOLATED)
_342_/A2                                0.150000    0.160534   -0.010534 (VIOLATED)
wire570/X                               0.150000    0.160534   -0.010534 (VIOLATED)
_480_/A                                 0.150000    0.160273   -0.010273 (VIOLATED)
wire166/X                               0.150000    0.160273   -0.010273 (VIOLATED)
_491_/Y                                 0.150000    0.160054   -0.010054 (VIOLATED)
_651_/D                                 0.150000    0.160054   -0.010054 (VIOLATED)
wire272/A                               0.150000    0.159882   -0.009882 (VIOLATED)
wire273/X                               0.150000    0.159882   -0.009882 (VIOLATED)
wire405/A                               0.150000    0.159782   -0.009782 (VIOLATED)
wire406/X                               0.150000    0.159782   -0.009782 (VIOLATED)
wire287/A                               0.150000    0.159163   -0.009163 (VIOLATED)
wire288/X                               0.150000    0.159163   -0.009163 (VIOLATED)
wire449/A                               0.150000    0.158705   -0.008705 (VIOLATED)
wire450/X                               0.150000    0.158705   -0.008705 (VIOLATED)
_397_/A1                                0.150000    0.158317   -0.008317 (VIOLATED)
_398_/A                                 0.150000    0.158317   -0.008317 (VIOLATED)
wire585/X                               0.150000    0.158317   -0.008317 (VIOLATED)
wire621/A                               0.150000    0.158192   -0.008192 (VIOLATED)
wire622/X                               0.150000    0.158192   -0.008192 (VIOLATED)
output65/A                              0.150000    0.158179   -0.008179 (VIOLATED)
wire562/X                               0.150000    0.158179   -0.008179 (VIOLATED)
_490_/X                                 0.150000    0.158138   -0.008138 (VIOLATED)
_491_/B                                 0.150000    0.158138   -0.008138 (VIOLATED)
_500_/B                                 0.150000    0.158134   -0.008134 (VIOLATED)
max_cap89/A                             0.150000    0.158134   -0.008134 (VIOLATED)
wire90/X                                0.150000    0.158134   -0.008134 (VIOLATED)
_362_/X                                 0.150000    0.158074   -0.008074 (VIOLATED)
wire248/A                               0.150000    0.158074   -0.008074 (VIOLATED)
_327_/X                                 0.150000    0.157820   -0.007820 (VIOLATED)
_339_/A1                                0.150000    0.157820   -0.007820 (VIOLATED)
max_cap499/A                            0.150000    0.157820   -0.007820 (VIOLATED)
_358_/A1                                0.150000    0.157667   -0.007667 (VIOLATED)
max_cap168/X                            0.150000    0.157667   -0.007667 (VIOLATED)
_373_/Y                                 0.150000    0.156537   -0.006537 (VIOLATED)
_415_/B                                 0.150000    0.156537   -0.006537 (VIOLATED)
max_cap158/A                            0.150000    0.156537   -0.006537 (VIOLATED)
_493_/A1                                0.150000    0.156152   -0.006152 (VIOLATED)
max_cap96/A                             0.150000    0.156152   -0.006152 (VIOLATED)
wire97/X                                0.150000    0.156152   -0.006152 (VIOLATED)
_288_/B                                 0.150000    0.156055   -0.006055 (VIOLATED)
_459_/A0                                0.150000    0.156055   -0.006055 (VIOLATED)
max_cap607/X                            0.150000    0.156055   -0.006055 (VIOLATED)
_494_/A2                                0.150000    0.155364   -0.005364 (VIOLATED)
max_cap84/A                             0.150000    0.155364   -0.005364 (VIOLATED)
wire85/X                                0.150000    0.155364   -0.005364 (VIOLATED)
_394_/C                                 0.150000    0.155206   -0.005206 (VIOLATED)
_395_/B1                                0.150000    0.155206   -0.005206 (VIOLATED)
max_cap559/X                            0.150000    0.155206   -0.005206 (VIOLATED)
wire314/A                               0.150000    0.154428   -0.004428 (VIOLATED)
wire315/X                               0.150000    0.154428   -0.004428 (VIOLATED)
_375_/X                                 0.150000    0.154351   -0.004351 (VIOLATED)
_415_/C_N                               0.150000    0.154351   -0.004351 (VIOLATED)
max_cap218/A                            0.150000    0.154351   -0.004351 (VIOLATED)
_634_/Q                                 0.150000    0.154088   -0.004088 (VIOLATED)
max_cap569/A                            0.150000    0.154088   -0.004088 (VIOLATED)
wire568/A                               0.150000    0.154088   -0.004088 (VIOLATED)
_399_/B                                 0.150000    0.153726   -0.003726 (VIOLATED)
_400_/A2                                0.150000    0.153726   -0.003726 (VIOLATED)
wire586/X                               0.150000    0.153726   -0.003726 (VIOLATED)
wire271/A                               0.150000    0.153179   -0.003179 (VIOLATED)
wire272/X                               0.150000    0.153179   -0.003179 (VIOLATED)
_374_/B                                 0.150000    0.153021   -0.003021 (VIOLATED)
max_cap157/A                            0.150000    0.153021   -0.003021 (VIOLATED)
max_cap158/X                            0.150000    0.153021   -0.003021 (VIOLATED)
_378_/B                                 0.150000    0.152917   -0.002917 (VIOLATED)
_379_/A2                                0.150000    0.152917   -0.002917 (VIOLATED)
max_cap578/X                            0.150000    0.152917   -0.002917 (VIOLATED)
_402_/C                                 0.150000    0.152908   -0.002908 (VIOLATED)
_404_/B1                                0.150000    0.152908   -0.002908 (VIOLATED)
max_cap567/X                            0.150000    0.152908   -0.002908 (VIOLATED)
_403_/C                                 0.150000    0.152671   -0.002671 (VIOLATED)
_452_/A2                                0.150000    0.152671   -0.002671 (VIOLATED)
wire589/X                               0.150000    0.152671   -0.002671 (VIOLATED)
_459_/S                                 0.150000    0.152618   -0.002618 (VIOLATED)
max_cap624/A                            0.150000    0.152618   -0.002618 (VIOLATED)
_460_/S                                 0.150000    0.152617   -0.002617 (VIOLATED)
_461_/S                                 0.150000    0.152617   -0.002617 (VIOLATED)
input42/X                               0.150000    0.152617   -0.002617 (VIOLATED)
wire308/A                               0.150000    0.152570   -0.002570 (VIOLATED)
wire309/X                               0.150000    0.152570   -0.002570 (VIOLATED)
wire627/A                               0.150000    0.152497   -0.002497 (VIOLATED)
wire628/X                               0.150000    0.152497   -0.002497 (VIOLATED)
wire474/A                               0.150000    0.152455   -0.002455 (VIOLATED)
wire475/X                               0.150000    0.152455   -0.002455 (VIOLATED)
_296_/A2                                0.150000    0.151979   -0.001979 (VIOLATED)
max_cap614/A                            0.150000    0.151979   -0.001979 (VIOLATED)
max_cap615/X                            0.150000    0.151979   -0.001979 (VIOLATED)
_495_/A2                                0.150000    0.151967   -0.001967 (VIOLATED)
max_cap77/A                             0.150000    0.151967   -0.001967 (VIOLATED)
wire78/X                                0.150000    0.151967   -0.001967 (VIOLATED)
_391_/Y                                 0.150000    0.151868   -0.001868 (VIOLATED)
_465_/A1                                0.150000    0.151868   -0.001868 (VIOLATED)
wire375/A                               0.150000    0.151573   -0.001573 (VIOLATED)
wire376/X                               0.150000    0.151573   -0.001573 (VIOLATED)
wire302/A                               0.150000    0.151461   -0.001461 (VIOLATED)
wire303/X                               0.150000    0.151461   -0.001461 (VIOLATED)
_316_/Y                                 0.150000    0.151028   -0.001028 (VIOLATED)
_317_/B                                 0.150000    0.151028   -0.001028 (VIOLATED)
_347_/X                                 0.150000    0.150827   -0.000827 (VIOLATED)
_350_/A                                 0.150000    0.150827   -0.000827 (VIOLATED)
max_cap334/A                            0.150000    0.150827   -0.000827 (VIOLATED)
_350_/X                                 0.150000    0.150772   -0.000772 (VIOLATED)
_355_/A                                 0.150000    0.150772   -0.000772 (VIOLATED)
wire166/A                               0.150000    0.150772   -0.000772 (VIOLATED)
wire437/A                               0.150000    0.150561   -0.000561 (VIOLATED)
wire438/X                               0.150000    0.150561   -0.000561 (VIOLATED)

max fanout

Pin                                   Limit Fanout  Slack
---------------------------------------------------------
clkbuf_3_5__f_clk/X                      10     15     -5 (VIOLATED)
clkbuf_3_4__f_clk/X                      10     12     -2 (VIOLATED)
clkbuf_3_6__f_clk/X                      10     12     -2 (VIOLATED)



===========================================================================
report_parasitic_annotation -report_unannotated
============================================================================
Found 54 unannotated drivers.
 clkload0/Y
 clkload1/Y
 clkload2/Y
 clkload3/Y
 clkload4/Y
 clkload5/Y
 clkload6/Y
 sram0/dout1[0]
 sram0/dout1[10]
 sram0/dout1[11]
 sram0/dout1[12]
 sram0/dout1[13]
 sram0/dout1[14]
 sram0/dout1[15]
 sram0/dout1[16]
 sram0/dout1[17]
 sram0/dout1[18]
 sram0/dout1[19]
 sram0/dout1[1]
 sram0/dout1[20]
 sram0/dout1[21]
 sram0/dout1[22]
 sram0/dout1[23]
 sram0/dout1[24]
 sram0/dout1[25]
 sram0/dout1[26]
 sram0/dout1[27]
 sram0/dout1[28]
 sram0/dout1[29]
 sram0/dout1[2]
 sram0/dout1[30]
 sram0/dout1[31]
 sram0/dout1[3]
 sram0/dout1[4]
 sram0/dout1[5]
 sram0/dout1[6]
 sram0/dout1[7]
 sram0/dout1[8]
 sram0/dout1[9]
 sram0_673/HI
 sram0_674/HI
 sram0_675/HI
 sram0_676/HI
 sram0_677/HI
 sram0_678/HI
 sram0_679/HI
 sram0_680/HI
 sram0_681/HI
 sram0_682/HI
 sram0_683/LO
 sram0_684/LO
 sram0_685/LO
 sram0_686/LO
 sram0_687/LO
Found 0 partially unannotated drivers.

===========================================================================
max slew violation count 1010
max fanout violation count 3
max cap violation count 0
============================================================================

===========================================================================
check_setup -verbose -unconstrained_endpoints -multiple_clock -no_clock -no_input_delay -loops -generated_clocks
===========================================================================
Warning: There is 1 unclocked register/latch pin.
  sram0/clk1
Warning: There are 14 unconstrained endpoints.
  sram0/addr1[0]
  sram0/addr1[1]
  sram0/addr1[2]
  sram0/addr1[3]
  sram0/addr1[4]
  sram0/addr1[5]
  sram0/addr1[6]
  sram0/addr1[7]
  sram0/csb0
  sram0/csb1
  sram0/wmask0[0]
  sram0/wmask0[1]
  sram0/wmask0[2]
  sram0/wmask0[3]
