
===========================================================================
report_checks -path_delay min (Hold)
============================================================================
======================= nom_tt_025C_1v80 Corner ===================================

Startpoint: _595_ (rising edge-triggered flip-flop clocked by clk)
Endpoint: _595_ (rising edge-triggered flip-flop clocked by clk)
Path Group: clk
Path Type: min

Fanout         Cap        Slew       Delay        Time   Description
---------------------------------------------------------------------------------------------
                                  0.000000    0.000000   clock clk (rise edge)
                                  0.000000    0.000000   clock source latency
     1    0.027714    0.130121    0.090093    0.090093 ^ clk (in)
                                                         clk (net)
                      0.130131    0.000000    0.090093 ^ clkbuf_0_clk/A (sky130_fd_sc_hd__clkbuf_16)
     8    0.102463    0.118732    0.216823    0.306916 ^ clkbuf_0_clk/X (sky130_fd_sc_hd__clkbuf_16)
                                                         clknet_0_clk (net)
                      0.119104    0.004968    0.311884 ^ clkbuf_3_2__f_clk/A (sky130_fd_sc_hd__clkbuf_16)
    10    0.046720    0.065801    0.173477    0.485361 ^ clkbuf_3_2__f_clk/X (sky130_fd_sc_hd__clkbuf_16)
                                                         clknet_3_2__leaf_clk (net)
                      0.065842    0.001483    0.486843 ^ _595_/CLK (sky130_fd_sc_hd__dfrtp_1)
     3    0.007831    0.084053    0.356644    0.843488 ^ _595_/Q (sky130_fd_sc_hd__dfrtp_1)
                                                         rd_addr[3] (net)
                      0.084053    0.000265    0.843752 ^ max_cap613/A (sky130_fd_sc_hd__clkbuf_1)
     1    0.005224    0.071044    0.110931    0.954684 ^ max_cap613/X (sky130_fd_sc_hd__clkbuf_1)
                                                         net613 (net)
                      0.071044    0.000127    0.954810 ^ _295_/A (sky130_fd_sc_hd__xor2_1)
     1    0.002928    0.036804    0.066552    1.021362 v _295_/X (sky130_fd_sc_hd__xor2_1)
                                                         _077_ (net)
                      0.036804    0.000093    1.021455 v _595_/D (sky130_fd_sc_hd__dfrtp_1)
                                              1.021455   data arrival time

                                  0.000000    0.000000   clock clk (rise edge)
                                  0.000000    0.000000   clock source latency
     1    0.027714    0.130121    0.090093    0.090093 ^ clk (in)
                                                         clk (net)
                      0.130131    0.000000    0.090093 ^ clkbuf_0_clk/A (sky130_fd_sc_hd__clkbuf_16)
     8    0.102463    0.118732    0.216823    0.306916 ^ clkbuf_0_clk/X (sky130_fd_sc_hd__clkbuf_16)
                                                         clknet_0_clk (net)
                      0.119104    0.004968    0.311884 ^ clkbuf_3_2__f_clk/A (sky130_fd_sc_hd__clkbuf_16)
    10    0.046720    0.065801    0.173477    0.485361 ^ clkbuf_3_2__f_clk/X (sky130_fd_sc_hd__clkbuf_16)
                                                         clknet_3_2__leaf_clk (net)
                      0.065842    0.001483    0.486843 ^ _595_/CLK (sky130_fd_sc_hd__dfrtp_1)
                                  0.250000    0.736843   clock uncertainty
                                  0.000000    0.736843   clock reconvergence pessimism
                                 -0.037686    0.699158   library hold time
                                              0.699158   data required time
---------------------------------------------------------------------------------------------
                                              0.699158   data required time
                                             -1.021455   data arrival time
---------------------------------------------------------------------------------------------
                                              0.322297   slack (MET)


Startpoint: _594_ (rising edge-triggered flip-flop clocked by clk)
Endpoint: sram0 (falling edge-triggered flip-flop clocked by clk)
Path Group: clk
Path Type: min

Fanout         Cap        Slew       Delay        Time   Description
---------------------------------------------------------------------------------------------
                                  0.000000    0.000000   clock clk (rise edge)
                                  0.000000    0.000000   clock source latency
     1    0.027714    0.130121    0.090093    0.090093 ^ clk (in)
                                                         clk (net)
                      0.130131    0.000000    0.090093 ^ clkbuf_0_clk/A (sky130_fd_sc_hd__clkbuf_16)
     8    0.102463    0.118732    0.216823    0.306916 ^ clkbuf_0_clk/X (sky130_fd_sc_hd__clkbuf_16)
                                                         clknet_0_clk (net)
                      0.119104    0.004968    0.311884 ^ clkbuf_3_2__f_clk/A (sky130_fd_sc_hd__clkbuf_16)
    10    0.046720    0.065801    0.173477    0.485361 ^ clkbuf_3_2__f_clk/X (sky130_fd_sc_hd__clkbuf_16)
                                                         clknet_3_2__leaf_clk (net)
                      0.065830    0.001287    0.486647 ^ _594_/CLK (sky130_fd_sc_hd__dfrtp_1)
     2    0.005736    0.067475    0.342580    0.829228 ^ _594_/Q (sky130_fd_sc_hd__dfrtp_1)
                                                         rd_addr[2] (net)
                      0.067475    0.000151    0.829379 ^ _456_/A0 (sky130_fd_sc_hd__mux2_1)
     1    0.015571    0.145187    0.203946    1.033324 ^ _456_/X (sky130_fd_sc_hd__mux2_1)
                                                         addr0[2] (net)
                      0.193594    0.001267    1.034591 ^ sram0/addr0[2] (sky130_sram_1kbyte_1rw1r_32x256_8)
                                              1.034591   data arrival time

                                  0.000000    0.000000   clock clk (rise edge)
                                  0.000000    0.000000   clock source latency
     1    0.027714    0.130121    0.090093    0.090093 ^ clk (in)
                                                         clk (net)
                      0.130131    0.000000    0.090093 ^ clkbuf_0_clk/A (sky130_fd_sc_hd__clkbuf_16)
     8    0.102463    0.118732    0.216823    0.306916 ^ clkbuf_0_clk/X (sky130_fd_sc_hd__clkbuf_16)
                                                         clknet_0_clk (net)
                      0.119104    0.004968    0.311884 ^ clkbuf_3_2__f_clk/A (sky130_fd_sc_hd__clkbuf_16)
    10    0.046720    0.065801    0.173477    0.485361 ^ clkbuf_3_2__f_clk/X (sky130_fd_sc_hd__clkbuf_16)
                                                         clknet_3_2__leaf_clk (net)
                      0.087827    0.001857    0.487218 ^ sram0/clk0 (sky130_sram_1kbyte_1rw1r_32x256_8)
                                  0.250000    0.737218   clock uncertainty
                                  0.000000    0.737218   clock reconvergence pessimism
                                 -0.056000    0.681218   library hold time
                                              0.681218   data required time
---------------------------------------------------------------------------------------------
                                              0.681218   data required time
                                             -1.034591   data arrival time
---------------------------------------------------------------------------------------------
                                              0.353373   slack (MET)


Startpoint: _595_ (rising edge-triggered flip-flop clocked by clk)
Endpoint: sram0 (falling edge-triggered flip-flop clocked by clk)
Path Group: clk
Path Type: min

Fanout         Cap        Slew       Delay        Time   Description
---------------------------------------------------------------------------------------------
                                  0.000000    0.000000   clock clk (rise edge)
                                  0.000000    0.000000   clock source latency
     1    0.027714    0.130121    0.090093    0.090093 ^ clk (in)
                                                         clk (net)
                      0.130131    0.000000    0.090093 ^ clkbuf_0_clk/A (sky130_fd_sc_hd__clkbuf_16)
     8    0.102463    0.118732    0.216823    0.306916 ^ clkbuf_0_clk/X (sky130_fd_sc_hd__clkbuf_16)
                                                         clknet_0_clk (net)
                      0.119104    0.004968    0.311884 ^ clkbuf_3_2__f_clk/A (sky130_fd_sc_hd__clkbuf_16)
    10    0.046720    0.065801    0.173477    0.485361 ^ clkbuf_3_2__f_clk/X (sky130_fd_sc_hd__clkbuf_16)
                                                         clknet_3_2__leaf_clk (net)
                      0.065842    0.001483    0.486843 ^ _595_/CLK (sky130_fd_sc_hd__dfrtp_1)
     3    0.007831    0.084053    0.356644    0.843488 ^ _595_/Q (sky130_fd_sc_hd__dfrtp_1)
                                                         rd_addr[3] (net)
                      0.084053    0.000254    0.843742 ^ _457_/A0 (sky130_fd_sc_hd__mux2_1)
     1    0.014502    0.136179    0.203206    1.046948 ^ _457_/X (sky130_fd_sc_hd__mux2_1)
                                                         addr0[3] (net)
                      0.181579    0.001035    1.047984 ^ sram0/addr0[3] (sky130_sram_1kbyte_1rw1r_32x256_8)
                                              1.047984   data arrival time

                                  0.000000    0.000000   clock clk (rise edge)
                                  0.000000    0.000000   clock source latency
     1    0.027714    0.130121    0.090093    0.090093 ^ clk (in)
                                                         clk (net)
                      0.130131    0.000000    0.090093 ^ clkbuf_0_clk/A (sky130_fd_sc_hd__clkbuf_16)
     8    0.102463    0.118732    0.216823    0.306916 ^ clkbuf_0_clk/X (sky130_fd_sc_hd__clkbuf_16)
                                                         clknet_0_clk (net)
                      0.119104    0.004968    0.311884 ^ clkbuf_3_2__f_clk/A (sky130_fd_sc_hd__clkbuf_16)
    10    0.046720    0.065801    0.173477    0.485361 ^ clkbuf_3_2__f_clk/X (sky130_fd_sc_hd__clkbuf_16)
                                                         clknet_3_2__leaf_clk (net)
                      0.087827    0.001857    0.487218 ^ sram0/clk0 (sky130_sram_1kbyte_1rw1r_32x256_8)
                                  0.250000    0.737218   clock uncertainty
                                  0.000000    0.737218   clock reconvergence pessimism
                                 -0.056000    0.681218   library hold time
                                              0.681218   data required time
---------------------------------------------------------------------------------------------
                                              0.681218   data required time
                                             -1.047984   data arrival time
---------------------------------------------------------------------------------------------
                                              0.366766   slack (MET)


Startpoint: _602_ (rising edge-triggered flip-flop clocked by clk)
Endpoint: _634_ (rising edge-triggered flip-flop clocked by clk)
Path Group: clk
Path Type: min

Fanout         Cap        Slew       Delay        Time   Description
---------------------------------------------------------------------------------------------
                                  0.000000    0.000000   clock clk (rise edge)
                                  0.000000    0.000000   clock source latency
     1    0.027714    0.130121    0.090093    0.090093 ^ clk (in)
                                                         clk (net)
                      0.130131    0.000000    0.090093 ^ clkbuf_0_clk/A (sky130_fd_sc_hd__clkbuf_16)
     8    0.102463    0.118732    0.216823    0.306916 ^ clkbuf_0_clk/X (sky130_fd_sc_hd__clkbuf_16)
                                                         clknet_0_clk (net)
                      0.118918    0.003216    0.310133 ^ clkbuf_3_0__f_clk/A (sky130_fd_sc_hd__clkbuf_16)
     7    0.037478    0.057556    0.166929    0.477062 ^ clkbuf_3_0__f_clk/X (sky130_fd_sc_hd__clkbuf_16)
                                                         clknet_3_0__leaf_clk (net)
                      0.057581    0.001021    0.478083 ^ _602_/CLK (sky130_fd_sc_hd__dfrtp_1)
     1    0.004594    0.058657    0.331799    0.809882 ^ _602_/Q (sky130_fd_sc_hd__dfrtp_1)
                                                         dout0_q[0] (net)
                      0.058657    0.000148    0.810030 ^ wire590/A (sky130_fd_sc_hd__clkbuf_1)
     2    0.006270    0.082619    0.112530    0.922560 ^ wire590/X (sky130_fd_sc_hd__clkbuf_1)
                                                         net590 (net)
                      0.082619    0.000182    0.922742 ^ _452_/A2 (sky130_fd_sc_hd__a21oi_1)
     1    0.003107    0.034083    0.071167    0.993909 v _452_/Y (sky130_fd_sc_hd__a21oi_1)
                                                         _239_ (net)
                      0.034083    0.000074    0.993983 v _453_/B (sky130_fd_sc_hd__nor2_1)
     1    0.002882    0.077052    0.078652    1.072636 ^ _453_/Y (sky130_fd_sc_hd__nor2_1)
                                                         acc_core.adder.cla_blocks[0].block.p[0] (net)
                      0.077052    0.000068    1.072704 ^ _634_/D (sky130_fd_sc_hd__dfrtp_1)
                                              1.072704   data arrival time

                                  0.000000    0.000000   clock clk (rise edge)
                                  0.000000    0.000000   clock source latency
     1    0.027714    0.130121    0.090093    0.090093 ^ clk (in)
                                                         clk (net)
                      0.130131    0.000000    0.090093 ^ clkbuf_0_clk/A (sky130_fd_sc_hd__clkbuf_16)
     8    0.102463    0.118732    0.216823    0.306916 ^ clkbuf_0_clk/X (sky130_fd_sc_hd__clkbuf_16)
                                                         clknet_0_clk (net)
                      0.118948    0.003559    0.310475 ^ clkbuf_3_3__f_clk/A (sky130_fd_sc_hd__clkbuf_16)
    10    0.038054    0.058041    0.167274    0.477750 ^ clkbuf_3_3__f_clk/X (sky130_fd_sc_hd__clkbuf_16)
                                                         clknet_3_3__leaf_clk (net)
                      0.058080    0.001285    0.479035 ^ _634_/CLK (sky130_fd_sc_hd__dfrtp_1)
                                  0.250000    0.729035   clock uncertainty
                                  0.000000    0.729035   clock reconvergence pessimism
                                 -0.039684    0.689351   library hold time
                                              0.689351   data required time
---------------------------------------------------------------------------------------------
                                              0.689351   data required time
                                             -1.072704   data arrival time
---------------------------------------------------------------------------------------------
                                              0.383353   slack (MET)


Startpoint: _599_ (rising edge-triggered flip-flop clocked by clk)
Endpoint: _599_ (rising edge-triggered flip-flop clocked by clk)
Path Group: clk
Path Type: min

Fanout         Cap        Slew       Delay        Time   Description
---------------------------------------------------------------------------------------------
                                  0.000000    0.000000   clock clk (rise edge)
                                  0.000000    0.000000   clock source latency
     1    0.027714    0.130121    0.090093    0.090093 ^ clk (in)
                                                         clk (net)
                      0.130131    0.000000    0.090093 ^ clkbuf_0_clk/A (sky130_fd_sc_hd__clkbuf_16)
     8    0.102463    0.118732    0.216823    0.306916 ^ clkbuf_0_clk/X (sky130_fd_sc_hd__clkbuf_16)
                                                         clknet_0_clk (net)
                      0.119104    0.004968    0.311884 ^ clkbuf_3_2__f_clk/A (sky130_fd_sc_hd__clkbuf_16)
    10    0.046720    0.065801    0.173477    0.485361 ^ clkbuf_3_2__f_clk/X (sky130_fd_sc_hd__clkbuf_16)
                                                         clknet_3_2__leaf_clk (net)
                      0.065876    0.001923    0.487283 ^ _599_/CLK (sky130_fd_sc_hd__dfrtp_1)
     1    0.003567    0.051049    0.327988    0.815271 ^ _599_/Q (sky130_fd_sc_hd__dfrtp_1)
                                                         rd_addr[7] (net)
                      0.051049    0.000093    0.815365 ^ wire606/A (sky130_fd_sc_hd__clkbuf_1)
     2    0.005881    0.078219    0.107253    0.922618 ^ wire606/X (sky130_fd_sc_hd__clkbuf_1)
                                                         net606 (net)
                      0.078219    0.000081    0.922699 ^ max_cap605/A (sky130_fd_sc_hd__clkbuf_1)
     1    0.004815    0.066456    0.106130    1.028830 ^ max_cap605/X (sky130_fd_sc_hd__clkbuf_1)
                                                         net605 (net)
                      0.066456    0.000101    1.028931 ^ _289_/A (sky130_fd_sc_hd__xor2_1)
     1    0.002873    0.036601    0.064987    1.093918 v _289_/X (sky130_fd_sc_hd__xor2_1)
                                                         _081_ (net)
                      0.036601    0.000069    1.093987 v _599_/D (sky130_fd_sc_hd__dfrtp_1)
                                              1.093987   data arrival time

                                  0.000000    0.000000   clock clk (rise edge)
                                  0.000000    0.000000   clock source latency
     1    0.027714    0.130121    0.090093    0.090093 ^ clk (in)
                                                         clk (net)
                      0.130131    0.000000    0.090093 ^ clkbuf_0_clk/A (sky130_fd_sc_hd__clkbuf_16)
     8    0.102463    0.118732    0.216823    0.306916 ^ clkbuf_0_clk/X (sky130_fd_sc_hd__clkbuf_16)
                                                         clknet_0_clk (net)
                      0.119104    0.004968    0.311884 ^ clkbuf_3_2__f_clk/A (sky130_fd_sc_hd__clkbuf_16)
    10    0.046720    0.065801    0.173477    0.485361 ^ clkbuf_3_2__f_clk/X (sky130_fd_sc_hd__clkbuf_16)
                                                         clknet_3_2__leaf_clk (net)
                      0.065876    0.001923    0.487283 ^ _599_/CLK (sky130_fd_sc_hd__dfrtp_1)
                                  0.250000    0.737283   clock uncertainty
                                  0.000000    0.737283   clock reconvergence pessimism
                                 -0.037595    0.699688   library hold time
                                              0.699688   data required time
---------------------------------------------------------------------------------------------
                                              0.699688   data required time
                                             -1.093987   data arrival time
---------------------------------------------------------------------------------------------
                                              0.394299   slack (MET)


Startpoint: _595_ (rising edge-triggered flip-flop clocked by clk)
Endpoint: _596_ (rising edge-triggered flip-flop clocked by clk)
Path Group: clk
Path Type: min

Fanout         Cap        Slew       Delay        Time   Description
---------------------------------------------------------------------------------------------
                                  0.000000    0.000000   clock clk (rise edge)
                                  0.000000    0.000000   clock source latency
     1    0.027714    0.130121    0.090093    0.090093 ^ clk (in)
                                                         clk (net)
                      0.130131    0.000000    0.090093 ^ clkbuf_0_clk/A (sky130_fd_sc_hd__clkbuf_16)
     8    0.102463    0.118732    0.216823    0.306916 ^ clkbuf_0_clk/X (sky130_fd_sc_hd__clkbuf_16)
                                                         clknet_0_clk (net)
                      0.119104    0.004968    0.311884 ^ clkbuf_3_2__f_clk/A (sky130_fd_sc_hd__clkbuf_16)
    10    0.046720    0.065801    0.173477    0.485361 ^ clkbuf_3_2__f_clk/X (sky130_fd_sc_hd__clkbuf_16)
                                                         clknet_3_2__leaf_clk (net)
                      0.065842    0.001483    0.486843 ^ _595_/CLK (sky130_fd_sc_hd__dfrtp_1)
     3    0.007831    0.084053    0.356644    0.843488 ^ _595_/Q (sky130_fd_sc_hd__dfrtp_1)
                                                         rd_addr[3] (net)
                      0.084053    0.000254    0.843741 ^ max_cap612/A (sky130_fd_sc_hd__clkbuf_1)
     2    0.005682    0.076164    0.114571    0.958312 ^ max_cap612/X (sky130_fd_sc_hd__clkbuf_1)
                                                         net612 (net)
                      0.076164    0.000191    0.958504 ^ _293_/A1 (sky130_fd_sc_hd__a21oi_1)
     1    0.004059    0.032606    0.070830    1.029334 v _293_/Y (sky130_fd_sc_hd__a21oi_1)
                                                         _087_ (net)
                      0.032606    0.000152    1.029486 v _294_/B (sky130_fd_sc_hd__nor2_1)
     1    0.003192    0.081901    0.082006    1.111492 ^ _294_/Y (sky130_fd_sc_hd__nor2_1)
                                                         _078_ (net)
                      0.081901    0.000104    1.111596 ^ _596_/D (sky130_fd_sc_hd__dfrtp_1)
                                              1.111596   data arrival time

                                  0.000000    0.000000   clock clk (rise edge)
                                  0.000000    0.000000   clock source latency
     1    0.027714    0.130121    0.090093    0.090093 ^ clk (in)
                                                         clk (net)
                      0.130131    0.000000    0.090093 ^ clkbuf_0_clk/A (sky130_fd_sc_hd__clkbuf_16)
     8    0.102463    0.118732    0.216823    0.306916 ^ clkbuf_0_clk/X (sky130_fd_sc_hd__clkbuf_16)
                                                         clknet_0_clk (net)
                      0.119104    0.004968    0.311884 ^ clkbuf_3_2__f_clk/A (sky130_fd_sc_hd__clkbuf_16)
    10    0.046720    0.065801    0.173477    0.485361 ^ clkbuf_3_2__f_clk/X (sky130_fd_sc_hd__clkbuf_16)
                                                         clknet_3_2__leaf_clk (net)
                      0.065854    0.001650    0.487011 ^ _596_/CLK (sky130_fd_sc_hd__dfrtp_1)
                                  0.250000    0.737011   clock uncertainty
                                  0.000000    0.737011   clock reconvergence pessimism
                                 -0.039630    0.697381   library hold time
                                              0.697381   data required time
---------------------------------------------------------------------------------------------
                                              0.697381   data required time
                                             -1.111596   data arrival time
---------------------------------------------------------------------------------------------
                                              0.414215   slack (MET)


Startpoint: _592_ (rising edge-triggered flip-flop clocked by clk)
Endpoint: _593_ (rising edge-triggered flip-flop clocked by clk)
Path Group: clk
Path Type: min

Fanout         Cap        Slew       Delay        Time   Description
---------------------------------------------------------------------------------------------
                                  0.000000    0.000000   clock clk (rise edge)
                                  0.000000    0.000000   clock source latency
     1    0.027714    0.130121    0.090093    0.090093 ^ clk (in)
                                                         clk (net)
                      0.130131    0.000000    0.090093 ^ clkbuf_0_clk/A (sky130_fd_sc_hd__clkbuf_16)
     8    0.102463    0.118732    0.216823    0.306916 ^ clkbuf_0_clk/X (sky130_fd_sc_hd__clkbuf_16)
                                                         clknet_0_clk (net)
                      0.119104    0.004968    0.311884 ^ clkbuf_3_2__f_clk/A (sky130_fd_sc_hd__clkbuf_16)
    10    0.046720    0.065801    0.173477    0.485361 ^ clkbuf_3_2__f_clk/X (sky130_fd_sc_hd__clkbuf_16)
                                                         clknet_3_2__leaf_clk (net)
                      0.065810    0.000843    0.486204 ^ _592_/CLK (sky130_fd_sc_hd__dfrtp_1)
     2    0.006006    0.069580    0.344398    0.830602 ^ _592_/Q (sky130_fd_sc_hd__dfrtp_1)
                                                         rd_addr[0] (net)
                      0.069580    0.000150    0.830752 ^ _285_/B (sky130_fd_sc_hd__nand2_1)
     2    0.006264    0.053962    0.073092    0.903844 v _285_/Y (sky130_fd_sc_hd__nand2_1)
                                                         _082_ (net)
                      0.053962    0.000106    0.903950 v max_cap524/A (sky130_fd_sc_hd__clkbuf_1)
     1    0.005780    0.042243    0.105386    1.009336 v max_cap524/X (sky130_fd_sc_hd__clkbuf_1)
                                                         net524 (net)
                      0.042243    0.000165    1.009501 v _298_/B (sky130_fd_sc_hd__xnor2_1)
     1    0.003375    0.039204    0.119530    1.129032 v _298_/Y (sky130_fd_sc_hd__xnor2_1)
                                                         _075_ (net)
                      0.039204    0.000090    1.129122 v _593_/D (sky130_fd_sc_hd__dfrtp_1)
                                              1.129122   data arrival time

                                  0.000000    0.000000   clock clk (rise edge)
                                  0.000000    0.000000   clock source latency
     1    0.027714    0.130121    0.090093    0.090093 ^ clk (in)
                                                         clk (net)
                      0.130131    0.000000    0.090093 ^ clkbuf_0_clk/A (sky130_fd_sc_hd__clkbuf_16)
     8    0.102463    0.118732    0.216823    0.306916 ^ clkbuf_0_clk/X (sky130_fd_sc_hd__clkbuf_16)
                                                         clknet_0_clk (net)
                      0.119104    0.004968    0.311884 ^ clkbuf_3_2__f_clk/A (sky130_fd_sc_hd__clkbuf_16)
    10    0.046720    0.065801    0.173477    0.485361 ^ clkbuf_3_2__f_clk/X (sky130_fd_sc_hd__clkbuf_16)
                                                         clknet_3_2__leaf_clk (net)
                      0.065829    0.001274    0.486635 ^ _593_/CLK (sky130_fd_sc_hd__dfrtp_1)
                                  0.250000    0.736635   clock uncertainty
                                  0.000000    0.736635   clock reconvergence pessimism
                                 -0.038665    0.697970   library hold time
                                              0.697970   data required time
---------------------------------------------------------------------------------------------
                                              0.697970   data required time
                                             -1.129122   data arrival time
---------------------------------------------------------------------------------------------
                                              0.431152   slack (MET)


Startpoint: _599_ (rising edge-triggered flip-flop clocked by clk)
Endpoint: sram0 (falling edge-triggered flip-flop clocked by clk)
Path Group: clk
Path Type: min

Fanout         Cap        Slew       Delay        Time   Description
---------------------------------------------------------------------------------------------
                                  0.000000    0.000000   clock clk (rise edge)
                                  0.000000    0.000000   clock source latency
     1    0.027714    0.130121    0.090093    0.090093 ^ clk (in)
                                                         clk (net)
                      0.130131    0.000000    0.090093 ^ clkbuf_0_clk/A (sky130_fd_sc_hd__clkbuf_16)
     8    0.102463    0.118732    0.216823    0.306916 ^ clkbuf_0_clk/X (sky130_fd_sc_hd__clkbuf_16)
                                                         clknet_0_clk (net)
                      0.119104    0.004968    0.311884 ^ clkbuf_3_2__f_clk/A (sky130_fd_sc_hd__clkbuf_16)
    10    0.046720    0.065801    0.173477    0.485361 ^ clkbuf_3_2__f_clk/X (sky130_fd_sc_hd__clkbuf_16)
                                                         clknet_3_2__leaf_clk (net)
                      0.065876    0.001923    0.487283 ^ _599_/CLK (sky130_fd_sc_hd__dfrtp_1)
     1    0.003567    0.051049    0.327988    0.815271 ^ _599_/Q (sky130_fd_sc_hd__dfrtp_1)
                                                         rd_addr[7] (net)
                      0.051049    0.000093    0.815365 ^ wire606/A (sky130_fd_sc_hd__clkbuf_1)
     2    0.005881    0.078219    0.107253    0.922618 ^ wire606/X (sky130_fd_sc_hd__clkbuf_1)
                                                         net606 (net)
                      0.078219    0.000158    0.922776 ^ _461_/A0 (sky130_fd_sc_hd__mux2_1)
     1    0.012574    0.119932    0.189643    1.112419 ^ _461_/X (sky130_fd_sc_hd__mux2_1)
                                                         addr0[7] (net)
                      0.159911    0.000662    1.113081 ^ sram0/addr0[7] (sky130_sram_1kbyte_1rw1r_32x256_8)
                                              1.113081   data arrival time

                                  0.000000    0.000000   clock clk (rise edge)
                                  0.000000    0.000000   clock source latency
     1    0.027714    0.130121    0.090093    0.090093 ^ clk (in)
                                                         clk (net)
                      0.130131    0.000000    0.090093 ^ clkbuf_0_clk/A (sky130_fd_sc_hd__clkbuf_16)
     8    0.102463    0.118732    0.216823    0.306916 ^ clkbuf_0_clk/X (sky130_fd_sc_hd__clkbuf_16)
                                                         clknet_0_clk (net)
                      0.119104    0.004968    0.311884 ^ clkbuf_3_2__f_clk/A (sky130_fd_sc_hd__clkbuf_16)
    10    0.046720    0.065801    0.173477    0.485361 ^ clkbuf_3_2__f_clk/X (sky130_fd_sc_hd__clkbuf_16)
                                                         clknet_3_2__leaf_clk (net)
                      0.087827    0.001857    0.487218 ^ sram0/clk0 (sky130_sram_1kbyte_1rw1r_32x256_8)
                                  0.250000    0.737218   clock uncertainty
                                  0.000000    0.737218   clock reconvergence pessimism
                                 -0.056000    0.681218   library hold time
                                              0.681218   data required time
---------------------------------------------------------------------------------------------
                                              0.681218   data required time
                                             -1.113081   data arrival time
---------------------------------------------------------------------------------------------
                                              0.431863   slack (MET)


Startpoint: _665_ (rising edge-triggered flip-flop clocked by clk)
Endpoint: _665_ (rising edge-triggered flip-flop clocked by clk)
Path Group: clk
Path Type: min

Fanout         Cap        Slew       Delay        Time   Description
---------------------------------------------------------------------------------------------
                                  0.000000    0.000000   clock clk (rise edge)
                                  0.000000    0.000000   clock source latency
     1    0.027714    0.130121    0.090093    0.090093 ^ clk (in)
                                                         clk (net)
                      0.130131    0.000000    0.090093 ^ clkbuf_0_clk/A (sky130_fd_sc_hd__clkbuf_16)
     8    0.102463    0.118732    0.216823    0.306916 ^ clkbuf_0_clk/X (sky130_fd_sc_hd__clkbuf_16)
                                                         clknet_0_clk (net)
                      0.119179    0.005504    0.312421 ^ clkbuf_3_5__f_clk/A (sky130_fd_sc_hd__clkbuf_16)
    15    0.042363    0.061867    0.170410    0.482830 ^ clkbuf_3_5__f_clk/X (sky130_fd_sc_hd__clkbuf_16)
                                                         clknet_3_5__leaf_clk (net)
                      0.061942    0.001837    0.484668 ^ _665_/CLK (sky130_fd_sc_hd__dfrtp_1)
     2    0.005889    0.068674    0.342137    0.826805 ^ _665_/Q (sky130_fd_sc_hd__dfrtp_1)
                                                         net67 (net)
                      0.068674    0.000178    0.826982 ^ max_cap525/A (sky130_fd_sc_hd__clkbuf_1)
     1    0.005728    0.076589    0.110831    0.937814 ^ max_cap525/X (sky130_fd_sc_hd__clkbuf_1)
                                                         net525 (net)
                      0.076589    0.000211    0.938025 ^ _509_/A (sky130_fd_sc_hd__xor2_1)
     1    0.005235    0.045962    0.080186    1.018212 v _509_/X (sky130_fd_sc_hd__xor2_1)
                                                         _260_ (net)
                      0.045962    0.000133    1.018344 v _516_/A (sky130_fd_sc_hd__xnor2_1)
     1    0.002801    0.036183    0.119312    1.137657 v _516_/Y (sky130_fd_sc_hd__xnor2_1)
                                                         acc_core.adder.cla_blocks[7].block.sum[3] (net)
                      0.036183    0.000065    1.137722 v _665_/D (sky130_fd_sc_hd__dfrtp_1)
                                              1.137722   data arrival time

                                  0.000000    0.000000   clock clk (rise edge)
                                  0.000000    0.000000   clock source latency
     1    0.027714    0.130121    0.090093    0.090093 ^ clk (in)
                                                         clk (net)
                      0.130131    0.000000    0.090093 ^ clkbuf_0_clk/A (sky130_fd_sc_hd__clkbuf_16)
     8    0.102463    0.118732    0.216823    0.306916 ^ clkbuf_0_clk/X (sky130_fd_sc_hd__clkbuf_16)
                                                         clknet_0_clk (net)
                      0.119179    0.005504    0.312421 ^ clkbuf_3_5__f_clk/A (sky130_fd_sc_hd__clkbuf_16)
    15    0.042363    0.061867    0.170410    0.482830 ^ clkbuf_3_5__f_clk/X (sky130_fd_sc_hd__clkbuf_16)
                                                         clknet_3_5__leaf_clk (net)
                      0.061942    0.001837    0.484668 ^ _665_/CLK (sky130_fd_sc_hd__dfrtp_1)
                                  0.250000    0.734668   clock uncertainty
                                  0.000000    0.734668   clock reconvergence pessimism
                                 -0.038322    0.696346   library hold time
                                              0.696346   data required time
---------------------------------------------------------------------------------------------
                                              0.696346   data required time
                                             -1.137722   data arrival time
---------------------------------------------------------------------------------------------
                                              0.441376   slack (MET)


Startpoint: _594_ (rising edge-triggered flip-flop clocked by clk)
Endpoint: _594_ (rising edge-triggered flip-flop clocked by clk)
Path Group: clk
Path Type: min

Fanout         Cap        Slew       Delay        Time   Description
---------------------------------------------------------------------------------------------
                                  0.000000    0.000000   clock clk (rise edge)
                                  0.000000    0.000000   clock source latency
     1    0.027714    0.130121    0.090093    0.090093 ^ clk (in)
                                                         clk (net)
                      0.130131    0.000000    0.090093 ^ clkbuf_0_clk/A (sky130_fd_sc_hd__clkbuf_16)
     8    0.102463    0.118732    0.216823    0.306916 ^ clkbuf_0_clk/X (sky130_fd_sc_hd__clkbuf_16)
                                                         clknet_0_clk (net)
                      0.119104    0.004968    0.311884 ^ clkbuf_3_2__f_clk/A (sky130_fd_sc_hd__clkbuf_16)
    10    0.046720    0.065801    0.173477    0.485361 ^ clkbuf_3_2__f_clk/X (sky130_fd_sc_hd__clkbuf_16)
                                                         clknet_3_2__leaf_clk (net)
                      0.065830    0.001287    0.486647 ^ _594_/CLK (sky130_fd_sc_hd__dfrtp_1)
     2    0.005736    0.067475    0.342580    0.829228 ^ _594_/Q (sky130_fd_sc_hd__dfrtp_1)
                                                         rd_addr[2] (net)
                      0.067475    0.000132    0.829359 ^ max_cap614/A (sky130_fd_sc_hd__clkbuf_1)
     2    0.005793    0.077316    0.111054    0.940414 ^ max_cap614/X (sky130_fd_sc_hd__clkbuf_1)
                                                         net614 (net)
                      0.077316    0.000195    0.940608 ^ _296_/B1 (sky130_fd_sc_hd__a31o_1)
     1    0.002563    0.038797    0.095220    1.035828 ^ _296_/X (sky130_fd_sc_hd__a31o_1)
                                                         _088_ (net)
                      0.038797    0.000079    1.035907 ^ _297_/B (sky130_fd_sc_hd__and2b_1)
     1    0.003165    0.044189    0.113603    1.149510 ^ _297_/X (sky130_fd_sc_hd__and2b_1)
                                                         _076_ (net)
                      0.044189    0.000105    1.149615 ^ _594_/D (sky130_fd_sc_hd__dfrtp_1)
                                              1.149615   data arrival time

                                  0.000000    0.000000   clock clk (rise edge)
                                  0.000000    0.000000   clock source latency
     1    0.027714    0.130121    0.090093    0.090093 ^ clk (in)
                                                         clk (net)
                      0.130131    0.000000    0.090093 ^ clkbuf_0_clk/A (sky130_fd_sc_hd__clkbuf_16)
     8    0.102463    0.118732    0.216823    0.306916 ^ clkbuf_0_clk/X (sky130_fd_sc_hd__clkbuf_16)
                                                         clknet_0_clk (net)
                      0.119104    0.004968    0.311884 ^ clkbuf_3_2__f_clk/A (sky130_fd_sc_hd__clkbuf_16)
    10    0.046720    0.065801    0.173477    0.485361 ^ clkbuf_3_2__f_clk/X (sky130_fd_sc_hd__clkbuf_16)
                                                         clknet_3_2__leaf_clk (net)
                      0.065830    0.001287    0.486647 ^ _594_/CLK (sky130_fd_sc_hd__dfrtp_1)
                                  0.250000    0.736647   clock uncertainty
                                  0.000000    0.736647   clock reconvergence pessimism
                                 -0.031749    0.704899   library hold time
                                              0.704899   data required time
---------------------------------------------------------------------------------------------
                                              0.704899   data required time
                                             -1.149615   data arrival time
---------------------------------------------------------------------------------------------
                                              0.444716   slack (MET)


Startpoint: _631_ (rising edge-triggered flip-flop clocked by clk)
Endpoint: _663_ (rising edge-triggered flip-flop clocked by clk)
Path Group: clk
Path Type: min

Fanout         Cap        Slew       Delay        Time   Description
---------------------------------------------------------------------------------------------
                                  0.000000    0.000000   clock clk (rise edge)
                                  0.000000    0.000000   clock source latency
     1    0.027714    0.130121    0.090093    0.090093 ^ clk (in)
                                                         clk (net)
                      0.130131    0.000000    0.090093 ^ clkbuf_0_clk/A (sky130_fd_sc_hd__clkbuf_16)
     8    0.102463    0.118732    0.216823    0.306916 ^ clkbuf_0_clk/X (sky130_fd_sc_hd__clkbuf_16)
                                                         clknet_0_clk (net)
                      0.119179    0.005504    0.312421 ^ clkbuf_3_5__f_clk/A (sky130_fd_sc_hd__clkbuf_16)
    15    0.042363    0.061867    0.170410    0.482830 ^ clkbuf_3_5__f_clk/X (sky130_fd_sc_hd__clkbuf_16)
                                                         clknet_3_5__leaf_clk (net)
                      0.061898    0.001258    0.484088 ^ _631_/CLK (sky130_fd_sc_hd__dfrtp_1)
     2    0.006857    0.076298    0.348631    0.832719 ^ _631_/Q (sky130_fd_sc_hd__dfrtp_1)
                                                         dout0_q[29] (net)
                      0.076298    0.000242    0.832961 ^ _302_/B (sky130_fd_sc_hd__and3_1)
     2    0.006416    0.080132    0.176997    1.009958 ^ _302_/X (sky130_fd_sc_hd__and3_1)
                                                         _091_ (net)
                      0.080132    0.000133    1.010091 ^ _449_/A2 (sky130_fd_sc_hd__o22ai_1)
     1    0.003064    0.045517    0.078285    1.088376 v _449_/Y (sky130_fd_sc_hd__o22ai_1)
                                                         _238_ (net)
                      0.045517    0.000072    1.088447 v _450_/B (sky130_fd_sc_hd__nand2_1)
     1    0.003343    0.047280    0.064738    1.153185 ^ _450_/Y (sky130_fd_sc_hd__nand2_1)
                                                         acc_core.adder.cla_blocks[7].block.sum[1] (net)
                      0.047280    0.000088    1.153273 ^ _663_/D (sky130_fd_sc_hd__dfrtp_1)
                                              1.153273   data arrival time

                                  0.000000    0.000000   clock clk (rise edge)
                                  0.000000    0.000000   clock source latency
     1    0.027714    0.130121    0.090093    0.090093 ^ clk (in)
                                                         clk (net)
                      0.130131    0.000000    0.090093 ^ clkbuf_0_clk/A (sky130_fd_sc_hd__clkbuf_16)
     8    0.102463    0.118732    0.216823    0.306916 ^ clkbuf_0_clk/X (sky130_fd_sc_hd__clkbuf_16)
                                                         clknet_0_clk (net)
                      0.119179    0.005504    0.312421 ^ clkbuf_3_5__f_clk/A (sky130_fd_sc_hd__clkbuf_16)
    15    0.042363    0.061867    0.170410    0.482830 ^ clkbuf_3_5__f_clk/X (sky130_fd_sc_hd__clkbuf_16)
                                                         clknet_3_5__leaf_clk (net)
                      0.061934    0.001746    0.484576 ^ _663_/CLK (sky130_fd_sc_hd__dfrtp_1)
                                  0.250000    0.734576   clock uncertainty
                                  0.000000    0.734576   clock reconvergence pessimism
                                 -0.032927    0.701649   library hold time
                                              0.701649   data required time
---------------------------------------------------------------------------------------------
                                              0.701649   data required time
                                             -1.153273   data arrival time
---------------------------------------------------------------------------------------------
                                              0.451624   slack (MET)


Startpoint: _597_ (rising edge-triggered flip-flop clocked by clk)
Endpoint: _598_ (rising edge-triggered flip-flop clocked by clk)
Path Group: clk
Path Type: min

Fanout         Cap        Slew       Delay        Time   Description
---------------------------------------------------------------------------------------------
                                  0.000000    0.000000   clock clk (rise edge)
                                  0.000000    0.000000   clock source latency
     1    0.027714    0.130121    0.090093    0.090093 ^ clk (in)
                                                         clk (net)
                      0.130131    0.000000    0.090093 ^ clkbuf_0_clk/A (sky130_fd_sc_hd__clkbuf_16)
     8    0.102463    0.118732    0.216823    0.306916 ^ clkbuf_0_clk/X (sky130_fd_sc_hd__clkbuf_16)
                                                         clknet_0_clk (net)
                      0.119104    0.004968    0.311884 ^ clkbuf_3_2__f_clk/A (sky130_fd_sc_hd__clkbuf_16)
    10    0.046720    0.065801    0.173477    0.485361 ^ clkbuf_3_2__f_clk/X (sky130_fd_sc_hd__clkbuf_16)
                                                         clknet_3_2__leaf_clk (net)
                      0.065864    0.001777    0.487137 ^ _597_/CLK (sky130_fd_sc_hd__dfrtp_1)
     2    0.005895    0.068710    0.343666    0.830804 ^ _597_/Q (sky130_fd_sc_hd__dfrtp_1)
                                                         rd_addr[5] (net)
                      0.068710    0.000161    0.830964 ^ max_cap609/A (sky130_fd_sc_hd__clkbuf_1)
     2    0.005847    0.077928    0.111815    0.942780 ^ max_cap609/X (sky130_fd_sc_hd__clkbuf_1)
                                                         net609 (net)
                      0.077928    0.000180    0.942960 ^ _290_/A1 (sky130_fd_sc_hd__a21o_1)
     1    0.002396    0.031960    0.106034    1.048994 ^ _290_/X (sky130_fd_sc_hd__a21o_1)
                                                         _086_ (net)
                      0.031960    0.000052    1.049046 ^ _291_/B (sky130_fd_sc_hd__and2b_1)
     1    0.003239    0.044780    0.112201    1.161247 ^ _291_/X (sky130_fd_sc_hd__and2b_1)
                                                         _080_ (net)
                      0.044780    0.000106    1.161353 ^ _598_/D (sky130_fd_sc_hd__dfrtp_1)
                                              1.161353   data arrival time

                                  0.000000    0.000000   clock clk (rise edge)
                                  0.000000    0.000000   clock source latency
     1    0.027714    0.130121    0.090093    0.090093 ^ clk (in)
                                                         clk (net)
                      0.130131    0.000000    0.090093 ^ clkbuf_0_clk/A (sky130_fd_sc_hd__clkbuf_16)
     8    0.102463    0.118732    0.216823    0.306916 ^ clkbuf_0_clk/X (sky130_fd_sc_hd__clkbuf_16)
                                                         clknet_0_clk (net)
                      0.119104    0.004968    0.311884 ^ clkbuf_3_2__f_clk/A (sky130_fd_sc_hd__clkbuf_16)
    10    0.046720    0.065801    0.173477    0.485361 ^ clkbuf_3_2__f_clk/X (sky130_fd_sc_hd__clkbuf_16)
                                                         clknet_3_2__leaf_clk (net)
                      0.065870    0.001852    0.487213 ^ _598_/CLK (sky130_fd_sc_hd__dfrtp_1)
                                  0.250000    0.737213   clock uncertainty
                                  0.000000    0.737213   clock reconvergence pessimism
                                 -0.031867    0.705347   library hold time
                                              0.705347   data required time
---------------------------------------------------------------------------------------------
                                              0.705347   data required time
                                             -1.161353   data arrival time
---------------------------------------------------------------------------------------------
                                              0.456007   slack (MET)


Startpoint: _598_ (rising edge-triggered flip-flop clocked by clk)
Endpoint: sram0 (falling edge-triggered flip-flop clocked by clk)
Path Group: clk
Path Type: min

Fanout         Cap        Slew       Delay        Time   Description
---------------------------------------------------------------------------------------------
                                  0.000000    0.000000   clock clk (rise edge)
                                  0.000000    0.000000   clock source latency
     1    0.027714    0.130121    0.090093    0.090093 ^ clk (in)
                                                         clk (net)
                      0.130131    0.000000    0.090093 ^ clkbuf_0_clk/A (sky130_fd_sc_hd__clkbuf_16)
     8    0.102463    0.118732    0.216823    0.306916 ^ clkbuf_0_clk/X (sky130_fd_sc_hd__clkbuf_16)
                                                         clknet_0_clk (net)
                      0.119104    0.004968    0.311884 ^ clkbuf_3_2__f_clk/A (sky130_fd_sc_hd__clkbuf_16)
    10    0.046720    0.065801    0.173477    0.485361 ^ clkbuf_3_2__f_clk/X (sky130_fd_sc_hd__clkbuf_16)
                                                         clknet_3_2__leaf_clk (net)
                      0.065870    0.001852    0.487213 ^ _598_/CLK (sky130_fd_sc_hd__dfrtp_1)
     2    0.006150    0.070708    0.345394    0.832607 ^ _598_/Q (sky130_fd_sc_hd__dfrtp_1)
                                                         rd_addr[6] (net)
                      0.070708    0.000148    0.832755 ^ max_cap607/A (sky130_fd_sc_hd__clkbuf_1)
     2    0.007111    0.092108    0.122435    0.955190 ^ max_cap607/X (sky130_fd_sc_hd__clkbuf_1)
                                                         net607 (net)
                      0.092108    0.000237    0.955427 ^ _460_/A0 (sky130_fd_sc_hd__mux2_1)
     1    0.012030    0.115362    0.191115    1.146542 ^ _460_/X (sky130_fd_sc_hd__mux2_1)
                                                         addr0[6] (net)
                      0.153817    0.000582    1.147124 ^ sram0/addr0[6] (sky130_sram_1kbyte_1rw1r_32x256_8)
                                              1.147124   data arrival time

                                  0.000000    0.000000   clock clk (rise edge)
                                  0.000000    0.000000   clock source latency
     1    0.027714    0.130121    0.090093    0.090093 ^ clk (in)
                                                         clk (net)
                      0.130131    0.000000    0.090093 ^ clkbuf_0_clk/A (sky130_fd_sc_hd__clkbuf_16)
     8    0.102463    0.118732    0.216823    0.306916 ^ clkbuf_0_clk/X (sky130_fd_sc_hd__clkbuf_16)
                                                         clknet_0_clk (net)
                      0.119104    0.004968    0.311884 ^ clkbuf_3_2__f_clk/A (sky130_fd_sc_hd__clkbuf_16)
    10    0.046720    0.065801    0.173477    0.485361 ^ clkbuf_3_2__f_clk/X (sky130_fd_sc_hd__clkbuf_16)
                                                         clknet_3_2__leaf_clk (net)
                      0.087827    0.001857    0.487218 ^ sram0/clk0 (sky130_sram_1kbyte_1rw1r_32x256_8)
                                  0.250000    0.737218   clock uncertainty
                                  0.000000    0.737218   clock reconvergence pessimism
                                 -0.056000    0.681218   library hold time
                                              0.681218   data required time
---------------------------------------------------------------------------------------------
                                              0.681218   data required time
                                             -1.147124   data arrival time
---------------------------------------------------------------------------------------------
                                              0.465906   slack (MET)


Startpoint: _592_ (rising edge-triggered flip-flop clocked by clk)
Endpoint: sram0 (falling edge-triggered flip-flop clocked by clk)
Path Group: clk
Path Type: min

Fanout         Cap        Slew       Delay        Time   Description
---------------------------------------------------------------------------------------------
                                  0.000000    0.000000   clock clk (rise edge)
                                  0.000000    0.000000   clock source latency
     1    0.027714    0.130121    0.090093    0.090093 ^ clk (in)
                                                         clk (net)
                      0.130131    0.000000    0.090093 ^ clkbuf_0_clk/A (sky130_fd_sc_hd__clkbuf_16)
     8    0.102463    0.118732    0.216823    0.306916 ^ clkbuf_0_clk/X (sky130_fd_sc_hd__clkbuf_16)
                                                         clknet_0_clk (net)
                      0.119104    0.004968    0.311884 ^ clkbuf_3_2__f_clk/A (sky130_fd_sc_hd__clkbuf_16)
    10    0.046720    0.065801    0.173477    0.485361 ^ clkbuf_3_2__f_clk/X (sky130_fd_sc_hd__clkbuf_16)
                                                         clknet_3_2__leaf_clk (net)
                      0.065810    0.000843    0.486204 ^ _592_/CLK (sky130_fd_sc_hd__dfrtp_1)
     2    0.006006    0.069580    0.344398    0.830602 ^ _592_/Q (sky130_fd_sc_hd__dfrtp_1)
                                                         rd_addr[0] (net)
                      0.069580    0.000150    0.830752 ^ _285_/B (sky130_fd_sc_hd__nand2_1)
     2    0.006264    0.053962    0.073092    0.903844 v _285_/Y (sky130_fd_sc_hd__nand2_1)
                                                         _082_ (net)
                      0.053962    0.000178    0.904022 v _454_/B1_N (sky130_fd_sc_hd__a21bo_1)
     1    0.015291    0.133324    0.244752    1.148774 ^ _454_/X (sky130_fd_sc_hd__a21bo_1)
                                                         addr0[0] (net)
                      0.177780    0.001329    1.150103 ^ sram0/addr0[0] (sky130_sram_1kbyte_1rw1r_32x256_8)
                                              1.150103   data arrival time

                                  0.000000    0.000000   clock clk (rise edge)
                                  0.000000    0.000000   clock source latency
     1    0.027714    0.130121    0.090093    0.090093 ^ clk (in)
                                                         clk (net)
                      0.130131    0.000000    0.090093 ^ clkbuf_0_clk/A (sky130_fd_sc_hd__clkbuf_16)
     8    0.102463    0.118732    0.216823    0.306916 ^ clkbuf_0_clk/X (sky130_fd_sc_hd__clkbuf_16)
                                                         clknet_0_clk (net)
                      0.119104    0.004968    0.311884 ^ clkbuf_3_2__f_clk/A (sky130_fd_sc_hd__clkbuf_16)
    10    0.046720    0.065801    0.173477    0.485361 ^ clkbuf_3_2__f_clk/X (sky130_fd_sc_hd__clkbuf_16)
                                                         clknet_3_2__leaf_clk (net)
                      0.087827    0.001857    0.487218 ^ sram0/clk0 (sky130_sram_1kbyte_1rw1r_32x256_8)
                                  0.250000    0.737218   clock uncertainty
                                  0.000000    0.737218   clock reconvergence pessimism
                                 -0.056000    0.681218   library hold time
                                              0.681218   data required time
---------------------------------------------------------------------------------------------
                                              0.681218   data required time
                                             -1.150103   data arrival time
---------------------------------------------------------------------------------------------
                                              0.468886   slack (MET)


Startpoint: _632_ (rising edge-triggered flip-flop clocked by clk)
Endpoint: _664_ (rising edge-triggered flip-flop clocked by clk)
Path Group: clk
Path Type: min

Fanout         Cap        Slew       Delay        Time   Description
---------------------------------------------------------------------------------------------
                                  0.000000    0.000000   clock clk (rise edge)
                                  0.000000    0.000000   clock source latency
     1    0.027714    0.130121    0.090093    0.090093 ^ clk (in)
                                                         clk (net)
                      0.130131    0.000000    0.090093 ^ clkbuf_0_clk/A (sky130_fd_sc_hd__clkbuf_16)
     8    0.102463    0.118732    0.216823    0.306916 ^ clkbuf_0_clk/X (sky130_fd_sc_hd__clkbuf_16)
                                                         clknet_0_clk (net)
                      0.119179    0.005504    0.312421 ^ clkbuf_3_5__f_clk/A (sky130_fd_sc_hd__clkbuf_16)
    15    0.042363    0.061867    0.170410    0.482830 ^ clkbuf_3_5__f_clk/X (sky130_fd_sc_hd__clkbuf_16)
                                                         clknet_3_5__leaf_clk (net)
                      0.061900    0.001286    0.484116 ^ _632_/CLK (sky130_fd_sc_hd__dfrtp_1)
     2    0.006729    0.075288    0.347762    0.831879 ^ _632_/Q (sky130_fd_sc_hd__dfrtp_1)
                                                         dout0_q[30] (net)
                      0.075288    0.000244    0.832123 ^ _510_/A2 (sky130_fd_sc_hd__a21o_1)
     2    0.007454    0.072329    0.141027    0.973149 ^ _510_/X (sky130_fd_sc_hd__a21o_1)
                                                         _261_ (net)
                      0.072329    0.000268    0.973417 ^ _514_/A (sky130_fd_sc_hd__nand2_1)
     1    0.006883    0.056001    0.074144    1.047562 v _514_/Y (sky130_fd_sc_hd__nand2_1)
                                                         _265_ (net)
                      0.056004    0.000306    1.047867 v _518_/A (sky130_fd_sc_hd__xnor2_1)
     1    0.003424    0.038983    0.127486    1.175353 v _518_/Y (sky130_fd_sc_hd__xnor2_1)
                                                         acc_core.adder.cla_blocks[7].block.sum[2] (net)
                      0.038983    0.000091    1.175444 v _664_/D (sky130_fd_sc_hd__dfrtp_1)
                                              1.175444   data arrival time

                                  0.000000    0.000000   clock clk (rise edge)
                                  0.000000    0.000000   clock source latency
     1    0.027714    0.130121    0.090093    0.090093 ^ clk (in)
                                                         clk (net)
                      0.130131    0.000000    0.090093 ^ clkbuf_0_clk/A (sky130_fd_sc_hd__clkbuf_16)
     8    0.102463    0.118732    0.216823    0.306916 ^ clkbuf_0_clk/X (sky130_fd_sc_hd__clkbuf_16)
                                                         clknet_0_clk (net)
                      0.119179    0.005504    0.312421 ^ clkbuf_3_5__f_clk/A (sky130_fd_sc_hd__clkbuf_16)
    15    0.042363    0.061867    0.170410    0.482830 ^ clkbuf_3_5__f_clk/X (sky130_fd_sc_hd__clkbuf_16)
                                                         clknet_3_5__leaf_clk (net)
                      0.061942    0.001837    0.484668 ^ _664_/CLK (sky130_fd_sc_hd__dfrtp_1)
                                  0.250000    0.734668   clock uncertainty
                                  0.000000    0.734668   clock reconvergence pessimism
                                 -0.039462    0.695206   library hold time
                                              0.695206   data required time
---------------------------------------------------------------------------------------------
                                              0.695206   data required time
                                             -1.175444   data arrival time
---------------------------------------------------------------------------------------------
                                              0.480238   slack (MET)


Startpoint: _652_ (rising edge-triggered flip-flop clocked by clk)
Endpoint: _653_ (rising edge-triggered flip-flop clocked by clk)
Path Group: clk
Path Type: min

Fanout         Cap        Slew       Delay        Time   Description
---------------------------------------------------------------------------------------------
                                  0.000000    0.000000   clock clk (rise edge)
                                  0.000000    0.000000   clock source latency
     1    0.027714    0.130121    0.090093    0.090093 ^ clk (in)
                                                         clk (net)
                      0.130131    0.000000    0.090093 ^ clkbuf_0_clk/A (sky130_fd_sc_hd__clkbuf_16)
     8    0.102463    0.118732    0.216823    0.306916 ^ clkbuf_0_clk/X (sky130_fd_sc_hd__clkbuf_16)
                                                         clknet_0_clk (net)
                      0.119016    0.004233    0.311149 ^ clkbuf_3_7__f_clk/A (sky130_fd_sc_hd__clkbuf_16)
     7    0.038339    0.058316    0.167587    0.478736 ^ clkbuf_3_7__f_clk/X (sky130_fd_sc_hd__clkbuf_16)
                                                         clknet_3_7__leaf_clk (net)
                      0.058325    0.000701    0.479437 ^ _652_/CLK (sky130_fd_sc_hd__dfrtp_1)
     2    0.007105    0.078258    0.348976    0.828413 ^ _652_/Q (sky130_fd_sc_hd__dfrtp_1)
                                                         net52 (net)
                      0.078258    0.000217    0.828630 ^ _332_/B1 (sky130_fd_sc_hd__a21oi_1)
     2    0.004707    0.039269    0.053106    0.881736 v _332_/Y (sky130_fd_sc_hd__a21oi_1)
                                                         _121_ (net)
                      0.039269    0.000090    0.881826 v max_cap498/A (sky130_fd_sc_hd__clkbuf_1)
     1    0.005395    0.040154    0.097095    0.978921 v max_cap498/X (sky130_fd_sc_hd__clkbuf_1)
                                                         net498 (net)
                      0.040154    0.000195    0.979116 v _333_/A (sky130_fd_sc_hd__inv_2)
     1    0.004706    0.029178    0.044630    1.023745 ^ _333_/Y (sky130_fd_sc_hd__inv_2)
                                                         _122_ (net)
                      0.029178    0.000178    1.023924 ^ _487_/A1 (sky130_fd_sc_hd__a21o_1)
     1    0.005502    0.056512    0.110206    1.134130 ^ _487_/X (sky130_fd_sc_hd__a21o_1)
                                                         _250_ (net)
                      0.056512    0.000140    1.134269 ^ _488_/B (sky130_fd_sc_hd__xnor2_1)
     1    0.003286    0.036459    0.061263    1.195532 v _488_/Y (sky130_fd_sc_hd__xnor2_1)
                                                         acc_core.adder.cla_blocks[4].block.sum[3] (net)
                      0.036459    0.000085    1.195617 v _653_/D (sky130_fd_sc_hd__dfrtp_1)
                                              1.195617   data arrival time

                                  0.000000    0.000000   clock clk (rise edge)
                                  0.000000    0.000000   clock source latency
     1    0.027714    0.130121    0.090093    0.090093 ^ clk (in)
                                                         clk (net)
                      0.130131    0.000000    0.090093 ^ clkbuf_0_clk/A (sky130_fd_sc_hd__clkbuf_16)
     8    0.102463    0.118732    0.216823    0.306916 ^ clkbuf_0_clk/X (sky130_fd_sc_hd__clkbuf_16)
                                                         clknet_0_clk (net)
                      0.119016    0.004233    0.311149 ^ clkbuf_3_7__f_clk/A (sky130_fd_sc_hd__clkbuf_16)
     7    0.038339    0.058316    0.167587    0.478736 ^ clkbuf_3_7__f_clk/X (sky130_fd_sc_hd__clkbuf_16)
                                                         clknet_3_7__leaf_clk (net)
                      0.058324    0.000671    0.479408 ^ _653_/CLK (sky130_fd_sc_hd__dfrtp_1)
                                  0.250000    0.729408   clock uncertainty
                                  0.000000    0.729408   clock reconvergence pessimism
                                 -0.039260    0.690148   library hold time
                                              0.690148   data required time
---------------------------------------------------------------------------------------------
                                              0.690148   data required time
                                             -1.195617   data arrival time
---------------------------------------------------------------------------------------------
                                              0.505469   slack (MET)


Startpoint: _592_ (rising edge-triggered flip-flop clocked by clk)
Endpoint: _592_ (rising edge-triggered flip-flop clocked by clk)
Path Group: clk
Path Type: min

Fanout         Cap        Slew       Delay        Time   Description
---------------------------------------------------------------------------------------------
                                  0.000000    0.000000   clock clk (rise edge)
                                  0.000000    0.000000   clock source latency
     1    0.027714    0.130121    0.090093    0.090093 ^ clk (in)
                                                         clk (net)
                      0.130131    0.000000    0.090093 ^ clkbuf_0_clk/A (sky130_fd_sc_hd__clkbuf_16)
     8    0.102463    0.118732    0.216823    0.306916 ^ clkbuf_0_clk/X (sky130_fd_sc_hd__clkbuf_16)
                                                         clknet_0_clk (net)
                      0.119104    0.004968    0.311884 ^ clkbuf_3_2__f_clk/A (sky130_fd_sc_hd__clkbuf_16)
    10    0.046720    0.065801    0.173477    0.485361 ^ clkbuf_3_2__f_clk/X (sky130_fd_sc_hd__clkbuf_16)
                                                         clknet_3_2__leaf_clk (net)
                      0.065810    0.000843    0.486204 ^ _592_/CLK (sky130_fd_sc_hd__dfrtp_1)
     2    0.006006    0.069580    0.344398    0.830602 ^ _592_/Q (sky130_fd_sc_hd__dfrtp_1)
                                                         rd_addr[0] (net)
                      0.069580    0.000106    0.830708 ^ max_cap619/A (sky130_fd_sc_hd__clkbuf_1)
     2    0.006494    0.085184    0.117185    0.947893 ^ max_cap619/X (sky130_fd_sc_hd__clkbuf_1)
                                                         net619 (net)
                      0.085184    0.000224    0.948117 ^ max_cap618/A (sky130_fd_sc_hd__clkbuf_1)
     2    0.004859    0.066992    0.108333    1.056450 ^ max_cap618/X (sky130_fd_sc_hd__clkbuf_1)
                                                         net618 (net)
                      0.066992    0.000118    1.056568 ^ max_cap617/A (sky130_fd_sc_hd__clkbuf_1)
     1    0.006361    0.083680    0.115421    1.171989 ^ max_cap617/X (sky130_fd_sc_hd__clkbuf_1)
                                                         net617 (net)
                      0.083680    0.000257    1.172246 ^ _299_/B (sky130_fd_sc_hd__xnor2_1)
     1    0.003259    0.038909    0.068410    1.240657 v _299_/Y (sky130_fd_sc_hd__xnor2_1)
                                                         _074_ (net)
                      0.038909    0.000109    1.240766 v _592_/D (sky130_fd_sc_hd__dfrtp_1)
                                              1.240766   data arrival time

                                  0.000000    0.000000   clock clk (rise edge)
                                  0.000000    0.000000   clock source latency
     1    0.027714    0.130121    0.090093    0.090093 ^ clk (in)
                                                         clk (net)
                      0.130131    0.000000    0.090093 ^ clkbuf_0_clk/A (sky130_fd_sc_hd__clkbuf_16)
     8    0.102463    0.118732    0.216823    0.306916 ^ clkbuf_0_clk/X (sky130_fd_sc_hd__clkbuf_16)
                                                         clknet_0_clk (net)
                      0.119104    0.004968    0.311884 ^ clkbuf_3_2__f_clk/A (sky130_fd_sc_hd__clkbuf_16)
    10    0.046720    0.065801    0.173477    0.485361 ^ clkbuf_3_2__f_clk/X (sky130_fd_sc_hd__clkbuf_16)
                                                         clknet_3_2__leaf_clk (net)
                      0.065810    0.000843    0.486204 ^ _592_/CLK (sky130_fd_sc_hd__dfrtp_1)
                                  0.250000    0.736204   clock uncertainty
                                  0.000000    0.736204   clock reconvergence pessimism
                                 -0.038549    0.697655   library hold time
                                              0.697655   data required time
---------------------------------------------------------------------------------------------
                                              0.697655   data required time
                                             -1.240766   data arrival time
---------------------------------------------------------------------------------------------
                                              0.543111   slack (MET)


Startpoint: _596_ (rising edge-triggered flip-flop clocked by clk)
Endpoint: sram0 (falling edge-triggered flip-flop clocked by clk)
Path Group: clk
Path Type: min

Fanout         Cap        Slew       Delay        Time   Description
---------------------------------------------------------------------------------------------
                                  0.000000    0.000000   clock clk (rise edge)
                                  0.000000    0.000000   clock source latency
     1    0.027714    0.130121    0.090093    0.090093 ^ clk (in)
                                                         clk (net)
                      0.130131    0.000000    0.090093 ^ clkbuf_0_clk/A (sky130_fd_sc_hd__clkbuf_16)
     8    0.102463    0.118732    0.216823    0.306916 ^ clkbuf_0_clk/X (sky130_fd_sc_hd__clkbuf_16)
                                                         clknet_0_clk (net)
                      0.119104    0.004968    0.311884 ^ clkbuf_3_2__f_clk/A (sky130_fd_sc_hd__clkbuf_16)
    10    0.046720    0.065801    0.173477    0.485361 ^ clkbuf_3_2__f_clk/X (sky130_fd_sc_hd__clkbuf_16)
                                                         clknet_3_2__leaf_clk (net)
                      0.065854    0.001650    0.487011 ^ _596_/CLK (sky130_fd_sc_hd__dfrtp_1)
     2    0.005852    0.068379    0.343373    0.830384 ^ _596_/Q (sky130_fd_sc_hd__dfrtp_1)
                                                         rd_addr[4] (net)
                      0.068379    0.000150    0.830534 ^ max_cap611/A (sky130_fd_sc_hd__clkbuf_1)
     2    0.005331    0.072148    0.107636    0.938170 ^ max_cap611/X (sky130_fd_sc_hd__clkbuf_1)
                                                         net611 (net)
                      0.072148    0.000144    0.938314 ^ max_cap610/A (sky130_fd_sc_hd__clkbuf_1)
     1    0.004954    0.067965    0.105596    1.043911 ^ max_cap610/X (sky130_fd_sc_hd__clkbuf_1)
                                                         net610 (net)
                      0.067965    0.000214    1.044125 ^ _458_/A0 (sky130_fd_sc_hd__mux2_1)
     1    0.011896    0.114235    0.182057    1.226183 ^ _458_/X (sky130_fd_sc_hd__mux2_1)
                                                         addr0[4] (net)
                      0.152314    0.000562    1.226744 ^ sram0/addr0[4] (sky130_sram_1kbyte_1rw1r_32x256_8)
                                              1.226744   data arrival time

                                  0.000000    0.000000   clock clk (rise edge)
                                  0.000000    0.000000   clock source latency
     1    0.027714    0.130121    0.090093    0.090093 ^ clk (in)
                                                         clk (net)
                      0.130131    0.000000    0.090093 ^ clkbuf_0_clk/A (sky130_fd_sc_hd__clkbuf_16)
     8    0.102463    0.118732    0.216823    0.306916 ^ clkbuf_0_clk/X (sky130_fd_sc_hd__clkbuf_16)
                                                         clknet_0_clk (net)
                      0.119104    0.004968    0.311884 ^ clkbuf_3_2__f_clk/A (sky130_fd_sc_hd__clkbuf_16)
    10    0.046720    0.065801    0.173477    0.485361 ^ clkbuf_3_2__f_clk/X (sky130_fd_sc_hd__clkbuf_16)
                                                         clknet_3_2__leaf_clk (net)
                      0.087827    0.001857    0.487218 ^ sram0/clk0 (sky130_sram_1kbyte_1rw1r_32x256_8)
                                  0.250000    0.737218   clock uncertainty
                                  0.000000    0.737218   clock reconvergence pessimism
                                 -0.056000    0.681218   library hold time
                                              0.681218   data required time
---------------------------------------------------------------------------------------------
                                              0.681218   data required time
                                             -1.226744   data arrival time
---------------------------------------------------------------------------------------------
                                              0.545526   slack (MET)


Startpoint: _635_ (rising edge-triggered flip-flop clocked by clk)
Endpoint: _635_ (rising edge-triggered flip-flop clocked by clk)
Path Group: clk
Path Type: min

Fanout         Cap        Slew       Delay        Time   Description
---------------------------------------------------------------------------------------------
                                  0.000000    0.000000   clock clk (rise edge)
                                  0.000000    0.000000   clock source latency
     1    0.027714    0.130121    0.090093    0.090093 ^ clk (in)
                                                         clk (net)
                      0.130131    0.000000    0.090093 ^ clkbuf_0_clk/A (sky130_fd_sc_hd__clkbuf_16)
     8    0.102463    0.118732    0.216823    0.306916 ^ clkbuf_0_clk/X (sky130_fd_sc_hd__clkbuf_16)
                                                         clknet_0_clk (net)
                      0.118948    0.003559    0.310475 ^ clkbuf_3_3__f_clk/A (sky130_fd_sc_hd__clkbuf_16)
    10    0.038054    0.058041    0.167274    0.477750 ^ clkbuf_3_3__f_clk/X (sky130_fd_sc_hd__clkbuf_16)
                                                         clknet_3_3__leaf_clk (net)
                      0.058087    0.001384    0.479134 ^ _635_/CLK (sky130_fd_sc_hd__dfrtp_1)
     2    0.006001    0.069550    0.341451    0.820585 ^ _635_/Q (sky130_fd_sc_hd__dfrtp_1)
                                                         net54 (net)
                      0.069550    0.000192    0.820777 ^ max_cap569/A (sky130_fd_sc_hd__clkbuf_1)
     2    0.006623    0.086625    0.118244    0.939022 ^ max_cap569/X (sky130_fd_sc_hd__clkbuf_1)
                                                         net569 (net)
                      0.086625    0.000164    0.939185 ^ _404_/B1 (sky130_fd_sc_hd__a21o_1)
     2    0.006257    0.062681    0.108177    1.047362 ^ _404_/X (sky130_fd_sc_hd__a21o_1)
                                                         _193_ (net)
                      0.062681    0.000126    1.047488 ^ _405_/B (sky130_fd_sc_hd__nand2b_1)
     1    0.005271    0.051077    0.068493    1.115981 v _405_/Y (sky130_fd_sc_hd__nand2b_1)
                                                         _194_ (net)
                      0.051077    0.000132    1.116113 v _464_/B (sky130_fd_sc_hd__xnor2_1)
     1    0.003414    0.038589    0.123268    1.239381 v _464_/Y (sky130_fd_sc_hd__xnor2_1)
                                                         acc_core.adder.cla_blocks[0].block.sum[1] (net)
                      0.038589    0.000121    1.239502 v _635_/D (sky130_fd_sc_hd__dfrtp_1)
                                              1.239502   data arrival time

                                  0.000000    0.000000   clock clk (rise edge)
                                  0.000000    0.000000   clock source latency
     1    0.027714    0.130121    0.090093    0.090093 ^ clk (in)
                                                         clk (net)
                      0.130131    0.000000    0.090093 ^ clkbuf_0_clk/A (sky130_fd_sc_hd__clkbuf_16)
     8    0.102463    0.118732    0.216823    0.306916 ^ clkbuf_0_clk/X (sky130_fd_sc_hd__clkbuf_16)
                                                         clknet_0_clk (net)
                      0.118948    0.003559    0.310475 ^ clkbuf_3_3__f_clk/A (sky130_fd_sc_hd__clkbuf_16)
    10    0.038054    0.058041    0.167274    0.477750 ^ clkbuf_3_3__f_clk/X (sky130_fd_sc_hd__clkbuf_16)
                                                         clknet_3_3__leaf_clk (net)
                      0.058087    0.001384    0.479134 ^ _635_/CLK (sky130_fd_sc_hd__dfrtp_1)
                                  0.250000    0.729134   clock uncertainty
                                  0.000000    0.729134   clock reconvergence pessimism
                                 -0.040181    0.688954   library hold time
                                              0.688954   data required time
---------------------------------------------------------------------------------------------
                                              0.688954   data required time
                                             -1.239502   data arrival time
---------------------------------------------------------------------------------------------
                                              0.550549   slack (MET)


Startpoint: _605_ (rising edge-triggered flip-flop clocked by clk)
Endpoint: _637_ (rising edge-triggered flip-flop clocked by clk)
Path Group: clk
Path Type: min

Fanout         Cap        Slew       Delay        Time   Description
---------------------------------------------------------------------------------------------
                                  0.000000    0.000000   clock clk (rise edge)
                                  0.000000    0.000000   clock source latency
     1    0.027714    0.130121    0.090093    0.090093 ^ clk (in)
                                                         clk (net)
                      0.130131    0.000000    0.090093 ^ clkbuf_0_clk/A (sky130_fd_sc_hd__clkbuf_16)
     8    0.102463    0.118732    0.216823    0.306916 ^ clkbuf_0_clk/X (sky130_fd_sc_hd__clkbuf_16)
                                                         clknet_0_clk (net)
                      0.118903    0.003033    0.309950 ^ clkbuf_3_1__f_clk/A (sky130_fd_sc_hd__clkbuf_16)
     9    0.036629    0.056770    0.166190    0.476139 ^ clkbuf_3_1__f_clk/X (sky130_fd_sc_hd__clkbuf_16)
                                                         clknet_3_1__leaf_clk (net)
                      0.056810    0.001170    0.477309 ^ _605_/CLK (sky130_fd_sc_hd__dfrtp_1)
     1    0.004988    0.049081    0.369972    0.847281 v _605_/Q (sky130_fd_sc_hd__dfrtp_1)
                                                         dout0_q[3] (net)
                      0.049081    0.000175    0.847456 v wire586/A (sky130_fd_sc_hd__clkbuf_1)
     2    0.007017    0.048974    0.108883    0.956339 v wire586/X (sky130_fd_sc_hd__clkbuf_1)
                                                         net586 (net)
                      0.048975    0.000245    0.956585 v _398_/A (sky130_fd_sc_hd__nand3_1)
     2    0.005851    0.074531    0.084451    1.041036 ^ _398_/Y (sky130_fd_sc_hd__nand3_1)
                                                         _187_ (net)
                      0.074531    0.000124    1.041160 ^ _408_/B (sky130_fd_sc_hd__and2b_1)
     1    0.005660    0.064360    0.139854    1.181013 ^ _408_/X (sky130_fd_sc_hd__and2b_1)
                                                         _197_ (net)
                      0.064360    0.000150    1.181164 ^ _462_/B (sky130_fd_sc_hd__xnor2_1)
     1    0.003709    0.039983    0.065739    1.246902 v _462_/Y (sky130_fd_sc_hd__xnor2_1)
                                                         acc_core.adder.cla_blocks[0].block.sum[3] (net)
                      0.039983    0.000137    1.247040 v _637_/D (sky130_fd_sc_hd__dfrtp_1)
                                              1.247040   data arrival time

                                  0.000000    0.000000   clock clk (rise edge)
                                  0.000000    0.000000   clock source latency
     1    0.027714    0.130121    0.090093    0.090093 ^ clk (in)
                                                         clk (net)
                      0.130131    0.000000    0.090093 ^ clkbuf_0_clk/A (sky130_fd_sc_hd__clkbuf_16)
     8    0.102463    0.118732    0.216823    0.306916 ^ clkbuf_0_clk/X (sky130_fd_sc_hd__clkbuf_16)
                                                         clknet_0_clk (net)
                      0.118948    0.003559    0.310475 ^ clkbuf_3_3__f_clk/A (sky130_fd_sc_hd__clkbuf_16)
    10    0.038054    0.058041    0.167274    0.477750 ^ clkbuf_3_3__f_clk/X (sky130_fd_sc_hd__clkbuf_16)
                                                         clknet_3_3__leaf_clk (net)
                      0.058059    0.000925    0.478675 ^ _637_/CLK (sky130_fd_sc_hd__dfrtp_1)
                                  0.250000    0.728675   clock uncertainty
                                  0.000000    0.728675   clock reconvergence pessimism
                                 -0.040755    0.687920   library hold time
                                              0.687920   data required time
---------------------------------------------------------------------------------------------
                                              0.687920   data required time
                                             -1.247040   data arrival time
---------------------------------------------------------------------------------------------
                                              0.559120   slack (MET)


Startpoint: _644_ (rising edge-triggered flip-flop clocked by clk)
Endpoint: _645_ (rising edge-triggered flip-flop clocked by clk)
Path Group: clk
Path Type: min

Fanout         Cap        Slew       Delay        Time   Description
---------------------------------------------------------------------------------------------
                                  0.000000    0.000000   clock clk (rise edge)
                                  0.000000    0.000000   clock source latency
     1    0.027714    0.130121    0.090093    0.090093 ^ clk (in)
                                                         clk (net)
                      0.130131    0.000000    0.090093 ^ clkbuf_0_clk/A (sky130_fd_sc_hd__clkbuf_16)
     8    0.102463    0.118732    0.216823    0.306916 ^ clkbuf_0_clk/X (sky130_fd_sc_hd__clkbuf_16)
                                                         clknet_0_clk (net)
                      0.118903    0.003033    0.309950 ^ clkbuf_3_1__f_clk/A (sky130_fd_sc_hd__clkbuf_16)
     9    0.036629    0.056770    0.166190    0.476139 ^ clkbuf_3_1__f_clk/X (sky130_fd_sc_hd__clkbuf_16)
                                                         clknet_3_1__leaf_clk (net)
                      0.056787    0.000765    0.476904 ^ _644_/CLK (sky130_fd_sc_hd__dfrtp_1)
     1    0.004535    0.058214    0.331086    0.807990 ^ _644_/Q (sky130_fd_sc_hd__dfrtp_1)
                                                         net44 (net)
                      0.058214    0.000184    0.808175 ^ wire550/A (sky130_fd_sc_hd__clkbuf_1)
     2    0.008677    0.109627    0.131487    0.939662 ^ wire550/X (sky130_fd_sc_hd__clkbuf_1)
                                                         net550 (net)
                      0.109664    0.000369    0.940031 ^ _366_/B1 (sky130_fd_sc_hd__a21o_1)
     2    0.006691    0.066390    0.117037    1.057068 ^ _366_/X (sky130_fd_sc_hd__a21o_1)
                                                         _155_ (net)
                      0.066390    0.000143    1.057211 ^ _472_/A1 (sky130_fd_sc_hd__a21oi_1)
     1    0.004773    0.041331    0.071567    1.128777 v _472_/Y (sky130_fd_sc_hd__a21oi_1)
                                                         _243_ (net)
                      0.041331    0.000112    1.128889 v _473_/B (sky130_fd_sc_hd__xor2_1)
     1    0.002478    0.091038    0.116873    1.245763 ^ _473_/X (sky130_fd_sc_hd__xor2_1)
                                                         acc_core.adder.cla_blocks[2].block.sum[3] (net)
                      0.091038    0.000053    1.245815 ^ _645_/D (sky130_fd_sc_hd__dfrtp_1)
                                              1.245815   data arrival time

                                  0.000000    0.000000   clock clk (rise edge)
                                  0.000000    0.000000   clock source latency
     1    0.027714    0.130121    0.090093    0.090093 ^ clk (in)
                                                         clk (net)
                      0.130131    0.000000    0.090093 ^ clkbuf_0_clk/A (sky130_fd_sc_hd__clkbuf_16)
     8    0.102463    0.118732    0.216823    0.306916 ^ clkbuf_0_clk/X (sky130_fd_sc_hd__clkbuf_16)
                                                         clknet_0_clk (net)
                      0.118903    0.003033    0.309950 ^ clkbuf_3_1__f_clk/A (sky130_fd_sc_hd__clkbuf_16)
     9    0.036629    0.056770    0.166190    0.476139 ^ clkbuf_3_1__f_clk/X (sky130_fd_sc_hd__clkbuf_16)
                                                         clknet_3_1__leaf_clk (net)
                      0.056781    0.000652    0.476792 ^ _645_/CLK (sky130_fd_sc_hd__dfrtp_1)
                                  0.250000    0.726792   clock uncertainty
                                  0.000000    0.726792   clock reconvergence pessimism
                                 -0.042791    0.684001   library hold time
                                              0.684001   data required time
---------------------------------------------------------------------------------------------
                                              0.684001   data required time
                                             -1.245815   data arrival time
---------------------------------------------------------------------------------------------
                                              0.561814   slack (MET)


Startpoint: _597_ (rising edge-triggered flip-flop clocked by clk)
Endpoint: sram0 (falling edge-triggered flip-flop clocked by clk)
Path Group: clk
Path Type: min

Fanout         Cap        Slew       Delay        Time   Description
---------------------------------------------------------------------------------------------
                                  0.000000    0.000000   clock clk (rise edge)
                                  0.000000    0.000000   clock source latency
     1    0.027714    0.130121    0.090093    0.090093 ^ clk (in)
                                                         clk (net)
                      0.130131    0.000000    0.090093 ^ clkbuf_0_clk/A (sky130_fd_sc_hd__clkbuf_16)
     8    0.102463    0.118732    0.216823    0.306916 ^ clkbuf_0_clk/X (sky130_fd_sc_hd__clkbuf_16)
                                                         clknet_0_clk (net)
                      0.119104    0.004968    0.311884 ^ clkbuf_3_2__f_clk/A (sky130_fd_sc_hd__clkbuf_16)
    10    0.046720    0.065801    0.173477    0.485361 ^ clkbuf_3_2__f_clk/X (sky130_fd_sc_hd__clkbuf_16)
                                                         clknet_3_2__leaf_clk (net)
                      0.065864    0.001777    0.487137 ^ _597_/CLK (sky130_fd_sc_hd__dfrtp_1)
     2    0.005895    0.068710    0.343666    0.830804 ^ _597_/Q (sky130_fd_sc_hd__dfrtp_1)
                                                         rd_addr[5] (net)
                      0.068710    0.000161    0.830964 ^ max_cap609/A (sky130_fd_sc_hd__clkbuf_1)
     2    0.005847    0.077928    0.111815    0.942780 ^ max_cap609/X (sky130_fd_sc_hd__clkbuf_1)
                                                         net609 (net)
                      0.077928    0.000173    0.942953 ^ max_cap608/A (sky130_fd_sc_hd__clkbuf_1)
     2    0.006150    0.081363    0.116700    1.059652 ^ max_cap608/X (sky130_fd_sc_hd__clkbuf_1)
                                                         net608 (net)
                      0.081363    0.000180    1.059832 ^ _459_/A0 (sky130_fd_sc_hd__mux2_1)
     1    0.011431    0.110335    0.183838    1.243670 ^ _459_/X (sky130_fd_sc_hd__mux2_1)
                                                         addr0[5] (net)
                      0.147114    0.000498    1.244168 ^ sram0/addr0[5] (sky130_sram_1kbyte_1rw1r_32x256_8)
                                              1.244168   data arrival time

                                  0.000000    0.000000   clock clk (rise edge)
                                  0.000000    0.000000   clock source latency
     1    0.027714    0.130121    0.090093    0.090093 ^ clk (in)
                                                         clk (net)
                      0.130131    0.000000    0.090093 ^ clkbuf_0_clk/A (sky130_fd_sc_hd__clkbuf_16)
     8    0.102463    0.118732    0.216823    0.306916 ^ clkbuf_0_clk/X (sky130_fd_sc_hd__clkbuf_16)
                                                         clknet_0_clk (net)
                      0.119104    0.004968    0.311884 ^ clkbuf_3_2__f_clk/A (sky130_fd_sc_hd__clkbuf_16)
    10    0.046720    0.065801    0.173477    0.485361 ^ clkbuf_3_2__f_clk/X (sky130_fd_sc_hd__clkbuf_16)
                                                         clknet_3_2__leaf_clk (net)
                      0.087827    0.001857    0.487218 ^ sram0/clk0 (sky130_sram_1kbyte_1rw1r_32x256_8)
                                  0.250000    0.737218   clock uncertainty
                                  0.000000    0.737218   clock reconvergence pessimism
                                 -0.056000    0.681218   library hold time
                                              0.681218   data required time
---------------------------------------------------------------------------------------------
                                              0.681218   data required time
                                             -1.244168   data arrival time
---------------------------------------------------------------------------------------------
                                              0.562950   slack (MET)


Startpoint: _629_ (rising edge-triggered flip-flop clocked by clk)
Endpoint: _661_ (rising edge-triggered flip-flop clocked by clk)
Path Group: clk
Path Type: min

Fanout         Cap        Slew       Delay        Time   Description
---------------------------------------------------------------------------------------------
                                  0.000000    0.000000   clock clk (rise edge)
                                  0.000000    0.000000   clock source latency
     1    0.027714    0.130121    0.090093    0.090093 ^ clk (in)
                                                         clk (net)
                      0.130131    0.000000    0.090093 ^ clkbuf_0_clk/A (sky130_fd_sc_hd__clkbuf_16)
     8    0.102463    0.118732    0.216823    0.306916 ^ clkbuf_0_clk/X (sky130_fd_sc_hd__clkbuf_16)
                                                         clknet_0_clk (net)
                      0.119179    0.005504    0.312421 ^ clkbuf_3_5__f_clk/A (sky130_fd_sc_hd__clkbuf_16)
    15    0.042363    0.061867    0.170410    0.482830 ^ clkbuf_3_5__f_clk/X (sky130_fd_sc_hd__clkbuf_16)
                                                         clknet_3_5__leaf_clk (net)
                      0.061880    0.000914    0.483745 ^ _629_/CLK (sky130_fd_sc_hd__dfrtp_1)
     2    0.006238    0.071409    0.344454    0.828199 ^ _629_/Q (sky130_fd_sc_hd__dfrtp_1)
                                                         dout0_q[27] (net)
                      0.071409    0.000191    0.828390 ^ _311_/B (sky130_fd_sc_hd__and3_1)
     2    0.005742    0.074257    0.170622    0.999012 ^ _311_/X (sky130_fd_sc_hd__and3_1)
                                                         _100_ (net)
                      0.074257    0.000085    0.999097 ^ _313_/A (sky130_fd_sc_hd__nor2_1)
     2    0.005777    0.032339    0.060409    1.059505 v _313_/Y (sky130_fd_sc_hd__nor2_1)
                                                         _102_ (net)
                      0.032339    0.000127    1.059632 v max_cap178/A (sky130_fd_sc_hd__clkbuf_1)
     1    0.005079    0.038438    0.092606    1.152238 v max_cap178/X (sky130_fd_sc_hd__clkbuf_1)
                                                         net178 (net)
                      0.038438    0.000126    1.152364 v _314_/A (sky130_fd_sc_hd__inv_2)
     2    0.008687    0.045941    0.056465    1.208829 ^ _314_/Y (sky130_fd_sc_hd__inv_2)
                                                         _103_ (net)
                      0.045941    0.000175    1.209004 ^ _503_/A (sky130_fd_sc_hd__xnor2_1)
     1    0.002279    0.030680    0.060371    1.269375 v _503_/Y (sky130_fd_sc_hd__xnor2_1)
                                                         acc_core.adder.cla_blocks[6].block.sum[3] (net)
                      0.030680    0.000047    1.269422 v _661_/D (sky130_fd_sc_hd__dfrtp_1)
                                              1.269422   data arrival time

                                  0.000000    0.000000   clock clk (rise edge)
                                  0.000000    0.000000   clock source latency
     1    0.027714    0.130121    0.090093    0.090093 ^ clk (in)
                                                         clk (net)
                      0.130131    0.000000    0.090093 ^ clkbuf_0_clk/A (sky130_fd_sc_hd__clkbuf_16)
     8    0.102463    0.118732    0.216823    0.306916 ^ clkbuf_0_clk/X (sky130_fd_sc_hd__clkbuf_16)
                                                         clknet_0_clk (net)
                      0.119179    0.005504    0.312421 ^ clkbuf_3_5__f_clk/A (sky130_fd_sc_hd__clkbuf_16)
    15    0.042363    0.061867    0.170410    0.482830 ^ clkbuf_3_5__f_clk/X (sky130_fd_sc_hd__clkbuf_16)
                                                         clknet_3_5__leaf_clk (net)
                      0.061924    0.001617    0.484448 ^ _661_/CLK (sky130_fd_sc_hd__dfrtp_1)
                                  0.250000    0.734448   clock uncertainty
                                  0.000000    0.734448   clock reconvergence pessimism
                                 -0.036086    0.698361   library hold time
                                              0.698361   data required time
---------------------------------------------------------------------------------------------
                                              0.698361   data required time
                                             -1.269422   data arrival time
---------------------------------------------------------------------------------------------
                                              0.571061   slack (MET)


Startpoint: _593_ (rising edge-triggered flip-flop clocked by clk)
Endpoint: sram0 (falling edge-triggered flip-flop clocked by clk)
Path Group: clk
Path Type: min

Fanout         Cap        Slew       Delay        Time   Description
---------------------------------------------------------------------------------------------
                                  0.000000    0.000000   clock clk (rise edge)
                                  0.000000    0.000000   clock source latency
     1    0.027714    0.130121    0.090093    0.090093 ^ clk (in)
                                                         clk (net)
                      0.130131    0.000000    0.090093 ^ clkbuf_0_clk/A (sky130_fd_sc_hd__clkbuf_16)
     8    0.102463    0.118732    0.216823    0.306916 ^ clkbuf_0_clk/X (sky130_fd_sc_hd__clkbuf_16)
                                                         clknet_0_clk (net)
                      0.119104    0.004968    0.311884 ^ clkbuf_3_2__f_clk/A (sky130_fd_sc_hd__clkbuf_16)
    10    0.046720    0.065801    0.173477    0.485361 ^ clkbuf_3_2__f_clk/X (sky130_fd_sc_hd__clkbuf_16)
                                                         clknet_3_2__leaf_clk (net)
                      0.065829    0.001274    0.486635 ^ _593_/CLK (sky130_fd_sc_hd__dfrtp_1)
     2    0.006121    0.070482    0.345171    0.831806 ^ _593_/Q (sky130_fd_sc_hd__dfrtp_1)
                                                         rd_addr[1] (net)
                      0.070482    0.000182    0.831989 ^ max_cap616/A (sky130_fd_sc_hd__clkbuf_1)
     2    0.006405    0.084187    0.116739    0.948727 ^ max_cap616/X (sky130_fd_sc_hd__clkbuf_1)
                                                         net616 (net)
                      0.084187    0.000185    0.948912 ^ max_cap615/A (sky130_fd_sc_hd__clkbuf_1)
     2    0.004515    0.063166    0.105327    1.054239 ^ max_cap615/X (sky130_fd_sc_hd__clkbuf_1)
                                                         net615 (net)
                      0.063166    0.000074    1.054313 ^ _455_/A0 (sky130_fd_sc_hd__mux2_1)
     1    0.015231    0.142361    0.200436    1.254749 ^ _455_/X (sky130_fd_sc_hd__mux2_1)
                                                         addr0[1] (net)
                      0.189825    0.001198    1.255947 ^ sram0/addr0[1] (sky130_sram_1kbyte_1rw1r_32x256_8)
                                              1.255947   data arrival time

                                  0.000000    0.000000   clock clk (rise edge)
                                  0.000000    0.000000   clock source latency
     1    0.027714    0.130121    0.090093    0.090093 ^ clk (in)
                                                         clk (net)
                      0.130131    0.000000    0.090093 ^ clkbuf_0_clk/A (sky130_fd_sc_hd__clkbuf_16)
     8    0.102463    0.118732    0.216823    0.306916 ^ clkbuf_0_clk/X (sky130_fd_sc_hd__clkbuf_16)
                                                         clknet_0_clk (net)
                      0.119104    0.004968    0.311884 ^ clkbuf_3_2__f_clk/A (sky130_fd_sc_hd__clkbuf_16)
    10    0.046720    0.065801    0.173477    0.485361 ^ clkbuf_3_2__f_clk/X (sky130_fd_sc_hd__clkbuf_16)
                                                         clknet_3_2__leaf_clk (net)
                      0.087827    0.001857    0.487218 ^ sram0/clk0 (sky130_sram_1kbyte_1rw1r_32x256_8)
                                  0.250000    0.737218   clock uncertainty
                                  0.000000    0.737218   clock reconvergence pessimism
                                 -0.056000    0.681218   library hold time
                                              0.681218   data required time
---------------------------------------------------------------------------------------------
                                              0.681218   data required time
                                             -1.255947   data arrival time
---------------------------------------------------------------------------------------------
                                              0.574729   slack (MET)


Startpoint: _658_ (rising edge-triggered flip-flop clocked by clk)
Endpoint: _658_ (rising edge-triggered flip-flop clocked by clk)
Path Group: clk
Path Type: min

Fanout         Cap        Slew       Delay        Time   Description
---------------------------------------------------------------------------------------------
                                  0.000000    0.000000   clock clk (rise edge)
                                  0.000000    0.000000   clock source latency
     1    0.027714    0.130121    0.090093    0.090093 ^ clk (in)
                                                         clk (net)
                      0.130131    0.000000    0.090093 ^ clkbuf_0_clk/A (sky130_fd_sc_hd__clkbuf_16)
     8    0.102463    0.118732    0.216823    0.306916 ^ clkbuf_0_clk/X (sky130_fd_sc_hd__clkbuf_16)
                                                         clknet_0_clk (net)
                      0.119111    0.005022    0.311938 ^ clkbuf_3_4__f_clk/A (sky130_fd_sc_hd__clkbuf_16)
    12    0.040426    0.060220    0.168731    0.480669 ^ clkbuf_3_4__f_clk/X (sky130_fd_sc_hd__clkbuf_16)
                                                         clknet_3_4__leaf_clk (net)
                      0.060253    0.001319    0.481989 ^ _658_/CLK (sky130_fd_sc_hd__dfrtp_1)
     2    0.006572    0.056370    0.379770    0.861759 v _658_/Q (sky130_fd_sc_hd__dfrtp_1)
                                                         net59 (net)
                      0.056370    0.000185    0.861943 v _324_/B1 (sky130_fd_sc_hd__a21oi_1)
     1    0.003618    0.101644    0.124938    0.986882 ^ _324_/Y (sky130_fd_sc_hd__a21oi_1)
                                                         _113_ (net)
                      0.101644    0.000125    0.987007 ^ _325_/B (sky130_fd_sc_hd__or2_1)
     2    0.004824    0.056905    0.120030    1.107037 ^ _325_/X (sky130_fd_sc_hd__or2_1)
                                                         _114_ (net)
                      0.056905    0.000111    1.107148 ^ max_cap175/A (sky130_fd_sc_hd__clkbuf_1)
     1    0.005188    0.070474    0.103444    1.210593 ^ max_cap175/X (sky130_fd_sc_hd__clkbuf_1)
                                                         net175 (net)
                      0.070474    0.000119    1.210711 ^ _507_/A (sky130_fd_sc_hd__xnor2_1)
     1    0.003225    0.037724    0.072919    1.283631 v _507_/Y (sky130_fd_sc_hd__xnor2_1)
                                                         acc_core.adder.cla_blocks[6].block.sum[0] (net)
                      0.037724    0.000106    1.283737 v _658_/D (sky130_fd_sc_hd__dfrtp_1)
                                              1.283737   data arrival time

                                  0.000000    0.000000   clock clk (rise edge)
                                  0.000000    0.000000   clock source latency
     1    0.027714    0.130121    0.090093    0.090093 ^ clk (in)
                                                         clk (net)
                      0.130131    0.000000    0.090093 ^ clkbuf_0_clk/A (sky130_fd_sc_hd__clkbuf_16)
     8    0.102463    0.118732    0.216823    0.306916 ^ clkbuf_0_clk/X (sky130_fd_sc_hd__clkbuf_16)
                                                         clknet_0_clk (net)
                      0.119111    0.005022    0.311938 ^ clkbuf_3_4__f_clk/A (sky130_fd_sc_hd__clkbuf_16)
    12    0.040426    0.060220    0.168731    0.480669 ^ clkbuf_3_4__f_clk/X (sky130_fd_sc_hd__clkbuf_16)
                                                         clknet_3_4__leaf_clk (net)
                      0.060253    0.001319    0.481989 ^ _658_/CLK (sky130_fd_sc_hd__dfrtp_1)
                                  0.250000    0.731989   clock uncertainty
                                  0.000000    0.731989   clock reconvergence pessimism
                                 -0.039335    0.692654   library hold time
                                              0.692654   data required time
---------------------------------------------------------------------------------------------
                                              0.692654   data required time
                                             -1.283737   data arrival time
---------------------------------------------------------------------------------------------
                                              0.591083   slack (MET)


Startpoint: _625_ (rising edge-triggered flip-flop clocked by clk)
Endpoint: _657_ (rising edge-triggered flip-flop clocked by clk)
Path Group: clk
Path Type: min

Fanout         Cap        Slew       Delay        Time   Description
---------------------------------------------------------------------------------------------
                                  0.000000    0.000000   clock clk (rise edge)
                                  0.000000    0.000000   clock source latency
     1    0.027714    0.130121    0.090093    0.090093 ^ clk (in)
                                                         clk (net)
                      0.130131    0.000000    0.090093 ^ clkbuf_0_clk/A (sky130_fd_sc_hd__clkbuf_16)
     8    0.102463    0.118732    0.216823    0.306916 ^ clkbuf_0_clk/X (sky130_fd_sc_hd__clkbuf_16)
                                                         clknet_0_clk (net)
                      0.119179    0.005504    0.312421 ^ clkbuf_3_5__f_clk/A (sky130_fd_sc_hd__clkbuf_16)
    15    0.042363    0.061867    0.170410    0.482830 ^ clkbuf_3_5__f_clk/X (sky130_fd_sc_hd__clkbuf_16)
                                                         clknet_3_5__leaf_clk (net)
                      0.061878    0.000863    0.483693 ^ _625_/CLK (sky130_fd_sc_hd__dfrtp_1)
     2    0.006479    0.073308    0.346068    0.829761 ^ _625_/Q (sky130_fd_sc_hd__dfrtp_1)
                                                         dout0_q[23] (net)
                      0.073308    0.000215    0.829976 ^ _424_/B (sky130_fd_sc_hd__and3_1)
     2    0.005348    0.070863    0.168230    0.998206 ^ _424_/X (sky130_fd_sc_hd__and3_1)
                                                         _213_ (net)
                      0.070863    0.000168    0.998374 ^ _426_/A (sky130_fd_sc_hd__or2_1)
     2    0.005581    0.063478    0.116916    1.115290 ^ _426_/X (sky130_fd_sc_hd__or2_1)
                                                         _215_ (net)
                      0.063478    0.000103    1.115393 ^ wire146/A (sky130_fd_sc_hd__clkbuf_1)
     1    0.004919    0.067511    0.103046    1.218439 ^ wire146/X (sky130_fd_sc_hd__clkbuf_1)
                                                         net146 (net)
                      0.067511    0.000107    1.218546 ^ _496_/A (sky130_fd_sc_hd__xor2_1)
     1    0.003398    0.038594    0.067995    1.286541 v _496_/X (sky130_fd_sc_hd__xor2_1)
                                                         acc_core.adder.cla_blocks[5].block.sum[3] (net)
                      0.038594    0.000114    1.286655 v _657_/D (sky130_fd_sc_hd__dfrtp_1)
                                              1.286655   data arrival time

                                  0.000000    0.000000   clock clk (rise edge)
                                  0.000000    0.000000   clock source latency
     1    0.027714    0.130121    0.090093    0.090093 ^ clk (in)
                                                         clk (net)
                      0.130131    0.000000    0.090093 ^ clkbuf_0_clk/A (sky130_fd_sc_hd__clkbuf_16)
     8    0.102463    0.118732    0.216823    0.306916 ^ clkbuf_0_clk/X (sky130_fd_sc_hd__clkbuf_16)
                                                         clknet_0_clk (net)
                      0.119111    0.005022    0.311938 ^ clkbuf_3_4__f_clk/A (sky130_fd_sc_hd__clkbuf_16)
    12    0.040426    0.060220    0.168731    0.480669 ^ clkbuf_3_4__f_clk/X (sky130_fd_sc_hd__clkbuf_16)
                                                         clknet_3_4__leaf_clk (net)
                      0.060222    0.000754    0.481423 ^ _657_/CLK (sky130_fd_sc_hd__dfrtp_1)
                                  0.250000    0.731423   clock uncertainty
                                  0.000000    0.731423   clock reconvergence pessimism
                                 -0.039696    0.691727   library hold time
                                              0.691727   data required time
---------------------------------------------------------------------------------------------
                                              0.691727   data required time
                                             -1.286655   data arrival time
---------------------------------------------------------------------------------------------
                                              0.594927   slack (MET)


Startpoint: _624_ (rising edge-triggered flip-flop clocked by clk)
Endpoint: _656_ (rising edge-triggered flip-flop clocked by clk)
Path Group: clk
Path Type: min

Fanout         Cap        Slew       Delay        Time   Description
---------------------------------------------------------------------------------------------
                                  0.000000    0.000000   clock clk (rise edge)
                                  0.000000    0.000000   clock source latency
     1    0.027714    0.130121    0.090093    0.090093 ^ clk (in)
                                                         clk (net)
                      0.130131    0.000000    0.090093 ^ clkbuf_0_clk/A (sky130_fd_sc_hd__clkbuf_16)
     8    0.102463    0.118732    0.216823    0.306916 ^ clkbuf_0_clk/X (sky130_fd_sc_hd__clkbuf_16)
                                                         clknet_0_clk (net)
                      0.119111    0.005022    0.311938 ^ clkbuf_3_4__f_clk/A (sky130_fd_sc_hd__clkbuf_16)
    12    0.040426    0.060220    0.168731    0.480669 ^ clkbuf_3_4__f_clk/X (sky130_fd_sc_hd__clkbuf_16)
                                                         clknet_3_4__leaf_clk (net)
                      0.060345    0.002307    0.482976 ^ _624_/CLK (sky130_fd_sc_hd__dfrtp_1)
     2    0.006682    0.074907    0.346882    0.829858 ^ _624_/Q (sky130_fd_sc_hd__dfrtp_1)
                                                         dout0_q[22] (net)
                      0.074907    0.000202    0.830060 ^ _427_/A2 (sky130_fd_sc_hd__a21oi_1)
     2    0.005785    0.042303    0.083716    0.913776 v _427_/Y (sky130_fd_sc_hd__a21oi_1)
                                                         _216_ (net)
                      0.042304    0.000208    0.913984 v max_cap195/A (sky130_fd_sc_hd__clkbuf_1)
     2    0.006011    0.043462    0.101312    1.015296 v max_cap195/X (sky130_fd_sc_hd__clkbuf_1)
                                                         net195 (net)
                      0.043462    0.000143    1.015439 v max_cap194/A (sky130_fd_sc_hd__clkbuf_1)
     1    0.003340    0.029353    0.089523    1.104962 v max_cap194/X (sky130_fd_sc_hd__clkbuf_1)
                                                         net194 (net)
                      0.029353    0.000082    1.105044 v _429_/A (sky130_fd_sc_hd__nor2_1)
     1    0.005042    0.111772    0.118187    1.223232 ^ _429_/Y (sky130_fd_sc_hd__nor2_1)
                                                         _218_ (net)
                      0.111772    0.000110    1.223341 ^ _497_/A (sky130_fd_sc_hd__xnor2_1)
     1    0.002483    0.032450    0.079626    1.302967 v _497_/Y (sky130_fd_sc_hd__xnor2_1)
                                                         acc_core.adder.cla_blocks[5].block.sum[2] (net)
                      0.032450    0.000054    1.303021 v _656_/D (sky130_fd_sc_hd__dfrtp_1)
                                              1.303021   data arrival time

                                  0.000000    0.000000   clock clk (rise edge)
                                  0.000000    0.000000   clock source latency
     1    0.027714    0.130121    0.090093    0.090093 ^ clk (in)
                                                         clk (net)
                      0.130131    0.000000    0.090093 ^ clkbuf_0_clk/A (sky130_fd_sc_hd__clkbuf_16)
     8    0.102463    0.118732    0.216823    0.306916 ^ clkbuf_0_clk/X (sky130_fd_sc_hd__clkbuf_16)
                                                         clknet_0_clk (net)
                      0.119111    0.005022    0.311938 ^ clkbuf_3_4__f_clk/A (sky130_fd_sc_hd__clkbuf_16)
    12    0.040426    0.060220    0.168731    0.480669 ^ clkbuf_3_4__f_clk/X (sky130_fd_sc_hd__clkbuf_16)
                                                         clknet_3_4__leaf_clk (net)
                      0.060293    0.001801    0.482471 ^ _656_/CLK (sky130_fd_sc_hd__dfrtp_1)
                                  0.250000    0.732471   clock uncertainty
                                  0.000000    0.732471   clock reconvergence pessimism
                                 -0.037179    0.695292   library hold time
                                              0.695292   data required time
---------------------------------------------------------------------------------------------
                                              0.695292   data required time
                                             -1.303021   data arrival time
---------------------------------------------------------------------------------------------
                                              0.607729   slack (MET)


Startpoint: _596_ (rising edge-triggered flip-flop clocked by clk)
Endpoint: _597_ (rising edge-triggered flip-flop clocked by clk)
Path Group: clk
Path Type: min

Fanout         Cap        Slew       Delay        Time   Description
---------------------------------------------------------------------------------------------
                                  0.000000    0.000000   clock clk (rise edge)
                                  0.000000    0.000000   clock source latency
     1    0.027714    0.130121    0.090093    0.090093 ^ clk (in)
                                                         clk (net)
                      0.130131    0.000000    0.090093 ^ clkbuf_0_clk/A (sky130_fd_sc_hd__clkbuf_16)
     8    0.102463    0.118732    0.216823    0.306916 ^ clkbuf_0_clk/X (sky130_fd_sc_hd__clkbuf_16)
                                                         clknet_0_clk (net)
                      0.119104    0.004968    0.311884 ^ clkbuf_3_2__f_clk/A (sky130_fd_sc_hd__clkbuf_16)
    10    0.046720    0.065801    0.173477    0.485361 ^ clkbuf_3_2__f_clk/X (sky130_fd_sc_hd__clkbuf_16)
                                                         clknet_3_2__leaf_clk (net)
                      0.065854    0.001650    0.487011 ^ _596_/CLK (sky130_fd_sc_hd__dfrtp_1)
     2    0.005852    0.068379    0.343373    0.830384 ^ _596_/Q (sky130_fd_sc_hd__dfrtp_1)
                                                         rd_addr[4] (net)
                      0.068379    0.000150    0.830534 ^ max_cap611/A (sky130_fd_sc_hd__clkbuf_1)
     2    0.005331    0.072148    0.107636    0.938170 ^ max_cap611/X (sky130_fd_sc_hd__clkbuf_1)
                                                         net611 (net)
                      0.072148    0.000094    0.938264 ^ _287_/A (sky130_fd_sc_hd__and3_1)
     2    0.005720    0.074077    0.164778    1.103041 ^ _287_/X (sky130_fd_sc_hd__and3_1)
                                                         _084_ (net)
                      0.074077    0.000165    1.103206 ^ max_cap183/A (sky130_fd_sc_hd__buf_1)
     2    0.008532    0.108098    0.134687    1.237893 ^ max_cap183/X (sky130_fd_sc_hd__buf_1)
                                                         net183 (net)
                      0.108098    0.000259    1.238153 ^ _292_/B (sky130_fd_sc_hd__xor2_1)
     1    0.002514    0.035081    0.072659    1.310811 v _292_/X (sky130_fd_sc_hd__xor2_1)
                                                         _079_ (net)
                      0.035081    0.000055    1.310866 v _597_/D (sky130_fd_sc_hd__dfrtp_1)
                                              1.310866   data arrival time

                                  0.000000    0.000000   clock clk (rise edge)
                                  0.000000    0.000000   clock source latency
     1    0.027714    0.130121    0.090093    0.090093 ^ clk (in)
                                                         clk (net)
                      0.130131    0.000000    0.090093 ^ clkbuf_0_clk/A (sky130_fd_sc_hd__clkbuf_16)
     8    0.102463    0.118732    0.216823    0.306916 ^ clkbuf_0_clk/X (sky130_fd_sc_hd__clkbuf_16)
                                                         clknet_0_clk (net)
                      0.119104    0.004968    0.311884 ^ clkbuf_3_2__f_clk/A (sky130_fd_sc_hd__clkbuf_16)
    10    0.046720    0.065801    0.173477    0.485361 ^ clkbuf_3_2__f_clk/X (sky130_fd_sc_hd__clkbuf_16)
                                                         clknet_3_2__leaf_clk (net)
                      0.065864    0.001777    0.487137 ^ _597_/CLK (sky130_fd_sc_hd__dfrtp_1)
                                  0.250000    0.737137   clock uncertainty
                                  0.000000    0.737137   clock reconvergence pessimism
                                 -0.036979    0.700158   library hold time
                                              0.700158   data required time
---------------------------------------------------------------------------------------------
                                              0.700158   data required time
                                             -1.310866   data arrival time
---------------------------------------------------------------------------------------------
                                              0.610708   slack (MET)


Startpoint: _639_ (rising edge-triggered flip-flop clocked by clk)
Endpoint: _640_ (rising edge-triggered flip-flop clocked by clk)
Path Group: clk
Path Type: min

Fanout         Cap        Slew       Delay        Time   Description
---------------------------------------------------------------------------------------------
                                  0.000000    0.000000   clock clk (rise edge)
                                  0.000000    0.000000   clock source latency
     1    0.027714    0.130121    0.090093    0.090093 ^ clk (in)
                                                         clk (net)
                      0.130131    0.000000    0.090093 ^ clkbuf_0_clk/A (sky130_fd_sc_hd__clkbuf_16)
     8    0.102463    0.118732    0.216823    0.306916 ^ clkbuf_0_clk/X (sky130_fd_sc_hd__clkbuf_16)
                                                         clknet_0_clk (net)
                      0.118948    0.003559    0.310475 ^ clkbuf_3_3__f_clk/A (sky130_fd_sc_hd__clkbuf_16)
    10    0.038054    0.058041    0.167274    0.477750 ^ clkbuf_3_3__f_clk/X (sky130_fd_sc_hd__clkbuf_16)
                                                         clknet_3_3__leaf_clk (net)
                      0.058065    0.001035    0.478784 ^ _639_/CLK (sky130_fd_sc_hd__dfrtp_1)
     3    0.007774    0.083570    0.353431    0.832215 ^ _639_/Q (sky130_fd_sc_hd__dfrtp_1)
                                                         net70 (net)
                      0.083570    0.000141    0.832357 ^ _387_/C (sky130_fd_sc_hd__and3_1)
     2    0.005497    0.072139    0.175965    1.008322 ^ _387_/X (sky130_fd_sc_hd__and3_1)
                                                         _176_ (net)
                      0.072139    0.000095    1.008417 ^ _465_/B1 (sky130_fd_sc_hd__a21o_1)
     2    0.007685    0.074163    0.112591    1.121008 ^ _465_/X (sky130_fd_sc_hd__a21o_1)
                                                         _240_ (net)
                      0.074163    0.000280    1.121288 ^ max_cap104/A (sky130_fd_sc_hd__clkbuf_1)
     1    0.005903    0.078581    0.113721    1.235009 ^ max_cap104/X (sky130_fd_sc_hd__clkbuf_1)
                                                         net104 (net)
                      0.078581    0.000166    1.235175 ^ _468_/B (sky130_fd_sc_hd__xnor2_1)
     1    0.003119    0.037545    0.066236    1.301411 v _468_/Y (sky130_fd_sc_hd__xnor2_1)
                                                         acc_core.adder.cla_blocks[1].block.sum[2] (net)
                      0.037545    0.000080    1.301491 v _640_/D (sky130_fd_sc_hd__dfrtp_1)
                                              1.301491   data arrival time

                                  0.000000    0.000000   clock clk (rise edge)
                                  0.000000    0.000000   clock source latency
     1    0.027714    0.130121    0.090093    0.090093 ^ clk (in)
                                                         clk (net)
                      0.130131    0.000000    0.090093 ^ clkbuf_0_clk/A (sky130_fd_sc_hd__clkbuf_16)
     8    0.102463    0.118732    0.216823    0.306916 ^ clkbuf_0_clk/X (sky130_fd_sc_hd__clkbuf_16)
                                                         clknet_0_clk (net)
                      0.118948    0.003559    0.310475 ^ clkbuf_3_3__f_clk/A (sky130_fd_sc_hd__clkbuf_16)
    10    0.038054    0.058041    0.167274    0.477750 ^ clkbuf_3_3__f_clk/X (sky130_fd_sc_hd__clkbuf_16)
                                                         clknet_3_3__leaf_clk (net)
                      0.058059    0.000925    0.478674 ^ _640_/CLK (sky130_fd_sc_hd__dfrtp_1)
                                  0.250000    0.728674   clock uncertainty
                                  0.000000    0.728674   clock reconvergence pessimism
                                 -0.039762    0.688912   library hold time
                                              0.688912   data required time
---------------------------------------------------------------------------------------------
                                              0.688912   data required time
                                             -1.301491   data arrival time
---------------------------------------------------------------------------------------------
                                              0.612579   slack (MET)


Startpoint: _639_ (rising edge-triggered flip-flop clocked by clk)
Endpoint: _641_ (rising edge-triggered flip-flop clocked by clk)
Path Group: clk
Path Type: min

Fanout         Cap        Slew       Delay        Time   Description
---------------------------------------------------------------------------------------------
                                  0.000000    0.000000   clock clk (rise edge)
                                  0.000000    0.000000   clock source latency
     1    0.027714    0.130121    0.090093    0.090093 ^ clk (in)
                                                         clk (net)
                      0.130131    0.000000    0.090093 ^ clkbuf_0_clk/A (sky130_fd_sc_hd__clkbuf_16)
     8    0.102463    0.118732    0.216823    0.306916 ^ clkbuf_0_clk/X (sky130_fd_sc_hd__clkbuf_16)
                                                         clknet_0_clk (net)
                      0.118948    0.003559    0.310475 ^ clkbuf_3_3__f_clk/A (sky130_fd_sc_hd__clkbuf_16)
    10    0.038054    0.058041    0.167274    0.477750 ^ clkbuf_3_3__f_clk/X (sky130_fd_sc_hd__clkbuf_16)
                                                         clknet_3_3__leaf_clk (net)
                      0.058065    0.001035    0.478784 ^ _639_/CLK (sky130_fd_sc_hd__dfrtp_1)
     3    0.007774    0.083570    0.353431    0.832215 ^ _639_/Q (sky130_fd_sc_hd__dfrtp_1)
                                                         net70 (net)
                      0.083570    0.000141    0.832357 ^ _387_/C (sky130_fd_sc_hd__and3_1)
     2    0.005497    0.072139    0.175965    1.008322 ^ _387_/X (sky130_fd_sc_hd__and3_1)
                                                         _176_ (net)
                      0.072139    0.000095    1.008417 ^ _465_/B1 (sky130_fd_sc_hd__a21o_1)
     2    0.007685    0.074163    0.112591    1.121008 ^ _465_/X (sky130_fd_sc_hd__a21o_1)
                                                         _240_ (net)
                      0.074163    0.000311    1.121318 ^ _466_/A2 (sky130_fd_sc_hd__a21o_1)
     1    0.005111    0.053534    0.126335    1.247654 ^ _466_/X (sky130_fd_sc_hd__a21o_1)
                                                         _241_ (net)
                      0.053534    0.000114    1.247768 ^ _467_/B (sky130_fd_sc_hd__xnor2_1)
     1    0.002586    0.031580    0.056611    1.304379 v _467_/Y (sky130_fd_sc_hd__xnor2_1)
                                                         acc_core.adder.cla_blocks[1].block.sum[3] (net)
                      0.031580    0.000059    1.304437 v _641_/D (sky130_fd_sc_hd__dfrtp_1)
                                              1.304437   data arrival time

                                  0.000000    0.000000   clock clk (rise edge)
                                  0.000000    0.000000   clock source latency
     1    0.027714    0.130121    0.090093    0.090093 ^ clk (in)
                                                         clk (net)
                      0.130131    0.000000    0.090093 ^ clkbuf_0_clk/A (sky130_fd_sc_hd__clkbuf_16)
     8    0.102463    0.118732    0.216823    0.306916 ^ clkbuf_0_clk/X (sky130_fd_sc_hd__clkbuf_16)
                                                         clknet_0_clk (net)
                      0.118918    0.003216    0.310133 ^ clkbuf_3_0__f_clk/A (sky130_fd_sc_hd__clkbuf_16)
     7    0.037478    0.057556    0.166929    0.477062 ^ clkbuf_3_0__f_clk/X (sky130_fd_sc_hd__clkbuf_16)
                                                         clknet_3_0__leaf_clk (net)
                      0.057574    0.000888    0.477950 ^ _641_/CLK (sky130_fd_sc_hd__dfrtp_1)
                                  0.250000    0.727950   clock uncertainty
                                  0.000000    0.727950   clock reconvergence pessimism
                                 -0.037445    0.690506   library hold time
                                              0.690506   data required time
---------------------------------------------------------------------------------------------
                                              0.690506   data required time
                                             -1.304437   data arrival time
---------------------------------------------------------------------------------------------
                                              0.613931   slack (MET)


Startpoint: _630_ (rising edge-triggered flip-flop clocked by clk)
Endpoint: _662_ (rising edge-triggered flip-flop clocked by clk)
Path Group: clk
Path Type: min

Fanout         Cap        Slew       Delay        Time   Description
---------------------------------------------------------------------------------------------
                                  0.000000    0.000000   clock clk (rise edge)
                                  0.000000    0.000000   clock source latency
     1    0.027714    0.130121    0.090093    0.090093 ^ clk (in)
                                                         clk (net)
                      0.130131    0.000000    0.090093 ^ clkbuf_0_clk/A (sky130_fd_sc_hd__clkbuf_16)
     8    0.102463    0.118732    0.216823    0.306916 ^ clkbuf_0_clk/X (sky130_fd_sc_hd__clkbuf_16)
                                                         clknet_0_clk (net)
                      0.119179    0.005504    0.312421 ^ clkbuf_3_5__f_clk/A (sky130_fd_sc_hd__clkbuf_16)
    15    0.042363    0.061867    0.170410    0.482830 ^ clkbuf_3_5__f_clk/X (sky130_fd_sc_hd__clkbuf_16)
                                                         clknet_3_5__leaf_clk (net)
                      0.061889    0.001094    0.483925 ^ _630_/CLK (sky130_fd_sc_hd__dfrtp_1)
     2    0.005913    0.068861    0.342278    0.826203 ^ _630_/Q (sky130_fd_sc_hd__dfrtp_1)
                                                         dout0_q[28] (net)
                      0.068861    0.000188    0.826391 ^ _303_/B (sky130_fd_sc_hd__and3_1)
     2    0.004718    0.065475    0.162316    0.988707 ^ _303_/X (sky130_fd_sc_hd__and3_1)
                                                         _092_ (net)
                      0.065475    0.000085    0.988792 ^ _305_/A (sky130_fd_sc_hd__or2_1)
     2    0.008358    0.087770    0.132827    1.121618 ^ _305_/X (sky130_fd_sc_hd__or2_1)
                                                         _094_ (net)
                      0.087770    0.000190    1.121809 ^ max_cap181/A (sky130_fd_sc_hd__clkbuf_1)
     1    0.006068    0.080488    0.118643    1.240451 ^ max_cap181/X (sky130_fd_sc_hd__clkbuf_1)
                                                         net181 (net)
                      0.080488    0.000178    1.240629 ^ _451_/A (sky130_fd_sc_hd__xnor2_1)
     1    0.003112    0.036875    0.074999    1.315628 v _451_/Y (sky130_fd_sc_hd__xnor2_1)
                                                         acc_core.adder.cla_blocks[7].block.sum[0] (net)
                      0.036875    0.000101    1.315729 v _662_/D (sky130_fd_sc_hd__dfrtp_1)
                                              1.315729   data arrival time

                                  0.000000    0.000000   clock clk (rise edge)
                                  0.000000    0.000000   clock source latency
     1    0.027714    0.130121    0.090093    0.090093 ^ clk (in)
                                                         clk (net)
                      0.130131    0.000000    0.090093 ^ clkbuf_0_clk/A (sky130_fd_sc_hd__clkbuf_16)
     8    0.102463    0.118732    0.216823    0.306916 ^ clkbuf_0_clk/X (sky130_fd_sc_hd__clkbuf_16)
                                                         clknet_0_clk (net)
                      0.119179    0.005504    0.312421 ^ clkbuf_3_5__f_clk/A (sky130_fd_sc_hd__clkbuf_16)
    15    0.042363    0.061867    0.170410    0.482830 ^ clkbuf_3_5__f_clk/X (sky130_fd_sc_hd__clkbuf_16)
                                                         clknet_3_5__leaf_clk (net)
                      0.061930    0.001693    0.484524 ^ _662_/CLK (sky130_fd_sc_hd__dfrtp_1)
                                  0.250000    0.734524   clock uncertainty
                                  0.000000    0.734524   clock reconvergence pessimism
                                 -0.038607    0.695917   library hold time
                                              0.695917   data required time
---------------------------------------------------------------------------------------------
                                              0.695917   data required time
                                             -1.315729   data arrival time
---------------------------------------------------------------------------------------------
                                              0.619811   slack (MET)


Startpoint: _627_ (rising edge-triggered flip-flop clocked by clk)
Endpoint: _659_ (rising edge-triggered flip-flop clocked by clk)
Path Group: clk
Path Type: min

Fanout         Cap        Slew       Delay        Time   Description
---------------------------------------------------------------------------------------------
                                  0.000000    0.000000   clock clk (rise edge)
                                  0.000000    0.000000   clock source latency
     1    0.027714    0.130121    0.090093    0.090093 ^ clk (in)
                                                         clk (net)
                      0.130131    0.000000    0.090093 ^ clkbuf_0_clk/A (sky130_fd_sc_hd__clkbuf_16)
     8    0.102463    0.118732    0.216823    0.306916 ^ clkbuf_0_clk/X (sky130_fd_sc_hd__clkbuf_16)
                                                         clknet_0_clk (net)
                      0.119179    0.005504    0.312421 ^ clkbuf_3_5__f_clk/A (sky130_fd_sc_hd__clkbuf_16)
    15    0.042363    0.061867    0.170410    0.482830 ^ clkbuf_3_5__f_clk/X (sky130_fd_sc_hd__clkbuf_16)
                                                         clknet_3_5__leaf_clk (net)
                      0.061877    0.000838    0.483668 ^ _627_/CLK (sky130_fd_sc_hd__dfrtp_1)
     2    0.006960    0.077111    0.349322    0.832990 ^ _627_/Q (sky130_fd_sc_hd__dfrtp_1)
                                                         dout0_q[25] (net)
                      0.077111    0.000217    0.833207 ^ _307_/C (sky130_fd_sc_hd__and3_1)
     2    0.005909    0.075720    0.177453    1.010660 ^ _307_/X (sky130_fd_sc_hd__and3_1)
                                                         _096_ (net)
                      0.075720    0.000182    1.010841 ^ _310_/A (sky130_fd_sc_hd__or2_1)
     2    0.005110    0.059414    0.115568    1.126409 ^ _310_/X (sky130_fd_sc_hd__or2_1)
                                                         _099_ (net)
                      0.059414    0.000089    1.126498 ^ wire179/A (sky130_fd_sc_hd__clkbuf_1)
     1    0.006453    0.084678    0.114134    1.240632 ^ wire179/X (sky130_fd_sc_hd__clkbuf_1)
                                                         net179 (net)
                      0.084678    0.000270    1.240902 ^ _506_/A (sky130_fd_sc_hd__xor2_1)
     1    0.003495    0.038931    0.073363    1.314265 v _506_/X (sky130_fd_sc_hd__xor2_1)
                                                         acc_core.adder.cla_blocks[6].block.sum[1] (net)
                      0.038931    0.000095    1.314360 v _659_/D (sky130_fd_sc_hd__dfrtp_1)
                                              1.314360   data arrival time

                                  0.000000    0.000000   clock clk (rise edge)
                                  0.000000    0.000000   clock source latency
     1    0.027714    0.130121    0.090093    0.090093 ^ clk (in)
                                                         clk (net)
                      0.130131    0.000000    0.090093 ^ clkbuf_0_clk/A (sky130_fd_sc_hd__clkbuf_16)
     8    0.102463    0.118732    0.216823    0.306916 ^ clkbuf_0_clk/X (sky130_fd_sc_hd__clkbuf_16)
                                                         clknet_0_clk (net)
                      0.119111    0.005022    0.311938 ^ clkbuf_3_4__f_clk/A (sky130_fd_sc_hd__clkbuf_16)
    12    0.040426    0.060220    0.168731    0.480669 ^ clkbuf_3_4__f_clk/X (sky130_fd_sc_hd__clkbuf_16)
                                                         clknet_3_4__leaf_clk (net)
                      0.060254    0.001340    0.482009 ^ _659_/CLK (sky130_fd_sc_hd__dfrtp_1)
                                  0.250000    0.732009   clock uncertainty
                                  0.000000    0.732009   clock reconvergence pessimism
                                 -0.039826    0.692183   library hold time
                                              0.692183   data required time
---------------------------------------------------------------------------------------------
                                              0.692183   data required time
                                             -1.314360   data arrival time
---------------------------------------------------------------------------------------------
                                              0.622177   slack (MET)


Startpoint: _616_ (rising edge-triggered flip-flop clocked by clk)
Endpoint: _649_ (rising edge-triggered flip-flop clocked by clk)
Path Group: clk
Path Type: min

Fanout         Cap        Slew       Delay        Time   Description
---------------------------------------------------------------------------------------------
                                  0.000000    0.000000   clock clk (rise edge)
                                  0.000000    0.000000   clock source latency
     1    0.027714    0.130121    0.090093    0.090093 ^ clk (in)
                                                         clk (net)
                      0.130131    0.000000    0.090093 ^ clkbuf_0_clk/A (sky130_fd_sc_hd__clkbuf_16)
     8    0.102463    0.118732    0.216823    0.306916 ^ clkbuf_0_clk/X (sky130_fd_sc_hd__clkbuf_16)
                                                         clknet_0_clk (net)
                      0.119016    0.004233    0.311149 ^ clkbuf_3_7__f_clk/A (sky130_fd_sc_hd__clkbuf_16)
     7    0.038339    0.058316    0.167587    0.478736 ^ clkbuf_3_7__f_clk/X (sky130_fd_sc_hd__clkbuf_16)
                                                         clknet_3_7__leaf_clk (net)
                      0.058335    0.000937    0.479674 ^ _616_/CLK (sky130_fd_sc_hd__dfrtp_1)
     1    0.003883    0.053343    0.327296    0.806969 ^ _616_/Q (sky130_fd_sc_hd__dfrtp_1)
                                                         dout0_q[14] (net)
                      0.053343    0.000111    0.807080 ^ wire573/A (sky130_fd_sc_hd__clkbuf_1)
     2    0.006463    0.084760    0.112617    0.919697 ^ wire573/X (sky130_fd_sc_hd__clkbuf_1)
                                                         net573 (net)
                      0.084760    0.000250    0.919947 ^ _351_/A2 (sky130_fd_sc_hd__a21oi_1)
     2    0.005787    0.054376    0.086834    1.006782 v _351_/Y (sky130_fd_sc_hd__a21oi_1)
                                                         _140_ (net)
                      0.054376    0.000155    1.006937 v max_cap335/A (sky130_fd_sc_hd__clkbuf_1)
     1    0.005107    0.038633    0.102458    1.109395 v max_cap335/X (sky130_fd_sc_hd__clkbuf_1)
                                                         net335 (net)
                      0.038633    0.000174    1.109568 v _352_/A (sky130_fd_sc_hd__inv_2)
     1    0.004102    0.026705    0.041968    1.151536 ^ _352_/Y (sky130_fd_sc_hd__inv_2)
                                                         _141_ (net)
                      0.026706    0.000149    1.151686 ^ _479_/A1 (sky130_fd_sc_hd__a21o_1)
     1    0.005306    0.054893    0.108202    1.259888 ^ _479_/X (sky130_fd_sc_hd__a21o_1)
                                                         _246_ (net)
                      0.054893    0.000126    1.260014 ^ _480_/B (sky130_fd_sc_hd__xnor2_1)
     1    0.003519    0.037858    0.062104    1.322117 v _480_/Y (sky130_fd_sc_hd__xnor2_1)
                                                         acc_core.adder.cla_blocks[3].block.sum[3] (net)
                      0.037858    0.000119    1.322236 v _649_/D (sky130_fd_sc_hd__dfrtp_1)
                                              1.322236   data arrival time

                                  0.000000    0.000000   clock clk (rise edge)
                                  0.000000    0.000000   clock source latency
     1    0.027714    0.130121    0.090093    0.090093 ^ clk (in)
                                                         clk (net)
                      0.130131    0.000000    0.090093 ^ clkbuf_0_clk/A (sky130_fd_sc_hd__clkbuf_16)
     8    0.102463    0.118732    0.216823    0.306916 ^ clkbuf_0_clk/X (sky130_fd_sc_hd__clkbuf_16)
                                                         clknet_0_clk (net)
                      0.118906    0.003070    0.309986 ^ clkbuf_3_6__f_clk/A (sky130_fd_sc_hd__clkbuf_16)
    12    0.039391    0.059250    0.168326    0.478312 ^ clkbuf_3_6__f_clk/X (sky130_fd_sc_hd__clkbuf_16)
                                                         clknet_3_6__leaf_clk (net)
                      0.059258    0.000664    0.478977 ^ _649_/CLK (sky130_fd_sc_hd__dfrtp_1)
                                  0.250000    0.728977   clock uncertainty
                                  0.000000    0.728977   clock reconvergence pessimism
                                 -0.039616    0.689361   library hold time
                                              0.689361   data required time
---------------------------------------------------------------------------------------------
                                              0.689361   data required time
                                             -1.322236   data arrival time
---------------------------------------------------------------------------------------------
                                              0.632876   slack (MET)


Startpoint: _639_ (rising edge-triggered flip-flop clocked by clk)
Endpoint: _639_ (rising edge-triggered flip-flop clocked by clk)
Path Group: clk
Path Type: min

Fanout         Cap        Slew       Delay        Time   Description
---------------------------------------------------------------------------------------------
                                  0.000000    0.000000   clock clk (rise edge)
                                  0.000000    0.000000   clock source latency
     1    0.027714    0.130121    0.090093    0.090093 ^ clk (in)
                                                         clk (net)
                      0.130131    0.000000    0.090093 ^ clkbuf_0_clk/A (sky130_fd_sc_hd__clkbuf_16)
     8    0.102463    0.118732    0.216823    0.306916 ^ clkbuf_0_clk/X (sky130_fd_sc_hd__clkbuf_16)
                                                         clknet_0_clk (net)
                      0.118948    0.003559    0.310475 ^ clkbuf_3_3__f_clk/A (sky130_fd_sc_hd__clkbuf_16)
    10    0.038054    0.058041    0.167274    0.477750 ^ clkbuf_3_3__f_clk/X (sky130_fd_sc_hd__clkbuf_16)
                                                         clknet_3_3__leaf_clk (net)
                      0.058065    0.001035    0.478784 ^ _639_/CLK (sky130_fd_sc_hd__dfrtp_1)
     3    0.007154    0.059253    0.382106    0.860890 v _639_/Q (sky130_fd_sc_hd__dfrtp_1)
                                                         net70 (net)
                      0.059253    0.000137    0.861027 v _390_/B1 (sky130_fd_sc_hd__a21oi_1)
     2    0.005368    0.133824    0.151463    1.012490 ^ _390_/Y (sky130_fd_sc_hd__a21oi_1)
                                                         _179_ (net)
                      0.133824    0.000082    1.012572 ^ _392_/B (sky130_fd_sc_hd__or2_1)
     2    0.005837    0.065655    0.135607    1.148180 ^ _392_/X (sky130_fd_sc_hd__or2_1)
                                                         _181_ (net)
                      0.065655    0.000122    1.148301 ^ wire150/A (sky130_fd_sc_hd__clkbuf_1)
     1    0.005197    0.070634    0.105843    1.254144 ^ wire150/X (sky130_fd_sc_hd__clkbuf_1)
                                                         net150 (net)
                      0.070634    0.000117    1.254262 ^ _469_/A (sky130_fd_sc_hd__xnor2_1)
     1    0.002946    0.035511    0.071334    1.325596 v _469_/Y (sky130_fd_sc_hd__xnor2_1)
                                                         acc_core.adder.cla_blocks[1].block.sum[1] (net)
                      0.035511    0.000072    1.325668 v _639_/D (sky130_fd_sc_hd__dfrtp_1)
                                              1.325668   data arrival time

                                  0.000000    0.000000   clock clk (rise edge)
                                  0.000000    0.000000   clock source latency
     1    0.027714    0.130121    0.090093    0.090093 ^ clk (in)
                                                         clk (net)
                      0.130131    0.000000    0.090093 ^ clkbuf_0_clk/A (sky130_fd_sc_hd__clkbuf_16)
     8    0.102463    0.118732    0.216823    0.306916 ^ clkbuf_0_clk/X (sky130_fd_sc_hd__clkbuf_16)
                                                         clknet_0_clk (net)
                      0.118948    0.003559    0.310475 ^ clkbuf_3_3__f_clk/A (sky130_fd_sc_hd__clkbuf_16)
    10    0.038054    0.058041    0.167274    0.477750 ^ clkbuf_3_3__f_clk/X (sky130_fd_sc_hd__clkbuf_16)
                                                         clknet_3_3__leaf_clk (net)
                      0.058065    0.001035    0.478784 ^ _639_/CLK (sky130_fd_sc_hd__dfrtp_1)
                                  0.250000    0.728784   clock uncertainty
                                  0.000000    0.728784   clock reconvergence pessimism
                                 -0.038933    0.689852   library hold time
                                              0.689852   data required time
---------------------------------------------------------------------------------------------
                                              0.689852   data required time
                                             -1.325668   data arrival time
---------------------------------------------------------------------------------------------
                                              0.635816   slack (MET)


Startpoint: _600_ (rising edge-triggered flip-flop clocked by clk)
Endpoint: _601_ (rising edge-triggered flip-flop clocked by clk)
Path Group: clk
Path Type: min

Fanout         Cap        Slew       Delay        Time   Description
---------------------------------------------------------------------------------------------
                                  0.000000    0.000000   clock clk (rise edge)
                                  0.000000    0.000000   clock source latency
     1    0.027714    0.130121    0.090093    0.090093 ^ clk (in)
                                                         clk (net)
                      0.130131    0.000000    0.090093 ^ clkbuf_0_clk/A (sky130_fd_sc_hd__clkbuf_16)
     8    0.102463    0.118732    0.216823    0.306916 ^ clkbuf_0_clk/X (sky130_fd_sc_hd__clkbuf_16)
                                                         clknet_0_clk (net)
                      0.118948    0.003559    0.310475 ^ clkbuf_3_3__f_clk/A (sky130_fd_sc_hd__clkbuf_16)
    10    0.038054    0.058041    0.167274    0.477750 ^ clkbuf_3_3__f_clk/X (sky130_fd_sc_hd__clkbuf_16)
                                                         clknet_3_3__leaf_clk (net)
                      0.058088    0.001396    0.479146 ^ _600_/CLK (sky130_fd_sc_hd__dfrtp_1)
     1    0.003350    0.049375    0.323344    0.802490 ^ _600_/Q (sky130_fd_sc_hd__dfrtp_1)
                                                         valid_d1 (net)
                      0.049376    0.000090    0.802580 ^ hold1/A (sky130_fd_sc_hd__dlygate4sd3_1)
     1    0.003322    0.057512    0.541207    1.343787 ^ hold1/X (sky130_fd_sc_hd__dlygate4sd3_1)
                                                         net689 (net)
                      0.057512    0.000087    1.343874 ^ _601_/D (sky130_fd_sc_hd__dfrtp_1)
                                              1.343874   data arrival time

                                  0.000000    0.000000   clock clk (rise edge)
                                  0.000000    0.000000   clock source latency
     1    0.027714    0.130121    0.090093    0.090093 ^ clk (in)
                                                         clk (net)
                      0.130131    0.000000    0.090093 ^ clkbuf_0_clk/A (sky130_fd_sc_hd__clkbuf_16)
     8    0.102463    0.118732    0.216823    0.306916 ^ clkbuf_0_clk/X (sky130_fd_sc_hd__clkbuf_16)
                                                         clknet_0_clk (net)
                      0.118948    0.003559    0.310475 ^ clkbuf_3_3__f_clk/A (sky130_fd_sc_hd__clkbuf_16)
    10    0.038054    0.058041    0.167274    0.477750 ^ clkbuf_3_3__f_clk/X (sky130_fd_sc_hd__clkbuf_16)
                                                         clknet_3_3__leaf_clk (net)
                      0.058071    0.001133    0.478883 ^ _601_/CLK (sky130_fd_sc_hd__dfrtp_1)
                                  0.250000    0.728883   clock uncertainty
                                  0.000000    0.728883   clock reconvergence pessimism
                                 -0.035597    0.693286   library hold time
                                              0.693286   data required time
---------------------------------------------------------------------------------------------
                                              0.693286   data required time
                                             -1.343874   data arrival time
---------------------------------------------------------------------------------------------
                                              0.650588   slack (MET)


Startpoint: _622_ (rising edge-triggered flip-flop clocked by clk)
Endpoint: _654_ (rising edge-triggered flip-flop clocked by clk)
Path Group: clk
Path Type: min

Fanout         Cap        Slew       Delay        Time   Description
---------------------------------------------------------------------------------------------
                                  0.000000    0.000000   clock clk (rise edge)
                                  0.000000    0.000000   clock source latency
     1    0.027714    0.130121    0.090093    0.090093 ^ clk (in)
                                                         clk (net)
                      0.130131    0.000000    0.090093 ^ clkbuf_0_clk/A (sky130_fd_sc_hd__clkbuf_16)
     8    0.102463    0.118732    0.216823    0.306916 ^ clkbuf_0_clk/X (sky130_fd_sc_hd__clkbuf_16)
                                                         clknet_0_clk (net)
                      0.119111    0.005022    0.311938 ^ clkbuf_3_4__f_clk/A (sky130_fd_sc_hd__clkbuf_16)
    12    0.040426    0.060220    0.168731    0.480669 ^ clkbuf_3_4__f_clk/X (sky130_fd_sc_hd__clkbuf_16)
                                                         clknet_3_4__leaf_clk (net)
                      0.060337    0.002233    0.482902 ^ _622_/CLK (sky130_fd_sc_hd__dfrtp_1)
     2    0.006702    0.075066    0.347013    0.829915 ^ _622_/Q (sky130_fd_sc_hd__dfrtp_1)
                                                         dout0_q[20] (net)
                      0.075066    0.000216    0.830132 ^ _436_/A2 (sky130_fd_sc_hd__a21oi_1)
     1    0.003616    0.036267    0.071757    0.901888 v _436_/Y (sky130_fd_sc_hd__a21oi_1)
                                                         _225_ (net)
                      0.036267    0.000124    0.902012 v _438_/A (sky130_fd_sc_hd__nor2_1)
     2    0.006236    0.131340    0.135538    1.037550 ^ _438_/Y (sky130_fd_sc_hd__nor2_1)
                                                         _227_ (net)
                      0.131340    0.000147    1.037697 ^ max_cap142/A (sky130_fd_sc_hd__clkbuf_1)
     2    0.006061    0.080634    0.129119    1.166816 ^ max_cap142/X (sky130_fd_sc_hd__clkbuf_1)
                                                         net142 (net)
                      0.080634    0.000117    1.166934 ^ max_cap141/A (sky130_fd_sc_hd__clkbuf_1)
     1    0.005769    0.077115    0.114340    1.281274 ^ max_cap141/X (sky130_fd_sc_hd__clkbuf_1)
                                                         net141 (net)
                      0.077115    0.000212    1.281486 ^ _499_/B (sky130_fd_sc_hd__xor2_1)
     1    0.002634    0.035646    0.063810    1.345296 v _499_/X (sky130_fd_sc_hd__xor2_1)
                                                         acc_core.adder.cla_blocks[5].block.sum[0] (net)
                      0.035646    0.000059    1.345354 v _654_/D (sky130_fd_sc_hd__dfrtp_1)
                                              1.345354   data arrival time

                                  0.000000    0.000000   clock clk (rise edge)
                                  0.000000    0.000000   clock source latency
     1    0.027714    0.130121    0.090093    0.090093 ^ clk (in)
                                                         clk (net)
                      0.130131    0.000000    0.090093 ^ clkbuf_0_clk/A (sky130_fd_sc_hd__clkbuf_16)
     8    0.102463    0.118732    0.216823    0.306916 ^ clkbuf_0_clk/X (sky130_fd_sc_hd__clkbuf_16)
                                                         clknet_0_clk (net)
                      0.119111    0.005022    0.311938 ^ clkbuf_3_4__f_clk/A (sky130_fd_sc_hd__clkbuf_16)
    12    0.040426    0.060220    0.168731    0.480669 ^ clkbuf_3_4__f_clk/X (sky130_fd_sc_hd__clkbuf_16)
                                                         clknet_3_4__leaf_clk (net)
                      0.060311    0.001982    0.482652 ^ _654_/CLK (sky130_fd_sc_hd__dfrtp_1)
                                  0.250000    0.732652   clock uncertainty
                                  0.000000    0.732652   clock reconvergence pessimism
                                 -0.038476    0.694176   library hold time
                                              0.694176   data required time
---------------------------------------------------------------------------------------------
                                              0.694176   data required time
                                             -1.345354   data arrival time
---------------------------------------------------------------------------------------------
                                              0.651178   slack (MET)


Startpoint: _636_ (rising edge-triggered flip-flop clocked by clk)
Endpoint: _636_ (rising edge-triggered flip-flop clocked by clk)
Path Group: clk
Path Type: min

Fanout         Cap        Slew       Delay        Time   Description
---------------------------------------------------------------------------------------------
                                  0.000000    0.000000   clock clk (rise edge)
                                  0.000000    0.000000   clock source latency
     1    0.027714    0.130121    0.090093    0.090093 ^ clk (in)
                                                         clk (net)
                      0.130131    0.000000    0.090093 ^ clkbuf_0_clk/A (sky130_fd_sc_hd__clkbuf_16)
     8    0.102463    0.118732    0.216823    0.306916 ^ clkbuf_0_clk/X (sky130_fd_sc_hd__clkbuf_16)
                                                         clknet_0_clk (net)
                      0.118948    0.003559    0.310475 ^ clkbuf_3_3__f_clk/A (sky130_fd_sc_hd__clkbuf_16)
    10    0.038054    0.058041    0.167274    0.477750 ^ clkbuf_3_3__f_clk/X (sky130_fd_sc_hd__clkbuf_16)
                                                         clknet_3_3__leaf_clk (net)
                      0.058088    0.001389    0.479139 ^ _636_/CLK (sky130_fd_sc_hd__dfrtp_1)
     2    0.007043    0.077772    0.348447    0.827586 ^ _636_/Q (sky130_fd_sc_hd__dfrtp_1)
                                                         net65 (net)
                      0.077772    0.000287    0.827873 ^ wire565/A (sky130_fd_sc_hd__clkbuf_1)
     2    0.007060    0.091570    0.123872    0.951745 ^ wire565/X (sky130_fd_sc_hd__clkbuf_1)
                                                         net565 (net)
                      0.091570    0.000259    0.952004 ^ _400_/B1 (sky130_fd_sc_hd__a21o_1)
     2    0.006951    0.068339    0.113620    1.065624 ^ _400_/X (sky130_fd_sc_hd__a21o_1)
                                                         _189_ (net)
                      0.068339    0.000151    1.065775 ^ _401_/B (sky130_fd_sc_hd__nand2_1)
     1    0.003213    0.034347    0.056414    1.122189 v _401_/Y (sky130_fd_sc_hd__nand2_1)
                                                         _190_ (net)
                      0.034347    0.000081    1.122270 v wire148/A (sky130_fd_sc_hd__clkbuf_1)
     1    0.005413    0.040231    0.095030    1.217300 v wire148/X (sky130_fd_sc_hd__clkbuf_1)
                                                         net148 (net)
                      0.040231    0.000145    1.217445 v _463_/A (sky130_fd_sc_hd__xnor2_1)
     1    0.004183    0.044880    0.124913    1.342358 v _463_/Y (sky130_fd_sc_hd__xnor2_1)
                                                         acc_core.adder.cla_blocks[0].block.sum[2] (net)
                      0.044880    0.000158    1.342516 v _636_/D (sky130_fd_sc_hd__dfrtp_1)
                                              1.342516   data arrival time

                                  0.000000    0.000000   clock clk (rise edge)
                                  0.000000    0.000000   clock source latency
     1    0.027714    0.130121    0.090093    0.090093 ^ clk (in)
                                                         clk (net)
                      0.130131    0.000000    0.090093 ^ clkbuf_0_clk/A (sky130_fd_sc_hd__clkbuf_16)
     8    0.102463    0.118732    0.216823    0.306916 ^ clkbuf_0_clk/X (sky130_fd_sc_hd__clkbuf_16)
                                                         clknet_0_clk (net)
                      0.118948    0.003559    0.310475 ^ clkbuf_3_3__f_clk/A (sky130_fd_sc_hd__clkbuf_16)
    10    0.038054    0.058041    0.167274    0.477750 ^ clkbuf_3_3__f_clk/X (sky130_fd_sc_hd__clkbuf_16)
                                                         clknet_3_3__leaf_clk (net)
                      0.058088    0.001389    0.479139 ^ _636_/CLK (sky130_fd_sc_hd__dfrtp_1)
                                  0.250000    0.729139   clock uncertainty
                                  0.000000    0.729139   clock reconvergence pessimism
                                 -0.042741    0.686398   library hold time
                                              0.686398   data required time
---------------------------------------------------------------------------------------------
                                              0.686398   data required time
                                             -1.342516   data arrival time
---------------------------------------------------------------------------------------------
                                              0.656118   slack (MET)


Startpoint: _652_ (rising edge-triggered flip-flop clocked by clk)
Endpoint: _652_ (rising edge-triggered flip-flop clocked by clk)
Path Group: clk
Path Type: min

Fanout         Cap        Slew       Delay        Time   Description
---------------------------------------------------------------------------------------------
                                  0.000000    0.000000   clock clk (rise edge)
                                  0.000000    0.000000   clock source latency
     1    0.027714    0.130121    0.090093    0.090093 ^ clk (in)
                                                         clk (net)
                      0.130131    0.000000    0.090093 ^ clkbuf_0_clk/A (sky130_fd_sc_hd__clkbuf_16)
     8    0.102463    0.118732    0.216823    0.306916 ^ clkbuf_0_clk/X (sky130_fd_sc_hd__clkbuf_16)
                                                         clknet_0_clk (net)
                      0.119016    0.004233    0.311149 ^ clkbuf_3_7__f_clk/A (sky130_fd_sc_hd__clkbuf_16)
     7    0.038339    0.058316    0.167587    0.478736 ^ clkbuf_3_7__f_clk/X (sky130_fd_sc_hd__clkbuf_16)
                                                         clknet_3_7__leaf_clk (net)
                      0.058325    0.000701    0.479437 ^ _652_/CLK (sky130_fd_sc_hd__dfrtp_1)
     2    0.006621    0.056616    0.379295    0.858732 v _652_/Q (sky130_fd_sc_hd__dfrtp_1)
                                                         net52 (net)
                      0.056616    0.000200    0.858932 v _332_/B1 (sky130_fd_sc_hd__a21oi_1)
     2    0.005027    0.127659    0.145519    1.004451 ^ _332_/Y (sky130_fd_sc_hd__a21oi_1)
                                                         _121_ (net)
                      0.127659    0.000076    1.004527 ^ _335_/A (sky130_fd_sc_hd__or2_1)
     2    0.007537    0.080573    0.148159    1.152686 ^ _335_/X (sky130_fd_sc_hd__or2_1)
                                                         _124_ (net)
                      0.080573    0.000308    1.152993 ^ wire172/A (sky130_fd_sc_hd__clkbuf_1)
     1    0.006978    0.090656    0.123945    1.276939 ^ wire172/X (sky130_fd_sc_hd__clkbuf_1)
                                                         net172 (net)
                      0.090656    0.000300    1.277238 ^ _489_/A (sky130_fd_sc_hd__xnor2_1)
     1    0.002171    0.032849    0.071889    1.349128 v _489_/Y (sky130_fd_sc_hd__xnor2_1)
                                                         acc_core.adder.cla_blocks[4].block.sum[2] (net)
                      0.032849    0.000043    1.349170 v _652_/D (sky130_fd_sc_hd__dfrtp_1)
                                              1.349170   data arrival time

                                  0.000000    0.000000   clock clk (rise edge)
                                  0.000000    0.000000   clock source latency
     1    0.027714    0.130121    0.090093    0.090093 ^ clk (in)
                                                         clk (net)
                      0.130131    0.000000    0.090093 ^ clkbuf_0_clk/A (sky130_fd_sc_hd__clkbuf_16)
     8    0.102463    0.118732    0.216823    0.306916 ^ clkbuf_0_clk/X (sky130_fd_sc_hd__clkbuf_16)
                                                         clknet_0_clk (net)
                      0.119016    0.004233    0.311149 ^ clkbuf_3_7__f_clk/A (sky130_fd_sc_hd__clkbuf_16)
     7    0.038339    0.058316    0.167587    0.478736 ^ clkbuf_3_7__f_clk/X (sky130_fd_sc_hd__clkbuf_16)
                                                         clknet_3_7__leaf_clk (net)
                      0.058325    0.000701    0.479437 ^ _652_/CLK (sky130_fd_sc_hd__dfrtp_1)
                                  0.250000    0.729437   clock uncertainty
                                  0.000000    0.729437   clock reconvergence pessimism
                                 -0.037790    0.691647   library hold time
                                              0.691647   data required time
---------------------------------------------------------------------------------------------
                                              0.691647   data required time
                                             -1.349170   data arrival time
---------------------------------------------------------------------------------------------
                                              0.657523   slack (MET)


Startpoint: _638_ (rising edge-triggered flip-flop clocked by clk)
Endpoint: _638_ (rising edge-triggered flip-flop clocked by clk)
Path Group: clk
Path Type: min

Fanout         Cap        Slew       Delay        Time   Description
---------------------------------------------------------------------------------------------
                                  0.000000    0.000000   clock clk (rise edge)
                                  0.000000    0.000000   clock source latency
     1    0.027714    0.130121    0.090093    0.090093 ^ clk (in)
                                                         clk (net)
                      0.130131    0.000000    0.090093 ^ clkbuf_0_clk/A (sky130_fd_sc_hd__clkbuf_16)
     8    0.102463    0.118732    0.216823    0.306916 ^ clkbuf_0_clk/X (sky130_fd_sc_hd__clkbuf_16)
                                                         clknet_0_clk (net)
                      0.118948    0.003559    0.310475 ^ clkbuf_3_3__f_clk/A (sky130_fd_sc_hd__clkbuf_16)
    10    0.038054    0.058041    0.167274    0.477750 ^ clkbuf_3_3__f_clk/X (sky130_fd_sc_hd__clkbuf_16)
                                                         clknet_3_3__leaf_clk (net)
                      0.058058    0.000915    0.478665 ^ _638_/CLK (sky130_fd_sc_hd__dfrtp_1)
     2    0.006355    0.072309    0.343867    0.822532 ^ _638_/Q (sky130_fd_sc_hd__dfrtp_1)
                                                         net69 (net)
                      0.072309    0.000111    0.822643 ^ max_cap561/A (sky130_fd_sc_hd__clkbuf_1)
     2    0.007036    0.091279    0.122258    0.944901 ^ max_cap561/X (sky130_fd_sc_hd__clkbuf_1)
                                                         net561 (net)
                      0.091279    0.000199    0.945100 ^ _395_/B1 (sky130_fd_sc_hd__a21o_1)
     2    0.006297    0.063056    0.109646    1.054746 ^ _395_/X (sky130_fd_sc_hd__a21o_1)
                                                         _184_ (net)
                      0.063056    0.000193    1.054939 ^ _396_/B (sky130_fd_sc_hd__nand2b_1)
     2    0.005673    0.053789    0.070801    1.125740 v _396_/Y (sky130_fd_sc_hd__nand2b_1)
                                                         _185_ (net)
                      0.053789    0.000132    1.125872 v max_cap149/A (sky130_fd_sc_hd__clkbuf_1)
     1    0.006865    0.048172    0.110235    1.236107 v max_cap149/X (sky130_fd_sc_hd__clkbuf_1)
                                                         net149 (net)
                      0.048174    0.000311    1.236418 v _470_/A (sky130_fd_sc_hd__xnor2_1)
     1    0.003096    0.038148    0.122036    1.358454 v _470_/Y (sky130_fd_sc_hd__xnor2_1)
                                                         acc_core.adder.cla_blocks[1].block.sum[0] (net)
                      0.038148    0.000075    1.358529 v _638_/D (sky130_fd_sc_hd__dfrtp_1)
                                              1.358529   data arrival time

                                  0.000000    0.000000   clock clk (rise edge)
                                  0.000000    0.000000   clock source latency
     1    0.027714    0.130121    0.090093    0.090093 ^ clk (in)
                                                         clk (net)
                      0.130131    0.000000    0.090093 ^ clkbuf_0_clk/A (sky130_fd_sc_hd__clkbuf_16)
     8    0.102463    0.118732    0.216823    0.306916 ^ clkbuf_0_clk/X (sky130_fd_sc_hd__clkbuf_16)
                                                         clknet_0_clk (net)
                      0.118948    0.003559    0.310475 ^ clkbuf_3_3__f_clk/A (sky130_fd_sc_hd__clkbuf_16)
    10    0.038054    0.058041    0.167274    0.477750 ^ clkbuf_3_3__f_clk/X (sky130_fd_sc_hd__clkbuf_16)
                                                         clknet_3_3__leaf_clk (net)
                      0.058058    0.000915    0.478665 ^ _638_/CLK (sky130_fd_sc_hd__dfrtp_1)
                                  0.250000    0.728665   clock uncertainty
                                  0.000000    0.728665   clock reconvergence pessimism
                                 -0.040008    0.688658   library hold time
                                              0.688658   data required time
---------------------------------------------------------------------------------------------
                                              0.688658   data required time
                                             -1.358529   data arrival time
---------------------------------------------------------------------------------------------
                                              0.669871   slack (MET)


Startpoint: _644_ (rising edge-triggered flip-flop clocked by clk)
Endpoint: _644_ (rising edge-triggered flip-flop clocked by clk)
Path Group: clk
Path Type: min

Fanout         Cap        Slew       Delay        Time   Description
---------------------------------------------------------------------------------------------
                                  0.000000    0.000000   clock clk (rise edge)
                                  0.000000    0.000000   clock source latency
     1    0.027714    0.130121    0.090093    0.090093 ^ clk (in)
                                                         clk (net)
                      0.130131    0.000000    0.090093 ^ clkbuf_0_clk/A (sky130_fd_sc_hd__clkbuf_16)
     8    0.102463    0.118732    0.216823    0.306916 ^ clkbuf_0_clk/X (sky130_fd_sc_hd__clkbuf_16)
                                                         clknet_0_clk (net)
                      0.118903    0.003033    0.309950 ^ clkbuf_3_1__f_clk/A (sky130_fd_sc_hd__clkbuf_16)
     9    0.036629    0.056770    0.166190    0.476139 ^ clkbuf_3_1__f_clk/X (sky130_fd_sc_hd__clkbuf_16)
                                                         clknet_3_1__leaf_clk (net)
                      0.056787    0.000765    0.476904 ^ _644_/CLK (sky130_fd_sc_hd__dfrtp_1)
     1    0.004535    0.058214    0.331086    0.807990 ^ _644_/Q (sky130_fd_sc_hd__dfrtp_1)
                                                         net44 (net)
                      0.058214    0.000184    0.808175 ^ wire550/A (sky130_fd_sc_hd__clkbuf_1)
     2    0.008677    0.109627    0.131487    0.939662 ^ wire550/X (sky130_fd_sc_hd__clkbuf_1)
                                                         net550 (net)
                      0.109664    0.000369    0.940031 ^ _366_/B1 (sky130_fd_sc_hd__a21o_1)
     2    0.006691    0.066390    0.117037    1.057068 ^ _366_/X (sky130_fd_sc_hd__a21o_1)
                                                         _155_ (net)
                      0.066390    0.000161    1.057229 ^ _367_/B (sky130_fd_sc_hd__nand2b_1)
     2    0.006444    0.059228    0.075941    1.133170 v _367_/Y (sky130_fd_sc_hd__nand2b_1)
                                                         _156_ (net)
                      0.059228    0.000147    1.133316 v max_cap160/A (sky130_fd_sc_hd__clkbuf_1)
     1    0.006190    0.044499    0.109590    1.242906 v max_cap160/X (sky130_fd_sc_hd__clkbuf_1)
                                                         net160 (net)
                      0.044500    0.000201    1.243107 v _474_/A (sky130_fd_sc_hd__xnor2_1)
     1    0.003090    0.038722    0.120370    1.363477 v _474_/Y (sky130_fd_sc_hd__xnor2_1)
                                                         acc_core.adder.cla_blocks[2].block.sum[2] (net)
                      0.038722    0.000078    1.363555 v _644_/D (sky130_fd_sc_hd__dfrtp_1)
                                              1.363555   data arrival time

                                  0.000000    0.000000   clock clk (rise edge)
                                  0.000000    0.000000   clock source latency
     1    0.027714    0.130121    0.090093    0.090093 ^ clk (in)
                                                         clk (net)
                      0.130131    0.000000    0.090093 ^ clkbuf_0_clk/A (sky130_fd_sc_hd__clkbuf_16)
     8    0.102463    0.118732    0.216823    0.306916 ^ clkbuf_0_clk/X (sky130_fd_sc_hd__clkbuf_16)
                                                         clknet_0_clk (net)
                      0.118903    0.003033    0.309950 ^ clkbuf_3_1__f_clk/A (sky130_fd_sc_hd__clkbuf_16)
     9    0.036629    0.056770    0.166190    0.476139 ^ clkbuf_3_1__f_clk/X (sky130_fd_sc_hd__clkbuf_16)
                                                         clknet_3_1__leaf_clk (net)
                      0.056787    0.000765    0.476904 ^ _644_/CLK (sky130_fd_sc_hd__dfrtp_1)
                                  0.250000    0.726904   clock uncertainty
                                  0.000000    0.726904   clock reconvergence pessimism
                                 -0.040532    0.686372   library hold time
                                              0.686372   data required time
---------------------------------------------------------------------------------------------
                                              0.686372   data required time
                                             -1.363555   data arrival time
---------------------------------------------------------------------------------------------
                                              0.677182   slack (MET)


Startpoint: _627_ (rising edge-triggered flip-flop clocked by clk)
Endpoint: _660_ (rising edge-triggered flip-flop clocked by clk)
Path Group: clk
Path Type: min

Fanout         Cap        Slew       Delay        Time   Description
---------------------------------------------------------------------------------------------
                                  0.000000    0.000000   clock clk (rise edge)
                                  0.000000    0.000000   clock source latency
     1    0.027714    0.130121    0.090093    0.090093 ^ clk (in)
                                                         clk (net)
                      0.130131    0.000000    0.090093 ^ clkbuf_0_clk/A (sky130_fd_sc_hd__clkbuf_16)
     8    0.102463    0.118732    0.216823    0.306916 ^ clkbuf_0_clk/X (sky130_fd_sc_hd__clkbuf_16)
                                                         clknet_0_clk (net)
                      0.119179    0.005504    0.312421 ^ clkbuf_3_5__f_clk/A (sky130_fd_sc_hd__clkbuf_16)
    15    0.042363    0.061867    0.170410    0.482830 ^ clkbuf_3_5__f_clk/X (sky130_fd_sc_hd__clkbuf_16)
                                                         clknet_3_5__leaf_clk (net)
                      0.061877    0.000838    0.483668 ^ _627_/CLK (sky130_fd_sc_hd__dfrtp_1)
     2    0.006617    0.056609    0.380582    0.864250 v _627_/Q (sky130_fd_sc_hd__dfrtp_1)
                                                         dout0_q[25] (net)
                      0.056609    0.000205    0.864455 v _307_/C (sky130_fd_sc_hd__and3_1)
     2    0.005589    0.045229    0.192965    1.057420 v _307_/X (sky130_fd_sc_hd__and3_1)
                                                         _096_ (net)
                      0.045229    0.000193    1.057614 v max_cap510/A (sky130_fd_sc_hd__clkbuf_1)
     1    0.006102    0.043980    0.102971    1.160585 v max_cap510/X (sky130_fd_sc_hd__clkbuf_1)
                                                         net510 (net)
                      0.043980    0.000242    1.160827 v _308_/A (sky130_fd_sc_hd__inv_2)
     2    0.006174    0.035520    0.050922    1.211748 ^ _308_/Y (sky130_fd_sc_hd__inv_2)
                                                         _097_ (net)
                      0.035521    0.000193    1.211942 ^ _504_/C1 (sky130_fd_sc_hd__o211a_1)
     1    0.003862    0.048632    0.132067    1.344009 ^ _504_/X (sky130_fd_sc_hd__o211a_1)
                                                         _258_ (net)
                      0.048632    0.000136    1.344145 ^ _505_/C (sky130_fd_sc_hd__nor3_1)
     1    0.002841    0.025051    0.040655    1.384800 v _505_/Y (sky130_fd_sc_hd__nor3_1)
                                                         acc_core.adder.cla_blocks[6].block.sum[2] (net)
                      0.025051    0.000067    1.384867 v _660_/D (sky130_fd_sc_hd__dfrtp_1)
                                              1.384867   data arrival time

                                  0.000000    0.000000   clock clk (rise edge)
                                  0.000000    0.000000   clock source latency
     1    0.027714    0.130121    0.090093    0.090093 ^ clk (in)
                                                         clk (net)
                      0.130131    0.000000    0.090093 ^ clkbuf_0_clk/A (sky130_fd_sc_hd__clkbuf_16)
     8    0.102463    0.118732    0.216823    0.306916 ^ clkbuf_0_clk/X (sky130_fd_sc_hd__clkbuf_16)
                                                         clknet_0_clk (net)
                      0.119179    0.005504    0.312421 ^ clkbuf_3_5__f_clk/A (sky130_fd_sc_hd__clkbuf_16)
    15    0.042363    0.061867    0.170410    0.482830 ^ clkbuf_3_5__f_clk/X (sky130_fd_sc_hd__clkbuf_16)
                                                         clknet_3_5__leaf_clk (net)
                      0.061927    0.001659    0.484489 ^ _660_/CLK (sky130_fd_sc_hd__dfrtp_1)
                                  0.250000    0.734489   clock uncertainty
                                  0.000000    0.734489   clock reconvergence pessimism
                                 -0.033794    0.700695   library hold time
                                              0.700695   data required time
---------------------------------------------------------------------------------------------
                                              0.700695   data required time
                                             -1.384867   data arrival time
---------------------------------------------------------------------------------------------
                                              0.684172   slack (MET)


Startpoint: _618_ (rising edge-triggered flip-flop clocked by clk)
Endpoint: _650_ (rising edge-triggered flip-flop clocked by clk)
Path Group: clk
Path Type: min

Fanout         Cap        Slew       Delay        Time   Description
---------------------------------------------------------------------------------------------
                                  0.000000    0.000000   clock clk (rise edge)
                                  0.000000    0.000000   clock source latency
     1    0.027714    0.130121    0.090093    0.090093 ^ clk (in)
                                                         clk (net)
                      0.130131    0.000000    0.090093 ^ clkbuf_0_clk/A (sky130_fd_sc_hd__clkbuf_16)
     8    0.102463    0.118732    0.216823    0.306916 ^ clkbuf_0_clk/X (sky130_fd_sc_hd__clkbuf_16)
                                                         clknet_0_clk (net)
                      0.119016    0.004233    0.311149 ^ clkbuf_3_7__f_clk/A (sky130_fd_sc_hd__clkbuf_16)
     7    0.038339    0.058316    0.167587    0.478736 ^ clkbuf_3_7__f_clk/X (sky130_fd_sc_hd__clkbuf_16)
                                                         clknet_3_7__leaf_clk (net)
                      0.058333    0.000898    0.479635 ^ _618_/CLK (sky130_fd_sc_hd__dfrtp_1)
     1    0.005501    0.065667    0.338149    0.817783 ^ _618_/Q (sky130_fd_sc_hd__dfrtp_1)
                                                         dout0_q[16] (net)
                      0.065667    0.000270    0.818054 ^ wire572/A (sky130_fd_sc_hd__clkbuf_1)
     2    0.006991    0.090751    0.120117    0.938171 ^ wire572/X (sky130_fd_sc_hd__clkbuf_1)
                                                         net572 (net)
                      0.090751    0.000208    0.938379 ^ _342_/A2 (sky130_fd_sc_hd__a21o_1)
     1    0.005359    0.055635    0.132763    1.071142 ^ _342_/X (sky130_fd_sc_hd__a21o_1)
                                                         _131_ (net)
                      0.055635    0.000223    1.071365 ^ _343_/B (sky130_fd_sc_hd__nand2_1)
     1    0.002672    0.029567    0.050205    1.121570 v _343_/Y (sky130_fd_sc_hd__nand2_1)
                                                         _132_ (net)
                      0.029567    0.000060    1.121630 v wire171/A (sky130_fd_sc_hd__clkbuf_1)
     2    0.006212    0.044526    0.096624    1.218254 v wire171/X (sky130_fd_sc_hd__clkbuf_1)
                                                         net171 (net)
                      0.044526    0.000122    1.218376 v max_cap170/A (sky130_fd_sc_hd__clkbuf_1)
     1    0.006247    0.044756    0.103350    1.321726 v max_cap170/X (sky130_fd_sc_hd__clkbuf_1)
                                                         net170 (net)
                      0.044756    0.000204    1.321930 v _492_/A (sky130_fd_sc_hd__xnor2_1)
     1    0.002840    0.037208    0.119009    1.440939 v _492_/Y (sky130_fd_sc_hd__xnor2_1)
                                                         acc_core.adder.cla_blocks[4].block.sum[0] (net)
                      0.037208    0.000067    1.441006 v _650_/D (sky130_fd_sc_hd__dfrtp_1)
                                              1.441006   data arrival time

                                  0.000000    0.000000   clock clk (rise edge)
                                  0.000000    0.000000   clock source latency
     1    0.027714    0.130121    0.090093    0.090093 ^ clk (in)
                                                         clk (net)
                      0.130131    0.000000    0.090093 ^ clkbuf_0_clk/A (sky130_fd_sc_hd__clkbuf_16)
     8    0.102463    0.118732    0.216823    0.306916 ^ clkbuf_0_clk/X (sky130_fd_sc_hd__clkbuf_16)
                                                         clknet_0_clk (net)
                      0.118906    0.003070    0.309986 ^ clkbuf_3_6__f_clk/A (sky130_fd_sc_hd__clkbuf_16)
    12    0.039391    0.059250    0.168326    0.478312 ^ clkbuf_3_6__f_clk/X (sky130_fd_sc_hd__clkbuf_16)
                                                         clknet_3_6__leaf_clk (net)
                      0.059259    0.000704    0.479017 ^ _650_/CLK (sky130_fd_sc_hd__dfrtp_1)
                                  0.250000    0.729017   clock uncertainty
                                  0.000000    0.729017   clock reconvergence pessimism
                                 -0.039351    0.689665   library hold time
                                              0.689665   data required time
---------------------------------------------------------------------------------------------
                                              0.689665   data required time
                                             -1.441006   data arrival time
---------------------------------------------------------------------------------------------
                                              0.751341   slack (MET)


Startpoint: _646_ (rising edge-triggered flip-flop clocked by clk)
Endpoint: _646_ (rising edge-triggered flip-flop clocked by clk)
Path Group: clk
Path Type: min

Fanout         Cap        Slew       Delay        Time   Description
---------------------------------------------------------------------------------------------
                                  0.000000    0.000000   clock clk (rise edge)
                                  0.000000    0.000000   clock source latency
     1    0.027714    0.130121    0.090093    0.090093 ^ clk (in)
                                                         clk (net)
                      0.130131    0.000000    0.090093 ^ clkbuf_0_clk/A (sky130_fd_sc_hd__clkbuf_16)
     8    0.102463    0.118732    0.216823    0.306916 ^ clkbuf_0_clk/X (sky130_fd_sc_hd__clkbuf_16)
                                                         clknet_0_clk (net)
                      0.118903    0.003033    0.309950 ^ clkbuf_3_1__f_clk/A (sky130_fd_sc_hd__clkbuf_16)
     9    0.036629    0.056770    0.166190    0.476139 ^ clkbuf_3_1__f_clk/X (sky130_fd_sc_hd__clkbuf_16)
                                                         clknet_3_1__leaf_clk (net)
                      0.056780    0.000624    0.476763 ^ _646_/CLK (sky130_fd_sc_hd__dfrtp_1)
     1    0.004045    0.054538    0.327797    0.804561 ^ _646_/Q (sky130_fd_sc_hd__dfrtp_1)
                                                         net46 (net)
                      0.054538    0.000150    0.804710 ^ wire547/A (sky130_fd_sc_hd__clkbuf_1)
     2    0.007728    0.098919    0.123073    0.927783 ^ wire547/X (sky130_fd_sc_hd__clkbuf_1)
                                                         net547 (net)
                      0.098919    0.000222    0.928004 ^ _360_/B1 (sky130_fd_sc_hd__a21o_1)
     1    0.005508    0.056784    0.107036    1.035040 ^ _360_/X (sky130_fd_sc_hd__a21o_1)
                                                         _149_ (net)
                      0.056784    0.000243    1.035283 ^ _361_/B (sky130_fd_sc_hd__nand2_1)
     1    0.002347    0.027844    0.048682    1.083965 v _361_/Y (sky130_fd_sc_hd__nand2_1)
                                                         _150_ (net)
                      0.027844    0.000047    1.084013 v wire164/A (sky130_fd_sc_hd__clkbuf_1)
     2    0.006604    0.046653    0.097654    1.181666 v wire164/X (sky130_fd_sc_hd__clkbuf_1)
                                                         net164 (net)
                      0.046653    0.000157    1.181823 v max_cap163/A (sky130_fd_sc_hd__clkbuf_1)
     1    0.006150    0.044237    0.103846    1.285669 v max_cap163/X (sky130_fd_sc_hd__clkbuf_1)
                                                         net163 (net)
                      0.044237    0.000203    1.285872 v _484_/A (sky130_fd_sc_hd__xor2_1)
     1    0.003357    0.106426    0.148465    1.434336 ^ _484_/X (sky130_fd_sc_hd__xor2_1)
                                                         acc_core.adder.cla_blocks[3].block.sum[0] (net)
                      0.106426    0.000114    1.434450 ^ _646_/D (sky130_fd_sc_hd__dfrtp_1)
                                              1.434450   data arrival time

                                  0.000000    0.000000   clock clk (rise edge)
                                  0.000000    0.000000   clock source latency
     1    0.027714    0.130121    0.090093    0.090093 ^ clk (in)
                                                         clk (net)
                      0.130131    0.000000    0.090093 ^ clkbuf_0_clk/A (sky130_fd_sc_hd__clkbuf_16)
     8    0.102463    0.118732    0.216823    0.306916 ^ clkbuf_0_clk/X (sky130_fd_sc_hd__clkbuf_16)
                                                         clknet_0_clk (net)
                      0.118903    0.003033    0.309950 ^ clkbuf_3_1__f_clk/A (sky130_fd_sc_hd__clkbuf_16)
     9    0.036629    0.056770    0.166190    0.476139 ^ clkbuf_3_1__f_clk/X (sky130_fd_sc_hd__clkbuf_16)
                                                         clknet_3_1__leaf_clk (net)
                      0.056780    0.000624    0.476763 ^ _646_/CLK (sky130_fd_sc_hd__dfrtp_1)
                                  0.250000    0.726763   clock uncertainty
                                  0.000000    0.726763   clock reconvergence pessimism
                                 -0.046011    0.680752   library hold time
                                              0.680752   data required time
---------------------------------------------------------------------------------------------
                                              0.680752   data required time
                                             -1.434450   data arrival time
---------------------------------------------------------------------------------------------
                                              0.753698   slack (MET)


Startpoint: _611_ (rising edge-triggered flip-flop clocked by clk)
Endpoint: _643_ (rising edge-triggered flip-flop clocked by clk)
Path Group: clk
Path Type: min

Fanout         Cap        Slew       Delay        Time   Description
---------------------------------------------------------------------------------------------
                                  0.000000    0.000000   clock clk (rise edge)
                                  0.000000    0.000000   clock source latency
     1    0.027714    0.130121    0.090093    0.090093 ^ clk (in)
                                                         clk (net)
                      0.130131    0.000000    0.090093 ^ clkbuf_0_clk/A (sky130_fd_sc_hd__clkbuf_16)
     8    0.102463    0.118732    0.216823    0.306916 ^ clkbuf_0_clk/X (sky130_fd_sc_hd__clkbuf_16)
                                                         clknet_0_clk (net)
                      0.118906    0.003070    0.309986 ^ clkbuf_3_6__f_clk/A (sky130_fd_sc_hd__clkbuf_16)
    12    0.039391    0.059250    0.168326    0.478312 ^ clkbuf_3_6__f_clk/X (sky130_fd_sc_hd__clkbuf_16)
                                                         clknet_3_6__leaf_clk (net)
                      0.059273    0.001014    0.479326 ^ _611_/CLK (sky130_fd_sc_hd__dfrtp_1)
     1    0.003436    0.050049    0.324498    0.803825 ^ _611_/Q (sky130_fd_sc_hd__dfrtp_1)
                                                         dout0_q[9] (net)
                      0.050049    0.000091    0.803915 ^ wire578/A (sky130_fd_sc_hd__clkbuf_1)
     2    0.006231    0.082159    0.109660    0.913575 ^ wire578/X (sky130_fd_sc_hd__clkbuf_1)
                                                         net578 (net)
                      0.082159    0.000195    0.913770 ^ _372_/A2 (sky130_fd_sc_hd__a21o_1)
     2    0.008940    0.084531    0.152164    1.065934 ^ _372_/X (sky130_fd_sc_hd__a21o_1)
                                                         _161_ (net)
                      0.084531    0.000319    1.066253 ^ _373_/B (sky130_fd_sc_hd__nand2_1)
     2    0.005433    0.048164    0.072840    1.139093 v _373_/Y (sky130_fd_sc_hd__nand2_1)
                                                         _162_ (net)
                      0.048164    0.000105    1.139199 v max_cap159/A (sky130_fd_sc_hd__clkbuf_1)
     2    0.005289    0.039576    0.100588    1.239787 v max_cap159/X (sky130_fd_sc_hd__clkbuf_1)
                                                         net159 (net)
                      0.039576    0.000127    1.239914 v max_cap158/A (sky130_fd_sc_hd__clkbuf_1)
     1    0.005564    0.041048    0.098032    1.337946 v max_cap158/X (sky130_fd_sc_hd__clkbuf_1)
                                                         net158 (net)
                      0.041048    0.000156    1.338102 v _475_/A (sky130_fd_sc_hd__xnor2_1)
     1    0.002801    0.036847    0.117141    1.455242 v _475_/Y (sky130_fd_sc_hd__xnor2_1)
                                                         acc_core.adder.cla_blocks[2].block.sum[1] (net)
                      0.036848    0.000065    1.455307 v _643_/D (sky130_fd_sc_hd__dfrtp_1)
                                              1.455307   data arrival time

                                  0.000000    0.000000   clock clk (rise edge)
                                  0.000000    0.000000   clock source latency
     1    0.027714    0.130121    0.090093    0.090093 ^ clk (in)
                                                         clk (net)
                      0.130131    0.000000    0.090093 ^ clkbuf_0_clk/A (sky130_fd_sc_hd__clkbuf_16)
     8    0.102463    0.118732    0.216823    0.306916 ^ clkbuf_0_clk/X (sky130_fd_sc_hd__clkbuf_16)
                                                         clknet_0_clk (net)
                      0.118918    0.003216    0.310133 ^ clkbuf_3_0__f_clk/A (sky130_fd_sc_hd__clkbuf_16)
     7    0.037478    0.057556    0.166929    0.477062 ^ clkbuf_3_0__f_clk/X (sky130_fd_sc_hd__clkbuf_16)
                                                         clknet_3_0__leaf_clk (net)
                      0.057566    0.000718    0.477780 ^ _643_/CLK (sky130_fd_sc_hd__dfrtp_1)
                                  0.250000    0.727780   clock uncertainty
                                  0.000000    0.727780   clock reconvergence pessimism
                                 -0.039591    0.688190   library hold time
                                              0.688190   data required time
---------------------------------------------------------------------------------------------
                                              0.688190   data required time
                                             -1.455307   data arrival time
---------------------------------------------------------------------------------------------
                                              0.767118   slack (MET)


Startpoint: _651_ (rising edge-triggered flip-flop clocked by clk)
Endpoint: _651_ (rising edge-triggered flip-flop clocked by clk)
Path Group: clk
Path Type: min

Fanout         Cap        Slew       Delay        Time   Description
---------------------------------------------------------------------------------------------
                                  0.000000    0.000000   clock clk (rise edge)
                                  0.000000    0.000000   clock source latency
     1    0.027714    0.130121    0.090093    0.090093 ^ clk (in)
                                                         clk (net)
                      0.130131    0.000000    0.090093 ^ clkbuf_0_clk/A (sky130_fd_sc_hd__clkbuf_16)
     8    0.102463    0.118732    0.216823    0.306916 ^ clkbuf_0_clk/X (sky130_fd_sc_hd__clkbuf_16)
                                                         clknet_0_clk (net)
                      0.118906    0.003070    0.309986 ^ clkbuf_3_6__f_clk/A (sky130_fd_sc_hd__clkbuf_16)
    12    0.039391    0.059250    0.168326    0.478312 ^ clkbuf_3_6__f_clk/X (sky130_fd_sc_hd__clkbuf_16)
                                                         clknet_3_6__leaf_clk (net)
                      0.059260    0.000717    0.479029 ^ _651_/CLK (sky130_fd_sc_hd__dfrtp_1)
     2    0.007487    0.060944    0.384280    0.863309 v _651_/Q (sky130_fd_sc_hd__dfrtp_1)
                                                         net51 (net)
                      0.060944    0.000235    0.863544 v _326_/B1 (sky130_fd_sc_hd__a21oi_1)
     1    0.002817    0.087219    0.115089    0.978633 ^ _326_/Y (sky130_fd_sc_hd__a21oi_1)
                                                         _115_ (net)
                      0.087219    0.000069    0.978702 ^ _328_/A (sky130_fd_sc_hd__or2_1)
     2    0.008165    0.086088    0.139037    1.117738 ^ _328_/X (sky130_fd_sc_hd__or2_1)
                                                         _117_ (net)
                      0.086088    0.000273    1.118012 ^ max_cap174/A (sky130_fd_sc_hd__clkbuf_1)
     2    0.007925    0.101224    0.132975    1.250987 ^ max_cap174/X (sky130_fd_sc_hd__clkbuf_1)
                                                         net174 (net)
                      0.101224    0.000325    1.251312 ^ _490_/A (sky130_fd_sc_hd__and3_1)
     1    0.005065    0.068523    0.169572    1.420884 ^ _490_/X (sky130_fd_sc_hd__and3_1)
                                                         _251_ (net)
                      0.068523    0.000207    1.421091 ^ _491_/B (sky130_fd_sc_hd__nor2_1)
     1    0.002985    0.025262    0.042938    1.464029 v _491_/Y (sky130_fd_sc_hd__nor2_1)
                                                         acc_core.adder.cla_blocks[4].block.sum[1] (net)
                      0.025262    0.000074    1.464103 v _651_/D (sky130_fd_sc_hd__dfrtp_1)
                                              1.464103   data arrival time

                                  0.000000    0.000000   clock clk (rise edge)
                                  0.000000    0.000000   clock source latency
     1    0.027714    0.130121    0.090093    0.090093 ^ clk (in)
                                                         clk (net)
                      0.130131    0.000000    0.090093 ^ clkbuf_0_clk/A (sky130_fd_sc_hd__clkbuf_16)
     8    0.102463    0.118732    0.216823    0.306916 ^ clkbuf_0_clk/X (sky130_fd_sc_hd__clkbuf_16)
                                                         clknet_0_clk (net)
                      0.118906    0.003070    0.309986 ^ clkbuf_3_6__f_clk/A (sky130_fd_sc_hd__clkbuf_16)
    12    0.039391    0.059250    0.168326    0.478312 ^ clkbuf_3_6__f_clk/X (sky130_fd_sc_hd__clkbuf_16)
                                                         clknet_3_6__leaf_clk (net)
                      0.059260    0.000717    0.479029 ^ _651_/CLK (sky130_fd_sc_hd__dfrtp_1)
                                  0.250000    0.729029   clock uncertainty
                                  0.000000    0.729029   clock reconvergence pessimism
                                 -0.034488    0.694541   library hold time
                                              0.694541   data required time
---------------------------------------------------------------------------------------------
                                              0.694541   data required time
                                             -1.464103   data arrival time
---------------------------------------------------------------------------------------------
                                              0.769562   slack (MET)


Startpoint: _616_ (rising edge-triggered flip-flop clocked by clk)
Endpoint: _648_ (rising edge-triggered flip-flop clocked by clk)
Path Group: clk
Path Type: min

Fanout         Cap        Slew       Delay        Time   Description
---------------------------------------------------------------------------------------------
                                  0.000000    0.000000   clock clk (rise edge)
                                  0.000000    0.000000   clock source latency
     1    0.027714    0.130121    0.090093    0.090093 ^ clk (in)
                                                         clk (net)
                      0.130131    0.000000    0.090093 ^ clkbuf_0_clk/A (sky130_fd_sc_hd__clkbuf_16)
     8    0.102463    0.118732    0.216823    0.306916 ^ clkbuf_0_clk/X (sky130_fd_sc_hd__clkbuf_16)
                                                         clknet_0_clk (net)
                      0.119016    0.004233    0.311149 ^ clkbuf_3_7__f_clk/A (sky130_fd_sc_hd__clkbuf_16)
     7    0.038339    0.058316    0.167587    0.478736 ^ clkbuf_3_7__f_clk/X (sky130_fd_sc_hd__clkbuf_16)
                                                         clknet_3_7__leaf_clk (net)
                      0.058335    0.000937    0.479674 ^ _616_/CLK (sky130_fd_sc_hd__dfrtp_1)
     1    0.003707    0.043788    0.363657    0.843331 v _616_/Q (sky130_fd_sc_hd__dfrtp_1)
                                                         dout0_q[14] (net)
                      0.043788    0.000104    0.843435 v wire573/A (sky130_fd_sc_hd__clkbuf_1)
     2    0.006193    0.044468    0.102760    0.946195 v wire573/X (sky130_fd_sc_hd__clkbuf_1)
                                                         net573 (net)
                      0.044469    0.000237    0.946432 v _351_/A2 (sky130_fd_sc_hd__a21oi_1)
     2    0.006107    0.147522    0.182147    1.128579 ^ _351_/Y (sky130_fd_sc_hd__a21oi_1)
                                                         _140_ (net)
                      0.147522    0.000130    1.128709 ^ _354_/A (sky130_fd_sc_hd__or2_1)
     2    0.009965    0.102001    0.167779    1.296488 ^ _354_/X (sky130_fd_sc_hd__or2_1)
                                                         _143_ (net)
                      0.102001    0.000369    1.296857 ^ wire165/A (sky130_fd_sc_hd__clkbuf_1)
     1    0.007857    0.100522    0.136651    1.433508 ^ wire165/X (sky130_fd_sc_hd__clkbuf_1)
                                                         net165 (net)
                      0.100522    0.000375    1.433883 ^ _481_/A (sky130_fd_sc_hd__xnor2_1)
     1    0.002763    0.036754    0.078374    1.512257 v _481_/Y (sky130_fd_sc_hd__xnor2_1)
                                                         acc_core.adder.cla_blocks[3].block.sum[2] (net)
                      0.036754    0.000065    1.512321 v _648_/D (sky130_fd_sc_hd__dfrtp_1)
                                              1.512321   data arrival time

                                  0.000000    0.000000   clock clk (rise edge)
                                  0.000000    0.000000   clock source latency
     1    0.027714    0.130121    0.090093    0.090093 ^ clk (in)
                                                         clk (net)
                      0.130131    0.000000    0.090093 ^ clkbuf_0_clk/A (sky130_fd_sc_hd__clkbuf_16)
     8    0.102463    0.118732    0.216823    0.306916 ^ clkbuf_0_clk/X (sky130_fd_sc_hd__clkbuf_16)
                                                         clknet_0_clk (net)
                      0.118906    0.003070    0.309986 ^ clkbuf_3_6__f_clk/A (sky130_fd_sc_hd__clkbuf_16)
    12    0.039391    0.059250    0.168326    0.478312 ^ clkbuf_3_6__f_clk/X (sky130_fd_sc_hd__clkbuf_16)
                                                         clknet_3_6__leaf_clk (net)
                      0.059259    0.000696    0.479009 ^ _648_/CLK (sky130_fd_sc_hd__dfrtp_1)
                                  0.250000    0.729009   clock uncertainty
                                  0.000000    0.729009   clock reconvergence pessimism
                                 -0.039167    0.689842   library hold time
                                              0.689842   data required time
---------------------------------------------------------------------------------------------
                                              0.689842   data required time
                                             -1.512321   data arrival time
---------------------------------------------------------------------------------------------
                                              0.822479   slack (MET)


Startpoint: _623_ (rising edge-triggered flip-flop clocked by clk)
Endpoint: _655_ (rising edge-triggered flip-flop clocked by clk)
Path Group: clk
Path Type: min

Fanout         Cap        Slew       Delay        Time   Description
---------------------------------------------------------------------------------------------
                                  0.000000    0.000000   clock clk (rise edge)
                                  0.000000    0.000000   clock source latency
     1    0.027714    0.130121    0.090093    0.090093 ^ clk (in)
                                                         clk (net)
                      0.130131    0.000000    0.090093 ^ clkbuf_0_clk/A (sky130_fd_sc_hd__clkbuf_16)
     8    0.102463    0.118732    0.216823    0.306916 ^ clkbuf_0_clk/X (sky130_fd_sc_hd__clkbuf_16)
                                                         clknet_0_clk (net)
                      0.119111    0.005022    0.311938 ^ clkbuf_3_4__f_clk/A (sky130_fd_sc_hd__clkbuf_16)
    12    0.040426    0.060220    0.168731    0.480669 ^ clkbuf_3_4__f_clk/X (sky130_fd_sc_hd__clkbuf_16)
                                                         clknet_3_4__leaf_clk (net)
                      0.060343    0.002289    0.482959 ^ _623_/CLK (sky130_fd_sc_hd__dfrtp_1)
     2    0.006453    0.055823    0.379125    0.862084 v _623_/Q (sky130_fd_sc_hd__dfrtp_1)
                                                         dout0_q[21] (net)
                      0.055823    0.000238    0.862322 v _432_/A2 (sky130_fd_sc_hd__a21oi_1)
     1    0.002939    0.089499    0.141466    1.003787 ^ _432_/Y (sky130_fd_sc_hd__a21oi_1)
                                                         _221_ (net)
                      0.089499    0.000096    1.003883 ^ _434_/A (sky130_fd_sc_hd__or2_1)
     2    0.005490    0.062519    0.122714    1.126597 ^ _434_/X (sky130_fd_sc_hd__or2_1)
                                                         _223_ (net)
                      0.062519    0.000099    1.126695 ^ max_cap145/A (sky130_fd_sc_hd__clkbuf_1)
     2    0.006915    0.089880    0.118715    1.245410 ^ max_cap145/X (sky130_fd_sc_hd__clkbuf_1)
                                                         net145 (net)
                      0.089880    0.000136    1.245546 ^ max_cap144/A (sky130_fd_sc_hd__clkbuf_1)
     1    0.003633    0.053468    0.099770    1.345316 ^ max_cap144/X (sky130_fd_sc_hd__clkbuf_1)
                                                         net144 (net)
                      0.053468    0.000126    1.345443 ^ wire143/A (sky130_fd_sc_hd__clkbuf_1)
     1    0.005142    0.069937    0.102162    1.447604 ^ wire143/X (sky130_fd_sc_hd__clkbuf_1)
                                                         net143 (net)
                      0.069937    0.000122    1.447727 ^ _498_/A (sky130_fd_sc_hd__xor2_1)
     1    0.003606    0.039379    0.069766    1.517492 v _498_/X (sky130_fd_sc_hd__xor2_1)
                                                         acc_core.adder.cla_blocks[5].block.sum[1] (net)
                      0.039379    0.000099    1.517592 v _655_/D (sky130_fd_sc_hd__dfrtp_1)
                                              1.517592   data arrival time

                                  0.000000    0.000000   clock clk (rise edge)
                                  0.000000    0.000000   clock source latency
     1    0.027714    0.130121    0.090093    0.090093 ^ clk (in)
                                                         clk (net)
                      0.130131    0.000000    0.090093 ^ clkbuf_0_clk/A (sky130_fd_sc_hd__clkbuf_16)
     8    0.102463    0.118732    0.216823    0.306916 ^ clkbuf_0_clk/X (sky130_fd_sc_hd__clkbuf_16)
                                                         clknet_0_clk (net)
                      0.119111    0.005022    0.311938 ^ clkbuf_3_4__f_clk/A (sky130_fd_sc_hd__clkbuf_16)
    12    0.040426    0.060220    0.168731    0.480669 ^ clkbuf_3_4__f_clk/X (sky130_fd_sc_hd__clkbuf_16)
                                                         clknet_3_4__leaf_clk (net)
                      0.060309    0.001968    0.482638 ^ _655_/CLK (sky130_fd_sc_hd__dfrtp_1)
                                  0.250000    0.732638   clock uncertainty
                                  0.000000    0.732638   clock reconvergence pessimism
                                 -0.039996    0.692642   library hold time
                                              0.692642   data required time
---------------------------------------------------------------------------------------------
                                              0.692642   data required time
                                             -1.517592   data arrival time
---------------------------------------------------------------------------------------------
                                              0.824950   slack (MET)


Startpoint: _614_ (rising edge-triggered flip-flop clocked by clk)
Endpoint: _647_ (rising edge-triggered flip-flop clocked by clk)
Path Group: clk
Path Type: min

Fanout         Cap        Slew       Delay        Time   Description
---------------------------------------------------------------------------------------------
                                  0.000000    0.000000   clock clk (rise edge)
                                  0.000000    0.000000   clock source latency
     1    0.027714    0.130121    0.090093    0.090093 ^ clk (in)
                                                         clk (net)
                      0.130131    0.000000    0.090093 ^ clkbuf_0_clk/A (sky130_fd_sc_hd__clkbuf_16)
     8    0.102463    0.118732    0.216823    0.306916 ^ clkbuf_0_clk/X (sky130_fd_sc_hd__clkbuf_16)
                                                         clknet_0_clk (net)
                      0.118906    0.003070    0.309986 ^ clkbuf_3_6__f_clk/A (sky130_fd_sc_hd__clkbuf_16)
    12    0.039391    0.059250    0.168326    0.478312 ^ clkbuf_3_6__f_clk/X (sky130_fd_sc_hd__clkbuf_16)
                                                         clknet_3_6__leaf_clk (net)
                      0.059263    0.000814    0.479126 ^ _614_/CLK (sky130_fd_sc_hd__dfrtp_1)
     1    0.003700    0.043755    0.363952    0.843079 v _614_/Q (sky130_fd_sc_hd__dfrtp_1)
                                                         dout0_q[12] (net)
                      0.043755    0.000128    0.843207 v wire575/A (sky130_fd_sc_hd__clkbuf_1)
     2    0.005961    0.043195    0.101725    0.944932 v wire575/X (sky130_fd_sc_hd__clkbuf_1)
                                                         net575 (net)
                      0.043195    0.000142    0.945074 v _359_/C (sky130_fd_sc_hd__nand3_1)
     2    0.007719    0.093518    0.106691    1.051765 ^ _359_/Y (sky130_fd_sc_hd__nand3_1)
                                                         _148_ (net)
                      0.093518    0.000286    1.052051 ^ max_cap332/A (sky130_fd_sc_hd__clkbuf_1)
     2    0.010589    0.131576    0.156043    1.208094 ^ max_cap332/X (sky130_fd_sc_hd__clkbuf_1)
                                                         net332 (net)
                      0.131619    0.000449    1.208543 ^ _477_/A1 (sky130_fd_sc_hd__a21oi_1)
     2    0.008063    0.053143    0.110894    1.319437 v _477_/Y (sky130_fd_sc_hd__a21oi_1)
                                                         _244_ (net)
                      0.053143    0.000249    1.319686 v max_cap98/A (sky130_fd_sc_hd__clkbuf_1)
     1    0.002519    0.025125    0.089418    1.409104 v max_cap98/X (sky130_fd_sc_hd__clkbuf_1)
                                                         net98 (net)
                      0.025125    0.000050    1.409154 v _483_/A (sky130_fd_sc_hd__nor2_1)
     1    0.004820    0.108165    0.113844    1.522998 ^ _483_/Y (sky130_fd_sc_hd__nor2_1)
                                                         acc_core.adder.cla_blocks[3].block.sum[1] (net)
                      0.108165    0.000166    1.523164 ^ _647_/D (sky130_fd_sc_hd__dfrtp_1)
                                              1.523164   data arrival time

                                  0.000000    0.000000   clock clk (rise edge)
                                  0.000000    0.000000   clock source latency
     1    0.027714    0.130121    0.090093    0.090093 ^ clk (in)
                                                         clk (net)
                      0.130131    0.000000    0.090093 ^ clkbuf_0_clk/A (sky130_fd_sc_hd__clkbuf_16)
     8    0.102463    0.118732    0.216823    0.306916 ^ clkbuf_0_clk/X (sky130_fd_sc_hd__clkbuf_16)
                                                         clknet_0_clk (net)
                      0.118906    0.003070    0.309986 ^ clkbuf_3_6__f_clk/A (sky130_fd_sc_hd__clkbuf_16)
    12    0.039391    0.059250    0.168326    0.478312 ^ clkbuf_3_6__f_clk/X (sky130_fd_sc_hd__clkbuf_16)
                                                         clknet_3_6__leaf_clk (net)
                      0.059260    0.000736    0.479048 ^ _647_/CLK (sky130_fd_sc_hd__dfrtp_1)
                                  0.250000    0.729048   clock uncertainty
                                  0.000000    0.729048   clock reconvergence pessimism
                                 -0.046032    0.683016   library hold time
                                              0.683016   data required time
---------------------------------------------------------------------------------------------
                                              0.683016   data required time
                                             -1.523164   data arrival time
---------------------------------------------------------------------------------------------
                                              0.840148   slack (MET)


Startpoint: _610_ (rising edge-triggered flip-flop clocked by clk)
Endpoint: _642_ (rising edge-triggered flip-flop clocked by clk)
Path Group: clk
Path Type: min

Fanout         Cap        Slew       Delay        Time   Description
---------------------------------------------------------------------------------------------
                                  0.000000    0.000000   clock clk (rise edge)
                                  0.000000    0.000000   clock source latency
     1    0.027714    0.130121    0.090093    0.090093 ^ clk (in)
                                                         clk (net)
                      0.130131    0.000000    0.090093 ^ clkbuf_0_clk/A (sky130_fd_sc_hd__clkbuf_16)
     8    0.102463    0.118732    0.216823    0.306916 ^ clkbuf_0_clk/X (sky130_fd_sc_hd__clkbuf_16)
                                                         clknet_0_clk (net)
                      0.118906    0.003070    0.309986 ^ clkbuf_3_6__f_clk/A (sky130_fd_sc_hd__clkbuf_16)
    12    0.039391    0.059250    0.168326    0.478312 ^ clkbuf_3_6__f_clk/X (sky130_fd_sc_hd__clkbuf_16)
                                                         clknet_3_6__leaf_clk (net)
                      0.059275    0.001042    0.479354 ^ _610_/CLK (sky130_fd_sc_hd__dfrtp_1)
     1    0.003770    0.052518    0.326888    0.806242 ^ _610_/Q (sky130_fd_sc_hd__dfrtp_1)
                                                         dout0_q[8] (net)
                      0.052518    0.000105    0.806347 ^ wire579/A (sky130_fd_sc_hd__clkbuf_1)
     2    0.006647    0.086831    0.113809    0.920156 ^ wire579/X (sky130_fd_sc_hd__clkbuf_1)
                                                         net579 (net)
                      0.086831    0.000263    0.920419 ^ _376_/A2 (sky130_fd_sc_hd__a21oi_1)
     2    0.007629    0.054174    0.097124    1.017543 v _376_/Y (sky130_fd_sc_hd__a21oi_1)
                                                         _165_ (net)
                      0.054175    0.000269    1.017812 v _377_/B (sky130_fd_sc_hd__or2_1)
     1    0.004458    0.055491    0.215248    1.233060 v _377_/X (sky130_fd_sc_hd__or2_1)
                                                         _166_ (net)
                      0.055513    0.000177    1.233237 v wire157/A (sky130_fd_sc_hd__clkbuf_1)
     2    0.005022    0.038162    0.102612    1.335850 v wire157/X (sky130_fd_sc_hd__clkbuf_1)
                                                         net157 (net)
                      0.038162    0.000086    1.335935 v max_cap156/A (sky130_fd_sc_hd__clkbuf_1)
     1    0.006213    0.044575    0.100357    1.436292 v max_cap156/X (sky130_fd_sc_hd__clkbuf_1)
                                                         net156 (net)
                      0.044576    0.000255    1.436548 v _476_/A (sky130_fd_sc_hd__xor2_1)
     1    0.002582    0.092886    0.137981    1.574529 ^ _476_/X (sky130_fd_sc_hd__xor2_1)
                                                         acc_core.adder.cla_blocks[2].block.sum[0] (net)
                      0.092886    0.000054    1.574583 ^ _642_/D (sky130_fd_sc_hd__dfrtp_1)
                                              1.574583   data arrival time

                                  0.000000    0.000000   clock clk (rise edge)
                                  0.000000    0.000000   clock source latency
     1    0.027714    0.130121    0.090093    0.090093 ^ clk (in)
                                                         clk (net)
                      0.130131    0.000000    0.090093 ^ clkbuf_0_clk/A (sky130_fd_sc_hd__clkbuf_16)
     8    0.102463    0.118732    0.216823    0.306916 ^ clkbuf_0_clk/X (sky130_fd_sc_hd__clkbuf_16)
                                                         clknet_0_clk (net)
                      0.118918    0.003216    0.310133 ^ clkbuf_3_0__f_clk/A (sky130_fd_sc_hd__clkbuf_16)
     7    0.037478    0.057556    0.166929    0.477062 ^ clkbuf_3_0__f_clk/X (sky130_fd_sc_hd__clkbuf_16)
                                                         clknet_3_0__leaf_clk (net)
                      0.057565    0.000698    0.477760 ^ _642_/CLK (sky130_fd_sc_hd__dfrtp_1)
                                  0.250000    0.727760   clock uncertainty
                                  0.000000    0.727760   clock reconvergence pessimism
                                 -0.043069    0.684691   library hold time
                                              0.684691   data required time
---------------------------------------------------------------------------------------------
                                              0.684691   data required time
                                             -1.574583   data arrival time
---------------------------------------------------------------------------------------------
                                              0.889892   slack (MET)


Startpoint: wr_data[30] (input port clocked by clk)
Endpoint: sram0 (falling edge-triggered flip-flop clocked by clk)
Path Group: clk
Path Type: min

Fanout         Cap        Slew       Delay        Time   Description
---------------------------------------------------------------------------------------------
                                  0.000000    0.000000   clock clk (rise edge)
                                  0.000000    0.000000   clock network delay (propagated)
                                 10.000000   10.000000 v input external delay
     1    0.003790    0.010927    0.006124   10.006124 v wr_data[30] (in)
                                                         wr_data[30] (net)
                      0.010933    0.000000   10.006124 v input33/A (sky130_fd_sc_hd__clkbuf_1)
     1    0.002643    0.025695    0.072190   10.078315 v input33/X (sky130_fd_sc_hd__clkbuf_1)
                                                         net33 (net)
                      0.025695    0.000060   10.078374 v wire636/A (sky130_fd_sc_hd__buf_1)
     1    0.010267    0.065907    0.112661   10.191035 v wire636/X (sky130_fd_sc_hd__buf_1)
                                                         net636 (net)
                      0.087880    0.000496   10.191531 v sram0/din0[30] (sky130_sram_1kbyte_1rw1r_32x256_8)
                                             10.191531   data arrival time

                                  0.000000    0.000000   clock clk (rise edge)
                                  0.000000    0.000000   clock source latency
     1    0.027714    0.130121    0.090093    0.090093 ^ clk (in)
                                                         clk (net)
                      0.130131    0.000000    0.090093 ^ clkbuf_0_clk/A (sky130_fd_sc_hd__clkbuf_16)
     8    0.102463    0.118732    0.216823    0.306916 ^ clkbuf_0_clk/X (sky130_fd_sc_hd__clkbuf_16)
                                                         clknet_0_clk (net)
                      0.119104    0.004968    0.311884 ^ clkbuf_3_2__f_clk/A (sky130_fd_sc_hd__clkbuf_16)
    10    0.046720    0.065801    0.173477    0.485361 ^ clkbuf_3_2__f_clk/X (sky130_fd_sc_hd__clkbuf_16)
                                                         clknet_3_2__leaf_clk (net)
                      0.087827    0.001857    0.487218 ^ sram0/clk0 (sky130_sram_1kbyte_1rw1r_32x256_8)
                                  0.250000    0.737218   clock uncertainty
                                  0.000000    0.737218   clock reconvergence pessimism
                                 -0.056000    0.681218   library hold time
                                              0.681218   data required time
---------------------------------------------------------------------------------------------
                                              0.681218   data required time
                                            -10.191531   data arrival time
---------------------------------------------------------------------------------------------
                                              9.510314   slack (MET)


Startpoint: wr_data[27] (input port clocked by clk)
Endpoint: sram0 (falling edge-triggered flip-flop clocked by clk)
Path Group: clk
Path Type: min

Fanout         Cap        Slew       Delay        Time   Description
---------------------------------------------------------------------------------------------
                                  0.000000    0.000000   clock clk (rise edge)
                                  0.000000    0.000000   clock network delay (propagated)
                                 10.000000   10.000000 v input external delay
     1    0.003332    0.009870    0.005344   10.005344 v wr_data[27] (in)
                                                         wr_data[27] (net)
                      0.009870    0.000000   10.005344 v input29/A (sky130_fd_sc_hd__clkbuf_1)
     1    0.003547    0.030303    0.076427   10.081771 v input29/X (sky130_fd_sc_hd__clkbuf_1)
                                                         net29 (net)
                      0.030303    0.000124   10.081896 v wire642/A (sky130_fd_sc_hd__buf_1)
     1    0.009379    0.061020    0.111029   10.192925 v wire642/X (sky130_fd_sc_hd__buf_1)
                                                         net642 (net)
                      0.081361    0.000327   10.193252 v sram0/din0[27] (sky130_sram_1kbyte_1rw1r_32x256_8)
                                             10.193252   data arrival time

                                  0.000000    0.000000   clock clk (rise edge)
                                  0.000000    0.000000   clock source latency
     1    0.027714    0.130121    0.090093    0.090093 ^ clk (in)
                                                         clk (net)
                      0.130131    0.000000    0.090093 ^ clkbuf_0_clk/A (sky130_fd_sc_hd__clkbuf_16)
     8    0.102463    0.118732    0.216823    0.306916 ^ clkbuf_0_clk/X (sky130_fd_sc_hd__clkbuf_16)
                                                         clknet_0_clk (net)
                      0.119104    0.004968    0.311884 ^ clkbuf_3_2__f_clk/A (sky130_fd_sc_hd__clkbuf_16)
    10    0.046720    0.065801    0.173477    0.485361 ^ clkbuf_3_2__f_clk/X (sky130_fd_sc_hd__clkbuf_16)
                                                         clknet_3_2__leaf_clk (net)
                      0.087827    0.001857    0.487218 ^ sram0/clk0 (sky130_sram_1kbyte_1rw1r_32x256_8)
                                  0.250000    0.737218   clock uncertainty
                                  0.000000    0.737218   clock reconvergence pessimism
                                 -0.056000    0.681218   library hold time
                                              0.681218   data required time
---------------------------------------------------------------------------------------------
                                              0.681218   data required time
                                            -10.193252   data arrival time
---------------------------------------------------------------------------------------------
                                              9.512034   slack (MET)


Startpoint: wr_data[25] (input port clocked by clk)
Endpoint: sram0 (falling edge-triggered flip-flop clocked by clk)
Path Group: clk
Path Type: min

Fanout         Cap        Slew       Delay        Time   Description
---------------------------------------------------------------------------------------------
                                  0.000000    0.000000   clock clk (rise edge)
                                  0.000000    0.000000   clock network delay (propagated)
                                 10.000000   10.000000 v input external delay
     1    0.003411    0.010052    0.005478   10.005479 v wr_data[25] (in)
                                                         wr_data[25] (net)
                      0.010052    0.000000   10.005479 v input27/A (sky130_fd_sc_hd__clkbuf_1)
     1    0.003041    0.027718    0.074042   10.079520 v input27/X (sky130_fd_sc_hd__clkbuf_1)
                                                         net27 (net)
                      0.027718    0.000097   10.079618 v wire644/A (sky130_fd_sc_hd__buf_1)
     1    0.010258    0.065861    0.113531   10.193149 v wire644/X (sky130_fd_sc_hd__buf_1)
                                                         net644 (net)
                      0.087818    0.000457   10.193605 v sram0/din0[25] (sky130_sram_1kbyte_1rw1r_32x256_8)
                                             10.193605   data arrival time

                                  0.000000    0.000000   clock clk (rise edge)
                                  0.000000    0.000000   clock source latency
     1    0.027714    0.130121    0.090093    0.090093 ^ clk (in)
                                                         clk (net)
                      0.130131    0.000000    0.090093 ^ clkbuf_0_clk/A (sky130_fd_sc_hd__clkbuf_16)
     8    0.102463    0.118732    0.216823    0.306916 ^ clkbuf_0_clk/X (sky130_fd_sc_hd__clkbuf_16)
                                                         clknet_0_clk (net)
                      0.119104    0.004968    0.311884 ^ clkbuf_3_2__f_clk/A (sky130_fd_sc_hd__clkbuf_16)
    10    0.046720    0.065801    0.173477    0.485361 ^ clkbuf_3_2__f_clk/X (sky130_fd_sc_hd__clkbuf_16)
                                                         clknet_3_2__leaf_clk (net)
                      0.087827    0.001857    0.487218 ^ sram0/clk0 (sky130_sram_1kbyte_1rw1r_32x256_8)
                                  0.250000    0.737218   clock uncertainty
                                  0.000000    0.737218   clock reconvergence pessimism
                                 -0.056000    0.681218   library hold time
                                              0.681218   data required time
---------------------------------------------------------------------------------------------
                                              0.681218   data required time
                                            -10.193605   data arrival time
---------------------------------------------------------------------------------------------
                                              9.512387   slack (MET)


Startpoint: wr_data[2] (input port clocked by clk)
Endpoint: sram0 (falling edge-triggered flip-flop clocked by clk)
Path Group: clk
Path Type: min

Fanout         Cap        Slew       Delay        Time   Description
---------------------------------------------------------------------------------------------
                                  0.000000    0.000000   clock clk (rise edge)
                                  0.000000    0.000000   clock network delay (propagated)
                                 10.000000   10.000000 v input external delay
     1    0.004780    0.013154    0.007787   10.007787 v wr_data[2] (in)
                                                         wr_data[2] (net)
                      0.013156    0.000000   10.007787 v input32/A (sky130_fd_sc_hd__clkbuf_1)
     1    0.002378    0.024345    0.071571   10.079358 v input32/X (sky130_fd_sc_hd__clkbuf_1)
                                                         net32 (net)
                      0.024345    0.000051   10.079409 v wire637/A (sky130_fd_sc_hd__buf_1)
     1    0.011359    0.071923    0.116647   10.196055 v wire637/X (sky130_fd_sc_hd__buf_1)
                                                         net637 (net)
                      0.095901    0.000529   10.196586 v sram0/din0[2] (sky130_sram_1kbyte_1rw1r_32x256_8)
                                             10.196586   data arrival time

                                  0.000000    0.000000   clock clk (rise edge)
                                  0.000000    0.000000   clock source latency
     1    0.027714    0.130121    0.090093    0.090093 ^ clk (in)
                                                         clk (net)
                      0.130131    0.000000    0.090093 ^ clkbuf_0_clk/A (sky130_fd_sc_hd__clkbuf_16)
     8    0.102463    0.118732    0.216823    0.306916 ^ clkbuf_0_clk/X (sky130_fd_sc_hd__clkbuf_16)
                                                         clknet_0_clk (net)
                      0.119104    0.004968    0.311884 ^ clkbuf_3_2__f_clk/A (sky130_fd_sc_hd__clkbuf_16)
    10    0.046720    0.065801    0.173477    0.485361 ^ clkbuf_3_2__f_clk/X (sky130_fd_sc_hd__clkbuf_16)
                                                         clknet_3_2__leaf_clk (net)
                      0.087827    0.001857    0.487218 ^ sram0/clk0 (sky130_sram_1kbyte_1rw1r_32x256_8)
                                  0.250000    0.737218   clock uncertainty
                                  0.000000    0.737218   clock reconvergence pessimism
                                 -0.056000    0.681218   library hold time
                                              0.681218   data required time
---------------------------------------------------------------------------------------------
                                              0.681218   data required time
                                            -10.196586   data arrival time
---------------------------------------------------------------------------------------------
                                              9.515368   slack (MET)


Startpoint: wr_data[24] (input port clocked by clk)
Endpoint: sram0 (falling edge-triggered flip-flop clocked by clk)
Path Group: clk
Path Type: min

Fanout         Cap        Slew       Delay        Time   Description
---------------------------------------------------------------------------------------------
                                  0.000000    0.000000   clock clk (rise edge)
                                  0.000000    0.000000   clock network delay (propagated)
                                 10.000000   10.000000 v input external delay
     1    0.003986    0.011380    0.006459   10.006459 v wr_data[24] (in)
                                                         wr_data[24] (net)
                      0.011386    0.000000   10.006459 v input26/A (sky130_fd_sc_hd__clkbuf_1)
     1    0.003579    0.030480    0.077146   10.083606 v input26/X (sky130_fd_sc_hd__clkbuf_1)
                                                         net26 (net)
                      0.030481    0.000127   10.083733 v wire645/A (sky130_fd_sc_hd__buf_1)
     1    0.009783    0.063238    0.112818   10.196550 v wire645/X (sky130_fd_sc_hd__buf_1)
                                                         net645 (net)
                      0.084318    0.000320   10.196870 v sram0/din0[24] (sky130_sram_1kbyte_1rw1r_32x256_8)
                                             10.196870   data arrival time

                                  0.000000    0.000000   clock clk (rise edge)
                                  0.000000    0.000000   clock source latency
     1    0.027714    0.130121    0.090093    0.090093 ^ clk (in)
                                                         clk (net)
                      0.130131    0.000000    0.090093 ^ clkbuf_0_clk/A (sky130_fd_sc_hd__clkbuf_16)
     8    0.102463    0.118732    0.216823    0.306916 ^ clkbuf_0_clk/X (sky130_fd_sc_hd__clkbuf_16)
                                                         clknet_0_clk (net)
                      0.119104    0.004968    0.311884 ^ clkbuf_3_2__f_clk/A (sky130_fd_sc_hd__clkbuf_16)
    10    0.046720    0.065801    0.173477    0.485361 ^ clkbuf_3_2__f_clk/X (sky130_fd_sc_hd__clkbuf_16)
                                                         clknet_3_2__leaf_clk (net)
                      0.087827    0.001857    0.487218 ^ sram0/clk0 (sky130_sram_1kbyte_1rw1r_32x256_8)
                                  0.250000    0.737218   clock uncertainty
                                  0.000000    0.737218   clock reconvergence pessimism
                                 -0.056000    0.681218   library hold time
                                              0.681218   data required time
---------------------------------------------------------------------------------------------
                                              0.681218   data required time
                                            -10.196870   data arrival time
---------------------------------------------------------------------------------------------
                                              9.515653   slack (MET)


Startpoint: wr_data[26] (input port clocked by clk)
Endpoint: sram0 (falling edge-triggered flip-flop clocked by clk)
Path Group: clk
Path Type: min

Fanout         Cap        Slew       Delay        Time   Description
---------------------------------------------------------------------------------------------
                                  0.000000    0.000000   clock clk (rise edge)
                                  0.000000    0.000000   clock network delay (propagated)
                                 10.000000   10.000000 v input external delay
     1    0.003336    0.009878    0.005350   10.005351 v wr_data[26] (in)
                                                         wr_data[26] (net)
                      0.009879    0.000000   10.005351 v input28/A (sky130_fd_sc_hd__clkbuf_1)
     1    0.003835    0.031788    0.077746   10.083097 v input28/X (sky130_fd_sc_hd__clkbuf_1)
                                                         net28 (net)
                      0.031788    0.000140   10.083237 v wire643/A (sky130_fd_sc_hd__buf_1)
     1    0.009781    0.063250    0.113329   10.196566 v wire643/X (sky130_fd_sc_hd__buf_1)
                                                         net643 (net)
                      0.084336    0.000433   10.196999 v sram0/din0[26] (sky130_sram_1kbyte_1rw1r_32x256_8)
                                             10.196999   data arrival time

                                  0.000000    0.000000   clock clk (rise edge)
                                  0.000000    0.000000   clock source latency
     1    0.027714    0.130121    0.090093    0.090093 ^ clk (in)
                                                         clk (net)
                      0.130131    0.000000    0.090093 ^ clkbuf_0_clk/A (sky130_fd_sc_hd__clkbuf_16)
     8    0.102463    0.118732    0.216823    0.306916 ^ clkbuf_0_clk/X (sky130_fd_sc_hd__clkbuf_16)
                                                         clknet_0_clk (net)
                      0.119104    0.004968    0.311884 ^ clkbuf_3_2__f_clk/A (sky130_fd_sc_hd__clkbuf_16)
    10    0.046720    0.065801    0.173477    0.485361 ^ clkbuf_3_2__f_clk/X (sky130_fd_sc_hd__clkbuf_16)
                                                         clknet_3_2__leaf_clk (net)
                      0.087827    0.001857    0.487218 ^ sram0/clk0 (sky130_sram_1kbyte_1rw1r_32x256_8)
                                  0.250000    0.737218   clock uncertainty
                                  0.000000    0.737218   clock reconvergence pessimism
                                 -0.056000    0.681218   library hold time
                                              0.681218   data required time
---------------------------------------------------------------------------------------------
                                              0.681218   data required time
                                            -10.196999   data arrival time
---------------------------------------------------------------------------------------------
                                              9.515780   slack (MET)


Startpoint: wr_data[0] (input port clocked by clk)
Endpoint: sram0 (falling edge-triggered flip-flop clocked by clk)
Path Group: clk
Path Type: min

Fanout         Cap        Slew       Delay        Time   Description
---------------------------------------------------------------------------------------------
                                  0.000000    0.000000   clock clk (rise edge)
                                  0.000000    0.000000   clock network delay (propagated)
                                 10.000000   10.000000 v input external delay
     1    0.004403    0.012345    0.007172   10.007173 v wr_data[0] (in)
                                                         wr_data[0] (net)
                      0.012347    0.000000   10.007173 v input10/A (sky130_fd_sc_hd__clkbuf_1)
     1    0.003659    0.030898    0.077880   10.085052 v input10/X (sky130_fd_sc_hd__clkbuf_1)
                                                         net10 (net)
                      0.030898    0.000125   10.085177 v wire663/A (sky130_fd_sc_hd__buf_1)
     1    0.009491    0.061650    0.111727   10.196904 v wire663/X (sky130_fd_sc_hd__buf_1)
                                                         net663 (net)
                      0.082202    0.000403   10.197308 v sram0/din0[0] (sky130_sram_1kbyte_1rw1r_32x256_8)
                                             10.197308   data arrival time

                                  0.000000    0.000000   clock clk (rise edge)
                                  0.000000    0.000000   clock source latency
     1    0.027714    0.130121    0.090093    0.090093 ^ clk (in)
                                                         clk (net)
                      0.130131    0.000000    0.090093 ^ clkbuf_0_clk/A (sky130_fd_sc_hd__clkbuf_16)
     8    0.102463    0.118732    0.216823    0.306916 ^ clkbuf_0_clk/X (sky130_fd_sc_hd__clkbuf_16)
                                                         clknet_0_clk (net)
                      0.119104    0.004968    0.311884 ^ clkbuf_3_2__f_clk/A (sky130_fd_sc_hd__clkbuf_16)
    10    0.046720    0.065801    0.173477    0.485361 ^ clkbuf_3_2__f_clk/X (sky130_fd_sc_hd__clkbuf_16)
                                                         clknet_3_2__leaf_clk (net)
                      0.087827    0.001857    0.487218 ^ sram0/clk0 (sky130_sram_1kbyte_1rw1r_32x256_8)
                                  0.250000    0.737218   clock uncertainty
                                  0.000000    0.737218   clock reconvergence pessimism
                                 -0.056000    0.681218   library hold time
                                              0.681218   data required time
---------------------------------------------------------------------------------------------
                                              0.681218   data required time
                                            -10.197308   data arrival time
---------------------------------------------------------------------------------------------
                                              9.516089   slack (MET)


Startpoint: wr_data[23] (input port clocked by clk)
Endpoint: sram0 (falling edge-triggered flip-flop clocked by clk)
Path Group: clk
Path Type: min

Fanout         Cap        Slew       Delay        Time   Description
---------------------------------------------------------------------------------------------
                                  0.000000    0.000000   clock clk (rise edge)
                                  0.000000    0.000000   clock network delay (propagated)
                                 10.000000   10.000000 v input external delay
     1    0.004461    0.012469    0.007267   10.007267 v wr_data[23] (in)
                                                         wr_data[23] (net)
                      0.012471    0.000000   10.007267 v input25/A (sky130_fd_sc_hd__clkbuf_1)
     1    0.003294    0.029036    0.076264   10.083531 v input25/X (sky130_fd_sc_hd__clkbuf_1)
                                                         net25 (net)
                      0.029036    0.000085   10.083617 v wire646/A (sky130_fd_sc_hd__buf_1)
     1    0.010220    0.065655    0.113951   10.197568 v wire646/X (sky130_fd_sc_hd__buf_1)
                                                         net646 (net)
                      0.087543    0.000458   10.198026 v sram0/din0[23] (sky130_sram_1kbyte_1rw1r_32x256_8)
                                             10.198026   data arrival time

                                  0.000000    0.000000   clock clk (rise edge)
                                  0.000000    0.000000   clock source latency
     1    0.027714    0.130121    0.090093    0.090093 ^ clk (in)
                                                         clk (net)
                      0.130131    0.000000    0.090093 ^ clkbuf_0_clk/A (sky130_fd_sc_hd__clkbuf_16)
     8    0.102463    0.118732    0.216823    0.306916 ^ clkbuf_0_clk/X (sky130_fd_sc_hd__clkbuf_16)
                                                         clknet_0_clk (net)
                      0.119104    0.004968    0.311884 ^ clkbuf_3_2__f_clk/A (sky130_fd_sc_hd__clkbuf_16)
    10    0.046720    0.065801    0.173477    0.485361 ^ clkbuf_3_2__f_clk/X (sky130_fd_sc_hd__clkbuf_16)
                                                         clknet_3_2__leaf_clk (net)
                      0.087827    0.001857    0.487218 ^ sram0/clk0 (sky130_sram_1kbyte_1rw1r_32x256_8)
                                  0.250000    0.737218   clock uncertainty
                                  0.000000    0.737218   clock reconvergence pessimism
                                 -0.056000    0.681218   library hold time
                                              0.681218   data required time
---------------------------------------------------------------------------------------------
                                              0.681218   data required time
                                            -10.198026   data arrival time
---------------------------------------------------------------------------------------------
                                              9.516809   slack (MET)


Startpoint: wr_data[14] (input port clocked by clk)
Endpoint: sram0 (falling edge-triggered flip-flop clocked by clk)
Path Group: clk
Path Type: min

Fanout         Cap        Slew       Delay        Time   Description
---------------------------------------------------------------------------------------------
                                  0.000000    0.000000   clock clk (rise edge)
                                  0.000000    0.000000   clock network delay (propagated)
                                 10.000000   10.000000 v input external delay
     1    0.004344    0.012193    0.007073   10.007073 v wr_data[14] (in)
                                                         wr_data[14] (net)
                      0.012195    0.000000   10.007073 v input15/A (sky130_fd_sc_hd__clkbuf_1)
     1    0.003184    0.028464    0.075641   10.082714 v input15/X (sky130_fd_sc_hd__clkbuf_1)
                                                         net15 (net)
                      0.028464    0.000081   10.082795 v wire658/A (sky130_fd_sc_hd__buf_1)
     1    0.010498    0.067151    0.114954   10.197749 v wire658/X (sky130_fd_sc_hd__buf_1)
                                                         net658 (net)
                      0.089535    0.000304   10.198053 v sram0/din0[14] (sky130_sram_1kbyte_1rw1r_32x256_8)
                                             10.198053   data arrival time

                                  0.000000    0.000000   clock clk (rise edge)
                                  0.000000    0.000000   clock source latency
     1    0.027714    0.130121    0.090093    0.090093 ^ clk (in)
                                                         clk (net)
                      0.130131    0.000000    0.090093 ^ clkbuf_0_clk/A (sky130_fd_sc_hd__clkbuf_16)
     8    0.102463    0.118732    0.216823    0.306916 ^ clkbuf_0_clk/X (sky130_fd_sc_hd__clkbuf_16)
                                                         clknet_0_clk (net)
                      0.119104    0.004968    0.311884 ^ clkbuf_3_2__f_clk/A (sky130_fd_sc_hd__clkbuf_16)
    10    0.046720    0.065801    0.173477    0.485361 ^ clkbuf_3_2__f_clk/X (sky130_fd_sc_hd__clkbuf_16)
                                                         clknet_3_2__leaf_clk (net)
                      0.087827    0.001857    0.487218 ^ sram0/clk0 (sky130_sram_1kbyte_1rw1r_32x256_8)
                                  0.250000    0.737218   clock uncertainty
                                  0.000000    0.737218   clock reconvergence pessimism
                                 -0.056000    0.681218   library hold time
                                              0.681218   data required time
---------------------------------------------------------------------------------------------
                                              0.681218   data required time
                                            -10.198053   data arrival time
---------------------------------------------------------------------------------------------
                                              9.516835   slack (MET)


Startpoint: wr_data[29] (input port clocked by clk)
Endpoint: sram0 (falling edge-triggered flip-flop clocked by clk)
Path Group: clk
Path Type: min

Fanout         Cap        Slew       Delay        Time   Description
---------------------------------------------------------------------------------------------
                                  0.000000    0.000000   clock clk (rise edge)
                                  0.000000    0.000000   clock network delay (propagated)
                                 10.000000   10.000000 v input external delay
     1    0.003748    0.010830    0.006052   10.006052 v wr_data[29] (in)
                                                         wr_data[29] (net)
                      0.010836    0.000000   10.006052 v input31/A (sky130_fd_sc_hd__clkbuf_1)
     1    0.004066    0.032998    0.079168   10.085220 v input31/X (sky130_fd_sc_hd__clkbuf_1)
                                                         net31 (net)
                      0.032998    0.000150   10.085370 v wire638/A (sky130_fd_sc_hd__buf_1)
     1    0.009479    0.061582    0.112636   10.198007 v wire638/X (sky130_fd_sc_hd__buf_1)
                                                         net638 (net)
                      0.082110    0.000333   10.198339 v sram0/din0[29] (sky130_sram_1kbyte_1rw1r_32x256_8)
                                             10.198339   data arrival time

                                  0.000000    0.000000   clock clk (rise edge)
                                  0.000000    0.000000   clock source latency
     1    0.027714    0.130121    0.090093    0.090093 ^ clk (in)
                                                         clk (net)
                      0.130131    0.000000    0.090093 ^ clkbuf_0_clk/A (sky130_fd_sc_hd__clkbuf_16)
     8    0.102463    0.118732    0.216823    0.306916 ^ clkbuf_0_clk/X (sky130_fd_sc_hd__clkbuf_16)
                                                         clknet_0_clk (net)
                      0.119104    0.004968    0.311884 ^ clkbuf_3_2__f_clk/A (sky130_fd_sc_hd__clkbuf_16)
    10    0.046720    0.065801    0.173477    0.485361 ^ clkbuf_3_2__f_clk/X (sky130_fd_sc_hd__clkbuf_16)
                                                         clknet_3_2__leaf_clk (net)
                      0.087827    0.001857    0.487218 ^ sram0/clk0 (sky130_sram_1kbyte_1rw1r_32x256_8)
                                  0.250000    0.737218   clock uncertainty
                                  0.000000    0.737218   clock reconvergence pessimism
                                 -0.056000    0.681218   library hold time
                                              0.681218   data required time
---------------------------------------------------------------------------------------------
                                              0.681218   data required time
                                            -10.198339   data arrival time
---------------------------------------------------------------------------------------------
                                              9.517121   slack (MET)


Startpoint: wr_data[22] (input port clocked by clk)
Endpoint: sram0 (falling edge-triggered flip-flop clocked by clk)
Path Group: clk
Path Type: min

Fanout         Cap        Slew       Delay        Time   Description
---------------------------------------------------------------------------------------------
                                  0.000000    0.000000   clock clk (rise edge)
                                  0.000000    0.000000   clock network delay (propagated)
                                 10.000000   10.000000 v input external delay
     1    0.003700    0.010719    0.005970   10.005971 v wr_data[22] (in)
                                                         wr_data[22] (net)
                      0.010724    0.000000   10.005971 v input24/A (sky130_fd_sc_hd__clkbuf_1)
     1    0.004183    0.033608    0.079661   10.085631 v input24/X (sky130_fd_sc_hd__clkbuf_1)
                                                         net24 (net)
                      0.033608    0.000155   10.085787 v wire647/A (sky130_fd_sc_hd__buf_1)
     1    0.009434    0.061334    0.112713   10.198500 v wire647/X (sky130_fd_sc_hd__buf_1)
                                                         net647 (net)
                      0.081780    0.000330   10.198831 v sram0/din0[22] (sky130_sram_1kbyte_1rw1r_32x256_8)
                                             10.198831   data arrival time

                                  0.000000    0.000000   clock clk (rise edge)
                                  0.000000    0.000000   clock source latency
     1    0.027714    0.130121    0.090093    0.090093 ^ clk (in)
                                                         clk (net)
                      0.130131    0.000000    0.090093 ^ clkbuf_0_clk/A (sky130_fd_sc_hd__clkbuf_16)
     8    0.102463    0.118732    0.216823    0.306916 ^ clkbuf_0_clk/X (sky130_fd_sc_hd__clkbuf_16)
                                                         clknet_0_clk (net)
                      0.119104    0.004968    0.311884 ^ clkbuf_3_2__f_clk/A (sky130_fd_sc_hd__clkbuf_16)
    10    0.046720    0.065801    0.173477    0.485361 ^ clkbuf_3_2__f_clk/X (sky130_fd_sc_hd__clkbuf_16)
                                                         clknet_3_2__leaf_clk (net)
                      0.087827    0.001857    0.487218 ^ sram0/clk0 (sky130_sram_1kbyte_1rw1r_32x256_8)
                                  0.250000    0.737218   clock uncertainty
                                  0.000000    0.737218   clock reconvergence pessimism
                                 -0.056000    0.681218   library hold time
                                              0.681218   data required time
---------------------------------------------------------------------------------------------
                                              0.681218   data required time
                                            -10.198831   data arrival time
---------------------------------------------------------------------------------------------
                                              9.517612   slack (MET)


Startpoint: wr_data[28] (input port clocked by clk)
Endpoint: sram0 (falling edge-triggered flip-flop clocked by clk)
Path Group: clk
Path Type: min

Fanout         Cap        Slew       Delay        Time   Description
---------------------------------------------------------------------------------------------
                                  0.000000    0.000000   clock clk (rise edge)
                                  0.000000    0.000000   clock network delay (propagated)
                                 10.000000   10.000000 v input external delay
     1    0.003155    0.009456    0.005042   10.005042 v wr_data[28] (in)
                                                         wr_data[28] (net)
                      0.009457    0.000000   10.005042 v input30/A (sky130_fd_sc_hd__clkbuf_1)
     1    0.003824    0.031728    0.077531   10.082573 v input30/X (sky130_fd_sc_hd__clkbuf_1)
                                                         net30 (net)
                      0.031728    0.000143   10.082716 v wire639/A (sky130_fd_sc_hd__buf_1)
     1    0.010364    0.066458    0.115734   10.198450 v wire639/X (sky130_fd_sc_hd__buf_1)
                                                         net639 (net)
                      0.088613    0.000478   10.198928 v sram0/din0[28] (sky130_sram_1kbyte_1rw1r_32x256_8)
                                             10.198928   data arrival time

                                  0.000000    0.000000   clock clk (rise edge)
                                  0.000000    0.000000   clock source latency
     1    0.027714    0.130121    0.090093    0.090093 ^ clk (in)
                                                         clk (net)
                      0.130131    0.000000    0.090093 ^ clkbuf_0_clk/A (sky130_fd_sc_hd__clkbuf_16)
     8    0.102463    0.118732    0.216823    0.306916 ^ clkbuf_0_clk/X (sky130_fd_sc_hd__clkbuf_16)
                                                         clknet_0_clk (net)
                      0.119104    0.004968    0.311884 ^ clkbuf_3_2__f_clk/A (sky130_fd_sc_hd__clkbuf_16)
    10    0.046720    0.065801    0.173477    0.485361 ^ clkbuf_3_2__f_clk/X (sky130_fd_sc_hd__clkbuf_16)
                                                         clknet_3_2__leaf_clk (net)
                      0.087827    0.001857    0.487218 ^ sram0/clk0 (sky130_sram_1kbyte_1rw1r_32x256_8)
                                  0.250000    0.737218   clock uncertainty
                                  0.000000    0.737218   clock reconvergence pessimism
                                 -0.056000    0.681218   library hold time
                                              0.681218   data required time
---------------------------------------------------------------------------------------------
                                              0.681218   data required time
                                            -10.198928   data arrival time
---------------------------------------------------------------------------------------------
                                              9.517711   slack (MET)


Startpoint: wr_data[31] (input port clocked by clk)
Endpoint: sram0 (falling edge-triggered flip-flop clocked by clk)
Path Group: clk
Path Type: min

Fanout         Cap        Slew       Delay        Time   Description
---------------------------------------------------------------------------------------------
                                  0.000000    0.000000   clock clk (rise edge)
                                  0.000000    0.000000   clock network delay (propagated)
                                 10.000000   10.000000 v input external delay
     1    0.003930    0.011250    0.006363   10.006363 v wr_data[31] (in)
                                                         wr_data[31] (net)
                      0.011256    0.000000   10.006363 v input34/A (sky130_fd_sc_hd__clkbuf_1)
     1    0.004022    0.032773    0.079121   10.085484 v input34/X (sky130_fd_sc_hd__clkbuf_1)
                                                         net34 (net)
                      0.032773    0.000154   10.085637 v wire635/A (sky130_fd_sc_hd__buf_1)
     1    0.009753    0.063092    0.113661   10.199299 v wire635/X (sky130_fd_sc_hd__buf_1)
                                                         net635 (net)
                      0.084124    0.000392   10.199690 v sram0/din0[31] (sky130_sram_1kbyte_1rw1r_32x256_8)
                                             10.199690   data arrival time

                                  0.000000    0.000000   clock clk (rise edge)
                                  0.000000    0.000000   clock source latency
     1    0.027714    0.130121    0.090093    0.090093 ^ clk (in)
                                                         clk (net)
                      0.130131    0.000000    0.090093 ^ clkbuf_0_clk/A (sky130_fd_sc_hd__clkbuf_16)
     8    0.102463    0.118732    0.216823    0.306916 ^ clkbuf_0_clk/X (sky130_fd_sc_hd__clkbuf_16)
                                                         clknet_0_clk (net)
                      0.119104    0.004968    0.311884 ^ clkbuf_3_2__f_clk/A (sky130_fd_sc_hd__clkbuf_16)
    10    0.046720    0.065801    0.173477    0.485361 ^ clkbuf_3_2__f_clk/X (sky130_fd_sc_hd__clkbuf_16)
                                                         clknet_3_2__leaf_clk (net)
                      0.087827    0.001857    0.487218 ^ sram0/clk0 (sky130_sram_1kbyte_1rw1r_32x256_8)
                                  0.250000    0.737218   clock uncertainty
                                  0.000000    0.737218   clock reconvergence pessimism
                                 -0.056000    0.681218   library hold time
                                              0.681218   data required time
---------------------------------------------------------------------------------------------
                                              0.681218   data required time
                                            -10.199690   data arrival time
---------------------------------------------------------------------------------------------
                                              9.518473   slack (MET)


Startpoint: wr_data[1] (input port clocked by clk)
Endpoint: sram0 (falling edge-triggered flip-flop clocked by clk)
Path Group: clk
Path Type: min

Fanout         Cap        Slew       Delay        Time   Description
---------------------------------------------------------------------------------------------
                                  0.000000    0.000000   clock clk (rise edge)
                                  0.000000    0.000000   clock network delay (propagated)
                                 10.000000   10.000000 v input external delay
     1    0.004332    0.012165    0.007052   10.007052 v wr_data[1] (in)
                                                         wr_data[1] (net)
                      0.012166    0.000000   10.007052 v input21/A (sky130_fd_sc_hd__clkbuf_1)
     1    0.003646    0.030829    0.077748   10.084801 v input21/X (sky130_fd_sc_hd__clkbuf_1)
                                                         net21 (net)
                      0.030829    0.000128   10.084929 v wire650/A (sky130_fd_sc_hd__buf_1)
     1    0.010871    0.069240    0.117477   10.202405 v wire650/X (sky130_fd_sc_hd__buf_1)
                                                         net650 (net)
                      0.092322    0.000467   10.202872 v sram0/din0[1] (sky130_sram_1kbyte_1rw1r_32x256_8)
                                             10.202872   data arrival time

                                  0.000000    0.000000   clock clk (rise edge)
                                  0.000000    0.000000   clock source latency
     1    0.027714    0.130121    0.090093    0.090093 ^ clk (in)
                                                         clk (net)
                      0.130131    0.000000    0.090093 ^ clkbuf_0_clk/A (sky130_fd_sc_hd__clkbuf_16)
     8    0.102463    0.118732    0.216823    0.306916 ^ clkbuf_0_clk/X (sky130_fd_sc_hd__clkbuf_16)
                                                         clknet_0_clk (net)
                      0.119104    0.004968    0.311884 ^ clkbuf_3_2__f_clk/A (sky130_fd_sc_hd__clkbuf_16)
    10    0.046720    0.065801    0.173477    0.485361 ^ clkbuf_3_2__f_clk/X (sky130_fd_sc_hd__clkbuf_16)
                                                         clknet_3_2__leaf_clk (net)
                      0.087827    0.001857    0.487218 ^ sram0/clk0 (sky130_sram_1kbyte_1rw1r_32x256_8)
                                  0.250000    0.737218   clock uncertainty
                                  0.000000    0.737218   clock reconvergence pessimism
                                 -0.056000    0.681218   library hold time
                                              0.681218   data required time
---------------------------------------------------------------------------------------------
                                              0.681218   data required time
                                            -10.202872   data arrival time
---------------------------------------------------------------------------------------------
                                              9.521655   slack (MET)


Startpoint: wr_data[15] (input port clocked by clk)
Endpoint: sram0 (falling edge-triggered flip-flop clocked by clk)
Path Group: clk
Path Type: min

Fanout         Cap        Slew       Delay        Time   Description
---------------------------------------------------------------------------------------------
                                  0.000000    0.000000   clock clk (rise edge)
                                  0.000000    0.000000   clock network delay (propagated)
                                 10.000000   10.000000 v input external delay
     1    0.004798    0.013195    0.007822   10.007822 v wr_data[15] (in)
                                                         wr_data[15] (net)
                      0.013197    0.000000   10.007822 v input16/A (sky130_fd_sc_hd__clkbuf_1)
     1    0.003962    0.032475    0.079582   10.087404 v input16/X (sky130_fd_sc_hd__clkbuf_1)
                                                         net16 (net)
                      0.032475    0.000151   10.087555 v wire657/A (sky130_fd_sc_hd__buf_1)
     1    0.010675    0.068152    0.117430   10.204985 v wire657/X (sky130_fd_sc_hd__buf_1)
                                                         net657 (net)
                      0.090871    0.000370   10.205355 v sram0/din0[15] (sky130_sram_1kbyte_1rw1r_32x256_8)
                                             10.205355   data arrival time

                                  0.000000    0.000000   clock clk (rise edge)
                                  0.000000    0.000000   clock source latency
     1    0.027714    0.130121    0.090093    0.090093 ^ clk (in)
                                                         clk (net)
                      0.130131    0.000000    0.090093 ^ clkbuf_0_clk/A (sky130_fd_sc_hd__clkbuf_16)
     8    0.102463    0.118732    0.216823    0.306916 ^ clkbuf_0_clk/X (sky130_fd_sc_hd__clkbuf_16)
                                                         clknet_0_clk (net)
                      0.119104    0.004968    0.311884 ^ clkbuf_3_2__f_clk/A (sky130_fd_sc_hd__clkbuf_16)
    10    0.046720    0.065801    0.173477    0.485361 ^ clkbuf_3_2__f_clk/X (sky130_fd_sc_hd__clkbuf_16)
                                                         clknet_3_2__leaf_clk (net)
                      0.087827    0.001857    0.487218 ^ sram0/clk0 (sky130_sram_1kbyte_1rw1r_32x256_8)
                                  0.250000    0.737218   clock uncertainty
                                  0.000000    0.737218   clock reconvergence pessimism
                                 -0.056000    0.681218   library hold time
                                              0.681218   data required time
---------------------------------------------------------------------------------------------
                                              0.681218   data required time
                                            -10.205355   data arrival time
---------------------------------------------------------------------------------------------
                                              9.524137   slack (MET)


Startpoint: wr_data[21] (input port clocked by clk)
Endpoint: sram0 (falling edge-triggered flip-flop clocked by clk)
Path Group: clk
Path Type: min

Fanout         Cap        Slew       Delay        Time   Description
---------------------------------------------------------------------------------------------
                                  0.000000    0.000000   clock clk (rise edge)
                                  0.000000    0.000000   clock network delay (propagated)
                                 10.000000   10.000000 v input external delay
     1    0.003774    0.010892    0.006097   10.006098 v wr_data[21] (in)
                                                         wr_data[21] (net)
                      0.010897    0.000000   10.006098 v input23/A (sky130_fd_sc_hd__clkbuf_1)
     1    0.004726    0.036473    0.082210   10.088307 v input23/X (sky130_fd_sc_hd__clkbuf_1)
                                                         net23 (net)
                      0.036473    0.000185   10.088492 v wire648/A (sky130_fd_sc_hd__buf_1)
     1    0.010037    0.064657    0.116501   10.204992 v wire648/X (sky130_fd_sc_hd__buf_1)
                                                         net648 (net)
                      0.086211    0.000363   10.205356 v sram0/din0[21] (sky130_sram_1kbyte_1rw1r_32x256_8)
                                             10.205356   data arrival time

                                  0.000000    0.000000   clock clk (rise edge)
                                  0.000000    0.000000   clock source latency
     1    0.027714    0.130121    0.090093    0.090093 ^ clk (in)
                                                         clk (net)
                      0.130131    0.000000    0.090093 ^ clkbuf_0_clk/A (sky130_fd_sc_hd__clkbuf_16)
     8    0.102463    0.118732    0.216823    0.306916 ^ clkbuf_0_clk/X (sky130_fd_sc_hd__clkbuf_16)
                                                         clknet_0_clk (net)
                      0.119104    0.004968    0.311884 ^ clkbuf_3_2__f_clk/A (sky130_fd_sc_hd__clkbuf_16)
    10    0.046720    0.065801    0.173477    0.485361 ^ clkbuf_3_2__f_clk/X (sky130_fd_sc_hd__clkbuf_16)
                                                         clknet_3_2__leaf_clk (net)
                      0.087827    0.001857    0.487218 ^ sram0/clk0 (sky130_sram_1kbyte_1rw1r_32x256_8)
                                  0.250000    0.737218   clock uncertainty
                                  0.000000    0.737218   clock reconvergence pessimism
                                 -0.056000    0.681218   library hold time
                                              0.681218   data required time
---------------------------------------------------------------------------------------------
                                              0.681218   data required time
                                            -10.205356   data arrival time
---------------------------------------------------------------------------------------------
                                              9.524138   slack (MET)


Startpoint: wr_data[17] (input port clocked by clk)
Endpoint: sram0 (falling edge-triggered flip-flop clocked by clk)
Path Group: clk
Path Type: min

Fanout         Cap        Slew       Delay        Time   Description
---------------------------------------------------------------------------------------------
                                  0.000000    0.000000   clock clk (rise edge)
                                  0.000000    0.000000   clock network delay (propagated)
                                 10.000000   10.000000 v input external delay
     1    0.005506    0.014718    0.008961   10.008961 v wr_data[17] (in)
                                                         wr_data[17] (net)
                      0.014719    0.000000   10.008961 v input18/A (sky130_fd_sc_hd__clkbuf_1)
     1    0.003440    0.029795    0.077781   10.086742 v input18/X (sky130_fd_sc_hd__clkbuf_1)
                                                         net18 (net)
                      0.029795    0.000093   10.086836 v wire655/A (sky130_fd_sc_hd__buf_1)
     1    0.011500    0.072687    0.119701   10.206536 v wire655/X (sky130_fd_sc_hd__buf_1)
                                                         net655 (net)
                      0.096917    0.000420   10.206957 v sram0/din0[17] (sky130_sram_1kbyte_1rw1r_32x256_8)
                                             10.206957   data arrival time

                                  0.000000    0.000000   clock clk (rise edge)
                                  0.000000    0.000000   clock source latency
     1    0.027714    0.130121    0.090093    0.090093 ^ clk (in)
                                                         clk (net)
                      0.130131    0.000000    0.090093 ^ clkbuf_0_clk/A (sky130_fd_sc_hd__clkbuf_16)
     8    0.102463    0.118732    0.216823    0.306916 ^ clkbuf_0_clk/X (sky130_fd_sc_hd__clkbuf_16)
                                                         clknet_0_clk (net)
                      0.119104    0.004968    0.311884 ^ clkbuf_3_2__f_clk/A (sky130_fd_sc_hd__clkbuf_16)
    10    0.046720    0.065801    0.173477    0.485361 ^ clkbuf_3_2__f_clk/X (sky130_fd_sc_hd__clkbuf_16)
                                                         clknet_3_2__leaf_clk (net)
                      0.087827    0.001857    0.487218 ^ sram0/clk0 (sky130_sram_1kbyte_1rw1r_32x256_8)
                                  0.250000    0.737218   clock uncertainty
                                  0.000000    0.737218   clock reconvergence pessimism
                                 -0.056000    0.681218   library hold time
                                              0.681218   data required time
---------------------------------------------------------------------------------------------
                                              0.681218   data required time
                                            -10.206957   data arrival time
---------------------------------------------------------------------------------------------
                                              9.525739   slack (MET)


Startpoint: wr_data[3] (input port clocked by clk)
Endpoint: sram0 (falling edge-triggered flip-flop clocked by clk)
Path Group: clk
Path Type: min

Fanout         Cap        Slew       Delay        Time   Description
---------------------------------------------------------------------------------------------
                                  0.000000    0.000000   clock clk (rise edge)
                                  0.000000    0.000000   clock network delay (propagated)
                                 10.000000   10.000000 v input external delay
     1    0.005505    0.014719    0.008989   10.008989 v wr_data[3] (in)
                                                         wr_data[3] (net)
                      0.014722    0.000000   10.008989 v input35/A (sky130_fd_sc_hd__clkbuf_1)
     1    0.003383    0.029506    0.077514   10.086503 v input35/X (sky130_fd_sc_hd__clkbuf_1)
                                                         net35 (net)
                      0.029506    0.000110   10.086614 v wire634/A (sky130_fd_sc_hd__buf_1)
     1    0.011642    0.073465    0.120184   10.206798 v wire634/X (sky130_fd_sc_hd__buf_1)
                                                         net634 (net)
                      0.097954    0.000399   10.207196 v sram0/din0[3] (sky130_sram_1kbyte_1rw1r_32x256_8)
                                             10.207196   data arrival time

                                  0.000000    0.000000   clock clk (rise edge)
                                  0.000000    0.000000   clock source latency
     1    0.027714    0.130121    0.090093    0.090093 ^ clk (in)
                                                         clk (net)
                      0.130131    0.000000    0.090093 ^ clkbuf_0_clk/A (sky130_fd_sc_hd__clkbuf_16)
     8    0.102463    0.118732    0.216823    0.306916 ^ clkbuf_0_clk/X (sky130_fd_sc_hd__clkbuf_16)
                                                         clknet_0_clk (net)
                      0.119104    0.004968    0.311884 ^ clkbuf_3_2__f_clk/A (sky130_fd_sc_hd__clkbuf_16)
    10    0.046720    0.065801    0.173477    0.485361 ^ clkbuf_3_2__f_clk/X (sky130_fd_sc_hd__clkbuf_16)
                                                         clknet_3_2__leaf_clk (net)
                      0.087827    0.001857    0.487218 ^ sram0/clk0 (sky130_sram_1kbyte_1rw1r_32x256_8)
                                  0.250000    0.737218   clock uncertainty
                                  0.000000    0.737218   clock reconvergence pessimism
                                 -0.056000    0.681218   library hold time
                                              0.681218   data required time
---------------------------------------------------------------------------------------------
                                              0.681218   data required time
                                            -10.207196   data arrival time
---------------------------------------------------------------------------------------------
                                              9.525978   slack (MET)


Startpoint: wr_data[20] (input port clocked by clk)
Endpoint: sram0 (falling edge-triggered flip-flop clocked by clk)
Path Group: clk
Path Type: min

Fanout         Cap        Slew       Delay        Time   Description
---------------------------------------------------------------------------------------------
                                  0.000000    0.000000   clock clk (rise edge)
                                  0.000000    0.000000   clock network delay (propagated)
                                 10.000000   10.000000 v input external delay
     1    0.005118    0.013882    0.008334   10.008334 v wr_data[20] (in)
                                                         wr_data[20] (net)
                      0.013883    0.000000   10.008334 v input22/A (sky130_fd_sc_hd__clkbuf_1)
     1    0.004421    0.034882    0.081942   10.090276 v input22/X (sky130_fd_sc_hd__clkbuf_1)
                                                         net22 (net)
                      0.034882    0.000178   10.090453 v wire649/A (sky130_fd_sc_hd__buf_1)
     1    0.010537    0.067383    0.117944   10.208397 v wire649/X (sky130_fd_sc_hd__buf_1)
                                                         net649 (net)
                      0.089844    0.000299   10.208696 v sram0/din0[20] (sky130_sram_1kbyte_1rw1r_32x256_8)
                                             10.208696   data arrival time

                                  0.000000    0.000000   clock clk (rise edge)
                                  0.000000    0.000000   clock source latency
     1    0.027714    0.130121    0.090093    0.090093 ^ clk (in)
                                                         clk (net)
                      0.130131    0.000000    0.090093 ^ clkbuf_0_clk/A (sky130_fd_sc_hd__clkbuf_16)
     8    0.102463    0.118732    0.216823    0.306916 ^ clkbuf_0_clk/X (sky130_fd_sc_hd__clkbuf_16)
                                                         clknet_0_clk (net)
                      0.119104    0.004968    0.311884 ^ clkbuf_3_2__f_clk/A (sky130_fd_sc_hd__clkbuf_16)
    10    0.046720    0.065801    0.173477    0.485361 ^ clkbuf_3_2__f_clk/X (sky130_fd_sc_hd__clkbuf_16)
                                                         clknet_3_2__leaf_clk (net)
                      0.087827    0.001857    0.487218 ^ sram0/clk0 (sky130_sram_1kbyte_1rw1r_32x256_8)
                                  0.250000    0.737218   clock uncertainty
                                  0.000000    0.737218   clock reconvergence pessimism
                                 -0.056000    0.681218   library hold time
                                              0.681218   data required time
---------------------------------------------------------------------------------------------
                                              0.681218   data required time
                                            -10.208696   data arrival time
---------------------------------------------------------------------------------------------
                                              9.527478   slack (MET)


Startpoint: wr_data[16] (input port clocked by clk)
Endpoint: sram0 (falling edge-triggered flip-flop clocked by clk)
Path Group: clk
Path Type: min

Fanout         Cap        Slew       Delay        Time   Description
---------------------------------------------------------------------------------------------
                                  0.000000    0.000000   clock clk (rise edge)
                                  0.000000    0.000000   clock network delay (propagated)
                                 10.000000   10.000000 v input external delay
     1    0.005359    0.014405    0.008748   10.008748 v wr_data[16] (in)
                                                         wr_data[16] (net)
                      0.014408    0.000000   10.008748 v input17/A (sky130_fd_sc_hd__clkbuf_1)
     1    0.004139    0.033404    0.080861   10.089608 v input17/X (sky130_fd_sc_hd__clkbuf_1)
                                                         net17 (net)
                      0.033404    0.000150   10.089759 v wire656/A (sky130_fd_sc_hd__buf_1)
     1    0.011039    0.070151    0.119372   10.209130 v wire656/X (sky130_fd_sc_hd__buf_1)
                                                         net656 (net)
                      0.093536    0.000371   10.209502 v sram0/din0[16] (sky130_sram_1kbyte_1rw1r_32x256_8)
                                             10.209502   data arrival time

                                  0.000000    0.000000   clock clk (rise edge)
                                  0.000000    0.000000   clock source latency
     1    0.027714    0.130121    0.090093    0.090093 ^ clk (in)
                                                         clk (net)
                      0.130131    0.000000    0.090093 ^ clkbuf_0_clk/A (sky130_fd_sc_hd__clkbuf_16)
     8    0.102463    0.118732    0.216823    0.306916 ^ clkbuf_0_clk/X (sky130_fd_sc_hd__clkbuf_16)
                                                         clknet_0_clk (net)
                      0.119104    0.004968    0.311884 ^ clkbuf_3_2__f_clk/A (sky130_fd_sc_hd__clkbuf_16)
    10    0.046720    0.065801    0.173477    0.485361 ^ clkbuf_3_2__f_clk/X (sky130_fd_sc_hd__clkbuf_16)
                                                         clknet_3_2__leaf_clk (net)
                      0.087827    0.001857    0.487218 ^ sram0/clk0 (sky130_sram_1kbyte_1rw1r_32x256_8)
                                  0.250000    0.737218   clock uncertainty
                                  0.000000    0.737218   clock reconvergence pessimism
                                 -0.056000    0.681218   library hold time
                                              0.681218   data required time
---------------------------------------------------------------------------------------------
                                              0.681218   data required time
                                            -10.209502   data arrival time
---------------------------------------------------------------------------------------------
                                              9.528284   slack (MET)


Startpoint: wr_data[7] (input port clocked by clk)
Endpoint: sram0 (falling edge-triggered flip-flop clocked by clk)
Path Group: clk
Path Type: min

Fanout         Cap        Slew       Delay        Time   Description
---------------------------------------------------------------------------------------------
                                  0.000000    0.000000   clock clk (rise edge)
                                  0.000000    0.000000   clock network delay (propagated)
                                 10.000000   10.000000 v input external delay
     1    0.006293    0.016430    0.010311   10.010311 v wr_data[7] (in)
                                                         wr_data[7] (net)
                      0.016436    0.000000   10.010311 v input39/A (sky130_fd_sc_hd__clkbuf_1)
     1    0.004121    0.033331    0.081544   10.091855 v input39/X (sky130_fd_sc_hd__clkbuf_1)
                                                         net39 (net)
                      0.033331    0.000159   10.092013 v wire630/A (sky130_fd_sc_hd__buf_1)
     1    0.010658    0.068064    0.117722   10.209736 v wire630/X (sky130_fd_sc_hd__buf_1)
                                                         net630 (net)
                      0.090753    0.000390   10.210126 v sram0/din0[7] (sky130_sram_1kbyte_1rw1r_32x256_8)
                                             10.210126   data arrival time

                                  0.000000    0.000000   clock clk (rise edge)
                                  0.000000    0.000000   clock source latency
     1    0.027714    0.130121    0.090093    0.090093 ^ clk (in)
                                                         clk (net)
                      0.130131    0.000000    0.090093 ^ clkbuf_0_clk/A (sky130_fd_sc_hd__clkbuf_16)
     8    0.102463    0.118732    0.216823    0.306916 ^ clkbuf_0_clk/X (sky130_fd_sc_hd__clkbuf_16)
                                                         clknet_0_clk (net)
                      0.119104    0.004968    0.311884 ^ clkbuf_3_2__f_clk/A (sky130_fd_sc_hd__clkbuf_16)
    10    0.046720    0.065801    0.173477    0.485361 ^ clkbuf_3_2__f_clk/X (sky130_fd_sc_hd__clkbuf_16)
                                                         clknet_3_2__leaf_clk (net)
                      0.087827    0.001857    0.487218 ^ sram0/clk0 (sky130_sram_1kbyte_1rw1r_32x256_8)
                                  0.250000    0.737218   clock uncertainty
                                  0.000000    0.737218   clock reconvergence pessimism
                                 -0.056000    0.681218   library hold time
                                              0.681218   data required time
---------------------------------------------------------------------------------------------
                                              0.681218   data required time
                                            -10.210126   data arrival time
---------------------------------------------------------------------------------------------
                                              9.528908   slack (MET)


Startpoint: wr_data[8] (input port clocked by clk)
Endpoint: sram0 (falling edge-triggered flip-flop clocked by clk)
Path Group: clk
Path Type: min

Fanout         Cap        Slew       Delay        Time   Description
---------------------------------------------------------------------------------------------
                                  0.000000    0.000000   clock clk (rise edge)
                                  0.000000    0.000000   clock network delay (propagated)
                                 10.000000   10.000000 v input external delay
     1    0.006060    0.015924    0.009925   10.009925 v wr_data[8] (in)
                                                         wr_data[8] (net)
                      0.015930    0.000000   10.009925 v input40/A (sky130_fd_sc_hd__clkbuf_1)
     1    0.003578    0.030511    0.078865   10.088790 v input40/X (sky130_fd_sc_hd__clkbuf_1)
                                                         net40 (net)
                      0.030511    0.000121   10.088910 v wire627/A (sky130_fd_sc_hd__buf_1)
     1    0.012352    0.077420    0.123514   10.212424 v wire627/X (sky130_fd_sc_hd__buf_1)
                                                         net627 (net)
                      0.103230    0.000582   10.213006 v sram0/din0[8] (sky130_sram_1kbyte_1rw1r_32x256_8)
                                             10.213006   data arrival time

                                  0.000000    0.000000   clock clk (rise edge)
                                  0.000000    0.000000   clock source latency
     1    0.027714    0.130121    0.090093    0.090093 ^ clk (in)
                                                         clk (net)
                      0.130131    0.000000    0.090093 ^ clkbuf_0_clk/A (sky130_fd_sc_hd__clkbuf_16)
     8    0.102463    0.118732    0.216823    0.306916 ^ clkbuf_0_clk/X (sky130_fd_sc_hd__clkbuf_16)
                                                         clknet_0_clk (net)
                      0.119104    0.004968    0.311884 ^ clkbuf_3_2__f_clk/A (sky130_fd_sc_hd__clkbuf_16)
    10    0.046720    0.065801    0.173477    0.485361 ^ clkbuf_3_2__f_clk/X (sky130_fd_sc_hd__clkbuf_16)
                                                         clknet_3_2__leaf_clk (net)
                      0.087827    0.001857    0.487218 ^ sram0/clk0 (sky130_sram_1kbyte_1rw1r_32x256_8)
                                  0.250000    0.737218   clock uncertainty
                                  0.000000    0.737218   clock reconvergence pessimism
                                 -0.056000    0.681218   library hold time
                                              0.681218   data required time
---------------------------------------------------------------------------------------------
                                              0.681218   data required time
                                            -10.213006   data arrival time
---------------------------------------------------------------------------------------------
                                              9.531788   slack (MET)


Startpoint: wr_data[18] (input port clocked by clk)
Endpoint: sram0 (falling edge-triggered flip-flop clocked by clk)
Path Group: clk
Path Type: min

Fanout         Cap        Slew       Delay        Time   Description
---------------------------------------------------------------------------------------------
                                  0.000000    0.000000   clock clk (rise edge)
                                  0.000000    0.000000   clock network delay (propagated)
                                 10.000000   10.000000 v input external delay
     1    0.005762    0.015268    0.009382   10.009382 v wr_data[18] (in)
                                                         wr_data[18] (net)
                      0.015269    0.000000   10.009382 v input19/A (sky130_fd_sc_hd__clkbuf_1)
     1    0.003663    0.030944    0.079002   10.088384 v input19/X (sky130_fd_sc_hd__clkbuf_1)
                                                         net19 (net)
                      0.030944    0.000131   10.088514 v wire654/A (sky130_fd_sc_hd__buf_1)
     1    0.012890    0.080347    0.126064   10.214579 v wire654/X (sky130_fd_sc_hd__buf_1)
                                                         net654 (net)
                      0.107131    0.000440   10.215018 v sram0/din0[18] (sky130_sram_1kbyte_1rw1r_32x256_8)
                                             10.215018   data arrival time

                                  0.000000    0.000000   clock clk (rise edge)
                                  0.000000    0.000000   clock source latency
     1    0.027714    0.130121    0.090093    0.090093 ^ clk (in)
                                                         clk (net)
                      0.130131    0.000000    0.090093 ^ clkbuf_0_clk/A (sky130_fd_sc_hd__clkbuf_16)
     8    0.102463    0.118732    0.216823    0.306916 ^ clkbuf_0_clk/X (sky130_fd_sc_hd__clkbuf_16)
                                                         clknet_0_clk (net)
                      0.119104    0.004968    0.311884 ^ clkbuf_3_2__f_clk/A (sky130_fd_sc_hd__clkbuf_16)
    10    0.046720    0.065801    0.173477    0.485361 ^ clkbuf_3_2__f_clk/X (sky130_fd_sc_hd__clkbuf_16)
                                                         clknet_3_2__leaf_clk (net)
                      0.087827    0.001857    0.487218 ^ sram0/clk0 (sky130_sram_1kbyte_1rw1r_32x256_8)
                                  0.250000    0.737218   clock uncertainty
                                  0.000000    0.737218   clock reconvergence pessimism
                                 -0.056000    0.681218   library hold time
                                              0.681218   data required time
---------------------------------------------------------------------------------------------
                                              0.681218   data required time
                                            -10.215018   data arrival time
---------------------------------------------------------------------------------------------
                                              9.533801   slack (MET)


Startpoint: wr_data[10] (input port clocked by clk)
Endpoint: sram0 (falling edge-triggered flip-flop clocked by clk)
Path Group: clk
Path Type: min

Fanout         Cap        Slew       Delay        Time   Description
---------------------------------------------------------------------------------------------
                                  0.000000    0.000000   clock clk (rise edge)
                                  0.000000    0.000000   clock network delay (propagated)
                                 10.000000   10.000000 v input external delay
     1    0.006231    0.016295    0.010208   10.010208 v wr_data[10] (in)
                                                         wr_data[10] (net)
                      0.016301    0.000000   10.010208 v input11/A (sky130_fd_sc_hd__clkbuf_1)
     1    0.003686    0.031071    0.079502   10.089710 v input11/X (sky130_fd_sc_hd__clkbuf_1)
                                                         net11 (net)
                      0.031071    0.000128   10.089838 v wire662/A (sky130_fd_sc_hd__buf_1)
     1    0.012568    0.078614    0.124659   10.214498 v wire662/X (sky130_fd_sc_hd__buf_1)
                                                         net662 (net)
                      0.104824    0.000601   10.215098 v sram0/din0[10] (sky130_sram_1kbyte_1rw1r_32x256_8)
                                             10.215098   data arrival time

                                  0.000000    0.000000   clock clk (rise edge)
                                  0.000000    0.000000   clock source latency
     1    0.027714    0.130121    0.090093    0.090093 ^ clk (in)
                                                         clk (net)
                      0.130131    0.000000    0.090093 ^ clkbuf_0_clk/A (sky130_fd_sc_hd__clkbuf_16)
     8    0.102463    0.118732    0.216823    0.306916 ^ clkbuf_0_clk/X (sky130_fd_sc_hd__clkbuf_16)
                                                         clknet_0_clk (net)
                      0.119104    0.004968    0.311884 ^ clkbuf_3_2__f_clk/A (sky130_fd_sc_hd__clkbuf_16)
    10    0.046720    0.065801    0.173477    0.485361 ^ clkbuf_3_2__f_clk/X (sky130_fd_sc_hd__clkbuf_16)
                                                         clknet_3_2__leaf_clk (net)
                      0.087827    0.001857    0.487218 ^ sram0/clk0 (sky130_sram_1kbyte_1rw1r_32x256_8)
                                  0.250000    0.737218   clock uncertainty
                                  0.000000    0.737218   clock reconvergence pessimism
                                 -0.056000    0.681218   library hold time
                                              0.681218   data required time
---------------------------------------------------------------------------------------------
                                              0.681218   data required time
                                            -10.215098   data arrival time
---------------------------------------------------------------------------------------------
                                              9.533880   slack (MET)


Startpoint: wr_data[6] (input port clocked by clk)
Endpoint: sram0 (falling edge-triggered flip-flop clocked by clk)
Path Group: clk
Path Type: min

Fanout         Cap        Slew       Delay        Time   Description
---------------------------------------------------------------------------------------------
                                  0.000000    0.000000   clock clk (rise edge)
                                  0.000000    0.000000   clock network delay (propagated)
                                 10.000000   10.000000 v input external delay
     1    0.006095    0.016001    0.009984   10.009984 v wr_data[6] (in)
                                                         wr_data[6] (net)
                      0.016007    0.000000   10.009984 v input38/A (sky130_fd_sc_hd__clkbuf_1)
     1    0.005146    0.038742    0.086088   10.096072 v input38/X (sky130_fd_sc_hd__clkbuf_1)
                                                         net38 (net)
                      0.038742    0.000193   10.096265 v wire631/A (sky130_fd_sc_hd__buf_1)
     1    0.010291    0.066074    0.118520   10.214785 v wire631/X (sky130_fd_sc_hd__buf_1)
                                                         net631 (net)
                      0.088102    0.000460   10.215245 v sram0/din0[6] (sky130_sram_1kbyte_1rw1r_32x256_8)
                                             10.215245   data arrival time

                                  0.000000    0.000000   clock clk (rise edge)
                                  0.000000    0.000000   clock source latency
     1    0.027714    0.130121    0.090093    0.090093 ^ clk (in)
                                                         clk (net)
                      0.130131    0.000000    0.090093 ^ clkbuf_0_clk/A (sky130_fd_sc_hd__clkbuf_16)
     8    0.102463    0.118732    0.216823    0.306916 ^ clkbuf_0_clk/X (sky130_fd_sc_hd__clkbuf_16)
                                                         clknet_0_clk (net)
                      0.119104    0.004968    0.311884 ^ clkbuf_3_2__f_clk/A (sky130_fd_sc_hd__clkbuf_16)
    10    0.046720    0.065801    0.173477    0.485361 ^ clkbuf_3_2__f_clk/X (sky130_fd_sc_hd__clkbuf_16)
                                                         clknet_3_2__leaf_clk (net)
                      0.087827    0.001857    0.487218 ^ sram0/clk0 (sky130_sram_1kbyte_1rw1r_32x256_8)
                                  0.250000    0.737218   clock uncertainty
                                  0.000000    0.737218   clock reconvergence pessimism
                                 -0.056000    0.681218   library hold time
                                              0.681218   data required time
---------------------------------------------------------------------------------------------
                                              0.681218   data required time
                                            -10.215245   data arrival time
---------------------------------------------------------------------------------------------
                                              9.534027   slack (MET)


Startpoint: wr_data[9] (input port clocked by clk)
Endpoint: sram0 (falling edge-triggered flip-flop clocked by clk)
Path Group: clk
Path Type: min

Fanout         Cap        Slew       Delay        Time   Description
---------------------------------------------------------------------------------------------
                                  0.000000    0.000000   clock clk (rise edge)
                                  0.000000    0.000000   clock network delay (propagated)
                                 10.000000   10.000000 v input external delay
     1    0.006018    0.015832    0.009854   10.009854 v wr_data[9] (in)
                                                         wr_data[9] (net)
                      0.015838    0.000000   10.009854 v input41/A (sky130_fd_sc_hd__clkbuf_1)
     1    0.003763    0.031461    0.079675   10.089529 v input41/X (sky130_fd_sc_hd__clkbuf_1)
                                                         net41 (net)
                      0.031461    0.000133   10.089663 v wire626/A (sky130_fd_sc_hd__buf_1)
     1    0.012704    0.079367    0.125392   10.215055 v wire626/X (sky130_fd_sc_hd__buf_1)
                                                         net626 (net)
                      0.105827    0.000624   10.215678 v sram0/din0[9] (sky130_sram_1kbyte_1rw1r_32x256_8)
                                             10.215678   data arrival time

                                  0.000000    0.000000   clock clk (rise edge)
                                  0.000000    0.000000   clock source latency
     1    0.027714    0.130121    0.090093    0.090093 ^ clk (in)
                                                         clk (net)
                      0.130131    0.000000    0.090093 ^ clkbuf_0_clk/A (sky130_fd_sc_hd__clkbuf_16)
     8    0.102463    0.118732    0.216823    0.306916 ^ clkbuf_0_clk/X (sky130_fd_sc_hd__clkbuf_16)
                                                         clknet_0_clk (net)
                      0.119104    0.004968    0.311884 ^ clkbuf_3_2__f_clk/A (sky130_fd_sc_hd__clkbuf_16)
    10    0.046720    0.065801    0.173477    0.485361 ^ clkbuf_3_2__f_clk/X (sky130_fd_sc_hd__clkbuf_16)
                                                         clknet_3_2__leaf_clk (net)
                      0.087827    0.001857    0.487218 ^ sram0/clk0 (sky130_sram_1kbyte_1rw1r_32x256_8)
                                  0.250000    0.737218   clock uncertainty
                                  0.000000    0.737218   clock reconvergence pessimism
                                 -0.056000    0.681218   library hold time
                                              0.681218   data required time
---------------------------------------------------------------------------------------------
                                              0.681218   data required time
                                            -10.215678   data arrival time
---------------------------------------------------------------------------------------------
                                              9.534461   slack (MET)


Startpoint: wr_data[5] (input port clocked by clk)
Endpoint: sram0 (falling edge-triggered flip-flop clocked by clk)
Path Group: clk
Path Type: min

Fanout         Cap        Slew       Delay        Time   Description
---------------------------------------------------------------------------------------------
                                  0.000000    0.000000   clock clk (rise edge)
                                  0.000000    0.000000   clock network delay (propagated)
                                 10.000000   10.000000 v input external delay
     1    0.006902    0.017758    0.011322   10.011323 v wr_data[5] (in)
                                                         wr_data[5] (net)
                      0.017766    0.000000   10.011323 v input37/A (sky130_fd_sc_hd__clkbuf_1)
     1    0.004906    0.037478    0.085662   10.096985 v input37/X (sky130_fd_sc_hd__clkbuf_1)
                                                         net37 (net)
                      0.037478    0.000176   10.097160 v wire632/A (sky130_fd_sc_hd__buf_1)
     1    0.010894    0.069372    0.120529   10.217690 v wire632/X (sky130_fd_sc_hd__buf_1)
                                                         net632 (net)
                      0.092498    0.000407   10.218097 v sram0/din0[5] (sky130_sram_1kbyte_1rw1r_32x256_8)
                                             10.218097   data arrival time

                                  0.000000    0.000000   clock clk (rise edge)
                                  0.000000    0.000000   clock source latency
     1    0.027714    0.130121    0.090093    0.090093 ^ clk (in)
                                                         clk (net)
                      0.130131    0.000000    0.090093 ^ clkbuf_0_clk/A (sky130_fd_sc_hd__clkbuf_16)
     8    0.102463    0.118732    0.216823    0.306916 ^ clkbuf_0_clk/X (sky130_fd_sc_hd__clkbuf_16)
                                                         clknet_0_clk (net)
                      0.119104    0.004968    0.311884 ^ clkbuf_3_2__f_clk/A (sky130_fd_sc_hd__clkbuf_16)
    10    0.046720    0.065801    0.173477    0.485361 ^ clkbuf_3_2__f_clk/X (sky130_fd_sc_hd__clkbuf_16)
                                                         clknet_3_2__leaf_clk (net)
                      0.087827    0.001857    0.487218 ^ sram0/clk0 (sky130_sram_1kbyte_1rw1r_32x256_8)
                                  0.250000    0.737218   clock uncertainty
                                  0.000000    0.737218   clock reconvergence pessimism
                                 -0.056000    0.681218   library hold time
                                              0.681218   data required time
---------------------------------------------------------------------------------------------
                                              0.681218   data required time
                                            -10.218097   data arrival time
---------------------------------------------------------------------------------------------
                                              9.536880   slack (MET)


Startpoint: wr_data[13] (input port clocked by clk)
Endpoint: sram0 (falling edge-triggered flip-flop clocked by clk)
Path Group: clk
Path Type: min

Fanout         Cap        Slew       Delay        Time   Description
---------------------------------------------------------------------------------------------
                                  0.000000    0.000000   clock clk (rise edge)
                                  0.000000    0.000000   clock network delay (propagated)
                                 10.000000   10.000000 v input external delay
     1    0.006737    0.017397    0.011047   10.011047 v wr_data[13] (in)
                                                         wr_data[13] (net)
                      0.017404    0.000000   10.011047 v input14/A (sky130_fd_sc_hd__clkbuf_1)
     1    0.004601    0.035855    0.084118   10.095165 v input14/X (sky130_fd_sc_hd__clkbuf_1)
                                                         net14 (net)
                      0.035855    0.000179   10.095345 v wire659/A (sky130_fd_sc_hd__buf_1)
     1    0.011574    0.073138    0.122607   10.217951 v wire659/X (sky130_fd_sc_hd__buf_1)
                                                         net659 (net)
                      0.097521    0.000552   10.218504 v sram0/din0[13] (sky130_sram_1kbyte_1rw1r_32x256_8)
                                             10.218504   data arrival time

                                  0.000000    0.000000   clock clk (rise edge)
                                  0.000000    0.000000   clock source latency
     1    0.027714    0.130121    0.090093    0.090093 ^ clk (in)
                                                         clk (net)
                      0.130131    0.000000    0.090093 ^ clkbuf_0_clk/A (sky130_fd_sc_hd__clkbuf_16)
     8    0.102463    0.118732    0.216823    0.306916 ^ clkbuf_0_clk/X (sky130_fd_sc_hd__clkbuf_16)
                                                         clknet_0_clk (net)
                      0.119104    0.004968    0.311884 ^ clkbuf_3_2__f_clk/A (sky130_fd_sc_hd__clkbuf_16)
    10    0.046720    0.065801    0.173477    0.485361 ^ clkbuf_3_2__f_clk/X (sky130_fd_sc_hd__clkbuf_16)
                                                         clknet_3_2__leaf_clk (net)
                      0.087827    0.001857    0.487218 ^ sram0/clk0 (sky130_sram_1kbyte_1rw1r_32x256_8)
                                  0.250000    0.737218   clock uncertainty
                                  0.000000    0.737218   clock reconvergence pessimism
                                 -0.056000    0.681218   library hold time
                                              0.681218   data required time
---------------------------------------------------------------------------------------------
                                              0.681218   data required time
                                            -10.218504   data arrival time
---------------------------------------------------------------------------------------------
                                              9.537286   slack (MET)


Startpoint: wr_data[12] (input port clocked by clk)
Endpoint: sram0 (falling edge-triggered flip-flop clocked by clk)
Path Group: clk
Path Type: min

Fanout         Cap        Slew       Delay        Time   Description
---------------------------------------------------------------------------------------------
                                  0.000000    0.000000   clock clk (rise edge)
                                  0.000000    0.000000   clock network delay (propagated)
                                 10.000000   10.000000 v input external delay
     1    0.006069    0.015942    0.009938   10.009938 v wr_data[12] (in)
                                                         wr_data[12] (net)
                      0.015948    0.000000   10.009938 v input13/A (sky130_fd_sc_hd__clkbuf_1)
     1    0.004815    0.036982    0.084541   10.094480 v input13/X (sky130_fd_sc_hd__clkbuf_1)
                                                         net13 (net)
                      0.036983    0.000196   10.094676 v wire660/A (sky130_fd_sc_hd__buf_1)
     1    0.011660    0.073612    0.123461   10.218137 v wire660/X (sky130_fd_sc_hd__buf_1)
                                                         net660 (net)
                      0.098154    0.000554   10.218691 v sram0/din0[12] (sky130_sram_1kbyte_1rw1r_32x256_8)
                                             10.218691   data arrival time

                                  0.000000    0.000000   clock clk (rise edge)
                                  0.000000    0.000000   clock source latency
     1    0.027714    0.130121    0.090093    0.090093 ^ clk (in)
                                                         clk (net)
                      0.130131    0.000000    0.090093 ^ clkbuf_0_clk/A (sky130_fd_sc_hd__clkbuf_16)
     8    0.102463    0.118732    0.216823    0.306916 ^ clkbuf_0_clk/X (sky130_fd_sc_hd__clkbuf_16)
                                                         clknet_0_clk (net)
                      0.119104    0.004968    0.311884 ^ clkbuf_3_2__f_clk/A (sky130_fd_sc_hd__clkbuf_16)
    10    0.046720    0.065801    0.173477    0.485361 ^ clkbuf_3_2__f_clk/X (sky130_fd_sc_hd__clkbuf_16)
                                                         clknet_3_2__leaf_clk (net)
                      0.087827    0.001857    0.487218 ^ sram0/clk0 (sky130_sram_1kbyte_1rw1r_32x256_8)
                                  0.250000    0.737218   clock uncertainty
                                  0.000000    0.737218   clock reconvergence pessimism
                                 -0.056000    0.681218   library hold time
                                              0.681218   data required time
---------------------------------------------------------------------------------------------
                                              0.681218   data required time
                                            -10.218691   data arrival time
---------------------------------------------------------------------------------------------
                                              9.537474   slack (MET)


Startpoint: wr_data[4] (input port clocked by clk)
Endpoint: sram0 (falling edge-triggered flip-flop clocked by clk)
Path Group: clk
Path Type: min

Fanout         Cap        Slew       Delay        Time   Description
---------------------------------------------------------------------------------------------
                                  0.000000    0.000000   clock clk (rise edge)
                                  0.000000    0.000000   clock network delay (propagated)
                                 10.000000   10.000000 v input external delay
     1    0.006321    0.016489    0.010339   10.010340 v wr_data[4] (in)
                                                         wr_data[4] (net)
                      0.016494    0.000000   10.010340 v input36/A (sky130_fd_sc_hd__clkbuf_1)
     1    0.006158    0.044202    0.090898   10.101237 v input36/X (sky130_fd_sc_hd__clkbuf_1)
                                                         net36 (net)
                      0.044203    0.000290   10.101527 v wire633/A (sky130_fd_sc_hd__buf_1)
     1    0.009396    0.061176    0.117198   10.218725 v wire633/X (sky130_fd_sc_hd__buf_1)
                                                         net633 (net)
                      0.081570    0.000382   10.219107 v sram0/din0[4] (sky130_sram_1kbyte_1rw1r_32x256_8)
                                             10.219107   data arrival time

                                  0.000000    0.000000   clock clk (rise edge)
                                  0.000000    0.000000   clock source latency
     1    0.027714    0.130121    0.090093    0.090093 ^ clk (in)
                                                         clk (net)
                      0.130131    0.000000    0.090093 ^ clkbuf_0_clk/A (sky130_fd_sc_hd__clkbuf_16)
     8    0.102463    0.118732    0.216823    0.306916 ^ clkbuf_0_clk/X (sky130_fd_sc_hd__clkbuf_16)
                                                         clknet_0_clk (net)
                      0.119104    0.004968    0.311884 ^ clkbuf_3_2__f_clk/A (sky130_fd_sc_hd__clkbuf_16)
    10    0.046720    0.065801    0.173477    0.485361 ^ clkbuf_3_2__f_clk/X (sky130_fd_sc_hd__clkbuf_16)
                                                         clknet_3_2__leaf_clk (net)
                      0.087827    0.001857    0.487218 ^ sram0/clk0 (sky130_sram_1kbyte_1rw1r_32x256_8)
                                  0.250000    0.737218   clock uncertainty
                                  0.000000    0.737218   clock reconvergence pessimism
                                 -0.056000    0.681218   library hold time
                                              0.681218   data required time
---------------------------------------------------------------------------------------------
                                              0.681218   data required time
                                            -10.219107   data arrival time
---------------------------------------------------------------------------------------------
                                              9.537889   slack (MET)


Startpoint: wr_data[11] (input port clocked by clk)
Endpoint: sram0 (falling edge-triggered flip-flop clocked by clk)
Path Group: clk
Path Type: min

Fanout         Cap        Slew       Delay        Time   Description
---------------------------------------------------------------------------------------------
                                  0.000000    0.000000   clock clk (rise edge)
                                  0.000000    0.000000   clock network delay (propagated)
                                 10.000000   10.000000 v input external delay
     1    0.006735    0.017391    0.011043   10.011043 v wr_data[11] (in)
                                                         wr_data[11] (net)
                      0.017399    0.000000   10.011043 v input12/A (sky130_fd_sc_hd__clkbuf_1)
     1    0.004647    0.036097    0.084339   10.095382 v input12/X (sky130_fd_sc_hd__clkbuf_1)
                                                         net12 (net)
                      0.036097    0.000155   10.095536 v wire661/A (sky130_fd_sc_hd__buf_1)
     1    0.011713    0.073871    0.123387   10.218923 v wire661/X (sky130_fd_sc_hd__buf_1)
                                                         net661 (net)
                      0.098496    0.000397   10.219320 v sram0/din0[11] (sky130_sram_1kbyte_1rw1r_32x256_8)
                                             10.219320   data arrival time

                                  0.000000    0.000000   clock clk (rise edge)
                                  0.000000    0.000000   clock source latency
     1    0.027714    0.130121    0.090093    0.090093 ^ clk (in)
                                                         clk (net)
                      0.130131    0.000000    0.090093 ^ clkbuf_0_clk/A (sky130_fd_sc_hd__clkbuf_16)
     8    0.102463    0.118732    0.216823    0.306916 ^ clkbuf_0_clk/X (sky130_fd_sc_hd__clkbuf_16)
                                                         clknet_0_clk (net)
                      0.119104    0.004968    0.311884 ^ clkbuf_3_2__f_clk/A (sky130_fd_sc_hd__clkbuf_16)
    10    0.046720    0.065801    0.173477    0.485361 ^ clkbuf_3_2__f_clk/X (sky130_fd_sc_hd__clkbuf_16)
                                                         clknet_3_2__leaf_clk (net)
                      0.087827    0.001857    0.487218 ^ sram0/clk0 (sky130_sram_1kbyte_1rw1r_32x256_8)
                                  0.250000    0.737218   clock uncertainty
                                  0.000000    0.737218   clock reconvergence pessimism
                                 -0.056000    0.681218   library hold time
                                              0.681218   data required time
---------------------------------------------------------------------------------------------
                                              0.681218   data required time
                                            -10.219320   data arrival time
---------------------------------------------------------------------------------------------
                                              9.538102   slack (MET)


Startpoint: wr_data[19] (input port clocked by clk)
Endpoint: sram0 (falling edge-triggered flip-flop clocked by clk)
Path Group: clk
Path Type: min

Fanout         Cap        Slew       Delay        Time   Description
---------------------------------------------------------------------------------------------
                                  0.000000    0.000000   clock clk (rise edge)
                                  0.000000    0.000000   clock network delay (propagated)
                                 10.000000   10.000000 v input external delay
     1    0.005522    0.014752    0.008986   10.008986 v wr_data[19] (in)
                                                         wr_data[19] (net)
                      0.014753    0.000000   10.008986 v input20/A (sky130_fd_sc_hd__clkbuf_1)
     1    0.006926    0.048351    0.093787   10.102773 v input20/X (sky130_fd_sc_hd__clkbuf_1)
                                                         net20 (net)
                      0.048351    0.000223   10.102996 v wire651/A (sky130_fd_sc_hd__buf_1)
     1    0.012654    0.079082    0.132695   10.235691 v wire651/X (sky130_fd_sc_hd__buf_1)
                                                         net651 (net)
                      0.105445    0.000477   10.236168 v sram0/din0[19] (sky130_sram_1kbyte_1rw1r_32x256_8)
                                             10.236168   data arrival time

                                  0.000000    0.000000   clock clk (rise edge)
                                  0.000000    0.000000   clock source latency
     1    0.027714    0.130121    0.090093    0.090093 ^ clk (in)
                                                         clk (net)
                      0.130131    0.000000    0.090093 ^ clkbuf_0_clk/A (sky130_fd_sc_hd__clkbuf_16)
     8    0.102463    0.118732    0.216823    0.306916 ^ clkbuf_0_clk/X (sky130_fd_sc_hd__clkbuf_16)
                                                         clknet_0_clk (net)
                      0.119104    0.004968    0.311884 ^ clkbuf_3_2__f_clk/A (sky130_fd_sc_hd__clkbuf_16)
    10    0.046720    0.065801    0.173477    0.485361 ^ clkbuf_3_2__f_clk/X (sky130_fd_sc_hd__clkbuf_16)
                                                         clknet_3_2__leaf_clk (net)
                      0.087827    0.001857    0.487218 ^ sram0/clk0 (sky130_sram_1kbyte_1rw1r_32x256_8)
                                  0.250000    0.737218   clock uncertainty
                                  0.000000    0.737218   clock reconvergence pessimism
                                 -0.056000    0.681218   library hold time
                                              0.681218   data required time
---------------------------------------------------------------------------------------------
                                              0.681218   data required time
                                            -10.236168   data arrival time
---------------------------------------------------------------------------------------------
                                              9.554950   slack (MET)


Startpoint: rst (input port clocked by clk)
Endpoint: _595_ (removal check against rising-edge clock clk)
Path Group: asynchronous
Path Type: min

Fanout         Cap        Slew       Delay        Time   Description
---------------------------------------------------------------------------------------------
                                  0.000000    0.000000   clock clk (rise edge)
                                  0.000000    0.000000   clock network delay (propagated)
                                 10.000000   10.000000 v input external delay
     1    0.003301    0.009797    0.005291   10.005291 v rst (in)
                                                         rst (net)
                      0.009797    0.000000   10.005291 v input1/A (sky130_fd_sc_hd__clkbuf_1)
     1    0.005096    0.038440    0.083467   10.088758 v input1/X (sky130_fd_sc_hd__clkbuf_1)
                                                         net1 (net)
                      0.038440    0.000223   10.088982 v wire673/A (sky130_fd_sc_hd__clkbuf_1)
     1    0.004916    0.037589    0.094528   10.183510 v wire673/X (sky130_fd_sc_hd__clkbuf_1)
                                                         net673 (net)
                      0.037589    0.000206   10.183716 v fanout672/A (sky130_fd_sc_hd__buf_4)
     8    0.055939    0.081300    0.183791   10.367506 v fanout672/X (sky130_fd_sc_hd__buf_4)
                                                         net672 (net)
                      0.081319    0.001054   10.368561 v fanout665/A (sky130_fd_sc_hd__clkbuf_4)
     7    0.036889    0.084409    0.202443   10.571004 v fanout665/X (sky130_fd_sc_hd__clkbuf_4)
                                                         net665 (net)
                      0.084426    0.001179   10.572183 v _521_/A (sky130_fd_sc_hd__inv_2)
     1    0.004558    0.036432    0.061569   10.633752 ^ _521_/Y (sky130_fd_sc_hd__inv_2)
                                                         _003_ (net)
                      0.036432    0.000120   10.633872 ^ _595_/RESET_B (sky130_fd_sc_hd__dfrtp_1)
                                             10.633872   data arrival time

                                  0.000000    0.000000   clock clk (rise edge)
                                  0.000000    0.000000   clock source latency
     1    0.027714    0.130121    0.090093    0.090093 ^ clk (in)
                                                         clk (net)
                      0.130131    0.000000    0.090093 ^ clkbuf_0_clk/A (sky130_fd_sc_hd__clkbuf_16)
     8    0.102463    0.118732    0.216823    0.306916 ^ clkbuf_0_clk/X (sky130_fd_sc_hd__clkbuf_16)
                                                         clknet_0_clk (net)
                      0.119104    0.004968    0.311884 ^ clkbuf_3_2__f_clk/A (sky130_fd_sc_hd__clkbuf_16)
    10    0.046720    0.065801    0.173477    0.485361 ^ clkbuf_3_2__f_clk/X (sky130_fd_sc_hd__clkbuf_16)
                                                         clknet_3_2__leaf_clk (net)
                      0.065842    0.001483    0.486843 ^ _595_/CLK (sky130_fd_sc_hd__dfrtp_1)
                                  0.250000    0.736843   clock uncertainty
                                  0.000000    0.736843   clock reconvergence pessimism
                                  0.323574    1.060417   library removal time
                                              1.060417   data required time
---------------------------------------------------------------------------------------------
                                              1.060417   data required time
                                            -10.633872   data arrival time
---------------------------------------------------------------------------------------------
                                              9.573455   slack (MET)


Startpoint: rst (input port clocked by clk)
Endpoint: _596_ (removal check against rising-edge clock clk)
Path Group: asynchronous
Path Type: min

Fanout         Cap        Slew       Delay        Time   Description
---------------------------------------------------------------------------------------------
                                  0.000000    0.000000   clock clk (rise edge)
                                  0.000000    0.000000   clock network delay (propagated)
                                 10.000000   10.000000 v input external delay
     1    0.003301    0.009797    0.005291   10.005291 v rst (in)
                                                         rst (net)
                      0.009797    0.000000   10.005291 v input1/A (sky130_fd_sc_hd__clkbuf_1)
     1    0.005096    0.038440    0.083467   10.088758 v input1/X (sky130_fd_sc_hd__clkbuf_1)
                                                         net1 (net)
                      0.038440    0.000223   10.088982 v wire673/A (sky130_fd_sc_hd__clkbuf_1)
     1    0.004916    0.037589    0.094528   10.183510 v wire673/X (sky130_fd_sc_hd__clkbuf_1)
                                                         net673 (net)
                      0.037589    0.000206   10.183716 v fanout672/A (sky130_fd_sc_hd__buf_4)
     8    0.055939    0.081300    0.183791   10.367506 v fanout672/X (sky130_fd_sc_hd__buf_4)
                                                         net672 (net)
                      0.081319    0.001054   10.368561 v fanout665/A (sky130_fd_sc_hd__clkbuf_4)
     7    0.036889    0.084409    0.202443   10.571004 v fanout665/X (sky130_fd_sc_hd__clkbuf_4)
                                                         net665 (net)
                      0.084435    0.001419   10.572423 v _522_/A (sky130_fd_sc_hd__inv_2)
     1    0.004656    0.036765    0.061906   10.634329 ^ _522_/Y (sky130_fd_sc_hd__inv_2)
                                                         _004_ (net)
                      0.036765    0.000129   10.634458 ^ _596_/RESET_B (sky130_fd_sc_hd__dfrtp_1)
                                             10.634458   data arrival time

                                  0.000000    0.000000   clock clk (rise edge)
                                  0.000000    0.000000   clock source latency
     1    0.027714    0.130121    0.090093    0.090093 ^ clk (in)
                                                         clk (net)
                      0.130131    0.000000    0.090093 ^ clkbuf_0_clk/A (sky130_fd_sc_hd__clkbuf_16)
     8    0.102463    0.118732    0.216823    0.306916 ^ clkbuf_0_clk/X (sky130_fd_sc_hd__clkbuf_16)
                                                         clknet_0_clk (net)
                      0.119104    0.004968    0.311884 ^ clkbuf_3_2__f_clk/A (sky130_fd_sc_hd__clkbuf_16)
    10    0.046720    0.065801    0.173477    0.485361 ^ clkbuf_3_2__f_clk/X (sky130_fd_sc_hd__clkbuf_16)
                                                         clknet_3_2__leaf_clk (net)
                      0.065854    0.001650    0.487011 ^ _596_/CLK (sky130_fd_sc_hd__dfrtp_1)
                                  0.250000    0.737011   clock uncertainty
                                  0.000000    0.737011   clock reconvergence pessimism
                                  0.323669    1.060679   library removal time
                                              1.060679   data required time
---------------------------------------------------------------------------------------------
                                              1.060679   data required time
                                            -10.634458   data arrival time
---------------------------------------------------------------------------------------------
                                              9.573778   slack (MET)


Startpoint: rst (input port clocked by clk)
Endpoint: _592_ (removal check against rising-edge clock clk)
Path Group: asynchronous
Path Type: min

Fanout         Cap        Slew       Delay        Time   Description
---------------------------------------------------------------------------------------------
                                  0.000000    0.000000   clock clk (rise edge)
                                  0.000000    0.000000   clock network delay (propagated)
                                 10.000000   10.000000 v input external delay
     1    0.003301    0.009797    0.005291   10.005291 v rst (in)
                                                         rst (net)
                      0.009797    0.000000   10.005291 v input1/A (sky130_fd_sc_hd__clkbuf_1)
     1    0.005096    0.038440    0.083467   10.088758 v input1/X (sky130_fd_sc_hd__clkbuf_1)
                                                         net1 (net)
                      0.038440    0.000223   10.088982 v wire673/A (sky130_fd_sc_hd__clkbuf_1)
     1    0.004916    0.037589    0.094528   10.183510 v wire673/X (sky130_fd_sc_hd__clkbuf_1)
                                                         net673 (net)
                      0.037589    0.000206   10.183716 v fanout672/A (sky130_fd_sc_hd__buf_4)
     8    0.055939    0.081300    0.183791   10.367506 v fanout672/X (sky130_fd_sc_hd__buf_4)
                                                         net672 (net)
                      0.081319    0.001054   10.368561 v fanout665/A (sky130_fd_sc_hd__clkbuf_4)
     7    0.036889    0.084409    0.202443   10.571004 v fanout665/X (sky130_fd_sc_hd__clkbuf_4)
                                                         net665 (net)
                      0.084410    0.000463   10.571466 v _284_/A (sky130_fd_sc_hd__inv_2)
     1    0.004815    0.037302    0.062457   10.633924 ^ _284_/Y (sky130_fd_sc_hd__inv_2)
                                                         _000_ (net)
                      0.037302    0.000096   10.634019 ^ _592_/RESET_B (sky130_fd_sc_hd__dfrtp_1)
                                             10.634019   data arrival time

                                  0.000000    0.000000   clock clk (rise edge)
                                  0.000000    0.000000   clock source latency
     1    0.027714    0.130121    0.090093    0.090093 ^ clk (in)
                                                         clk (net)
                      0.130131    0.000000    0.090093 ^ clkbuf_0_clk/A (sky130_fd_sc_hd__clkbuf_16)
     8    0.102463    0.118732    0.216823    0.306916 ^ clkbuf_0_clk/X (sky130_fd_sc_hd__clkbuf_16)
                                                         clknet_0_clk (net)
                      0.119104    0.004968    0.311884 ^ clkbuf_3_2__f_clk/A (sky130_fd_sc_hd__clkbuf_16)
    10    0.046720    0.065801    0.173477    0.485361 ^ clkbuf_3_2__f_clk/X (sky130_fd_sc_hd__clkbuf_16)
                                                         clknet_3_2__leaf_clk (net)
                      0.065810    0.000843    0.486204 ^ _592_/CLK (sky130_fd_sc_hd__dfrtp_1)
                                  0.250000    0.736204   clock uncertainty
                                  0.000000    0.736204   clock reconvergence pessimism
                                  0.323804    1.060008   library removal time
                                              1.060008   data required time
---------------------------------------------------------------------------------------------
                                              1.060008   data required time
                                            -10.634019   data arrival time
---------------------------------------------------------------------------------------------
                                              9.574011   slack (MET)


Startpoint: rst (input port clocked by clk)
Endpoint: _597_ (removal check against rising-edge clock clk)
Path Group: asynchronous
Path Type: min

Fanout         Cap        Slew       Delay        Time   Description
---------------------------------------------------------------------------------------------
                                  0.000000    0.000000   clock clk (rise edge)
                                  0.000000    0.000000   clock network delay (propagated)
                                 10.000000   10.000000 v input external delay
     1    0.003301    0.009797    0.005291   10.005291 v rst (in)
                                                         rst (net)
                      0.009797    0.000000   10.005291 v input1/A (sky130_fd_sc_hd__clkbuf_1)
     1    0.005096    0.038440    0.083467   10.088758 v input1/X (sky130_fd_sc_hd__clkbuf_1)
                                                         net1 (net)
                      0.038440    0.000223   10.088982 v wire673/A (sky130_fd_sc_hd__clkbuf_1)
     1    0.004916    0.037589    0.094528   10.183510 v wire673/X (sky130_fd_sc_hd__clkbuf_1)
                                                         net673 (net)
                      0.037589    0.000206   10.183716 v fanout672/A (sky130_fd_sc_hd__buf_4)
     8    0.055939    0.081300    0.183791   10.367506 v fanout672/X (sky130_fd_sc_hd__buf_4)
                                                         net672 (net)
                      0.081319    0.001054   10.368561 v fanout665/A (sky130_fd_sc_hd__clkbuf_4)
     7    0.036889    0.084409    0.202443   10.571004 v fanout665/X (sky130_fd_sc_hd__clkbuf_4)
                                                         net665 (net)
                      0.084445    0.001621   10.572625 v _523_/A (sky130_fd_sc_hd__inv_2)
     1    0.004835    0.037374    0.062523   10.635148 ^ _523_/Y (sky130_fd_sc_hd__inv_2)
                                                         _005_ (net)
                      0.037374    0.000137   10.635285 ^ _597_/RESET_B (sky130_fd_sc_hd__dfrtp_1)
                                             10.635285   data arrival time

                                  0.000000    0.000000   clock clk (rise edge)
                                  0.000000    0.000000   clock source latency
     1    0.027714    0.130121    0.090093    0.090093 ^ clk (in)
                                                         clk (net)
                      0.130131    0.000000    0.090093 ^ clkbuf_0_clk/A (sky130_fd_sc_hd__clkbuf_16)
     8    0.102463    0.118732    0.216823    0.306916 ^ clkbuf_0_clk/X (sky130_fd_sc_hd__clkbuf_16)
                                                         clknet_0_clk (net)
                      0.119104    0.004968    0.311884 ^ clkbuf_3_2__f_clk/A (sky130_fd_sc_hd__clkbuf_16)
    10    0.046720    0.065801    0.173477    0.485361 ^ clkbuf_3_2__f_clk/X (sky130_fd_sc_hd__clkbuf_16)
                                                         clknet_3_2__leaf_clk (net)
                      0.065864    0.001777    0.487137 ^ _597_/CLK (sky130_fd_sc_hd__dfrtp_1)
                                  0.250000    0.737137   clock uncertainty
                                  0.000000    0.737137   clock reconvergence pessimism
                                  0.323839    1.060976   library removal time
                                              1.060976   data required time
---------------------------------------------------------------------------------------------
                                              1.060976   data required time
                                            -10.635285   data arrival time
---------------------------------------------------------------------------------------------
                                              9.574309   slack (MET)


Startpoint: rst (input port clocked by clk)
Endpoint: _594_ (removal check against rising-edge clock clk)
Path Group: asynchronous
Path Type: min

Fanout         Cap        Slew       Delay        Time   Description
---------------------------------------------------------------------------------------------
                                  0.000000    0.000000   clock clk (rise edge)
                                  0.000000    0.000000   clock network delay (propagated)
                                 10.000000   10.000000 v input external delay
     1    0.003301    0.009797    0.005291   10.005291 v rst (in)
                                                         rst (net)
                      0.009797    0.000000   10.005291 v input1/A (sky130_fd_sc_hd__clkbuf_1)
     1    0.005096    0.038440    0.083467   10.088758 v input1/X (sky130_fd_sc_hd__clkbuf_1)
                                                         net1 (net)
                      0.038440    0.000223   10.088982 v wire673/A (sky130_fd_sc_hd__clkbuf_1)
     1    0.004916    0.037589    0.094528   10.183510 v wire673/X (sky130_fd_sc_hd__clkbuf_1)
                                                         net673 (net)
                      0.037589    0.000206   10.183716 v fanout672/A (sky130_fd_sc_hd__buf_4)
     8    0.055939    0.081300    0.183791   10.367506 v fanout672/X (sky130_fd_sc_hd__buf_4)
                                                         net672 (net)
                      0.081319    0.001054   10.368561 v fanout665/A (sky130_fd_sc_hd__clkbuf_4)
     7    0.036889    0.084409    0.202443   10.571004 v fanout665/X (sky130_fd_sc_hd__clkbuf_4)
                                                         net665 (net)
                      0.084421    0.001021   10.572024 v _520_/A (sky130_fd_sc_hd__inv_2)
     1    0.005058    0.038127    0.063291   10.635315 ^ _520_/Y (sky130_fd_sc_hd__inv_2)
                                                         _002_ (net)
                      0.038127    0.000110   10.635426 ^ _594_/RESET_B (sky130_fd_sc_hd__dfrtp_1)
                                             10.635426   data arrival time

                                  0.000000    0.000000   clock clk (rise edge)
                                  0.000000    0.000000   clock source latency
     1    0.027714    0.130121    0.090093    0.090093 ^ clk (in)
                                                         clk (net)
                      0.130131    0.000000    0.090093 ^ clkbuf_0_clk/A (sky130_fd_sc_hd__clkbuf_16)
     8    0.102463    0.118732    0.216823    0.306916 ^ clkbuf_0_clk/X (sky130_fd_sc_hd__clkbuf_16)
                                                         clknet_0_clk (net)
                      0.119104    0.004968    0.311884 ^ clkbuf_3_2__f_clk/A (sky130_fd_sc_hd__clkbuf_16)
    10    0.046720    0.065801    0.173477    0.485361 ^ clkbuf_3_2__f_clk/X (sky130_fd_sc_hd__clkbuf_16)
                                                         clknet_3_2__leaf_clk (net)
                      0.065830    0.001287    0.486647 ^ _594_/CLK (sky130_fd_sc_hd__dfrtp_1)
                                  0.250000    0.736647   clock uncertainty
                                  0.000000    0.736647   clock reconvergence pessimism
                                  0.324037    1.060684   library removal time
                                              1.060684   data required time
---------------------------------------------------------------------------------------------
                                              1.060684   data required time
                                            -10.635426   data arrival time
---------------------------------------------------------------------------------------------
                                              9.574741   slack (MET)


Startpoint: rst (input port clocked by clk)
Endpoint: _598_ (removal check against rising-edge clock clk)
Path Group: asynchronous
Path Type: min

Fanout         Cap        Slew       Delay        Time   Description
---------------------------------------------------------------------------------------------
                                  0.000000    0.000000   clock clk (rise edge)
                                  0.000000    0.000000   clock network delay (propagated)
                                 10.000000   10.000000 v input external delay
     1    0.003301    0.009797    0.005291   10.005291 v rst (in)
                                                         rst (net)
                      0.009797    0.000000   10.005291 v input1/A (sky130_fd_sc_hd__clkbuf_1)
     1    0.005096    0.038440    0.083467   10.088758 v input1/X (sky130_fd_sc_hd__clkbuf_1)
                                                         net1 (net)
                      0.038440    0.000223   10.088982 v wire673/A (sky130_fd_sc_hd__clkbuf_1)
     1    0.004916    0.037589    0.094528   10.183510 v wire673/X (sky130_fd_sc_hd__clkbuf_1)
                                                         net673 (net)
                      0.037589    0.000206   10.183716 v fanout672/A (sky130_fd_sc_hd__buf_4)
     8    0.055939    0.081300    0.183791   10.367506 v fanout672/X (sky130_fd_sc_hd__buf_4)
                                                         net672 (net)
                      0.081319    0.001054   10.368561 v fanout665/A (sky130_fd_sc_hd__clkbuf_4)
     7    0.036889    0.084409    0.202443   10.571004 v fanout665/X (sky130_fd_sc_hd__clkbuf_4)
                                                         net665 (net)
                      0.084448    0.001674   10.572679 v _524_/A (sky130_fd_sc_hd__inv_2)
     1    0.005261    0.038818    0.063976   10.636655 ^ _524_/Y (sky130_fd_sc_hd__inv_2)
                                                         _006_ (net)
                      0.038818    0.000171   10.636825 ^ _598_/RESET_B (sky130_fd_sc_hd__dfrtp_1)
                                             10.636825   data arrival time

                                  0.000000    0.000000   clock clk (rise edge)
                                  0.000000    0.000000   clock source latency
     1    0.027714    0.130121    0.090093    0.090093 ^ clk (in)
                                                         clk (net)
                      0.130131    0.000000    0.090093 ^ clkbuf_0_clk/A (sky130_fd_sc_hd__clkbuf_16)
     8    0.102463    0.118732    0.216823    0.306916 ^ clkbuf_0_clk/X (sky130_fd_sc_hd__clkbuf_16)
                                                         clknet_0_clk (net)
                      0.119104    0.004968    0.311884 ^ clkbuf_3_2__f_clk/A (sky130_fd_sc_hd__clkbuf_16)
    10    0.046720    0.065801    0.173477    0.485361 ^ clkbuf_3_2__f_clk/X (sky130_fd_sc_hd__clkbuf_16)
                                                         clknet_3_2__leaf_clk (net)
                      0.065870    0.001852    0.487213 ^ _598_/CLK (sky130_fd_sc_hd__dfrtp_1)
                                  0.250000    0.737213   clock uncertainty
                                  0.000000    0.737213   clock reconvergence pessimism
                                  0.324238    1.061451   library removal time
                                              1.061451   data required time
---------------------------------------------------------------------------------------------
                                              1.061451   data required time
                                            -10.636825   data arrival time
---------------------------------------------------------------------------------------------
                                              9.575375   slack (MET)


Startpoint: rst (input port clocked by clk)
Endpoint: _599_ (removal check against rising-edge clock clk)
Path Group: asynchronous
Path Type: min

Fanout         Cap        Slew       Delay        Time   Description
---------------------------------------------------------------------------------------------
                                  0.000000    0.000000   clock clk (rise edge)
                                  0.000000    0.000000   clock network delay (propagated)
                                 10.000000   10.000000 v input external delay
     1    0.003301    0.009797    0.005291   10.005291 v rst (in)
                                                         rst (net)
                      0.009797    0.000000   10.005291 v input1/A (sky130_fd_sc_hd__clkbuf_1)
     1    0.005096    0.038440    0.083467   10.088758 v input1/X (sky130_fd_sc_hd__clkbuf_1)
                                                         net1 (net)
                      0.038440    0.000223   10.088982 v wire673/A (sky130_fd_sc_hd__clkbuf_1)
     1    0.004916    0.037589    0.094528   10.183510 v wire673/X (sky130_fd_sc_hd__clkbuf_1)
                                                         net673 (net)
                      0.037589    0.000206   10.183716 v fanout672/A (sky130_fd_sc_hd__buf_4)
     8    0.055939    0.081300    0.183791   10.367506 v fanout672/X (sky130_fd_sc_hd__buf_4)
                                                         net672 (net)
                      0.081319    0.001054   10.368561 v fanout665/A (sky130_fd_sc_hd__clkbuf_4)
     7    0.036889    0.084409    0.202443   10.571004 v fanout665/X (sky130_fd_sc_hd__clkbuf_4)
                                                         net665 (net)
                      0.084450    0.001710   10.572714 v _525_/A (sky130_fd_sc_hd__inv_2)
     1    0.006051    0.041564    0.066676   10.639390 ^ _525_/Y (sky130_fd_sc_hd__inv_2)
                                                         _007_ (net)
                      0.041565    0.000225   10.639615 ^ _599_/RESET_B (sky130_fd_sc_hd__dfrtp_1)
                                             10.639615   data arrival time

                                  0.000000    0.000000   clock clk (rise edge)
                                  0.000000    0.000000   clock source latency
     1    0.027714    0.130121    0.090093    0.090093 ^ clk (in)
                                                         clk (net)
                      0.130131    0.000000    0.090093 ^ clkbuf_0_clk/A (sky130_fd_sc_hd__clkbuf_16)
     8    0.102463    0.118732    0.216823    0.306916 ^ clkbuf_0_clk/X (sky130_fd_sc_hd__clkbuf_16)
                                                         clknet_0_clk (net)
                      0.119104    0.004968    0.311884 ^ clkbuf_3_2__f_clk/A (sky130_fd_sc_hd__clkbuf_16)
    10    0.046720    0.065801    0.173477    0.485361 ^ clkbuf_3_2__f_clk/X (sky130_fd_sc_hd__clkbuf_16)
                                                         clknet_3_2__leaf_clk (net)
                      0.065876    0.001923    0.487283 ^ _599_/CLK (sky130_fd_sc_hd__dfrtp_1)
                                  0.250000    0.737283   clock uncertainty
                                  0.000000    0.737283   clock reconvergence pessimism
                                  0.324995    1.062278   library removal time
                                              1.062278   data required time
---------------------------------------------------------------------------------------------
                                              1.062278   data required time
                                            -10.639615   data arrival time
---------------------------------------------------------------------------------------------
                                              9.577336   slack (MET)


Startpoint: rst (input port clocked by clk)
Endpoint: _620_ (removal check against rising-edge clock clk)
Path Group: asynchronous
Path Type: min

Fanout         Cap        Slew       Delay        Time   Description
---------------------------------------------------------------------------------------------
                                  0.000000    0.000000   clock clk (rise edge)
                                  0.000000    0.000000   clock network delay (propagated)
                                 10.000000   10.000000 v input external delay
     1    0.003301    0.009797    0.005291   10.005291 v rst (in)
                                                         rst (net)
                      0.009797    0.000000   10.005291 v input1/A (sky130_fd_sc_hd__clkbuf_1)
     1    0.005096    0.038440    0.083467   10.088758 v input1/X (sky130_fd_sc_hd__clkbuf_1)
                                                         net1 (net)
                      0.038440    0.000223   10.088982 v wire673/A (sky130_fd_sc_hd__clkbuf_1)
     1    0.004916    0.037589    0.094528   10.183510 v wire673/X (sky130_fd_sc_hd__clkbuf_1)
                                                         net673 (net)
                      0.037589    0.000206   10.183716 v fanout672/A (sky130_fd_sc_hd__buf_4)
     8    0.055939    0.081300    0.183791   10.367506 v fanout672/X (sky130_fd_sc_hd__buf_4)
                                                         net672 (net)
                      0.082914    0.008981   10.376488 v fanout669/A (sky130_fd_sc_hd__buf_4)
     9    0.047470    0.074479    0.198773   10.575261 v fanout669/X (sky130_fd_sc_hd__buf_4)
                                                         net669 (net)
                      0.074501    0.001229   10.576490 v _546_/A (sky130_fd_sc_hd__inv_2)
     1    0.004331    0.033460    0.057071   10.633561 ^ _546_/Y (sky130_fd_sc_hd__inv_2)
                                                         _028_ (net)
                      0.033460    0.000101   10.633662 ^ _620_/RESET_B (sky130_fd_sc_hd__dfrtp_1)
                                             10.633662   data arrival time

                                  0.000000    0.000000   clock clk (rise edge)
                                  0.000000    0.000000   clock source latency
     1    0.027714    0.130121    0.090093    0.090093 ^ clk (in)
                                                         clk (net)
                      0.130131    0.000000    0.090093 ^ clkbuf_0_clk/A (sky130_fd_sc_hd__clkbuf_16)
     8    0.102463    0.118732    0.216823    0.306916 ^ clkbuf_0_clk/X (sky130_fd_sc_hd__clkbuf_16)
                                                         clknet_0_clk (net)
                      0.119111    0.005022    0.311938 ^ clkbuf_3_4__f_clk/A (sky130_fd_sc_hd__clkbuf_16)
    12    0.040426    0.060220    0.168731    0.480669 ^ clkbuf_3_4__f_clk/X (sky130_fd_sc_hd__clkbuf_16)
                                                         clknet_3_4__leaf_clk (net)
                      0.060341    0.002265    0.482935 ^ _620_/CLK (sky130_fd_sc_hd__dfrtp_1)
                                  0.250000    0.732935   clock uncertainty
                                  0.000000    0.732935   clock reconvergence pessimism
                                  0.321256    1.054191   library removal time
                                              1.054191   data required time
---------------------------------------------------------------------------------------------
                                              1.054191   data required time
                                            -10.633662   data arrival time
---------------------------------------------------------------------------------------------
                                              9.579472   slack (MET)


Startpoint: rst (input port clocked by clk)
Endpoint: _623_ (removal check against rising-edge clock clk)
Path Group: asynchronous
Path Type: min

Fanout         Cap        Slew       Delay        Time   Description
---------------------------------------------------------------------------------------------
                                  0.000000    0.000000   clock clk (rise edge)
                                  0.000000    0.000000   clock network delay (propagated)
                                 10.000000   10.000000 v input external delay
     1    0.003301    0.009797    0.005291   10.005291 v rst (in)
                                                         rst (net)
                      0.009797    0.000000   10.005291 v input1/A (sky130_fd_sc_hd__clkbuf_1)
     1    0.005096    0.038440    0.083467   10.088758 v input1/X (sky130_fd_sc_hd__clkbuf_1)
                                                         net1 (net)
                      0.038440    0.000223   10.088982 v wire673/A (sky130_fd_sc_hd__clkbuf_1)
     1    0.004916    0.037589    0.094528   10.183510 v wire673/X (sky130_fd_sc_hd__clkbuf_1)
                                                         net673 (net)
                      0.037589    0.000206   10.183716 v fanout672/A (sky130_fd_sc_hd__buf_4)
     8    0.055939    0.081300    0.183791   10.367506 v fanout672/X (sky130_fd_sc_hd__buf_4)
                                                         net672 (net)
                      0.082914    0.008981   10.376488 v fanout669/A (sky130_fd_sc_hd__buf_4)
     9    0.047470    0.074479    0.198773   10.575261 v fanout669/X (sky130_fd_sc_hd__buf_4)
                                                         net669 (net)
                      0.074520    0.001600   10.576860 v _549_/A (sky130_fd_sc_hd__inv_2)
     1    0.004235    0.033122    0.056663   10.633524 ^ _549_/Y (sky130_fd_sc_hd__inv_2)
                                                         _031_ (net)
                      0.033122    0.000098   10.633621 ^ _623_/RESET_B (sky130_fd_sc_hd__dfrtp_1)
                                             10.633621   data arrival time

                                  0.000000    0.000000   clock clk (rise edge)
                                  0.000000    0.000000   clock source latency
     1    0.027714    0.130121    0.090093    0.090093 ^ clk (in)
                                                         clk (net)
                      0.130131    0.000000    0.090093 ^ clkbuf_0_clk/A (sky130_fd_sc_hd__clkbuf_16)
     8    0.102463    0.118732    0.216823    0.306916 ^ clkbuf_0_clk/X (sky130_fd_sc_hd__clkbuf_16)
                                                         clknet_0_clk (net)
                      0.119111    0.005022    0.311938 ^ clkbuf_3_4__f_clk/A (sky130_fd_sc_hd__clkbuf_16)
    12    0.040426    0.060220    0.168731    0.480669 ^ clkbuf_3_4__f_clk/X (sky130_fd_sc_hd__clkbuf_16)
                                                         clknet_3_4__leaf_clk (net)
                      0.060343    0.002289    0.482959 ^ _623_/CLK (sky130_fd_sc_hd__dfrtp_1)
                                  0.250000    0.732959   clock uncertainty
                                  0.000000    0.732959   clock reconvergence pessimism
                                  0.321164    1.054123   library removal time
                                              1.054123   data required time
---------------------------------------------------------------------------------------------
                                              1.054123   data required time
                                            -10.633621   data arrival time
---------------------------------------------------------------------------------------------
                                              9.579498   slack (MET)


Startpoint: rst (input port clocked by clk)
Endpoint: _654_ (removal check against rising-edge clock clk)
Path Group: asynchronous
Path Type: min

Fanout         Cap        Slew       Delay        Time   Description
---------------------------------------------------------------------------------------------
                                  0.000000    0.000000   clock clk (rise edge)
                                  0.000000    0.000000   clock network delay (propagated)
                                 10.000000   10.000000 v input external delay
     1    0.003301    0.009797    0.005291   10.005291 v rst (in)
                                                         rst (net)
                      0.009797    0.000000   10.005291 v input1/A (sky130_fd_sc_hd__clkbuf_1)
     1    0.005096    0.038440    0.083467   10.088758 v input1/X (sky130_fd_sc_hd__clkbuf_1)
                                                         net1 (net)
                      0.038440    0.000223   10.088982 v wire673/A (sky130_fd_sc_hd__clkbuf_1)
     1    0.004916    0.037589    0.094528   10.183510 v wire673/X (sky130_fd_sc_hd__clkbuf_1)
                                                         net673 (net)
                      0.037589    0.000206   10.183716 v fanout672/A (sky130_fd_sc_hd__buf_4)
     8    0.055939    0.081300    0.183791   10.367506 v fanout672/X (sky130_fd_sc_hd__buf_4)
                                                         net672 (net)
                      0.082914    0.008981   10.376488 v fanout669/A (sky130_fd_sc_hd__buf_4)
     9    0.047470    0.074479    0.198773   10.575261 v fanout669/X (sky130_fd_sc_hd__buf_4)
                                                         net669 (net)
                      0.074528    0.001728   10.576988 v _580_/A (sky130_fd_sc_hd__inv_2)
     1    0.004698    0.034768    0.058353   10.635342 ^ _580_/Y (sky130_fd_sc_hd__inv_2)
                                                         _062_ (net)
                      0.034768    0.000090   10.635431 ^ _654_/RESET_B (sky130_fd_sc_hd__dfrtp_1)
                                             10.635431   data arrival time

                                  0.000000    0.000000   clock clk (rise edge)
                                  0.000000    0.000000   clock source latency
     1    0.027714    0.130121    0.090093    0.090093 ^ clk (in)
                                                         clk (net)
                      0.130131    0.000000    0.090093 ^ clkbuf_0_clk/A (sky130_fd_sc_hd__clkbuf_16)
     8    0.102463    0.118732    0.216823    0.306916 ^ clkbuf_0_clk/X (sky130_fd_sc_hd__clkbuf_16)
                                                         clknet_0_clk (net)
                      0.119111    0.005022    0.311938 ^ clkbuf_3_4__f_clk/A (sky130_fd_sc_hd__clkbuf_16)
    12    0.040426    0.060220    0.168731    0.480669 ^ clkbuf_3_4__f_clk/X (sky130_fd_sc_hd__clkbuf_16)
                                                         clknet_3_4__leaf_clk (net)
                      0.060311    0.001982    0.482652 ^ _654_/CLK (sky130_fd_sc_hd__dfrtp_1)
                                  0.250000    0.732652   clock uncertainty
                                  0.000000    0.732652   clock reconvergence pessimism
                                  0.321608    1.054260   library removal time
                                              1.054260   data required time
---------------------------------------------------------------------------------------------
                                              1.054260   data required time
                                            -10.635431   data arrival time
---------------------------------------------------------------------------------------------
                                              9.581172   slack (MET)


Startpoint: rst (input port clocked by clk)
Endpoint: _621_ (removal check against rising-edge clock clk)
Path Group: asynchronous
Path Type: min

Fanout         Cap        Slew       Delay        Time   Description
---------------------------------------------------------------------------------------------
                                  0.000000    0.000000   clock clk (rise edge)
                                  0.000000    0.000000   clock network delay (propagated)
                                 10.000000   10.000000 v input external delay
     1    0.003301    0.009797    0.005291   10.005291 v rst (in)
                                                         rst (net)
                      0.009797    0.000000   10.005291 v input1/A (sky130_fd_sc_hd__clkbuf_1)
     1    0.005096    0.038440    0.083467   10.088758 v input1/X (sky130_fd_sc_hd__clkbuf_1)
                                                         net1 (net)
                      0.038440    0.000223   10.088982 v wire673/A (sky130_fd_sc_hd__clkbuf_1)
     1    0.004916    0.037589    0.094528   10.183510 v wire673/X (sky130_fd_sc_hd__clkbuf_1)
                                                         net673 (net)
                      0.037589    0.000206   10.183716 v fanout672/A (sky130_fd_sc_hd__buf_4)
     8    0.055939    0.081300    0.183791   10.367506 v fanout672/X (sky130_fd_sc_hd__buf_4)
                                                         net672 (net)
                      0.082914    0.008981   10.376488 v fanout669/A (sky130_fd_sc_hd__buf_4)
     9    0.047470    0.074479    0.198773   10.575261 v fanout669/X (sky130_fd_sc_hd__buf_4)
                                                         net669 (net)
                      0.074515    0.001517   10.576778 v _547_/A (sky130_fd_sc_hd__inv_2)
     1    0.004951    0.035661    0.059189   10.635967 ^ _547_/Y (sky130_fd_sc_hd__inv_2)
                                                         _029_ (net)
                      0.035661    0.000103   10.636070 ^ _621_/RESET_B (sky130_fd_sc_hd__dfrtp_1)
                                             10.636070   data arrival time

                                  0.000000    0.000000   clock clk (rise edge)
                                  0.000000    0.000000   clock source latency
     1    0.027714    0.130121    0.090093    0.090093 ^ clk (in)
                                                         clk (net)
                      0.130131    0.000000    0.090093 ^ clkbuf_0_clk/A (sky130_fd_sc_hd__clkbuf_16)
     8    0.102463    0.118732    0.216823    0.306916 ^ clkbuf_0_clk/X (sky130_fd_sc_hd__clkbuf_16)
                                                         clknet_0_clk (net)
                      0.119111    0.005022    0.311938 ^ clkbuf_3_4__f_clk/A (sky130_fd_sc_hd__clkbuf_16)
    12    0.040426    0.060220    0.168731    0.480669 ^ clkbuf_3_4__f_clk/X (sky130_fd_sc_hd__clkbuf_16)
                                                         clknet_3_4__leaf_clk (net)
                      0.060339    0.002251    0.482921 ^ _621_/CLK (sky130_fd_sc_hd__dfrtp_1)
                                  0.250000    0.732921   clock uncertainty
                                  0.000000    0.732921   clock reconvergence pessimism
                                  0.321861    1.054782   library removal time
                                              1.054782   data required time
---------------------------------------------------------------------------------------------
                                              1.054782   data required time
                                            -10.636070   data arrival time
---------------------------------------------------------------------------------------------
                                              9.581288   slack (MET)


Startpoint: rst (input port clocked by clk)
Endpoint: _622_ (removal check against rising-edge clock clk)
Path Group: asynchronous
Path Type: min

Fanout         Cap        Slew       Delay        Time   Description
---------------------------------------------------------------------------------------------
                                  0.000000    0.000000   clock clk (rise edge)
                                  0.000000    0.000000   clock network delay (propagated)
                                 10.000000   10.000000 v input external delay
     1    0.003301    0.009797    0.005291   10.005291 v rst (in)
                                                         rst (net)
                      0.009797    0.000000   10.005291 v input1/A (sky130_fd_sc_hd__clkbuf_1)
     1    0.005096    0.038440    0.083467   10.088758 v input1/X (sky130_fd_sc_hd__clkbuf_1)
                                                         net1 (net)
                      0.038440    0.000223   10.088982 v wire673/A (sky130_fd_sc_hd__clkbuf_1)
     1    0.004916    0.037589    0.094528   10.183510 v wire673/X (sky130_fd_sc_hd__clkbuf_1)
                                                         net673 (net)
                      0.037589    0.000206   10.183716 v fanout672/A (sky130_fd_sc_hd__buf_4)
     8    0.055939    0.081300    0.183791   10.367506 v fanout672/X (sky130_fd_sc_hd__buf_4)
                                                         net672 (net)
                      0.082914    0.008981   10.376488 v fanout669/A (sky130_fd_sc_hd__buf_4)
     9    0.047470    0.074479    0.198773   10.575261 v fanout669/X (sky130_fd_sc_hd__buf_4)
                                                         net669 (net)
                      0.074518    0.001562   10.576823 v _548_/A (sky130_fd_sc_hd__inv_2)
     1    0.004979    0.035762    0.059283   10.636106 ^ _548_/Y (sky130_fd_sc_hd__inv_2)
                                                         _030_ (net)
                      0.035762    0.000107   10.636213 ^ _622_/RESET_B (sky130_fd_sc_hd__dfrtp_1)
                                             10.636213   data arrival time

                                  0.000000    0.000000   clock clk (rise edge)
                                  0.000000    0.000000   clock source latency
     1    0.027714    0.130121    0.090093    0.090093 ^ clk (in)
                                                         clk (net)
                      0.130131    0.000000    0.090093 ^ clkbuf_0_clk/A (sky130_fd_sc_hd__clkbuf_16)
     8    0.102463    0.118732    0.216823    0.306916 ^ clkbuf_0_clk/X (sky130_fd_sc_hd__clkbuf_16)
                                                         clknet_0_clk (net)
                      0.119111    0.005022    0.311938 ^ clkbuf_3_4__f_clk/A (sky130_fd_sc_hd__clkbuf_16)
    12    0.040426    0.060220    0.168731    0.480669 ^ clkbuf_3_4__f_clk/X (sky130_fd_sc_hd__clkbuf_16)
                                                         clknet_3_4__leaf_clk (net)
                      0.060337    0.002233    0.482902 ^ _622_/CLK (sky130_fd_sc_hd__dfrtp_1)
                                  0.250000    0.732902   clock uncertainty
                                  0.000000    0.732902   clock reconvergence pessimism
                                  0.321889    1.054791   library removal time
                                              1.054791   data required time
---------------------------------------------------------------------------------------------
                                              1.054791   data required time
                                            -10.636213   data arrival time
---------------------------------------------------------------------------------------------
                                              9.581422   slack (MET)


Startpoint: rst (input port clocked by clk)
Endpoint: _655_ (removal check against rising-edge clock clk)
Path Group: asynchronous
Path Type: min

Fanout         Cap        Slew       Delay        Time   Description
---------------------------------------------------------------------------------------------
                                  0.000000    0.000000   clock clk (rise edge)
                                  0.000000    0.000000   clock network delay (propagated)
                                 10.000000   10.000000 v input external delay
     1    0.003301    0.009797    0.005291   10.005291 v rst (in)
                                                         rst (net)
                      0.009797    0.000000   10.005291 v input1/A (sky130_fd_sc_hd__clkbuf_1)
     1    0.005096    0.038440    0.083467   10.088758 v input1/X (sky130_fd_sc_hd__clkbuf_1)
                                                         net1 (net)
                      0.038440    0.000223   10.088982 v wire673/A (sky130_fd_sc_hd__clkbuf_1)
     1    0.004916    0.037589    0.094528   10.183510 v wire673/X (sky130_fd_sc_hd__clkbuf_1)
                                                         net673 (net)
                      0.037589    0.000206   10.183716 v fanout672/A (sky130_fd_sc_hd__buf_4)
     8    0.055939    0.081300    0.183791   10.367506 v fanout672/X (sky130_fd_sc_hd__buf_4)
                                                         net672 (net)
                      0.082914    0.008981   10.376488 v fanout669/A (sky130_fd_sc_hd__buf_4)
     9    0.047470    0.074479    0.198773   10.575261 v fanout669/X (sky130_fd_sc_hd__buf_4)
                                                         net669 (net)
                      0.074530    0.001765   10.577025 v _581_/A (sky130_fd_sc_hd__inv_2)
     1    0.004871    0.035379    0.058926   10.635952 ^ _581_/Y (sky130_fd_sc_hd__inv_2)
                                                         _063_ (net)
                      0.035379    0.000099   10.636051 ^ _655_/RESET_B (sky130_fd_sc_hd__dfrtp_1)
                                             10.636051   data arrival time

                                  0.000000    0.000000   clock clk (rise edge)
                                  0.000000    0.000000   clock source latency
     1    0.027714    0.130121    0.090093    0.090093 ^ clk (in)
                                                         clk (net)
                      0.130131    0.000000    0.090093 ^ clkbuf_0_clk/A (sky130_fd_sc_hd__clkbuf_16)
     8    0.102463    0.118732    0.216823    0.306916 ^ clkbuf_0_clk/X (sky130_fd_sc_hd__clkbuf_16)
                                                         clknet_0_clk (net)
                      0.119111    0.005022    0.311938 ^ clkbuf_3_4__f_clk/A (sky130_fd_sc_hd__clkbuf_16)
    12    0.040426    0.060220    0.168731    0.480669 ^ clkbuf_3_4__f_clk/X (sky130_fd_sc_hd__clkbuf_16)
                                                         clknet_3_4__leaf_clk (net)
                      0.060309    0.001968    0.482638 ^ _655_/CLK (sky130_fd_sc_hd__dfrtp_1)
                                  0.250000    0.732638   clock uncertainty
                                  0.000000    0.732638   clock reconvergence pessimism
                                  0.321775    1.054413   library removal time
                                              1.054413   data required time
---------------------------------------------------------------------------------------------
                                              1.054413   data required time
                                            -10.636051   data arrival time
---------------------------------------------------------------------------------------------
                                              9.581638   slack (MET)


Startpoint: rst (input port clocked by clk)
Endpoint: _593_ (removal check against rising-edge clock clk)
Path Group: asynchronous
Path Type: min

Fanout         Cap        Slew       Delay        Time   Description
---------------------------------------------------------------------------------------------
                                  0.000000    0.000000   clock clk (rise edge)
                                  0.000000    0.000000   clock network delay (propagated)
                                 10.000000   10.000000 v input external delay
     1    0.003301    0.009797    0.005291   10.005291 v rst (in)
                                                         rst (net)
                      0.009797    0.000000   10.005291 v input1/A (sky130_fd_sc_hd__clkbuf_1)
     1    0.005096    0.038440    0.083467   10.088758 v input1/X (sky130_fd_sc_hd__clkbuf_1)
                                                         net1 (net)
                      0.038440    0.000223   10.088982 v wire673/A (sky130_fd_sc_hd__clkbuf_1)
     1    0.004916    0.037589    0.094528   10.183510 v wire673/X (sky130_fd_sc_hd__clkbuf_1)
                                                         net673 (net)
                      0.037589    0.000206   10.183716 v fanout672/A (sky130_fd_sc_hd__buf_4)
     8    0.055939    0.081300    0.183791   10.367506 v fanout672/X (sky130_fd_sc_hd__buf_4)
                                                         net672 (net)
                      0.081311    0.000790   10.368297 v fanout664/A (sky130_fd_sc_hd__buf_4)
    10    0.060899    0.086223    0.208892   10.577188 v fanout664/X (sky130_fd_sc_hd__buf_4)
                                                         net664 (net)
                      0.086249    0.001265   10.578453 v _519_/A (sky130_fd_sc_hd__inv_2)
     1    0.005283    0.039269    0.064744   10.643197 ^ _519_/Y (sky130_fd_sc_hd__inv_2)
                                                         _001_ (net)
                      0.039269    0.000167   10.643364 ^ _593_/RESET_B (sky130_fd_sc_hd__dfrtp_1)
                                             10.643364   data arrival time

                                  0.000000    0.000000   clock clk (rise edge)
                                  0.000000    0.000000   clock source latency
     1    0.027714    0.130121    0.090093    0.090093 ^ clk (in)
                                                         clk (net)
                      0.130131    0.000000    0.090093 ^ clkbuf_0_clk/A (sky130_fd_sc_hd__clkbuf_16)
     8    0.102463    0.118732    0.216823    0.306916 ^ clkbuf_0_clk/X (sky130_fd_sc_hd__clkbuf_16)
                                                         clknet_0_clk (net)
                      0.119104    0.004968    0.311884 ^ clkbuf_3_2__f_clk/A (sky130_fd_sc_hd__clkbuf_16)
    10    0.046720    0.065801    0.173477    0.485361 ^ clkbuf_3_2__f_clk/X (sky130_fd_sc_hd__clkbuf_16)
                                                         clknet_3_2__leaf_clk (net)
                      0.065829    0.001274    0.486635 ^ _593_/CLK (sky130_fd_sc_hd__dfrtp_1)
                                  0.250000    0.736635   clock uncertainty
                                  0.000000    0.736635   clock reconvergence pessimism
                                  0.324350    1.060985   library removal time
                                              1.060985   data required time
---------------------------------------------------------------------------------------------
                                              1.060985   data required time
                                            -10.643364   data arrival time
---------------------------------------------------------------------------------------------
                                              9.582378   slack (MET)


Startpoint: rst (input port clocked by clk)
Endpoint: _619_ (removal check against rising-edge clock clk)
Path Group: asynchronous
Path Type: min

Fanout         Cap        Slew       Delay        Time   Description
---------------------------------------------------------------------------------------------
                                  0.000000    0.000000   clock clk (rise edge)
                                  0.000000    0.000000   clock network delay (propagated)
                                 10.000000   10.000000 v input external delay
     1    0.003301    0.009797    0.005291   10.005291 v rst (in)
                                                         rst (net)
                      0.009797    0.000000   10.005291 v input1/A (sky130_fd_sc_hd__clkbuf_1)
     1    0.005096    0.038440    0.083467   10.088758 v input1/X (sky130_fd_sc_hd__clkbuf_1)
                                                         net1 (net)
                      0.038440    0.000223   10.088982 v wire673/A (sky130_fd_sc_hd__clkbuf_1)
     1    0.004916    0.037589    0.094528   10.183510 v wire673/X (sky130_fd_sc_hd__clkbuf_1)
                                                         net673 (net)
                      0.037589    0.000206   10.183716 v fanout672/A (sky130_fd_sc_hd__buf_4)
     8    0.055939    0.081300    0.183791   10.367506 v fanout672/X (sky130_fd_sc_hd__buf_4)
                                                         net672 (net)
                      0.082914    0.008981   10.376488 v fanout669/A (sky130_fd_sc_hd__buf_4)
     9    0.047470    0.074479    0.198773   10.575261 v fanout669/X (sky130_fd_sc_hd__buf_4)
                                                         net669 (net)
                      0.074492    0.000984   10.576245 v _545_/A (sky130_fd_sc_hd__inv_2)
     1    0.004148    0.032805    0.056274   10.632519 ^ _545_/Y (sky130_fd_sc_hd__inv_2)
                                                         _027_ (net)
                      0.032805    0.000095   10.632614 ^ _619_/RESET_B (sky130_fd_sc_hd__dfrtp_1)
                                             10.632614   data arrival time

                                  0.000000    0.000000   clock clk (rise edge)
                                  0.000000    0.000000   clock source latency
     1    0.027714    0.130121    0.090093    0.090093 ^ clk (in)
                                                         clk (net)
                      0.130131    0.000000    0.090093 ^ clkbuf_0_clk/A (sky130_fd_sc_hd__clkbuf_16)
     8    0.102463    0.118732    0.216823    0.306916 ^ clkbuf_0_clk/X (sky130_fd_sc_hd__clkbuf_16)
                                                         clknet_0_clk (net)
                      0.119016    0.004233    0.311149 ^ clkbuf_3_7__f_clk/A (sky130_fd_sc_hd__clkbuf_16)
     7    0.038339    0.058316    0.167587    0.478736 ^ clkbuf_3_7__f_clk/X (sky130_fd_sc_hd__clkbuf_16)
                                                         clknet_3_7__leaf_clk (net)
                      0.058329    0.000803    0.479539 ^ _619_/CLK (sky130_fd_sc_hd__dfrtp_1)
                                  0.250000    0.729539   clock uncertainty
                                  0.000000    0.729539   clock reconvergence pessimism
                                  0.320528    1.050067   library removal time
                                              1.050067   data required time
---------------------------------------------------------------------------------------------
                                              1.050067   data required time
                                            -10.632614   data arrival time
---------------------------------------------------------------------------------------------
                                              9.582547   slack (MET)


Startpoint: rst (input port clocked by clk)
Endpoint: _653_ (removal check against rising-edge clock clk)
Path Group: asynchronous
Path Type: min

Fanout         Cap        Slew       Delay        Time   Description
---------------------------------------------------------------------------------------------
                                  0.000000    0.000000   clock clk (rise edge)
                                  0.000000    0.000000   clock network delay (propagated)
                                 10.000000   10.000000 v input external delay
     1    0.003301    0.009797    0.005291   10.005291 v rst (in)
                                                         rst (net)
                      0.009797    0.000000   10.005291 v input1/A (sky130_fd_sc_hd__clkbuf_1)
     1    0.005096    0.038440    0.083467   10.088758 v input1/X (sky130_fd_sc_hd__clkbuf_1)
                                                         net1 (net)
                      0.038440    0.000223   10.088982 v wire673/A (sky130_fd_sc_hd__clkbuf_1)
     1    0.004916    0.037589    0.094528   10.183510 v wire673/X (sky130_fd_sc_hd__clkbuf_1)
                                                         net673 (net)
                      0.037589    0.000206   10.183716 v fanout672/A (sky130_fd_sc_hd__buf_4)
     8    0.055939    0.081300    0.183791   10.367506 v fanout672/X (sky130_fd_sc_hd__buf_4)
                                                         net672 (net)
                      0.082914    0.008981   10.376488 v fanout669/A (sky130_fd_sc_hd__buf_4)
     9    0.047470    0.074479    0.198773   10.575261 v fanout669/X (sky130_fd_sc_hd__buf_4)
                                                         net669 (net)
                      0.074530    0.001770   10.577031 v _579_/A (sky130_fd_sc_hd__inv_2)
     1    0.004128    0.032740    0.056200   10.633231 ^ _579_/Y (sky130_fd_sc_hd__inv_2)
                                                         _061_ (net)
                      0.032740    0.000092   10.633324 ^ _653_/RESET_B (sky130_fd_sc_hd__dfrtp_1)
                                             10.633324   data arrival time

                                  0.000000    0.000000   clock clk (rise edge)
                                  0.000000    0.000000   clock source latency
     1    0.027714    0.130121    0.090093    0.090093 ^ clk (in)
                                                         clk (net)
                      0.130131    0.000000    0.090093 ^ clkbuf_0_clk/A (sky130_fd_sc_hd__clkbuf_16)
     8    0.102463    0.118732    0.216823    0.306916 ^ clkbuf_0_clk/X (sky130_fd_sc_hd__clkbuf_16)
                                                         clknet_0_clk (net)
                      0.119016    0.004233    0.311149 ^ clkbuf_3_7__f_clk/A (sky130_fd_sc_hd__clkbuf_16)
     7    0.038339    0.058316    0.167587    0.478736 ^ clkbuf_3_7__f_clk/X (sky130_fd_sc_hd__clkbuf_16)
                                                         clknet_3_7__leaf_clk (net)
                      0.058324    0.000671    0.479408 ^ _653_/CLK (sky130_fd_sc_hd__dfrtp_1)
                                  0.250000    0.729408   clock uncertainty
                                  0.000000    0.729408   clock reconvergence pessimism
                                  0.320508    1.049916   library removal time
                                              1.049916   data required time
---------------------------------------------------------------------------------------------
                                              1.049916   data required time
                                            -10.633324   data arrival time
---------------------------------------------------------------------------------------------
                                              9.583408   slack (MET)


Startpoint: rst (input port clocked by clk)
Endpoint: _618_ (removal check against rising-edge clock clk)
Path Group: asynchronous
Path Type: min

Fanout         Cap        Slew       Delay        Time   Description
---------------------------------------------------------------------------------------------
                                  0.000000    0.000000   clock clk (rise edge)
                                  0.000000    0.000000   clock network delay (propagated)
                                 10.000000   10.000000 v input external delay
     1    0.003301    0.009797    0.005291   10.005291 v rst (in)
                                                         rst (net)
                      0.009797    0.000000   10.005291 v input1/A (sky130_fd_sc_hd__clkbuf_1)
     1    0.005096    0.038440    0.083467   10.088758 v input1/X (sky130_fd_sc_hd__clkbuf_1)
                                                         net1 (net)
                      0.038440    0.000223   10.088982 v wire673/A (sky130_fd_sc_hd__clkbuf_1)
     1    0.004916    0.037589    0.094528   10.183510 v wire673/X (sky130_fd_sc_hd__clkbuf_1)
                                                         net673 (net)
                      0.037589    0.000206   10.183716 v fanout672/A (sky130_fd_sc_hd__buf_4)
     8    0.055939    0.081300    0.183791   10.367506 v fanout672/X (sky130_fd_sc_hd__buf_4)
                                                         net672 (net)
                      0.082914    0.008981   10.376488 v fanout669/A (sky130_fd_sc_hd__buf_4)
     9    0.047470    0.074479    0.198773   10.575261 v fanout669/X (sky130_fd_sc_hd__buf_4)
                                                         net669 (net)
                      0.074485    0.000736   10.575997 v _544_/A (sky130_fd_sc_hd__inv_2)
     1    0.004842    0.035267    0.058813   10.634810 ^ _544_/Y (sky130_fd_sc_hd__inv_2)
                                                         _026_ (net)
                      0.035267    0.000098   10.634909 ^ _618_/RESET_B (sky130_fd_sc_hd__dfrtp_1)
                                             10.634909   data arrival time

                                  0.000000    0.000000   clock clk (rise edge)
                                  0.000000    0.000000   clock source latency
     1    0.027714    0.130121    0.090093    0.090093 ^ clk (in)
                                                         clk (net)
                      0.130131    0.000000    0.090093 ^ clkbuf_0_clk/A (sky130_fd_sc_hd__clkbuf_16)
     8    0.102463    0.118732    0.216823    0.306916 ^ clkbuf_0_clk/X (sky130_fd_sc_hd__clkbuf_16)
                                                         clknet_0_clk (net)
                      0.119016    0.004233    0.311149 ^ clkbuf_3_7__f_clk/A (sky130_fd_sc_hd__clkbuf_16)
     7    0.038339    0.058316    0.167587    0.478736 ^ clkbuf_3_7__f_clk/X (sky130_fd_sc_hd__clkbuf_16)
                                                         clknet_3_7__leaf_clk (net)
                      0.058333    0.000898    0.479635 ^ _618_/CLK (sky130_fd_sc_hd__dfrtp_1)
                                  0.250000    0.729635   clock uncertainty
                                  0.000000    0.729635   clock reconvergence pessimism
                                  0.321206    1.050841   library removal time
                                              1.050841   data required time
---------------------------------------------------------------------------------------------
                                              1.050841   data required time
                                            -10.634909   data arrival time
---------------------------------------------------------------------------------------------
                                              9.584067   slack (MET)


Startpoint: rst (input port clocked by clk)
Endpoint: _631_ (removal check against rising-edge clock clk)
Path Group: asynchronous
Path Type: min

Fanout         Cap        Slew       Delay        Time   Description
---------------------------------------------------------------------------------------------
                                  0.000000    0.000000   clock clk (rise edge)
                                  0.000000    0.000000   clock network delay (propagated)
                                 10.000000   10.000000 v input external delay
     1    0.003301    0.009797    0.005291   10.005291 v rst (in)
                                                         rst (net)
                      0.009797    0.000000   10.005291 v input1/A (sky130_fd_sc_hd__clkbuf_1)
     1    0.005096    0.038440    0.083467   10.088758 v input1/X (sky130_fd_sc_hd__clkbuf_1)
                                                         net1 (net)
                      0.038440    0.000223   10.088982 v wire673/A (sky130_fd_sc_hd__clkbuf_1)
     1    0.004916    0.037589    0.094528   10.183510 v wire673/X (sky130_fd_sc_hd__clkbuf_1)
                                                         net673 (net)
                      0.037589    0.000206   10.183716 v fanout672/A (sky130_fd_sc_hd__buf_4)
     8    0.055939    0.081300    0.183791   10.367506 v fanout672/X (sky130_fd_sc_hd__buf_4)
                                                         net672 (net)
                      0.083154    0.009638   10.377144 v fanout671/A (sky130_fd_sc_hd__buf_4)
    10    0.052552    0.080619    0.204106   10.581250 v fanout671/X (sky130_fd_sc_hd__buf_4)
                                                         net671 (net)
                      0.080653    0.001540   10.582790 v _557_/A (sky130_fd_sc_hd__inv_2)
     1    0.004112    0.034005    0.058350   10.641140 ^ _557_/Y (sky130_fd_sc_hd__inv_2)
                                                         _039_ (net)
                      0.034005    0.000094   10.641234 ^ _631_/RESET_B (sky130_fd_sc_hd__dfrtp_1)
                                             10.641234   data arrival time

                                  0.000000    0.000000   clock clk (rise edge)
                                  0.000000    0.000000   clock source latency
     1    0.027714    0.130121    0.090093    0.090093 ^ clk (in)
                                                         clk (net)
                      0.130131    0.000000    0.090093 ^ clkbuf_0_clk/A (sky130_fd_sc_hd__clkbuf_16)
     8    0.102463    0.118732    0.216823    0.306916 ^ clkbuf_0_clk/X (sky130_fd_sc_hd__clkbuf_16)
                                                         clknet_0_clk (net)
                      0.119179    0.005504    0.312421 ^ clkbuf_3_5__f_clk/A (sky130_fd_sc_hd__clkbuf_16)
    15    0.042363    0.061867    0.170410    0.482830 ^ clkbuf_3_5__f_clk/X (sky130_fd_sc_hd__clkbuf_16)
                                                         clknet_3_5__leaf_clk (net)
                      0.061898    0.001258    0.484088 ^ _631_/CLK (sky130_fd_sc_hd__dfrtp_1)
                                  0.250000    0.734088   clock uncertainty
                                  0.000000    0.734088   clock reconvergence pessimism
                                  0.321831    1.055919   library removal time
                                              1.055919   data required time
---------------------------------------------------------------------------------------------
                                              1.055919   data required time
                                            -10.641234   data arrival time
---------------------------------------------------------------------------------------------
                                              9.585314   slack (MET)


Startpoint: rst (input port clocked by clk)
Endpoint: _629_ (removal check against rising-edge clock clk)
Path Group: asynchronous
Path Type: min

Fanout         Cap        Slew       Delay        Time   Description
---------------------------------------------------------------------------------------------
                                  0.000000    0.000000   clock clk (rise edge)
                                  0.000000    0.000000   clock network delay (propagated)
                                 10.000000   10.000000 v input external delay
     1    0.003301    0.009797    0.005291   10.005291 v rst (in)
                                                         rst (net)
                      0.009797    0.000000   10.005291 v input1/A (sky130_fd_sc_hd__clkbuf_1)
     1    0.005096    0.038440    0.083467   10.088758 v input1/X (sky130_fd_sc_hd__clkbuf_1)
                                                         net1 (net)
                      0.038440    0.000223   10.088982 v wire673/A (sky130_fd_sc_hd__clkbuf_1)
     1    0.004916    0.037589    0.094528   10.183510 v wire673/X (sky130_fd_sc_hd__clkbuf_1)
                                                         net673 (net)
                      0.037589    0.000206   10.183716 v fanout672/A (sky130_fd_sc_hd__buf_4)
     8    0.055939    0.081300    0.183791   10.367506 v fanout672/X (sky130_fd_sc_hd__buf_4)
                                                         net672 (net)
                      0.083154    0.009638   10.377144 v fanout671/A (sky130_fd_sc_hd__buf_4)
    10    0.052552    0.080619    0.204106   10.581250 v fanout671/X (sky130_fd_sc_hd__buf_4)
                                                         net671 (net)
                      0.080625    0.000733   10.581983 v _555_/A (sky130_fd_sc_hd__inv_2)
     1    0.004494    0.035383    0.059948   10.641931 ^ _555_/Y (sky130_fd_sc_hd__inv_2)
                                                         _037_ (net)
                      0.035383    0.000078   10.642009 ^ _629_/RESET_B (sky130_fd_sc_hd__dfrtp_1)
                                             10.642009   data arrival time

                                  0.000000    0.000000   clock clk (rise edge)
                                  0.000000    0.000000   clock source latency
     1    0.027714    0.130121    0.090093    0.090093 ^ clk (in)
                                                         clk (net)
                      0.130131    0.000000    0.090093 ^ clkbuf_0_clk/A (sky130_fd_sc_hd__clkbuf_16)
     8    0.102463    0.118732    0.216823    0.306916 ^ clkbuf_0_clk/X (sky130_fd_sc_hd__clkbuf_16)
                                                         clknet_0_clk (net)
                      0.119179    0.005504    0.312421 ^ clkbuf_3_5__f_clk/A (sky130_fd_sc_hd__clkbuf_16)
    15    0.042363    0.061867    0.170410    0.482830 ^ clkbuf_3_5__f_clk/X (sky130_fd_sc_hd__clkbuf_16)
                                                         clknet_3_5__leaf_clk (net)
                      0.061880    0.000914    0.483745 ^ _629_/CLK (sky130_fd_sc_hd__dfrtp_1)
                                  0.250000    0.733745   clock uncertainty
                                  0.000000    0.733745   clock reconvergence pessimism
                                  0.322205    1.055950   library removal time
                                              1.055950   data required time
---------------------------------------------------------------------------------------------
                                              1.055950   data required time
                                            -10.642009   data arrival time
---------------------------------------------------------------------------------------------
                                              9.586059   slack (MET)


Startpoint: rst (input port clocked by clk)
Endpoint: _633_ (removal check against rising-edge clock clk)
Path Group: asynchronous
Path Type: min

Fanout         Cap        Slew       Delay        Time   Description
---------------------------------------------------------------------------------------------
                                  0.000000    0.000000   clock clk (rise edge)
                                  0.000000    0.000000   clock network delay (propagated)
                                 10.000000   10.000000 v input external delay
     1    0.003301    0.009797    0.005291   10.005291 v rst (in)
                                                         rst (net)
                      0.009797    0.000000   10.005291 v input1/A (sky130_fd_sc_hd__clkbuf_1)
     1    0.005096    0.038440    0.083467   10.088758 v input1/X (sky130_fd_sc_hd__clkbuf_1)
                                                         net1 (net)
                      0.038440    0.000223   10.088982 v wire673/A (sky130_fd_sc_hd__clkbuf_1)
     1    0.004916    0.037589    0.094528   10.183510 v wire673/X (sky130_fd_sc_hd__clkbuf_1)
                                                         net673 (net)
                      0.037589    0.000206   10.183716 v fanout672/A (sky130_fd_sc_hd__buf_4)
     8    0.055939    0.081300    0.183791   10.367506 v fanout672/X (sky130_fd_sc_hd__buf_4)
                                                         net672 (net)
                      0.083154    0.009638   10.377144 v fanout671/A (sky130_fd_sc_hd__buf_4)
    10    0.052552    0.080619    0.204106   10.581250 v fanout671/X (sky130_fd_sc_hd__buf_4)
                                                         net671 (net)
                      0.080665    0.001775   10.583025 v _559_/A (sky130_fd_sc_hd__inv_2)
     1    0.004310    0.034745    0.059258   10.642282 ^ _559_/Y (sky130_fd_sc_hd__inv_2)
                                                         _041_ (net)
                      0.034745    0.000105   10.642387 ^ _633_/RESET_B (sky130_fd_sc_hd__dfrtp_1)
                                             10.642387   data arrival time

                                  0.000000    0.000000   clock clk (rise edge)
                                  0.000000    0.000000   clock source latency
     1    0.027714    0.130121    0.090093    0.090093 ^ clk (in)
                                                         clk (net)
                      0.130131    0.000000    0.090093 ^ clkbuf_0_clk/A (sky130_fd_sc_hd__clkbuf_16)
     8    0.102463    0.118732    0.216823    0.306916 ^ clkbuf_0_clk/X (sky130_fd_sc_hd__clkbuf_16)
                                                         clknet_0_clk (net)
                      0.119179    0.005504    0.312421 ^ clkbuf_3_5__f_clk/A (sky130_fd_sc_hd__clkbuf_16)
    15    0.042363    0.061867    0.170410    0.482830 ^ clkbuf_3_5__f_clk/X (sky130_fd_sc_hd__clkbuf_16)
                                                         clknet_3_5__leaf_clk (net)
                      0.061901    0.001310    0.484141 ^ _633_/CLK (sky130_fd_sc_hd__dfrtp_1)
                                  0.250000    0.734141   clock uncertainty
                                  0.000000    0.734141   clock reconvergence pessimism
                                  0.322035    1.056176   library removal time
                                              1.056176   data required time
---------------------------------------------------------------------------------------------
                                              1.056176   data required time
                                            -10.642387   data arrival time
---------------------------------------------------------------------------------------------
                                              9.586211   slack (MET)


Startpoint: rst (input port clocked by clk)
Endpoint: _656_ (removal check against rising-edge clock clk)
Path Group: asynchronous
Path Type: min

Fanout         Cap        Slew       Delay        Time   Description
---------------------------------------------------------------------------------------------
                                  0.000000    0.000000   clock clk (rise edge)
                                  0.000000    0.000000   clock network delay (propagated)
                                 10.000000   10.000000 v input external delay
     1    0.003301    0.009797    0.005291   10.005291 v rst (in)
                                                         rst (net)
                      0.009797    0.000000   10.005291 v input1/A (sky130_fd_sc_hd__clkbuf_1)
     1    0.005096    0.038440    0.083467   10.088758 v input1/X (sky130_fd_sc_hd__clkbuf_1)
                                                         net1 (net)
                      0.038440    0.000223   10.088982 v wire673/A (sky130_fd_sc_hd__clkbuf_1)
     1    0.004916    0.037589    0.094528   10.183510 v wire673/X (sky130_fd_sc_hd__clkbuf_1)
                                                         net673 (net)
                      0.037589    0.000206   10.183716 v fanout672/A (sky130_fd_sc_hd__buf_4)
     8    0.055939    0.081300    0.183791   10.367506 v fanout672/X (sky130_fd_sc_hd__buf_4)
                                                         net672 (net)
                      0.083123    0.009555   10.377061 v fanout670/A (sky130_fd_sc_hd__buf_4)
    10    0.053362    0.079561    0.205141   10.582202 v fanout670/X (sky130_fd_sc_hd__buf_4)
                                                         net670 (net)
                      0.079566    0.000702   10.582904 v _582_/A (sky130_fd_sc_hd__inv_2)
     1    0.003975    0.033273    0.057341   10.640244 ^ _582_/Y (sky130_fd_sc_hd__inv_2)
                                                         _064_ (net)
                      0.033273    0.000084   10.640329 ^ _656_/RESET_B (sky130_fd_sc_hd__dfrtp_1)
                                             10.640329   data arrival time

                                  0.000000    0.000000   clock clk (rise edge)
                                  0.000000    0.000000   clock source latency
     1    0.027714    0.130121    0.090093    0.090093 ^ clk (in)
                                                         clk (net)
                      0.130131    0.000000    0.090093 ^ clkbuf_0_clk/A (sky130_fd_sc_hd__clkbuf_16)
     8    0.102463    0.118732    0.216823    0.306916 ^ clkbuf_0_clk/X (sky130_fd_sc_hd__clkbuf_16)
                                                         clknet_0_clk (net)
                      0.119111    0.005022    0.311938 ^ clkbuf_3_4__f_clk/A (sky130_fd_sc_hd__clkbuf_16)
    12    0.040426    0.060220    0.168731    0.480669 ^ clkbuf_3_4__f_clk/X (sky130_fd_sc_hd__clkbuf_16)
                                                         clknet_3_4__leaf_clk (net)
                      0.060293    0.001801    0.482471 ^ _656_/CLK (sky130_fd_sc_hd__dfrtp_1)
                                  0.250000    0.732471   clock uncertainty
                                  0.000000    0.732471   clock reconvergence pessimism
                                  0.321192    1.053663   library removal time
                                              1.053663   data required time
---------------------------------------------------------------------------------------------
                                              1.053663   data required time
                                            -10.640329   data arrival time
---------------------------------------------------------------------------------------------
                                              9.586666   slack (MET)


Startpoint: rst (input port clocked by clk)
Endpoint: _664_ (removal check against rising-edge clock clk)
Path Group: asynchronous
Path Type: min

Fanout         Cap        Slew       Delay        Time   Description
---------------------------------------------------------------------------------------------
                                  0.000000    0.000000   clock clk (rise edge)
                                  0.000000    0.000000   clock network delay (propagated)
                                 10.000000   10.000000 v input external delay
     1    0.003301    0.009797    0.005291   10.005291 v rst (in)
                                                         rst (net)
                      0.009797    0.000000   10.005291 v input1/A (sky130_fd_sc_hd__clkbuf_1)
     1    0.005096    0.038440    0.083467   10.088758 v input1/X (sky130_fd_sc_hd__clkbuf_1)
                                                         net1 (net)
                      0.038440    0.000223   10.088982 v wire673/A (sky130_fd_sc_hd__clkbuf_1)
     1    0.004916    0.037589    0.094528   10.183510 v wire673/X (sky130_fd_sc_hd__clkbuf_1)
                                                         net673 (net)
                      0.037589    0.000206   10.183716 v fanout672/A (sky130_fd_sc_hd__buf_4)
     8    0.055939    0.081300    0.183791   10.367506 v fanout672/X (sky130_fd_sc_hd__buf_4)
                                                         net672 (net)
                      0.083154    0.009638   10.377144 v fanout671/A (sky130_fd_sc_hd__buf_4)
    10    0.052552    0.080619    0.204106   10.581250 v fanout671/X (sky130_fd_sc_hd__buf_4)
                                                         net671 (net)
                      0.080699    0.002279   10.583529 v _590_/A (sky130_fd_sc_hd__inv_2)
     1    0.004565    0.035642    0.060214   10.643744 ^ _590_/Y (sky130_fd_sc_hd__inv_2)
                                                         _072_ (net)
                      0.035642    0.000082   10.643825 ^ _664_/RESET_B (sky130_fd_sc_hd__dfrtp_1)
                                             10.643825   data arrival time

                                  0.000000    0.000000   clock clk (rise edge)
                                  0.000000    0.000000   clock source latency
     1    0.027714    0.130121    0.090093    0.090093 ^ clk (in)
                                                         clk (net)
                      0.130131    0.000000    0.090093 ^ clkbuf_0_clk/A (sky130_fd_sc_hd__clkbuf_16)
     8    0.102463    0.118732    0.216823    0.306916 ^ clkbuf_0_clk/X (sky130_fd_sc_hd__clkbuf_16)
                                                         clknet_0_clk (net)
                      0.119179    0.005504    0.312421 ^ clkbuf_3_5__f_clk/A (sky130_fd_sc_hd__clkbuf_16)
    15    0.042363    0.061867    0.170410    0.482830 ^ clkbuf_3_5__f_clk/X (sky130_fd_sc_hd__clkbuf_16)
                                                         clknet_3_5__leaf_clk (net)
                      0.061942    0.001837    0.484668 ^ _664_/CLK (sky130_fd_sc_hd__dfrtp_1)
                                  0.250000    0.734668   clock uncertainty
                                  0.000000    0.734668   clock reconvergence pessimism
                                  0.322293    1.056961   library removal time
                                              1.056961   data required time
---------------------------------------------------------------------------------------------
                                              1.056961   data required time
                                            -10.643825   data arrival time
---------------------------------------------------------------------------------------------
                                              9.586864   slack (MET)


Startpoint: rst (input port clocked by clk)
Endpoint: _632_ (removal check against rising-edge clock clk)
Path Group: asynchronous
Path Type: min

Fanout         Cap        Slew       Delay        Time   Description
---------------------------------------------------------------------------------------------
                                  0.000000    0.000000   clock clk (rise edge)
                                  0.000000    0.000000   clock network delay (propagated)
                                 10.000000   10.000000 v input external delay
     1    0.003301    0.009797    0.005291   10.005291 v rst (in)
                                                         rst (net)
                      0.009797    0.000000   10.005291 v input1/A (sky130_fd_sc_hd__clkbuf_1)
     1    0.005096    0.038440    0.083467   10.088758 v input1/X (sky130_fd_sc_hd__clkbuf_1)
                                                         net1 (net)
                      0.038440    0.000223   10.088982 v wire673/A (sky130_fd_sc_hd__clkbuf_1)
     1    0.004916    0.037589    0.094528   10.183510 v wire673/X (sky130_fd_sc_hd__clkbuf_1)
                                                         net673 (net)
                      0.037589    0.000206   10.183716 v fanout672/A (sky130_fd_sc_hd__buf_4)
     8    0.055939    0.081300    0.183791   10.367506 v fanout672/X (sky130_fd_sc_hd__buf_4)
                                                         net672 (net)
                      0.083154    0.009638   10.377144 v fanout671/A (sky130_fd_sc_hd__buf_4)
    10    0.052552    0.080619    0.204106   10.581250 v fanout671/X (sky130_fd_sc_hd__buf_4)
                                                         net671 (net)
                      0.080653    0.001539   10.582789 v _558_/A (sky130_fd_sc_hd__inv_2)
     1    0.004661    0.035965    0.060523   10.643312 ^ _558_/Y (sky130_fd_sc_hd__inv_2)
                                                         _040_ (net)
                      0.035965    0.000088   10.643400 ^ _632_/RESET_B (sky130_fd_sc_hd__dfrtp_1)
                                             10.643400   data arrival time

                                  0.000000    0.000000   clock clk (rise edge)
                                  0.000000    0.000000   clock source latency
     1    0.027714    0.130121    0.090093    0.090093 ^ clk (in)
                                                         clk (net)
                      0.130131    0.000000    0.090093 ^ clkbuf_0_clk/A (sky130_fd_sc_hd__clkbuf_16)
     8    0.102463    0.118732    0.216823    0.306916 ^ clkbuf_0_clk/X (sky130_fd_sc_hd__clkbuf_16)
                                                         clknet_0_clk (net)
                      0.119179    0.005504    0.312421 ^ clkbuf_3_5__f_clk/A (sky130_fd_sc_hd__clkbuf_16)
    15    0.042363    0.061867    0.170410    0.482830 ^ clkbuf_3_5__f_clk/X (sky130_fd_sc_hd__clkbuf_16)
                                                         clknet_3_5__leaf_clk (net)
                      0.061900    0.001286    0.484116 ^ _632_/CLK (sky130_fd_sc_hd__dfrtp_1)
                                  0.250000    0.734116   clock uncertainty
                                  0.000000    0.734116   clock reconvergence pessimism
                                  0.322370    1.056487   library removal time
                                              1.056487   data required time
---------------------------------------------------------------------------------------------
                                              1.056487   data required time
                                            -10.643400   data arrival time
---------------------------------------------------------------------------------------------
                                              9.586913   slack (MET)


Startpoint: rst (input port clocked by clk)
Endpoint: _630_ (removal check against rising-edge clock clk)
Path Group: asynchronous
Path Type: min

Fanout         Cap        Slew       Delay        Time   Description
---------------------------------------------------------------------------------------------
                                  0.000000    0.000000   clock clk (rise edge)
                                  0.000000    0.000000   clock network delay (propagated)
                                 10.000000   10.000000 v input external delay
     1    0.003301    0.009797    0.005291   10.005291 v rst (in)
                                                         rst (net)
                      0.009797    0.000000   10.005291 v input1/A (sky130_fd_sc_hd__clkbuf_1)
     1    0.005096    0.038440    0.083467   10.088758 v input1/X (sky130_fd_sc_hd__clkbuf_1)
                                                         net1 (net)
                      0.038440    0.000223   10.088982 v wire673/A (sky130_fd_sc_hd__clkbuf_1)
     1    0.004916    0.037589    0.094528   10.183510 v wire673/X (sky130_fd_sc_hd__clkbuf_1)
                                                         net673 (net)
                      0.037589    0.000206   10.183716 v fanout672/A (sky130_fd_sc_hd__buf_4)
     8    0.055939    0.081300    0.183791   10.367506 v fanout672/X (sky130_fd_sc_hd__buf_4)
                                                         net672 (net)
                      0.083154    0.009638   10.377144 v fanout671/A (sky130_fd_sc_hd__buf_4)
    10    0.052552    0.080619    0.204106   10.581250 v fanout671/X (sky130_fd_sc_hd__buf_4)
                                                         net671 (net)
                      0.080632    0.001035   10.582285 v _556_/A (sky130_fd_sc_hd__inv_2)
     1    0.004906    0.036806    0.061345   10.643629 ^ _556_/Y (sky130_fd_sc_hd__inv_2)
                                                         _038_ (net)
                      0.036806    0.000101   10.643731 ^ _630_/RESET_B (sky130_fd_sc_hd__dfrtp_1)
                                             10.643731   data arrival time

                                  0.000000    0.000000   clock clk (rise edge)
                                  0.000000    0.000000   clock source latency
     1    0.027714    0.130121    0.090093    0.090093 ^ clk (in)
                                                         clk (net)
                      0.130131    0.000000    0.090093 ^ clkbuf_0_clk/A (sky130_fd_sc_hd__clkbuf_16)
     8    0.102463    0.118732    0.216823    0.306916 ^ clkbuf_0_clk/X (sky130_fd_sc_hd__clkbuf_16)
                                                         clknet_0_clk (net)
                      0.119179    0.005504    0.312421 ^ clkbuf_3_5__f_clk/A (sky130_fd_sc_hd__clkbuf_16)
    15    0.042363    0.061867    0.170410    0.482830 ^ clkbuf_3_5__f_clk/X (sky130_fd_sc_hd__clkbuf_16)
                                                         clknet_3_5__leaf_clk (net)
                      0.061889    0.001094    0.483925 ^ _630_/CLK (sky130_fd_sc_hd__dfrtp_1)
                                  0.250000    0.733925   clock uncertainty
                                  0.000000    0.733925   clock reconvergence pessimism
                                  0.322599    1.056523   library removal time
                                              1.056523   data required time
---------------------------------------------------------------------------------------------
                                              1.056523   data required time
                                            -10.643731   data arrival time
---------------------------------------------------------------------------------------------
                                              9.587208   slack (MET)


Startpoint: rst (input port clocked by clk)
Endpoint: _660_ (removal check against rising-edge clock clk)
Path Group: asynchronous
Path Type: min

Fanout         Cap        Slew       Delay        Time   Description
---------------------------------------------------------------------------------------------
                                  0.000000    0.000000   clock clk (rise edge)
                                  0.000000    0.000000   clock network delay (propagated)
                                 10.000000   10.000000 v input external delay
     1    0.003301    0.009797    0.005291   10.005291 v rst (in)
                                                         rst (net)
                      0.009797    0.000000   10.005291 v input1/A (sky130_fd_sc_hd__clkbuf_1)
     1    0.005096    0.038440    0.083467   10.088758 v input1/X (sky130_fd_sc_hd__clkbuf_1)
                                                         net1 (net)
                      0.038440    0.000223   10.088982 v wire673/A (sky130_fd_sc_hd__clkbuf_1)
     1    0.004916    0.037589    0.094528   10.183510 v wire673/X (sky130_fd_sc_hd__clkbuf_1)
                                                         net673 (net)
                      0.037589    0.000206   10.183716 v fanout672/A (sky130_fd_sc_hd__buf_4)
     8    0.055939    0.081300    0.183791   10.367506 v fanout672/X (sky130_fd_sc_hd__buf_4)
                                                         net672 (net)
                      0.083123    0.009555   10.377061 v fanout670/A (sky130_fd_sc_hd__buf_4)
    10    0.053362    0.079561    0.205141   10.582202 v fanout670/X (sky130_fd_sc_hd__buf_4)
                                                         net670 (net)
                      0.079617    0.001920   10.584123 v _586_/A (sky130_fd_sc_hd__inv_2)
     1    0.004533    0.035294    0.059689   10.643811 ^ _586_/Y (sky130_fd_sc_hd__inv_2)
                                                         _068_ (net)
                      0.035294    0.000120   10.643931 ^ _660_/RESET_B (sky130_fd_sc_hd__dfrtp_1)
                                             10.643931   data arrival time

                                  0.000000    0.000000   clock clk (rise edge)
                                  0.000000    0.000000   clock source latency
     1    0.027714    0.130121    0.090093    0.090093 ^ clk (in)
                                                         clk (net)
                      0.130131    0.000000    0.090093 ^ clkbuf_0_clk/A (sky130_fd_sc_hd__clkbuf_16)
     8    0.102463    0.118732    0.216823    0.306916 ^ clkbuf_0_clk/X (sky130_fd_sc_hd__clkbuf_16)
                                                         clknet_0_clk (net)
                      0.119179    0.005504    0.312421 ^ clkbuf_3_5__f_clk/A (sky130_fd_sc_hd__clkbuf_16)
    15    0.042363    0.061867    0.170410    0.482830 ^ clkbuf_3_5__f_clk/X (sky130_fd_sc_hd__clkbuf_16)
                                                         clknet_3_5__leaf_clk (net)
                      0.061927    0.001659    0.484489 ^ _660_/CLK (sky130_fd_sc_hd__dfrtp_1)
                                  0.250000    0.734489   clock uncertainty
                                  0.000000    0.734489   clock reconvergence pessimism
                                  0.322193    1.056683   library removal time
                                              1.056683   data required time
---------------------------------------------------------------------------------------------
                                              1.056683   data required time
                                            -10.643931   data arrival time
---------------------------------------------------------------------------------------------
                                              9.587249   slack (MET)


Startpoint: rst (input port clocked by clk)
Endpoint: _661_ (removal check against rising-edge clock clk)
Path Group: asynchronous
Path Type: min

Fanout         Cap        Slew       Delay        Time   Description
---------------------------------------------------------------------------------------------
                                  0.000000    0.000000   clock clk (rise edge)
                                  0.000000    0.000000   clock network delay (propagated)
                                 10.000000   10.000000 v input external delay
     1    0.003301    0.009797    0.005291   10.005291 v rst (in)
                                                         rst (net)
                      0.009797    0.000000   10.005291 v input1/A (sky130_fd_sc_hd__clkbuf_1)
     1    0.005096    0.038440    0.083467   10.088758 v input1/X (sky130_fd_sc_hd__clkbuf_1)
                                                         net1 (net)
                      0.038440    0.000223   10.088982 v wire673/A (sky130_fd_sc_hd__clkbuf_1)
     1    0.004916    0.037589    0.094528   10.183510 v wire673/X (sky130_fd_sc_hd__clkbuf_1)
                                                         net673 (net)
                      0.037589    0.000206   10.183716 v fanout672/A (sky130_fd_sc_hd__buf_4)
     8    0.055939    0.081300    0.183791   10.367506 v fanout672/X (sky130_fd_sc_hd__buf_4)
                                                         net672 (net)
                      0.083154    0.009638   10.377144 v fanout671/A (sky130_fd_sc_hd__buf_4)
    10    0.052552    0.080619    0.204106   10.581250 v fanout671/X (sky130_fd_sc_hd__buf_4)
                                                         net671 (net)
                      0.080706    0.002358   10.583608 v _587_/A (sky130_fd_sc_hd__inv_2)
     1    0.004664    0.035987    0.060553   10.644161 ^ _587_/Y (sky130_fd_sc_hd__inv_2)
                                                         _069_ (net)
                      0.035987    0.000087   10.644248 ^ _661_/RESET_B (sky130_fd_sc_hd__dfrtp_1)
                                             10.644248   data arrival time

                                  0.000000    0.000000   clock clk (rise edge)
                                  0.000000    0.000000   clock source latency
     1    0.027714    0.130121    0.090093    0.090093 ^ clk (in)
                                                         clk (net)
                      0.130131    0.000000    0.090093 ^ clkbuf_0_clk/A (sky130_fd_sc_hd__clkbuf_16)
     8    0.102463    0.118732    0.216823    0.306916 ^ clkbuf_0_clk/X (sky130_fd_sc_hd__clkbuf_16)
                                                         clknet_0_clk (net)
                      0.119179    0.005504    0.312421 ^ clkbuf_3_5__f_clk/A (sky130_fd_sc_hd__clkbuf_16)
    15    0.042363    0.061867    0.170410    0.482830 ^ clkbuf_3_5__f_clk/X (sky130_fd_sc_hd__clkbuf_16)
                                                         clknet_3_5__leaf_clk (net)
                      0.061924    0.001617    0.484448 ^ _661_/CLK (sky130_fd_sc_hd__dfrtp_1)
                                  0.250000    0.734448   clock uncertainty
                                  0.000000    0.734448   clock reconvergence pessimism
                                  0.322383    1.056831   library removal time
                                              1.056831   data required time
---------------------------------------------------------------------------------------------
                                              1.056831   data required time
                                            -10.644248   data arrival time
---------------------------------------------------------------------------------------------
                                              9.587418   slack (MET)


Startpoint: rst (input port clocked by clk)
Endpoint: _662_ (removal check against rising-edge clock clk)
Path Group: asynchronous
Path Type: min

Fanout         Cap        Slew       Delay        Time   Description
---------------------------------------------------------------------------------------------
                                  0.000000    0.000000   clock clk (rise edge)
                                  0.000000    0.000000   clock network delay (propagated)
                                 10.000000   10.000000 v input external delay
     1    0.003301    0.009797    0.005291   10.005291 v rst (in)
                                                         rst (net)
                      0.009797    0.000000   10.005291 v input1/A (sky130_fd_sc_hd__clkbuf_1)
     1    0.005096    0.038440    0.083467   10.088758 v input1/X (sky130_fd_sc_hd__clkbuf_1)
                                                         net1 (net)
                      0.038440    0.000223   10.088982 v wire673/A (sky130_fd_sc_hd__clkbuf_1)
     1    0.004916    0.037589    0.094528   10.183510 v wire673/X (sky130_fd_sc_hd__clkbuf_1)
                                                         net673 (net)
                      0.037589    0.000206   10.183716 v fanout672/A (sky130_fd_sc_hd__buf_4)
     8    0.055939    0.081300    0.183791   10.367506 v fanout672/X (sky130_fd_sc_hd__buf_4)
                                                         net672 (net)
                      0.083154    0.009638   10.377144 v fanout671/A (sky130_fd_sc_hd__buf_4)
    10    0.052552    0.080619    0.204106   10.581250 v fanout671/X (sky130_fd_sc_hd__buf_4)
                                                         net671 (net)
                      0.080703    0.002320   10.583570 v _588_/A (sky130_fd_sc_hd__inv_2)
     1    0.004737    0.036239    0.060800   10.644370 ^ _588_/Y (sky130_fd_sc_hd__inv_2)
                                                         _070_ (net)
                      0.036239    0.000091   10.644462 ^ _662_/RESET_B (sky130_fd_sc_hd__dfrtp_1)
                                             10.644462   data arrival time

                                  0.000000    0.000000   clock clk (rise edge)
                                  0.000000    0.000000   clock source latency
     1    0.027714    0.130121    0.090093    0.090093 ^ clk (in)
                                                         clk (net)
                      0.130131    0.000000    0.090093 ^ clkbuf_0_clk/A (sky130_fd_sc_hd__clkbuf_16)
     8    0.102463    0.118732    0.216823    0.306916 ^ clkbuf_0_clk/X (sky130_fd_sc_hd__clkbuf_16)
                                                         clknet_0_clk (net)
                      0.119179    0.005504    0.312421 ^ clkbuf_3_5__f_clk/A (sky130_fd_sc_hd__clkbuf_16)
    15    0.042363    0.061867    0.170410    0.482830 ^ clkbuf_3_5__f_clk/X (sky130_fd_sc_hd__clkbuf_16)
                                                         clknet_3_5__leaf_clk (net)
                      0.061930    0.001693    0.484524 ^ _662_/CLK (sky130_fd_sc_hd__dfrtp_1)
                                  0.250000    0.734524   clock uncertainty
                                  0.000000    0.734524   clock reconvergence pessimism
                                  0.322454    1.056978   library removal time
                                              1.056978   data required time
---------------------------------------------------------------------------------------------
                                              1.056978   data required time
                                            -10.644462   data arrival time
---------------------------------------------------------------------------------------------
                                              9.587484   slack (MET)


Startpoint: rst (input port clocked by clk)
Endpoint: _626_ (removal check against rising-edge clock clk)
Path Group: asynchronous
Path Type: min

Fanout         Cap        Slew       Delay        Time   Description
---------------------------------------------------------------------------------------------
                                  0.000000    0.000000   clock clk (rise edge)
                                  0.000000    0.000000   clock network delay (propagated)
                                 10.000000   10.000000 v input external delay
     1    0.003301    0.009797    0.005291   10.005291 v rst (in)
                                                         rst (net)
                      0.009797    0.000000   10.005291 v input1/A (sky130_fd_sc_hd__clkbuf_1)
     1    0.005096    0.038440    0.083467   10.088758 v input1/X (sky130_fd_sc_hd__clkbuf_1)
                                                         net1 (net)
                      0.038440    0.000223   10.088982 v wire673/A (sky130_fd_sc_hd__clkbuf_1)
     1    0.004916    0.037589    0.094528   10.183510 v wire673/X (sky130_fd_sc_hd__clkbuf_1)
                                                         net673 (net)
                      0.037589    0.000206   10.183716 v fanout672/A (sky130_fd_sc_hd__buf_4)
     8    0.055939    0.081300    0.183791   10.367506 v fanout672/X (sky130_fd_sc_hd__buf_4)
                                                         net672 (net)
                      0.083123    0.009555   10.377061 v fanout670/A (sky130_fd_sc_hd__buf_4)
    10    0.053362    0.079561    0.205141   10.582202 v fanout670/X (sky130_fd_sc_hd__buf_4)
                                                         net670 (net)
                      0.079627    0.002063   10.584266 v _552_/A (sky130_fd_sc_hd__inv_2)
     1    0.004448    0.035001    0.059408   10.643673 ^ _552_/Y (sky130_fd_sc_hd__inv_2)
                                                         _034_ (net)
                      0.035001    0.000110   10.643783 ^ _626_/RESET_B (sky130_fd_sc_hd__dfrtp_1)
                                             10.643783   data arrival time

                                  0.000000    0.000000   clock clk (rise edge)
                                  0.000000    0.000000   clock source latency
     1    0.027714    0.130121    0.090093    0.090093 ^ clk (in)
                                                         clk (net)
                      0.130131    0.000000    0.090093 ^ clkbuf_0_clk/A (sky130_fd_sc_hd__clkbuf_16)
     8    0.102463    0.118732    0.216823    0.306916 ^ clkbuf_0_clk/X (sky130_fd_sc_hd__clkbuf_16)
                                                         clknet_0_clk (net)
                      0.119179    0.005504    0.312421 ^ clkbuf_3_5__f_clk/A (sky130_fd_sc_hd__clkbuf_16)
    15    0.042363    0.061867    0.170410    0.482830 ^ clkbuf_3_5__f_clk/X (sky130_fd_sc_hd__clkbuf_16)
                                                         clknet_3_5__leaf_clk (net)
                      0.061878    0.000867    0.483698 ^ _626_/CLK (sky130_fd_sc_hd__dfrtp_1)
                                  0.250000    0.733698   clock uncertainty
                                  0.000000    0.733698   clock reconvergence pessimism
                                  0.322099    1.055797   library removal time
                                              1.055797   data required time
---------------------------------------------------------------------------------------------
                                              1.055797   data required time
                                            -10.643783   data arrival time
---------------------------------------------------------------------------------------------
                                              9.587986   slack (MET)


Startpoint: rst (input port clocked by clk)
Endpoint: _624_ (removal check against rising-edge clock clk)
Path Group: asynchronous
Path Type: min

Fanout         Cap        Slew       Delay        Time   Description
---------------------------------------------------------------------------------------------
                                  0.000000    0.000000   clock clk (rise edge)
                                  0.000000    0.000000   clock network delay (propagated)
                                 10.000000   10.000000 v input external delay
     1    0.003301    0.009797    0.005291   10.005291 v rst (in)
                                                         rst (net)
                      0.009797    0.000000   10.005291 v input1/A (sky130_fd_sc_hd__clkbuf_1)
     1    0.005096    0.038440    0.083467   10.088758 v input1/X (sky130_fd_sc_hd__clkbuf_1)
                                                         net1 (net)
                      0.038440    0.000223   10.088982 v wire673/A (sky130_fd_sc_hd__clkbuf_1)
     1    0.004916    0.037589    0.094528   10.183510 v wire673/X (sky130_fd_sc_hd__clkbuf_1)
                                                         net673 (net)
                      0.037589    0.000206   10.183716 v fanout672/A (sky130_fd_sc_hd__buf_4)
     8    0.055939    0.081300    0.183791   10.367506 v fanout672/X (sky130_fd_sc_hd__buf_4)
                                                         net672 (net)
                      0.083123    0.009555   10.377061 v fanout670/A (sky130_fd_sc_hd__buf_4)
    10    0.053362    0.079561    0.205141   10.582202 v fanout670/X (sky130_fd_sc_hd__buf_4)
                                                         net670 (net)
                      0.079635    0.002175   10.584377 v _550_/A (sky130_fd_sc_hd__inv_2)
     1    0.004119    0.033811    0.058014   10.642391 ^ _550_/Y (sky130_fd_sc_hd__inv_2)
                                                         _032_ (net)
                      0.033812    0.000092   10.642484 ^ _624_/RESET_B (sky130_fd_sc_hd__dfrtp_1)
                                             10.642484   data arrival time

                                  0.000000    0.000000   clock clk (rise edge)
                                  0.000000    0.000000   clock source latency
     1    0.027714    0.130121    0.090093    0.090093 ^ clk (in)
                                                         clk (net)
                      0.130131    0.000000    0.090093 ^ clkbuf_0_clk/A (sky130_fd_sc_hd__clkbuf_16)
     8    0.102463    0.118732    0.216823    0.306916 ^ clkbuf_0_clk/X (sky130_fd_sc_hd__clkbuf_16)
                                                         clknet_0_clk (net)
                      0.119111    0.005022    0.311938 ^ clkbuf_3_4__f_clk/A (sky130_fd_sc_hd__clkbuf_16)
    12    0.040426    0.060220    0.168731    0.480669 ^ clkbuf_3_4__f_clk/X (sky130_fd_sc_hd__clkbuf_16)
                                                         clknet_3_4__leaf_clk (net)
                      0.060345    0.002307    0.482976 ^ _624_/CLK (sky130_fd_sc_hd__dfrtp_1)
                                  0.250000    0.732976   clock uncertainty
                                  0.000000    0.732976   clock reconvergence pessimism
                                  0.321354    1.054330   library removal time
                                              1.054330   data required time
---------------------------------------------------------------------------------------------
                                              1.054330   data required time
                                            -10.642484   data arrival time
---------------------------------------------------------------------------------------------
                                              9.588154   slack (MET)


Startpoint: rst (input port clocked by clk)
Endpoint: _663_ (removal check against rising-edge clock clk)
Path Group: asynchronous
Path Type: min

Fanout         Cap        Slew       Delay        Time   Description
---------------------------------------------------------------------------------------------
                                  0.000000    0.000000   clock clk (rise edge)
                                  0.000000    0.000000   clock network delay (propagated)
                                 10.000000   10.000000 v input external delay
     1    0.003301    0.009797    0.005291   10.005291 v rst (in)
                                                         rst (net)
                      0.009797    0.000000   10.005291 v input1/A (sky130_fd_sc_hd__clkbuf_1)
     1    0.005096    0.038440    0.083467   10.088758 v input1/X (sky130_fd_sc_hd__clkbuf_1)
                                                         net1 (net)
                      0.038440    0.000223   10.088982 v wire673/A (sky130_fd_sc_hd__clkbuf_1)
     1    0.004916    0.037589    0.094528   10.183510 v wire673/X (sky130_fd_sc_hd__clkbuf_1)
                                                         net673 (net)
                      0.037589    0.000206   10.183716 v fanout672/A (sky130_fd_sc_hd__buf_4)
     8    0.055939    0.081300    0.183791   10.367506 v fanout672/X (sky130_fd_sc_hd__buf_4)
                                                         net672 (net)
                      0.083154    0.009638   10.377144 v fanout671/A (sky130_fd_sc_hd__buf_4)
    10    0.052552    0.080619    0.204106   10.581250 v fanout671/X (sky130_fd_sc_hd__buf_4)
                                                         net671 (net)
                      0.080701    0.002297   10.583547 v _589_/A (sky130_fd_sc_hd__inv_2)
     1    0.005092    0.037459    0.061985   10.645532 ^ _589_/Y (sky130_fd_sc_hd__inv_2)
                                                         _071_ (net)
                      0.037459    0.000154   10.645685 ^ _663_/RESET_B (sky130_fd_sc_hd__dfrtp_1)
                                             10.645685   data arrival time

                                  0.000000    0.000000   clock clk (rise edge)
                                  0.000000    0.000000   clock source latency
     1    0.027714    0.130121    0.090093    0.090093 ^ clk (in)
                                                         clk (net)
                      0.130131    0.000000    0.090093 ^ clkbuf_0_clk/A (sky130_fd_sc_hd__clkbuf_16)
     8    0.102463    0.118732    0.216823    0.306916 ^ clkbuf_0_clk/X (sky130_fd_sc_hd__clkbuf_16)
                                                         clknet_0_clk (net)
                      0.119179    0.005504    0.312421 ^ clkbuf_3_5__f_clk/A (sky130_fd_sc_hd__clkbuf_16)
    15    0.042363    0.061867    0.170410    0.482830 ^ clkbuf_3_5__f_clk/X (sky130_fd_sc_hd__clkbuf_16)
                                                         clknet_3_5__leaf_clk (net)
                      0.061934    0.001746    0.484576 ^ _663_/CLK (sky130_fd_sc_hd__dfrtp_1)
                                  0.250000    0.734576   clock uncertainty
                                  0.000000    0.734576   clock reconvergence pessimism
                                  0.322791    1.057367   library removal time
                                              1.057367   data required time
---------------------------------------------------------------------------------------------
                                              1.057367   data required time
                                            -10.645685   data arrival time
---------------------------------------------------------------------------------------------
                                              9.588319   slack (MET)


Startpoint: rst (input port clocked by clk)
Endpoint: _613_ (removal check against rising-edge clock clk)
Path Group: asynchronous
Path Type: min

Fanout         Cap        Slew       Delay        Time   Description
---------------------------------------------------------------------------------------------
                                  0.000000    0.000000   clock clk (rise edge)
                                  0.000000    0.000000   clock network delay (propagated)
                                 10.000000   10.000000 v input external delay
     1    0.003301    0.009797    0.005291   10.005291 v rst (in)
                                                         rst (net)
                      0.009797    0.000000   10.005291 v input1/A (sky130_fd_sc_hd__clkbuf_1)
     1    0.005096    0.038440    0.083467   10.088758 v input1/X (sky130_fd_sc_hd__clkbuf_1)
                                                         net1 (net)
                      0.038440    0.000223   10.088982 v wire673/A (sky130_fd_sc_hd__clkbuf_1)
     1    0.004916    0.037589    0.094528   10.183510 v wire673/X (sky130_fd_sc_hd__clkbuf_1)
                                                         net673 (net)
                      0.037589    0.000206   10.183716 v fanout672/A (sky130_fd_sc_hd__buf_4)
     8    0.055939    0.081300    0.183791   10.367506 v fanout672/X (sky130_fd_sc_hd__buf_4)
                                                         net672 (net)
                      0.082791    0.008629   10.376135 v fanout668/A (sky130_fd_sc_hd__buf_4)
    10    0.052151    0.079919    0.203907   10.580042 v fanout668/X (sky130_fd_sc_hd__buf_4)
                                                         net668 (net)
                      0.079931    0.000956   10.580997 v _539_/A (sky130_fd_sc_hd__inv_2)
     1    0.004105    0.033826    0.058062   10.639060 ^ _539_/Y (sky130_fd_sc_hd__inv_2)
                                                         _021_ (net)
                      0.033826    0.000090   10.639150 ^ _613_/RESET_B (sky130_fd_sc_hd__dfrtp_1)
                                             10.639150   data arrival time

                                  0.000000    0.000000   clock clk (rise edge)
                                  0.000000    0.000000   clock source latency
     1    0.027714    0.130121    0.090093    0.090093 ^ clk (in)
                                                         clk (net)
                      0.130131    0.000000    0.090093 ^ clkbuf_0_clk/A (sky130_fd_sc_hd__clkbuf_16)
     8    0.102463    0.118732    0.216823    0.306916 ^ clkbuf_0_clk/X (sky130_fd_sc_hd__clkbuf_16)
                                                         clknet_0_clk (net)
                      0.118906    0.003070    0.309986 ^ clkbuf_3_6__f_clk/A (sky130_fd_sc_hd__clkbuf_16)
    12    0.039391    0.059250    0.168326    0.478312 ^ clkbuf_3_6__f_clk/X (sky130_fd_sc_hd__clkbuf_16)
                                                         clknet_3_6__leaf_clk (net)
                      0.059271    0.000983    0.479295 ^ _613_/CLK (sky130_fd_sc_hd__dfrtp_1)
                                  0.250000    0.729295   clock uncertainty
                                  0.000000    0.729295   clock reconvergence pessimism
                                  0.321065    1.050361   library removal time
                                              1.050361   data required time
---------------------------------------------------------------------------------------------
                                              1.050361   data required time
                                            -10.639150   data arrival time
---------------------------------------------------------------------------------------------
                                              9.588789   slack (MET)


Startpoint: rst (input port clocked by clk)
Endpoint: _628_ (removal check against rising-edge clock clk)
Path Group: asynchronous
Path Type: min

Fanout         Cap        Slew       Delay        Time   Description
---------------------------------------------------------------------------------------------
                                  0.000000    0.000000   clock clk (rise edge)
                                  0.000000    0.000000   clock network delay (propagated)
                                 10.000000   10.000000 v input external delay
     1    0.003301    0.009797    0.005291   10.005291 v rst (in)
                                                         rst (net)
                      0.009797    0.000000   10.005291 v input1/A (sky130_fd_sc_hd__clkbuf_1)
     1    0.005096    0.038440    0.083467   10.088758 v input1/X (sky130_fd_sc_hd__clkbuf_1)
                                                         net1 (net)
                      0.038440    0.000223   10.088982 v wire673/A (sky130_fd_sc_hd__clkbuf_1)
     1    0.004916    0.037589    0.094528   10.183510 v wire673/X (sky130_fd_sc_hd__clkbuf_1)
                                                         net673 (net)
                      0.037589    0.000206   10.183716 v fanout672/A (sky130_fd_sc_hd__buf_4)
     8    0.055939    0.081300    0.183791   10.367506 v fanout672/X (sky130_fd_sc_hd__buf_4)
                                                         net672 (net)
                      0.083123    0.009555   10.377061 v fanout670/A (sky130_fd_sc_hd__buf_4)
    10    0.053362    0.079561    0.205141   10.582202 v fanout670/X (sky130_fd_sc_hd__buf_4)
                                                         net670 (net)
                      0.079622    0.002003   10.584205 v _554_/A (sky130_fd_sc_hd__inv_2)
     1    0.004818    0.036281    0.060652   10.644856 ^ _554_/Y (sky130_fd_sc_hd__inv_2)
                                                         _036_ (net)
                      0.036281    0.000136   10.644993 ^ _628_/RESET_B (sky130_fd_sc_hd__dfrtp_1)
                                             10.644993   data arrival time

                                  0.000000    0.000000   clock clk (rise edge)
                                  0.000000    0.000000   clock source latency
     1    0.027714    0.130121    0.090093    0.090093 ^ clk (in)
                                                         clk (net)
                      0.130131    0.000000    0.090093 ^ clkbuf_0_clk/A (sky130_fd_sc_hd__clkbuf_16)
     8    0.102463    0.118732    0.216823    0.306916 ^ clkbuf_0_clk/X (sky130_fd_sc_hd__clkbuf_16)
                                                         clknet_0_clk (net)
                      0.119179    0.005504    0.312421 ^ clkbuf_3_5__f_clk/A (sky130_fd_sc_hd__clkbuf_16)
    15    0.042363    0.061867    0.170410    0.482830 ^ clkbuf_3_5__f_clk/X (sky130_fd_sc_hd__clkbuf_16)
                                                         clknet_3_5__leaf_clk (net)
                      0.061875    0.000790    0.483621 ^ _628_/CLK (sky130_fd_sc_hd__dfrtp_1)
                                  0.250000    0.733621   clock uncertainty
                                  0.000000    0.733621   clock reconvergence pessimism
                                  0.322451    1.056072   library removal time
                                              1.056072   data required time
---------------------------------------------------------------------------------------------
                                              1.056072   data required time
                                            -10.644993   data arrival time
---------------------------------------------------------------------------------------------
                                              9.588921   slack (MET)


Startpoint: rst (input port clocked by clk)
Endpoint: _658_ (removal check against rising-edge clock clk)
Path Group: asynchronous
Path Type: min

Fanout         Cap        Slew       Delay        Time   Description
---------------------------------------------------------------------------------------------
                                  0.000000    0.000000   clock clk (rise edge)
                                  0.000000    0.000000   clock network delay (propagated)
                                 10.000000   10.000000 v input external delay
     1    0.003301    0.009797    0.005291   10.005291 v rst (in)
                                                         rst (net)
                      0.009797    0.000000   10.005291 v input1/A (sky130_fd_sc_hd__clkbuf_1)
     1    0.005096    0.038440    0.083467   10.088758 v input1/X (sky130_fd_sc_hd__clkbuf_1)
                                                         net1 (net)
                      0.038440    0.000223   10.088982 v wire673/A (sky130_fd_sc_hd__clkbuf_1)
     1    0.004916    0.037589    0.094528   10.183510 v wire673/X (sky130_fd_sc_hd__clkbuf_1)
                                                         net673 (net)
                      0.037589    0.000206   10.183716 v fanout672/A (sky130_fd_sc_hd__buf_4)
     8    0.055939    0.081300    0.183791   10.367506 v fanout672/X (sky130_fd_sc_hd__buf_4)
                                                         net672 (net)
                      0.083123    0.009555   10.377061 v fanout670/A (sky130_fd_sc_hd__buf_4)
    10    0.053362    0.079561    0.205141   10.582202 v fanout670/X (sky130_fd_sc_hd__buf_4)
                                                         net670 (net)
                      0.079596    0.001563   10.583765 v _584_/A (sky130_fd_sc_hd__inv_2)
     1    0.004281    0.034402    0.058734   10.642500 ^ _584_/Y (sky130_fd_sc_hd__inv_2)
                                                         _066_ (net)
                      0.034402    0.000099   10.642599 ^ _658_/RESET_B (sky130_fd_sc_hd__dfrtp_1)
                                             10.642599   data arrival time

                                  0.000000    0.000000   clock clk (rise edge)
                                  0.000000    0.000000   clock source latency
     1    0.027714    0.130121    0.090093    0.090093 ^ clk (in)
                                                         clk (net)
                      0.130131    0.000000    0.090093 ^ clkbuf_0_clk/A (sky130_fd_sc_hd__clkbuf_16)
     8    0.102463    0.118732    0.216823    0.306916 ^ clkbuf_0_clk/X (sky130_fd_sc_hd__clkbuf_16)
                                                         clknet_0_clk (net)
                      0.119111    0.005022    0.311938 ^ clkbuf_3_4__f_clk/A (sky130_fd_sc_hd__clkbuf_16)
    12    0.040426    0.060220    0.168731    0.480669 ^ clkbuf_3_4__f_clk/X (sky130_fd_sc_hd__clkbuf_16)
                                                         clknet_3_4__leaf_clk (net)
                      0.060253    0.001319    0.481989 ^ _658_/CLK (sky130_fd_sc_hd__dfrtp_1)
                                  0.250000    0.731989   clock uncertainty
                                  0.000000    0.731989   clock reconvergence pessimism
                                  0.321491    1.053480   library removal time
                                              1.053480   data required time
---------------------------------------------------------------------------------------------
                                              1.053480   data required time
                                            -10.642599   data arrival time
---------------------------------------------------------------------------------------------
                                              9.589119   slack (MET)


Startpoint: rst (input port clocked by clk)
Endpoint: _625_ (removal check against rising-edge clock clk)
Path Group: asynchronous
Path Type: min

Fanout         Cap        Slew       Delay        Time   Description
---------------------------------------------------------------------------------------------
                                  0.000000    0.000000   clock clk (rise edge)
                                  0.000000    0.000000   clock network delay (propagated)
                                 10.000000   10.000000 v input external delay
     1    0.003301    0.009797    0.005291   10.005291 v rst (in)
                                                         rst (net)
                      0.009797    0.000000   10.005291 v input1/A (sky130_fd_sc_hd__clkbuf_1)
     1    0.005096    0.038440    0.083467   10.088758 v input1/X (sky130_fd_sc_hd__clkbuf_1)
                                                         net1 (net)
                      0.038440    0.000223   10.088982 v wire673/A (sky130_fd_sc_hd__clkbuf_1)
     1    0.004916    0.037589    0.094528   10.183510 v wire673/X (sky130_fd_sc_hd__clkbuf_1)
                                                         net673 (net)
                      0.037589    0.000206   10.183716 v fanout672/A (sky130_fd_sc_hd__buf_4)
     8    0.055939    0.081300    0.183791   10.367506 v fanout672/X (sky130_fd_sc_hd__buf_4)
                                                         net672 (net)
                      0.083123    0.009555   10.377061 v fanout670/A (sky130_fd_sc_hd__buf_4)
    10    0.053362    0.079561    0.205141   10.582202 v fanout670/X (sky130_fd_sc_hd__buf_4)
                                                         net670 (net)
                      0.079631    0.002125   10.584327 v _551_/A (sky130_fd_sc_hd__inv_2)
     1    0.004912    0.036613    0.060988   10.645314 ^ _551_/Y (sky130_fd_sc_hd__inv_2)
                                                         _033_ (net)
                      0.036613    0.000101   10.645415 ^ _625_/RESET_B (sky130_fd_sc_hd__dfrtp_1)
                                             10.645415   data arrival time

                                  0.000000    0.000000   clock clk (rise edge)
                                  0.000000    0.000000   clock source latency
     1    0.027714    0.130121    0.090093    0.090093 ^ clk (in)
                                                         clk (net)
                      0.130131    0.000000    0.090093 ^ clkbuf_0_clk/A (sky130_fd_sc_hd__clkbuf_16)
     8    0.102463    0.118732    0.216823    0.306916 ^ clkbuf_0_clk/X (sky130_fd_sc_hd__clkbuf_16)
                                                         clknet_0_clk (net)
                      0.119179    0.005504    0.312421 ^ clkbuf_3_5__f_clk/A (sky130_fd_sc_hd__clkbuf_16)
    15    0.042363    0.061867    0.170410    0.482830 ^ clkbuf_3_5__f_clk/X (sky130_fd_sc_hd__clkbuf_16)
                                                         clknet_3_5__leaf_clk (net)
                      0.061878    0.000863    0.483693 ^ _625_/CLK (sky130_fd_sc_hd__dfrtp_1)
                                  0.250000    0.733693   clock uncertainty
                                  0.000000    0.733693   clock reconvergence pessimism
                                  0.322543    1.056236   library removal time
                                              1.056236   data required time
---------------------------------------------------------------------------------------------
                                              1.056236   data required time
                                            -10.645415   data arrival time
---------------------------------------------------------------------------------------------
                                              9.589179   slack (MET)


Startpoint: rst (input port clocked by clk)
Endpoint: _615_ (removal check against rising-edge clock clk)
Path Group: asynchronous
Path Type: min

Fanout         Cap        Slew       Delay        Time   Description
---------------------------------------------------------------------------------------------
                                  0.000000    0.000000   clock clk (rise edge)
                                  0.000000    0.000000   clock network delay (propagated)
                                 10.000000   10.000000 v input external delay
     1    0.003301    0.009797    0.005291   10.005291 v rst (in)
                                                         rst (net)
                      0.009797    0.000000   10.005291 v input1/A (sky130_fd_sc_hd__clkbuf_1)
     1    0.005096    0.038440    0.083467   10.088758 v input1/X (sky130_fd_sc_hd__clkbuf_1)
                                                         net1 (net)
                      0.038440    0.000223   10.088982 v wire673/A (sky130_fd_sc_hd__clkbuf_1)
     1    0.004916    0.037589    0.094528   10.183510 v wire673/X (sky130_fd_sc_hd__clkbuf_1)
                                                         net673 (net)
                      0.037589    0.000206   10.183716 v fanout672/A (sky130_fd_sc_hd__buf_4)
     8    0.055939    0.081300    0.183791   10.367506 v fanout672/X (sky130_fd_sc_hd__buf_4)
                                                         net672 (net)
                      0.082791    0.008629   10.376135 v fanout668/A (sky130_fd_sc_hd__buf_4)
    10    0.052151    0.079919    0.203907   10.580042 v fanout668/X (sky130_fd_sc_hd__buf_4)
                                                         net668 (net)
                      0.079944    0.001303   10.581345 v _541_/A (sky130_fd_sc_hd__inv_2)
     1    0.004137    0.033947    0.058211   10.639556 ^ _541_/Y (sky130_fd_sc_hd__inv_2)
                                                         _023_ (net)
                      0.033947    0.000093   10.639649 ^ _615_/RESET_B (sky130_fd_sc_hd__dfrtp_1)
                                             10.639649   data arrival time

                                  0.000000    0.000000   clock clk (rise edge)
                                  0.000000    0.000000   clock source latency
     1    0.027714    0.130121    0.090093    0.090093 ^ clk (in)
                                                         clk (net)
                      0.130131    0.000000    0.090093 ^ clkbuf_0_clk/A (sky130_fd_sc_hd__clkbuf_16)
     8    0.102463    0.118732    0.216823    0.306916 ^ clkbuf_0_clk/X (sky130_fd_sc_hd__clkbuf_16)
                                                         clknet_0_clk (net)
                      0.118906    0.003070    0.309986 ^ clkbuf_3_6__f_clk/A (sky130_fd_sc_hd__clkbuf_16)
    12    0.039391    0.059250    0.168326    0.478312 ^ clkbuf_3_6__f_clk/X (sky130_fd_sc_hd__clkbuf_16)
                                                         clknet_3_6__leaf_clk (net)
                      0.059264    0.000830    0.479143 ^ _615_/CLK (sky130_fd_sc_hd__dfrtp_1)
                                  0.250000    0.729143   clock uncertainty
                                  0.000000    0.729143   clock reconvergence pessimism
                                  0.321097    1.050239   library removal time
                                              1.050239   data required time
---------------------------------------------------------------------------------------------
                                              1.050239   data required time
                                            -10.639649   data arrival time
---------------------------------------------------------------------------------------------
                                              9.589411   slack (MET)


Startpoint: rst (input port clocked by clk)
Endpoint: _614_ (removal check against rising-edge clock clk)
Path Group: asynchronous
Path Type: min

Fanout         Cap        Slew       Delay        Time   Description
---------------------------------------------------------------------------------------------
                                  0.000000    0.000000   clock clk (rise edge)
                                  0.000000    0.000000   clock network delay (propagated)
                                 10.000000   10.000000 v input external delay
     1    0.003301    0.009797    0.005291   10.005291 v rst (in)
                                                         rst (net)
                      0.009797    0.000000   10.005291 v input1/A (sky130_fd_sc_hd__clkbuf_1)
     1    0.005096    0.038440    0.083467   10.088758 v input1/X (sky130_fd_sc_hd__clkbuf_1)
                                                         net1 (net)
                      0.038440    0.000223   10.088982 v wire673/A (sky130_fd_sc_hd__clkbuf_1)
     1    0.004916    0.037589    0.094528   10.183510 v wire673/X (sky130_fd_sc_hd__clkbuf_1)
                                                         net673 (net)
                      0.037589    0.000206   10.183716 v fanout672/A (sky130_fd_sc_hd__buf_4)
     8    0.055939    0.081300    0.183791   10.367506 v fanout672/X (sky130_fd_sc_hd__buf_4)
                                                         net672 (net)
                      0.082791    0.008629   10.376135 v fanout668/A (sky130_fd_sc_hd__buf_4)
    10    0.052151    0.079919    0.203907   10.580042 v fanout668/X (sky130_fd_sc_hd__buf_4)
                                                         net668 (net)
                      0.079940    0.001217   10.581259 v _540_/A (sky130_fd_sc_hd__inv_2)
     1    0.004212    0.034220    0.058546   10.639805 ^ _540_/Y (sky130_fd_sc_hd__inv_2)
                                                         _022_ (net)
                      0.034220    0.000098   10.639903 ^ _614_/RESET_B (sky130_fd_sc_hd__dfrtp_1)
                                             10.639903   data arrival time

                                  0.000000    0.000000   clock clk (rise edge)
                                  0.000000    0.000000   clock source latency
     1    0.027714    0.130121    0.090093    0.090093 ^ clk (in)
                                                         clk (net)
                      0.130131    0.000000    0.090093 ^ clkbuf_0_clk/A (sky130_fd_sc_hd__clkbuf_16)
     8    0.102463    0.118732    0.216823    0.306916 ^ clkbuf_0_clk/X (sky130_fd_sc_hd__clkbuf_16)
                                                         clknet_0_clk (net)
                      0.118906    0.003070    0.309986 ^ clkbuf_3_6__f_clk/A (sky130_fd_sc_hd__clkbuf_16)
    12    0.039391    0.059250    0.168326    0.478312 ^ clkbuf_3_6__f_clk/X (sky130_fd_sc_hd__clkbuf_16)
                                                         clknet_3_6__leaf_clk (net)
                      0.059263    0.000814    0.479126 ^ _614_/CLK (sky130_fd_sc_hd__dfrtp_1)
                                  0.250000    0.729126   clock uncertainty
                                  0.000000    0.729126   clock reconvergence pessimism
                                  0.321172    1.050298   library removal time
                                              1.050298   data required time
---------------------------------------------------------------------------------------------
                                              1.050298   data required time
                                            -10.639903   data arrival time
---------------------------------------------------------------------------------------------
                                              9.589604   slack (MET)


Startpoint: rst (input port clocked by clk)
Endpoint: _665_ (removal check against rising-edge clock clk)
Path Group: asynchronous
Path Type: min

Fanout         Cap        Slew       Delay        Time   Description
---------------------------------------------------------------------------------------------
                                  0.000000    0.000000   clock clk (rise edge)
                                  0.000000    0.000000   clock network delay (propagated)
                                 10.000000   10.000000 v input external delay
     1    0.003301    0.009797    0.005291   10.005291 v rst (in)
                                                         rst (net)
                      0.009797    0.000000   10.005291 v input1/A (sky130_fd_sc_hd__clkbuf_1)
     1    0.005096    0.038440    0.083467   10.088758 v input1/X (sky130_fd_sc_hd__clkbuf_1)
                                                         net1 (net)
                      0.038440    0.000223   10.088982 v wire673/A (sky130_fd_sc_hd__clkbuf_1)
     1    0.004916    0.037589    0.094528   10.183510 v wire673/X (sky130_fd_sc_hd__clkbuf_1)
                                                         net673 (net)
                      0.037589    0.000206   10.183716 v fanout672/A (sky130_fd_sc_hd__buf_4)
     8    0.055939    0.081300    0.183791   10.367506 v fanout672/X (sky130_fd_sc_hd__buf_4)
                                                         net672 (net)
                      0.083154    0.009638   10.377144 v fanout671/A (sky130_fd_sc_hd__buf_4)
    10    0.052552    0.080619    0.204106   10.581250 v fanout671/X (sky130_fd_sc_hd__buf_4)
                                                         net671 (net)
                      0.080706    0.002363   10.583612 v _591_/A (sky130_fd_sc_hd__inv_2)
     1    0.005749    0.039765    0.064206   10.647818 ^ _591_/Y (sky130_fd_sc_hd__inv_2)
                                                         _073_ (net)
                      0.039765    0.000202   10.648020 ^ _665_/RESET_B (sky130_fd_sc_hd__dfrtp_1)
                                             10.648020   data arrival time

                                  0.000000    0.000000   clock clk (rise edge)
                                  0.000000    0.000000   clock source latency
     1    0.027714    0.130121    0.090093    0.090093 ^ clk (in)
                                                         clk (net)
                      0.130131    0.000000    0.090093 ^ clkbuf_0_clk/A (sky130_fd_sc_hd__clkbuf_16)
     8    0.102463    0.118732    0.216823    0.306916 ^ clkbuf_0_clk/X (sky130_fd_sc_hd__clkbuf_16)
                                                         clknet_0_clk (net)
                      0.119179    0.005504    0.312421 ^ clkbuf_3_5__f_clk/A (sky130_fd_sc_hd__clkbuf_16)
    15    0.042363    0.061867    0.170410    0.482830 ^ clkbuf_3_5__f_clk/X (sky130_fd_sc_hd__clkbuf_16)
                                                         clknet_3_5__leaf_clk (net)
                      0.061942    0.001837    0.484668 ^ _665_/CLK (sky130_fd_sc_hd__dfrtp_1)
                                  0.250000    0.734668   clock uncertainty
                                  0.000000    0.734668   clock reconvergence pessimism
                                  0.323427    1.058095   library removal time
                                              1.058095   data required time
---------------------------------------------------------------------------------------------
                                              1.058095   data required time
                                            -10.648020   data arrival time
---------------------------------------------------------------------------------------------
                                              9.589925   slack (MET)


Startpoint: rst (input port clocked by clk)
Endpoint: _612_ (removal check against rising-edge clock clk)
Path Group: asynchronous
Path Type: min

Fanout         Cap        Slew       Delay        Time   Description
---------------------------------------------------------------------------------------------
                                  0.000000    0.000000   clock clk (rise edge)
                                  0.000000    0.000000   clock network delay (propagated)
                                 10.000000   10.000000 v input external delay
     1    0.003301    0.009797    0.005291   10.005291 v rst (in)
                                                         rst (net)
                      0.009797    0.000000   10.005291 v input1/A (sky130_fd_sc_hd__clkbuf_1)
     1    0.005096    0.038440    0.083467   10.088758 v input1/X (sky130_fd_sc_hd__clkbuf_1)
                                                         net1 (net)
                      0.038440    0.000223   10.088982 v wire673/A (sky130_fd_sc_hd__clkbuf_1)
     1    0.004916    0.037589    0.094528   10.183510 v wire673/X (sky130_fd_sc_hd__clkbuf_1)
                                                         net673 (net)
                      0.037589    0.000206   10.183716 v fanout672/A (sky130_fd_sc_hd__buf_4)
     8    0.055939    0.081300    0.183791   10.367506 v fanout672/X (sky130_fd_sc_hd__buf_4)
                                                         net672 (net)
                      0.082791    0.008629   10.376135 v fanout668/A (sky130_fd_sc_hd__buf_4)
    10    0.052151    0.079919    0.203907   10.580042 v fanout668/X (sky130_fd_sc_hd__buf_4)
                                                         net668 (net)
                      0.079925    0.000712   10.580754 v _538_/A (sky130_fd_sc_hd__inv_2)
     1    0.004567    0.035480    0.059922   10.640676 ^ _538_/Y (sky130_fd_sc_hd__inv_2)
                                                         _020_ (net)
                      0.035480    0.000117   10.640794 ^ _612_/RESET_B (sky130_fd_sc_hd__dfrtp_1)
                                             10.640794   data arrival time

                                  0.000000    0.000000   clock clk (rise edge)
                                  0.000000    0.000000   clock source latency
     1    0.027714    0.130121    0.090093    0.090093 ^ clk (in)
                                                         clk (net)
                      0.130131    0.000000    0.090093 ^ clkbuf_0_clk/A (sky130_fd_sc_hd__clkbuf_16)
     8    0.102463    0.118732    0.216823    0.306916 ^ clkbuf_0_clk/X (sky130_fd_sc_hd__clkbuf_16)
                                                         clknet_0_clk (net)
                      0.118906    0.003070    0.309986 ^ clkbuf_3_6__f_clk/A (sky130_fd_sc_hd__clkbuf_16)
    12    0.039391    0.059250    0.168326    0.478312 ^ clkbuf_3_6__f_clk/X (sky130_fd_sc_hd__clkbuf_16)
                                                         clknet_3_6__leaf_clk (net)
                      0.059272    0.000993    0.479306 ^ _612_/CLK (sky130_fd_sc_hd__dfrtp_1)
                                  0.250000    0.729306   clock uncertainty
                                  0.000000    0.729306   clock reconvergence pessimism
                                  0.321520    1.050826   library removal time
                                              1.050826   data required time
---------------------------------------------------------------------------------------------
                                              1.050826   data required time
                                            -10.640794   data arrival time
---------------------------------------------------------------------------------------------
                                              9.589968   slack (MET)


Startpoint: rst (input port clocked by clk)
Endpoint: _616_ (removal check against rising-edge clock clk)
Path Group: asynchronous
Path Type: min

Fanout         Cap        Slew       Delay        Time   Description
---------------------------------------------------------------------------------------------
                                  0.000000    0.000000   clock clk (rise edge)
                                  0.000000    0.000000   clock network delay (propagated)
                                 10.000000   10.000000 v input external delay
     1    0.003301    0.009797    0.005291   10.005291 v rst (in)
                                                         rst (net)
                      0.009797    0.000000   10.005291 v input1/A (sky130_fd_sc_hd__clkbuf_1)
     1    0.005096    0.038440    0.083467   10.088758 v input1/X (sky130_fd_sc_hd__clkbuf_1)
                                                         net1 (net)
                      0.038440    0.000223   10.088982 v wire673/A (sky130_fd_sc_hd__clkbuf_1)
     1    0.004916    0.037589    0.094528   10.183510 v wire673/X (sky130_fd_sc_hd__clkbuf_1)
                                                         net673 (net)
                      0.037589    0.000206   10.183716 v fanout672/A (sky130_fd_sc_hd__buf_4)
     8    0.055939    0.081300    0.183791   10.367506 v fanout672/X (sky130_fd_sc_hd__buf_4)
                                                         net672 (net)
                      0.082791    0.008629   10.376135 v fanout668/A (sky130_fd_sc_hd__buf_4)
    10    0.052151    0.079919    0.203907   10.580042 v fanout668/X (sky130_fd_sc_hd__buf_4)
                                                         net668 (net)
                      0.079948    0.001404   10.581447 v _542_/A (sky130_fd_sc_hd__inv_2)
     1    0.004386    0.034857    0.059315   10.640761 ^ _542_/Y (sky130_fd_sc_hd__inv_2)
                                                         _024_ (net)
                      0.034857    0.000111   10.640873 ^ _616_/RESET_B (sky130_fd_sc_hd__dfrtp_1)
                                             10.640873   data arrival time

                                  0.000000    0.000000   clock clk (rise edge)
                                  0.000000    0.000000   clock source latency
     1    0.027714    0.130121    0.090093    0.090093 ^ clk (in)
                                                         clk (net)
                      0.130131    0.000000    0.090093 ^ clkbuf_0_clk/A (sky130_fd_sc_hd__clkbuf_16)
     8    0.102463    0.118732    0.216823    0.306916 ^ clkbuf_0_clk/X (sky130_fd_sc_hd__clkbuf_16)
                                                         clknet_0_clk (net)
                      0.119016    0.004233    0.311149 ^ clkbuf_3_7__f_clk/A (sky130_fd_sc_hd__clkbuf_16)
     7    0.038339    0.058316    0.167587    0.478736 ^ clkbuf_3_7__f_clk/X (sky130_fd_sc_hd__clkbuf_16)
                                                         clknet_3_7__leaf_clk (net)
                      0.058335    0.000937    0.479674 ^ _616_/CLK (sky130_fd_sc_hd__dfrtp_1)
                                  0.250000    0.729674   clock uncertainty
                                  0.000000    0.729674   clock reconvergence pessimism
                                  0.321094    1.050768   library removal time
                                              1.050768   data required time
---------------------------------------------------------------------------------------------
                                              1.050768   data required time
                                            -10.640873   data arrival time
---------------------------------------------------------------------------------------------
                                              9.590105   slack (MET)


Startpoint: rst (input port clocked by clk)
Endpoint: _659_ (removal check against rising-edge clock clk)
Path Group: asynchronous
Path Type: min

Fanout         Cap        Slew       Delay        Time   Description
---------------------------------------------------------------------------------------------
                                  0.000000    0.000000   clock clk (rise edge)
                                  0.000000    0.000000   clock network delay (propagated)
                                 10.000000   10.000000 v input external delay
     1    0.003301    0.009797    0.005291   10.005291 v rst (in)
                                                         rst (net)
                      0.009797    0.000000   10.005291 v input1/A (sky130_fd_sc_hd__clkbuf_1)
     1    0.005096    0.038440    0.083467   10.088758 v input1/X (sky130_fd_sc_hd__clkbuf_1)
                                                         net1 (net)
                      0.038440    0.000223   10.088982 v wire673/A (sky130_fd_sc_hd__clkbuf_1)
     1    0.004916    0.037589    0.094528   10.183510 v wire673/X (sky130_fd_sc_hd__clkbuf_1)
                                                         net673 (net)
                      0.037589    0.000206   10.183716 v fanout672/A (sky130_fd_sc_hd__buf_4)
     8    0.055939    0.081300    0.183791   10.367506 v fanout672/X (sky130_fd_sc_hd__buf_4)
                                                         net672 (net)
                      0.083123    0.009555   10.377061 v fanout670/A (sky130_fd_sc_hd__buf_4)
    10    0.053362    0.079561    0.205141   10.582202 v fanout670/X (sky130_fd_sc_hd__buf_4)
                                                         net670 (net)
                      0.079615    0.001888   10.584090 v _585_/A (sky130_fd_sc_hd__inv_2)
     1    0.004543    0.035329    0.059722   10.643812 ^ _585_/Y (sky130_fd_sc_hd__inv_2)
                                                         _067_ (net)
                      0.035329    0.000122   10.643934 ^ _659_/RESET_B (sky130_fd_sc_hd__dfrtp_1)
                                             10.643934   data arrival time

                                  0.000000    0.000000   clock clk (rise edge)
                                  0.000000    0.000000   clock source latency
     1    0.027714    0.130121    0.090093    0.090093 ^ clk (in)
                                                         clk (net)
                      0.130131    0.000000    0.090093 ^ clkbuf_0_clk/A (sky130_fd_sc_hd__clkbuf_16)
     8    0.102463    0.118732    0.216823    0.306916 ^ clkbuf_0_clk/X (sky130_fd_sc_hd__clkbuf_16)
                                                         clknet_0_clk (net)
                      0.119111    0.005022    0.311938 ^ clkbuf_3_4__f_clk/A (sky130_fd_sc_hd__clkbuf_16)
    12    0.040426    0.060220    0.168731    0.480669 ^ clkbuf_3_4__f_clk/X (sky130_fd_sc_hd__clkbuf_16)
                                                         clknet_3_4__leaf_clk (net)
                      0.060254    0.001340    0.482009 ^ _659_/CLK (sky130_fd_sc_hd__dfrtp_1)
                                  0.250000    0.732009   clock uncertainty
                                  0.000000    0.732009   clock reconvergence pessimism
                                  0.321747    1.053756   library removal time
                                              1.053756   data required time
---------------------------------------------------------------------------------------------
                                              1.053756   data required time
                                            -10.643934   data arrival time
---------------------------------------------------------------------------------------------
                                              9.590178   slack (MET)


Startpoint: rst (input port clocked by clk)
Endpoint: _627_ (removal check against rising-edge clock clk)
Path Group: asynchronous
Path Type: min

Fanout         Cap        Slew       Delay        Time   Description
---------------------------------------------------------------------------------------------
                                  0.000000    0.000000   clock clk (rise edge)
                                  0.000000    0.000000   clock network delay (propagated)
                                 10.000000   10.000000 v input external delay
     1    0.003301    0.009797    0.005291   10.005291 v rst (in)
                                                         rst (net)
                      0.009797    0.000000   10.005291 v input1/A (sky130_fd_sc_hd__clkbuf_1)
     1    0.005096    0.038440    0.083467   10.088758 v input1/X (sky130_fd_sc_hd__clkbuf_1)
                                                         net1 (net)
                      0.038440    0.000223   10.088982 v wire673/A (sky130_fd_sc_hd__clkbuf_1)
     1    0.004916    0.037589    0.094528   10.183510 v wire673/X (sky130_fd_sc_hd__clkbuf_1)
                                                         net673 (net)
                      0.037589    0.000206   10.183716 v fanout672/A (sky130_fd_sc_hd__buf_4)
     8    0.055939    0.081300    0.183791   10.367506 v fanout672/X (sky130_fd_sc_hd__buf_4)
                                                         net672 (net)
                      0.083123    0.009555   10.377061 v fanout670/A (sky130_fd_sc_hd__buf_4)
    10    0.053362    0.079561    0.205141   10.582202 v fanout670/X (sky130_fd_sc_hd__buf_4)
                                                         net670 (net)
                      0.079618    0.001940   10.584142 v _553_/A (sky130_fd_sc_hd__inv_2)
     1    0.005557    0.038862    0.063137   10.647279 ^ _553_/Y (sky130_fd_sc_hd__inv_2)
                                                         _035_ (net)
                      0.038862    0.000189   10.647469 ^ _627_/RESET_B (sky130_fd_sc_hd__dfrtp_1)
                                             10.647469   data arrival time

                                  0.000000    0.000000   clock clk (rise edge)
                                  0.000000    0.000000   clock source latency
     1    0.027714    0.130121    0.090093    0.090093 ^ clk (in)
                                                         clk (net)
                      0.130131    0.000000    0.090093 ^ clkbuf_0_clk/A (sky130_fd_sc_hd__clkbuf_16)
     8    0.102463    0.118732    0.216823    0.306916 ^ clkbuf_0_clk/X (sky130_fd_sc_hd__clkbuf_16)
                                                         clknet_0_clk (net)
                      0.119179    0.005504    0.312421 ^ clkbuf_3_5__f_clk/A (sky130_fd_sc_hd__clkbuf_16)
    15    0.042363    0.061867    0.170410    0.482830 ^ clkbuf_3_5__f_clk/X (sky130_fd_sc_hd__clkbuf_16)
                                                         clknet_3_5__leaf_clk (net)
                      0.061877    0.000838    0.483668 ^ _627_/CLK (sky130_fd_sc_hd__dfrtp_1)
                                  0.250000    0.733668   clock uncertainty
                                  0.000000    0.733668   clock reconvergence pessimism
                                  0.323161    1.056829   library removal time
                                              1.056829   data required time
---------------------------------------------------------------------------------------------
                                              1.056829   data required time
                                            -10.647469   data arrival time
---------------------------------------------------------------------------------------------
                                              9.590639   slack (MET)


Startpoint: rst (input port clocked by clk)
Endpoint: _641_ (removal check against rising-edge clock clk)
Path Group: asynchronous
Path Type: min

Fanout         Cap        Slew       Delay        Time   Description
---------------------------------------------------------------------------------------------
                                  0.000000    0.000000   clock clk (rise edge)
                                  0.000000    0.000000   clock network delay (propagated)
                                 10.000000   10.000000 v input external delay
     1    0.003301    0.009797    0.005291   10.005291 v rst (in)
                                                         rst (net)
                      0.009797    0.000000   10.005291 v input1/A (sky130_fd_sc_hd__clkbuf_1)
     1    0.005096    0.038440    0.083467   10.088758 v input1/X (sky130_fd_sc_hd__clkbuf_1)
                                                         net1 (net)
                      0.038440    0.000223   10.088982 v wire673/A (sky130_fd_sc_hd__clkbuf_1)
     1    0.004916    0.037589    0.094528   10.183510 v wire673/X (sky130_fd_sc_hd__clkbuf_1)
                                                         net673 (net)
                      0.037589    0.000206   10.183716 v fanout672/A (sky130_fd_sc_hd__buf_4)
     8    0.055939    0.081300    0.183791   10.367506 v fanout672/X (sky130_fd_sc_hd__buf_4)
                                                         net672 (net)
                      0.082349    0.007238   10.374744 v fanout666/A (sky130_fd_sc_hd__buf_4)
    10    0.053062    0.081056    0.203949   10.578692 v fanout666/X (sky130_fd_sc_hd__buf_4)
                                                         net666 (net)
                      0.081061    0.000732   10.579425 v _567_/A (sky130_fd_sc_hd__inv_2)
     1    0.004710    0.036220    0.060839   10.640265 ^ _567_/Y (sky130_fd_sc_hd__inv_2)
                                                         _049_ (net)
                      0.036220    0.000090   10.640354 ^ _641_/RESET_B (sky130_fd_sc_hd__dfrtp_1)
                                             10.640354   data arrival time

                                  0.000000    0.000000   clock clk (rise edge)
                                  0.000000    0.000000   clock source latency
     1    0.027714    0.130121    0.090093    0.090093 ^ clk (in)
                                                         clk (net)
                      0.130131    0.000000    0.090093 ^ clkbuf_0_clk/A (sky130_fd_sc_hd__clkbuf_16)
     8    0.102463    0.118732    0.216823    0.306916 ^ clkbuf_0_clk/X (sky130_fd_sc_hd__clkbuf_16)
                                                         clknet_0_clk (net)
                      0.118918    0.003216    0.310133 ^ clkbuf_3_0__f_clk/A (sky130_fd_sc_hd__clkbuf_16)
     7    0.037478    0.057556    0.166929    0.477062 ^ clkbuf_3_0__f_clk/X (sky130_fd_sc_hd__clkbuf_16)
                                                         clknet_3_0__leaf_clk (net)
                      0.057574    0.000888    0.477950 ^ _641_/CLK (sky130_fd_sc_hd__dfrtp_1)
                                  0.250000    0.727950   clock uncertainty
                                  0.000000    0.727950   clock reconvergence pessimism
                                  0.321261    1.049211   library removal time
                                              1.049211   data required time
---------------------------------------------------------------------------------------------
                                              1.049211   data required time
                                            -10.640354   data arrival time
---------------------------------------------------------------------------------------------
                                              9.591143   slack (MET)


Startpoint: rst (input port clocked by clk)
Endpoint: _657_ (removal check against rising-edge clock clk)
Path Group: asynchronous
Path Type: min

Fanout         Cap        Slew       Delay        Time   Description
---------------------------------------------------------------------------------------------
                                  0.000000    0.000000   clock clk (rise edge)
                                  0.000000    0.000000   clock network delay (propagated)
                                 10.000000   10.000000 v input external delay
     1    0.003301    0.009797    0.005291   10.005291 v rst (in)
                                                         rst (net)
                      0.009797    0.000000   10.005291 v input1/A (sky130_fd_sc_hd__clkbuf_1)
     1    0.005096    0.038440    0.083467   10.088758 v input1/X (sky130_fd_sc_hd__clkbuf_1)
                                                         net1 (net)
                      0.038440    0.000223   10.088982 v wire673/A (sky130_fd_sc_hd__clkbuf_1)
     1    0.004916    0.037589    0.094528   10.183510 v wire673/X (sky130_fd_sc_hd__clkbuf_1)
                                                         net673 (net)
                      0.037589    0.000206   10.183716 v fanout672/A (sky130_fd_sc_hd__buf_4)
     8    0.055939    0.081300    0.183791   10.367506 v fanout672/X (sky130_fd_sc_hd__buf_4)
                                                         net672 (net)
                      0.083123    0.009555   10.377061 v fanout670/A (sky130_fd_sc_hd__buf_4)
    10    0.053362    0.079561    0.205141   10.582202 v fanout670/X (sky130_fd_sc_hd__buf_4)
                                                         net670 (net)
                      0.079583    0.001283   10.583485 v _583_/A (sky130_fd_sc_hd__inv_2)
     1    0.005030    0.037007    0.061352   10.644836 ^ _583_/Y (sky130_fd_sc_hd__inv_2)
                                                         _065_ (net)
                      0.037007    0.000148   10.644985 ^ _657_/RESET_B (sky130_fd_sc_hd__dfrtp_1)
                                             10.644985   data arrival time

                                  0.000000    0.000000   clock clk (rise edge)
                                  0.000000    0.000000   clock source latency
     1    0.027714    0.130121    0.090093    0.090093 ^ clk (in)
                                                         clk (net)
                      0.130131    0.000000    0.090093 ^ clkbuf_0_clk/A (sky130_fd_sc_hd__clkbuf_16)
     8    0.102463    0.118732    0.216823    0.306916 ^ clkbuf_0_clk/X (sky130_fd_sc_hd__clkbuf_16)
                                                         clknet_0_clk (net)
                      0.119111    0.005022    0.311938 ^ clkbuf_3_4__f_clk/A (sky130_fd_sc_hd__clkbuf_16)
    12    0.040426    0.060220    0.168731    0.480669 ^ clkbuf_3_4__f_clk/X (sky130_fd_sc_hd__clkbuf_16)
                                                         clknet_3_4__leaf_clk (net)
                      0.060222    0.000754    0.481423 ^ _657_/CLK (sky130_fd_sc_hd__dfrtp_1)
                                  0.250000    0.731423   clock uncertainty
                                  0.000000    0.731423   clock reconvergence pessimism
                                  0.322200    1.053623   library removal time
                                              1.053623   data required time
---------------------------------------------------------------------------------------------
                                              1.053623   data required time
                                            -10.644985   data arrival time
---------------------------------------------------------------------------------------------
                                              9.591362   slack (MET)


Startpoint: rst (input port clocked by clk)
Endpoint: _603_ (removal check against rising-edge clock clk)
Path Group: asynchronous
Path Type: min

Fanout         Cap        Slew       Delay        Time   Description
---------------------------------------------------------------------------------------------
                                  0.000000    0.000000   clock clk (rise edge)
                                  0.000000    0.000000   clock network delay (propagated)
                                 10.000000   10.000000 v input external delay
     1    0.003301    0.009797    0.005291   10.005291 v rst (in)
                                                         rst (net)
                      0.009797    0.000000   10.005291 v input1/A (sky130_fd_sc_hd__clkbuf_1)
     1    0.005096    0.038440    0.083467   10.088758 v input1/X (sky130_fd_sc_hd__clkbuf_1)
                                                         net1 (net)
                      0.038440    0.000223   10.088982 v wire673/A (sky130_fd_sc_hd__clkbuf_1)
     1    0.004916    0.037589    0.094528   10.183510 v wire673/X (sky130_fd_sc_hd__clkbuf_1)
                                                         net673 (net)
                      0.037589    0.000206   10.183716 v fanout672/A (sky130_fd_sc_hd__buf_4)
     8    0.055939    0.081300    0.183791   10.367506 v fanout672/X (sky130_fd_sc_hd__buf_4)
                                                         net672 (net)
                      0.082349    0.007238   10.374744 v fanout666/A (sky130_fd_sc_hd__buf_4)
    10    0.053062    0.081056    0.203949   10.578692 v fanout666/X (sky130_fd_sc_hd__buf_4)
                                                         net666 (net)
                      0.081181    0.002816   10.581509 v _529_/A (sky130_fd_sc_hd__inv_2)
     1    0.004142    0.034232    0.058680   10.640188 ^ _529_/Y (sky130_fd_sc_hd__inv_2)
                                                         _011_ (net)
                      0.034232    0.000096   10.640285 ^ _603_/RESET_B (sky130_fd_sc_hd__dfrtp_1)
                                             10.640285   data arrival time

                                  0.000000    0.000000   clock clk (rise edge)
                                  0.000000    0.000000   clock source latency
     1    0.027714    0.130121    0.090093    0.090093 ^ clk (in)
                                                         clk (net)
                      0.130131    0.000000    0.090093 ^ clkbuf_0_clk/A (sky130_fd_sc_hd__clkbuf_16)
     8    0.102463    0.118732    0.216823    0.306916 ^ clkbuf_0_clk/X (sky130_fd_sc_hd__clkbuf_16)
                                                         clknet_0_clk (net)
                      0.118918    0.003216    0.310133 ^ clkbuf_3_0__f_clk/A (sky130_fd_sc_hd__clkbuf_16)
     7    0.037478    0.057556    0.166929    0.477062 ^ clkbuf_3_0__f_clk/X (sky130_fd_sc_hd__clkbuf_16)
                                                         clknet_3_0__leaf_clk (net)
                      0.057582    0.001038    0.478100 ^ _603_/CLK (sky130_fd_sc_hd__dfrtp_1)
                                  0.250000    0.728099   clock uncertainty
                                  0.000000    0.728099   clock reconvergence pessimism
                                  0.320716    1.048816   library removal time
                                              1.048816   data required time
---------------------------------------------------------------------------------------------
                                              1.048816   data required time
                                            -10.640285   data arrival time
---------------------------------------------------------------------------------------------
                                              9.591469   slack (MET)


Startpoint: rst (input port clocked by clk)
Endpoint: _604_ (removal check against rising-edge clock clk)
Path Group: asynchronous
Path Type: min

Fanout         Cap        Slew       Delay        Time   Description
---------------------------------------------------------------------------------------------
                                  0.000000    0.000000   clock clk (rise edge)
                                  0.000000    0.000000   clock network delay (propagated)
                                 10.000000   10.000000 v input external delay
     1    0.003301    0.009797    0.005291   10.005291 v rst (in)
                                                         rst (net)
                      0.009797    0.000000   10.005291 v input1/A (sky130_fd_sc_hd__clkbuf_1)
     1    0.005096    0.038440    0.083467   10.088758 v input1/X (sky130_fd_sc_hd__clkbuf_1)
                                                         net1 (net)
                      0.038440    0.000223   10.088982 v wire673/A (sky130_fd_sc_hd__clkbuf_1)
     1    0.004916    0.037589    0.094528   10.183510 v wire673/X (sky130_fd_sc_hd__clkbuf_1)
                                                         net673 (net)
                      0.037589    0.000206   10.183716 v fanout672/A (sky130_fd_sc_hd__buf_4)
     8    0.055939    0.081300    0.183791   10.367506 v fanout672/X (sky130_fd_sc_hd__buf_4)
                                                         net672 (net)
                      0.082349    0.007238   10.374744 v fanout666/A (sky130_fd_sc_hd__buf_4)
    10    0.053062    0.081056    0.203949   10.578692 v fanout666/X (sky130_fd_sc_hd__buf_4)
                                                         net666 (net)
                      0.081177    0.002775   10.581468 v _530_/A (sky130_fd_sc_hd__inv_2)
     1    0.004299    0.034814    0.059396   10.640863 ^ _530_/Y (sky130_fd_sc_hd__inv_2)
                                                         _012_ (net)
                      0.034814    0.000101   10.640965 ^ _604_/RESET_B (sky130_fd_sc_hd__dfrtp_1)
                                             10.640965   data arrival time

                                  0.000000    0.000000   clock clk (rise edge)
                                  0.000000    0.000000   clock source latency
     1    0.027714    0.130121    0.090093    0.090093 ^ clk (in)
                                                         clk (net)
                      0.130131    0.000000    0.090093 ^ clkbuf_0_clk/A (sky130_fd_sc_hd__clkbuf_16)
     8    0.102463    0.118732    0.216823    0.306916 ^ clkbuf_0_clk/X (sky130_fd_sc_hd__clkbuf_16)
                                                         clknet_0_clk (net)
                      0.118918    0.003216    0.310133 ^ clkbuf_3_0__f_clk/A (sky130_fd_sc_hd__clkbuf_16)
     7    0.037478    0.057556    0.166929    0.477062 ^ clkbuf_3_0__f_clk/X (sky130_fd_sc_hd__clkbuf_16)
                                                         clknet_3_0__leaf_clk (net)
                      0.057580    0.001015    0.478077 ^ _604_/CLK (sky130_fd_sc_hd__dfrtp_1)
                                  0.250000    0.728077   clock uncertainty
                                  0.000000    0.728077   clock reconvergence pessimism
                                  0.320876    1.048954   library removal time
                                              1.048954   data required time
---------------------------------------------------------------------------------------------
                                              1.048954   data required time
                                            -10.640965   data arrival time
---------------------------------------------------------------------------------------------
                                              9.592011   slack (MET)


Startpoint: rst (input port clocked by clk)
Endpoint: _649_ (removal check against rising-edge clock clk)
Path Group: asynchronous
Path Type: min

Fanout         Cap        Slew       Delay        Time   Description
---------------------------------------------------------------------------------------------
                                  0.000000    0.000000   clock clk (rise edge)
                                  0.000000    0.000000   clock network delay (propagated)
                                 10.000000   10.000000 v input external delay
     1    0.003301    0.009797    0.005291   10.005291 v rst (in)
                                                         rst (net)
                      0.009797    0.000000   10.005291 v input1/A (sky130_fd_sc_hd__clkbuf_1)
     1    0.005096    0.038440    0.083467   10.088758 v input1/X (sky130_fd_sc_hd__clkbuf_1)
                                                         net1 (net)
                      0.038440    0.000223   10.088982 v wire673/A (sky130_fd_sc_hd__clkbuf_1)
     1    0.004916    0.037589    0.094528   10.183510 v wire673/X (sky130_fd_sc_hd__clkbuf_1)
                                                         net673 (net)
                      0.037589    0.000206   10.183716 v fanout672/A (sky130_fd_sc_hd__buf_4)
     8    0.055939    0.081300    0.183791   10.367506 v fanout672/X (sky130_fd_sc_hd__buf_4)
                                                         net672 (net)
                      0.082791    0.008629   10.376135 v fanout668/A (sky130_fd_sc_hd__buf_4)
    10    0.052151    0.079919    0.203907   10.580042 v fanout668/X (sky130_fd_sc_hd__buf_4)
                                                         net668 (net)
                      0.079959    0.001634   10.581676 v _575_/A (sky130_fd_sc_hd__inv_2)
     1    0.005046    0.037147    0.061563   10.643239 ^ _575_/Y (sky130_fd_sc_hd__inv_2)
                                                         _057_ (net)
                      0.037147    0.000111   10.643351 ^ _649_/RESET_B (sky130_fd_sc_hd__dfrtp_1)
                                             10.643351   data arrival time

                                  0.000000    0.000000   clock clk (rise edge)
                                  0.000000    0.000000   clock source latency
     1    0.027714    0.130121    0.090093    0.090093 ^ clk (in)
                                                         clk (net)
                      0.130131    0.000000    0.090093 ^ clkbuf_0_clk/A (sky130_fd_sc_hd__clkbuf_16)
     8    0.102463    0.118732    0.216823    0.306916 ^ clkbuf_0_clk/X (sky130_fd_sc_hd__clkbuf_16)
                                                         clknet_0_clk (net)
                      0.118906    0.003070    0.309986 ^ clkbuf_3_6__f_clk/A (sky130_fd_sc_hd__clkbuf_16)
    12    0.039391    0.059250    0.168326    0.478312 ^ clkbuf_3_6__f_clk/X (sky130_fd_sc_hd__clkbuf_16)
                                                         clknet_3_6__leaf_clk (net)
                      0.059258    0.000664    0.478977 ^ _649_/CLK (sky130_fd_sc_hd__dfrtp_1)
                                  0.250000    0.728977   clock uncertainty
                                  0.000000    0.728977   clock reconvergence pessimism
                                  0.321975    1.050952   library removal time
                                              1.050952   data required time
---------------------------------------------------------------------------------------------
                                              1.050952   data required time
                                            -10.643351   data arrival time
---------------------------------------------------------------------------------------------
                                              9.592399   slack (MET)


Startpoint: rst (input port clocked by clk)
Endpoint: _617_ (removal check against rising-edge clock clk)
Path Group: asynchronous
Path Type: min

Fanout         Cap        Slew       Delay        Time   Description
---------------------------------------------------------------------------------------------
                                  0.000000    0.000000   clock clk (rise edge)
                                  0.000000    0.000000   clock network delay (propagated)
                                 10.000000   10.000000 v input external delay
     1    0.003301    0.009797    0.005291   10.005291 v rst (in)
                                                         rst (net)
                      0.009797    0.000000   10.005291 v input1/A (sky130_fd_sc_hd__clkbuf_1)
     1    0.005096    0.038440    0.083467   10.088758 v input1/X (sky130_fd_sc_hd__clkbuf_1)
                                                         net1 (net)
                      0.038440    0.000223   10.088982 v wire673/A (sky130_fd_sc_hd__clkbuf_1)
     1    0.004916    0.037589    0.094528   10.183510 v wire673/X (sky130_fd_sc_hd__clkbuf_1)
                                                         net673 (net)
                      0.037589    0.000206   10.183716 v fanout672/A (sky130_fd_sc_hd__buf_4)
     8    0.055939    0.081300    0.183791   10.367506 v fanout672/X (sky130_fd_sc_hd__buf_4)
                                                         net672 (net)
                      0.082791    0.008629   10.376135 v fanout668/A (sky130_fd_sc_hd__buf_4)
    10    0.052151    0.079919    0.203907   10.580042 v fanout668/X (sky130_fd_sc_hd__buf_4)
                                                         net668 (net)
                      0.079944    0.001309   10.581351 v _543_/A (sky130_fd_sc_hd__inv_2)
     1    0.005445    0.038535    0.062904   10.644256 ^ _543_/Y (sky130_fd_sc_hd__inv_2)
                                                         _025_ (net)
                      0.038536    0.000136   10.644391 ^ _617_/RESET_B (sky130_fd_sc_hd__dfrtp_1)
                                             10.644391   data arrival time

                                  0.000000    0.000000   clock clk (rise edge)
                                  0.000000    0.000000   clock source latency
     1    0.027714    0.130121    0.090093    0.090093 ^ clk (in)
                                                         clk (net)
                      0.130131    0.000000    0.090093 ^ clkbuf_0_clk/A (sky130_fd_sc_hd__clkbuf_16)
     8    0.102463    0.118732    0.216823    0.306916 ^ clkbuf_0_clk/X (sky130_fd_sc_hd__clkbuf_16)
                                                         clknet_0_clk (net)
                      0.119016    0.004233    0.311149 ^ clkbuf_3_7__f_clk/A (sky130_fd_sc_hd__clkbuf_16)
     7    0.038339    0.058316    0.167587    0.478736 ^ clkbuf_3_7__f_clk/X (sky130_fd_sc_hd__clkbuf_16)
                                                         clknet_3_7__leaf_clk (net)
                      0.058335    0.000929    0.479665 ^ _617_/CLK (sky130_fd_sc_hd__dfrtp_1)
                                  0.250000    0.729665   clock uncertainty
                                  0.000000    0.729665   clock reconvergence pessimism
                                  0.322106    1.051771   library removal time
                                              1.051771   data required time
---------------------------------------------------------------------------------------------
                                              1.051771   data required time
                                            -10.644391   data arrival time
---------------------------------------------------------------------------------------------
                                              9.592620   slack (MET)


Startpoint: rst (input port clocked by clk)
Endpoint: _605_ (removal check against rising-edge clock clk)
Path Group: asynchronous
Path Type: min

Fanout         Cap        Slew       Delay        Time   Description
---------------------------------------------------------------------------------------------
                                  0.000000    0.000000   clock clk (rise edge)
                                  0.000000    0.000000   clock network delay (propagated)
                                 10.000000   10.000000 v input external delay
     1    0.003301    0.009797    0.005291   10.005291 v rst (in)
                                                         rst (net)
                      0.009797    0.000000   10.005291 v input1/A (sky130_fd_sc_hd__clkbuf_1)
     1    0.005096    0.038440    0.083467   10.088758 v input1/X (sky130_fd_sc_hd__clkbuf_1)
                                                         net1 (net)
                      0.038440    0.000223   10.088982 v wire673/A (sky130_fd_sc_hd__clkbuf_1)
     1    0.004916    0.037589    0.094528   10.183510 v wire673/X (sky130_fd_sc_hd__clkbuf_1)
                                                         net673 (net)
                      0.037589    0.000206   10.183716 v fanout672/A (sky130_fd_sc_hd__buf_4)
     8    0.055939    0.081300    0.183791   10.367506 v fanout672/X (sky130_fd_sc_hd__buf_4)
                                                         net672 (net)
                      0.082349    0.007238   10.374744 v fanout666/A (sky130_fd_sc_hd__buf_4)
    10    0.053062    0.081056    0.203949   10.578692 v fanout666/X (sky130_fd_sc_hd__buf_4)
                                                         net666 (net)
                      0.081168    0.002680   10.581372 v _531_/A (sky130_fd_sc_hd__inv_2)
     1    0.004425    0.035263    0.059904   10.641276 ^ _531_/Y (sky130_fd_sc_hd__inv_2)
                                                         _013_ (net)
                      0.035263    0.000110   10.641387 ^ _605_/RESET_B (sky130_fd_sc_hd__dfrtp_1)
                                             10.641387   data arrival time

                                  0.000000    0.000000   clock clk (rise edge)
                                  0.000000    0.000000   clock source latency
     1    0.027714    0.130121    0.090093    0.090093 ^ clk (in)
                                                         clk (net)
                      0.130131    0.000000    0.090093 ^ clkbuf_0_clk/A (sky130_fd_sc_hd__clkbuf_16)
     8    0.102463    0.118732    0.216823    0.306916 ^ clkbuf_0_clk/X (sky130_fd_sc_hd__clkbuf_16)
                                                         clknet_0_clk (net)
                      0.118903    0.003033    0.309950 ^ clkbuf_3_1__f_clk/A (sky130_fd_sc_hd__clkbuf_16)
     9    0.036629    0.056770    0.166190    0.476139 ^ clkbuf_3_1__f_clk/X (sky130_fd_sc_hd__clkbuf_16)
                                                         clknet_3_1__leaf_clk (net)
                      0.056810    0.001170    0.477309 ^ _605_/CLK (sky130_fd_sc_hd__dfrtp_1)
                                  0.250000    0.727309   clock uncertainty
                                  0.000000    0.727309   clock reconvergence pessimism
                                  0.320790    1.048099   library removal time
                                              1.048099   data required time
---------------------------------------------------------------------------------------------
                                              1.048099   data required time
                                            -10.641387   data arrival time
---------------------------------------------------------------------------------------------
                                              9.593288   slack (MET)


Startpoint: rst (input port clocked by clk)
Endpoint: _650_ (removal check against rising-edge clock clk)
Path Group: asynchronous
Path Type: min

Fanout         Cap        Slew       Delay        Time   Description
---------------------------------------------------------------------------------------------
                                  0.000000    0.000000   clock clk (rise edge)
                                  0.000000    0.000000   clock network delay (propagated)
                                 10.000000   10.000000 v input external delay
     1    0.003301    0.009797    0.005291   10.005291 v rst (in)
                                                         rst (net)
                      0.009797    0.000000   10.005291 v input1/A (sky130_fd_sc_hd__clkbuf_1)
     1    0.005096    0.038440    0.083467   10.088758 v input1/X (sky130_fd_sc_hd__clkbuf_1)
                                                         net1 (net)
                      0.038440    0.000223   10.088982 v wire673/A (sky130_fd_sc_hd__clkbuf_1)
     1    0.004916    0.037589    0.094528   10.183510 v wire673/X (sky130_fd_sc_hd__clkbuf_1)
                                                         net673 (net)
                      0.037589    0.000206   10.183716 v fanout672/A (sky130_fd_sc_hd__buf_4)
     8    0.055939    0.081300    0.183791   10.367506 v fanout672/X (sky130_fd_sc_hd__buf_4)
                                                         net672 (net)
                      0.082791    0.008629   10.376135 v fanout668/A (sky130_fd_sc_hd__buf_4)
    10    0.052151    0.079919    0.203907   10.580042 v fanout668/X (sky130_fd_sc_hd__buf_4)
                                                         net668 (net)
                      0.079959    0.001626   10.581668 v _576_/A (sky130_fd_sc_hd__inv_2)
     1    0.005522    0.038810    0.063169   10.644837 ^ _576_/Y (sky130_fd_sc_hd__inv_2)
                                                         _058_ (net)
                      0.038810    0.000141   10.644979 ^ _650_/RESET_B (sky130_fd_sc_hd__dfrtp_1)
                                             10.644979   data arrival time

                                  0.000000    0.000000   clock clk (rise edge)
                                  0.000000    0.000000   clock source latency
     1    0.027714    0.130121    0.090093    0.090093 ^ clk (in)
                                                         clk (net)
                      0.130131    0.000000    0.090093 ^ clkbuf_0_clk/A (sky130_fd_sc_hd__clkbuf_16)
     8    0.102463    0.118732    0.216823    0.306916 ^ clkbuf_0_clk/X (sky130_fd_sc_hd__clkbuf_16)
                                                         clknet_0_clk (net)
                      0.118906    0.003070    0.309986 ^ clkbuf_3_6__f_clk/A (sky130_fd_sc_hd__clkbuf_16)
    12    0.039391    0.059250    0.168326    0.478312 ^ clkbuf_3_6__f_clk/X (sky130_fd_sc_hd__clkbuf_16)
                                                         clknet_3_6__leaf_clk (net)
                      0.059259    0.000704    0.479017 ^ _650_/CLK (sky130_fd_sc_hd__dfrtp_1)
                                  0.250000    0.729017   clock uncertainty
                                  0.000000    0.729017   clock reconvergence pessimism
                                  0.322433    1.051450   library removal time
                                              1.051450   data required time
---------------------------------------------------------------------------------------------
                                              1.051450   data required time
                                            -10.644979   data arrival time
---------------------------------------------------------------------------------------------
                                              9.593529   slack (MET)


Startpoint: rst (input port clocked by clk)
Endpoint: _635_ (removal check against rising-edge clock clk)
Path Group: asynchronous
Path Type: min

Fanout         Cap        Slew       Delay        Time   Description
---------------------------------------------------------------------------------------------
                                  0.000000    0.000000   clock clk (rise edge)
                                  0.000000    0.000000   clock network delay (propagated)
                                 10.000000   10.000000 v input external delay
     1    0.003301    0.009797    0.005291   10.005291 v rst (in)
                                                         rst (net)
                      0.009797    0.000000   10.005291 v input1/A (sky130_fd_sc_hd__clkbuf_1)
     1    0.005096    0.038440    0.083467   10.088758 v input1/X (sky130_fd_sc_hd__clkbuf_1)
                                                         net1 (net)
                      0.038440    0.000223   10.088982 v wire673/A (sky130_fd_sc_hd__clkbuf_1)
     1    0.004916    0.037589    0.094528   10.183510 v wire673/X (sky130_fd_sc_hd__clkbuf_1)
                                                         net673 (net)
                      0.037589    0.000206   10.183716 v fanout672/A (sky130_fd_sc_hd__buf_4)
     8    0.055939    0.081300    0.183791   10.367506 v fanout672/X (sky130_fd_sc_hd__buf_4)
                                                         net672 (net)
                      0.081311    0.000790   10.368297 v fanout664/A (sky130_fd_sc_hd__buf_4)
    10    0.060899    0.086223    0.208892   10.577188 v fanout664/X (sky130_fd_sc_hd__buf_4)
                                                         net664 (net)
                      0.086918    0.006171   10.583360 v _561_/A (sky130_fd_sc_hd__inv_2)
     1    0.004103    0.035326    0.060585   10.643945 ^ _561_/Y (sky130_fd_sc_hd__inv_2)
                                                         _043_ (net)
                      0.035326    0.000090   10.644034 ^ _635_/RESET_B (sky130_fd_sc_hd__dfrtp_1)
                                             10.644034   data arrival time

                                  0.000000    0.000000   clock clk (rise edge)
                                  0.000000    0.000000   clock source latency
     1    0.027714    0.130121    0.090093    0.090093 ^ clk (in)
                                                         clk (net)
                      0.130131    0.000000    0.090093 ^ clkbuf_0_clk/A (sky130_fd_sc_hd__clkbuf_16)
     8    0.102463    0.118732    0.216823    0.306916 ^ clkbuf_0_clk/X (sky130_fd_sc_hd__clkbuf_16)
                                                         clknet_0_clk (net)
                      0.118948    0.003559    0.310475 ^ clkbuf_3_3__f_clk/A (sky130_fd_sc_hd__clkbuf_16)
    10    0.038054    0.058041    0.167274    0.477750 ^ clkbuf_3_3__f_clk/X (sky130_fd_sc_hd__clkbuf_16)
                                                         clknet_3_3__leaf_clk (net)
                      0.058087    0.001384    0.479134 ^ _635_/CLK (sky130_fd_sc_hd__dfrtp_1)
                                  0.250000    0.729134   clock uncertainty
                                  0.000000    0.729134   clock reconvergence pessimism
                                  0.321155    1.050289   library removal time
                                              1.050289   data required time
---------------------------------------------------------------------------------------------
                                              1.050289   data required time
                                            -10.644034   data arrival time
---------------------------------------------------------------------------------------------
                                              9.593744   slack (MET)


Startpoint: rst (input port clocked by clk)
Endpoint: _602_ (removal check against rising-edge clock clk)
Path Group: asynchronous
Path Type: min

Fanout         Cap        Slew       Delay        Time   Description
---------------------------------------------------------------------------------------------
                                  0.000000    0.000000   clock clk (rise edge)
                                  0.000000    0.000000   clock network delay (propagated)
                                 10.000000   10.000000 v input external delay
     1    0.003301    0.009797    0.005291   10.005291 v rst (in)
                                                         rst (net)
                      0.009797    0.000000   10.005291 v input1/A (sky130_fd_sc_hd__clkbuf_1)
     1    0.005096    0.038440    0.083467   10.088758 v input1/X (sky130_fd_sc_hd__clkbuf_1)
                                                         net1 (net)
                      0.038440    0.000223   10.088982 v wire673/A (sky130_fd_sc_hd__clkbuf_1)
     1    0.004916    0.037589    0.094528   10.183510 v wire673/X (sky130_fd_sc_hd__clkbuf_1)
                                                         net673 (net)
                      0.037589    0.000206   10.183716 v fanout672/A (sky130_fd_sc_hd__buf_4)
     8    0.055939    0.081300    0.183791   10.367506 v fanout672/X (sky130_fd_sc_hd__buf_4)
                                                         net672 (net)
                      0.082349    0.007238   10.374744 v fanout666/A (sky130_fd_sc_hd__buf_4)
    10    0.053062    0.081056    0.203949   10.578692 v fanout666/X (sky130_fd_sc_hd__buf_4)
                                                         net666 (net)
                      0.081182    0.002825   10.581518 v _528_/A (sky130_fd_sc_hd__inv_2)
     1    0.004959    0.037105    0.061731   10.643250 ^ _528_/Y (sky130_fd_sc_hd__inv_2)
                                                         _010_ (net)
                      0.037105    0.000105   10.643354 ^ _602_/RESET_B (sky130_fd_sc_hd__dfrtp_1)
                                             10.643354   data arrival time

                                  0.000000    0.000000   clock clk (rise edge)
                                  0.000000    0.000000   clock source latency
     1    0.027714    0.130121    0.090093    0.090093 ^ clk (in)
                                                         clk (net)
                      0.130131    0.000000    0.090093 ^ clkbuf_0_clk/A (sky130_fd_sc_hd__clkbuf_16)
     8    0.102463    0.118732    0.216823    0.306916 ^ clkbuf_0_clk/X (sky130_fd_sc_hd__clkbuf_16)
                                                         clknet_0_clk (net)
                      0.118918    0.003216    0.310133 ^ clkbuf_3_0__f_clk/A (sky130_fd_sc_hd__clkbuf_16)
     7    0.037478    0.057556    0.166929    0.477062 ^ clkbuf_3_0__f_clk/X (sky130_fd_sc_hd__clkbuf_16)
                                                         clknet_3_0__leaf_clk (net)
                      0.057581    0.001021    0.478083 ^ _602_/CLK (sky130_fd_sc_hd__dfrtp_1)
                                  0.250000    0.728083   clock uncertainty
                                  0.000000    0.728083   clock reconvergence pessimism
                                  0.321506    1.049589   library removal time
                                              1.049589   data required time
---------------------------------------------------------------------------------------------
                                              1.049589   data required time
                                            -10.643354   data arrival time
---------------------------------------------------------------------------------------------
                                              9.593764   slack (MET)


Startpoint: rst (input port clocked by clk)
Endpoint: _601_ (removal check against rising-edge clock clk)
Path Group: asynchronous
Path Type: min

Fanout         Cap        Slew       Delay        Time   Description
---------------------------------------------------------------------------------------------
                                  0.000000    0.000000   clock clk (rise edge)
                                  0.000000    0.000000   clock network delay (propagated)
                                 10.000000   10.000000 v input external delay
     1    0.003301    0.009797    0.005291   10.005291 v rst (in)
                                                         rst (net)
                      0.009797    0.000000   10.005291 v input1/A (sky130_fd_sc_hd__clkbuf_1)
     1    0.005096    0.038440    0.083467   10.088758 v input1/X (sky130_fd_sc_hd__clkbuf_1)
                                                         net1 (net)
                      0.038440    0.000223   10.088982 v wire673/A (sky130_fd_sc_hd__clkbuf_1)
     1    0.004916    0.037589    0.094528   10.183510 v wire673/X (sky130_fd_sc_hd__clkbuf_1)
                                                         net673 (net)
                      0.037589    0.000206   10.183716 v fanout672/A (sky130_fd_sc_hd__buf_4)
     8    0.055939    0.081300    0.183791   10.367506 v fanout672/X (sky130_fd_sc_hd__buf_4)
                                                         net672 (net)
                      0.081311    0.000790   10.368297 v fanout664/A (sky130_fd_sc_hd__buf_4)
    10    0.060899    0.086223    0.208892   10.577188 v fanout664/X (sky130_fd_sc_hd__buf_4)
                                                         net664 (net)
                      0.086899    0.006088   10.583276 v _527_/A (sky130_fd_sc_hd__inv_2)
     1    0.004166    0.035564    0.060879   10.644156 ^ _527_/Y (sky130_fd_sc_hd__inv_2)
                                                         _009_ (net)
                      0.035564    0.000094   10.644249 ^ _601_/RESET_B (sky130_fd_sc_hd__dfrtp_1)
                                             10.644249   data arrival time

                                  0.000000    0.000000   clock clk (rise edge)
                                  0.000000    0.000000   clock source latency
     1    0.027714    0.130121    0.090093    0.090093 ^ clk (in)
                                                         clk (net)
                      0.130131    0.000000    0.090093 ^ clkbuf_0_clk/A (sky130_fd_sc_hd__clkbuf_16)
     8    0.102463    0.118732    0.216823    0.306916 ^ clkbuf_0_clk/X (sky130_fd_sc_hd__clkbuf_16)
                                                         clknet_0_clk (net)
                      0.118948    0.003559    0.310475 ^ clkbuf_3_3__f_clk/A (sky130_fd_sc_hd__clkbuf_16)
    10    0.038054    0.058041    0.167274    0.477750 ^ clkbuf_3_3__f_clk/X (sky130_fd_sc_hd__clkbuf_16)
                                                         clknet_3_3__leaf_clk (net)
                      0.058071    0.001133    0.478883 ^ _601_/CLK (sky130_fd_sc_hd__dfrtp_1)
                                  0.250000    0.728883   clock uncertainty
                                  0.000000    0.728883   clock reconvergence pessimism
                                  0.321216    1.050099   library removal time
                                              1.050099   data required time
---------------------------------------------------------------------------------------------
                                              1.050099   data required time
                                            -10.644249   data arrival time
---------------------------------------------------------------------------------------------
                                              9.594151   slack (MET)


Startpoint: rst (input port clocked by clk)
Endpoint: _652_ (removal check against rising-edge clock clk)
Path Group: asynchronous
Path Type: min

Fanout         Cap        Slew       Delay        Time   Description
---------------------------------------------------------------------------------------------
                                  0.000000    0.000000   clock clk (rise edge)
                                  0.000000    0.000000   clock network delay (propagated)
                                 10.000000   10.000000 v input external delay
     1    0.003301    0.009797    0.005291   10.005291 v rst (in)
                                                         rst (net)
                      0.009797    0.000000   10.005291 v input1/A (sky130_fd_sc_hd__clkbuf_1)
     1    0.005096    0.038440    0.083467   10.088758 v input1/X (sky130_fd_sc_hd__clkbuf_1)
                                                         net1 (net)
                      0.038440    0.000223   10.088982 v wire673/A (sky130_fd_sc_hd__clkbuf_1)
     1    0.004916    0.037589    0.094528   10.183510 v wire673/X (sky130_fd_sc_hd__clkbuf_1)
                                                         net673 (net)
                      0.037589    0.000206   10.183716 v fanout672/A (sky130_fd_sc_hd__buf_4)
     8    0.055939    0.081300    0.183791   10.367506 v fanout672/X (sky130_fd_sc_hd__buf_4)
                                                         net672 (net)
                      0.082791    0.008629   10.376135 v fanout668/A (sky130_fd_sc_hd__buf_4)
    10    0.052151    0.079919    0.203907   10.580042 v fanout668/X (sky130_fd_sc_hd__buf_4)
                                                         net668 (net)
                      0.079959    0.001621   10.581663 v _578_/A (sky130_fd_sc_hd__inv_2)
     1    0.005851    0.039980    0.064276   10.645939 ^ _578_/Y (sky130_fd_sc_hd__inv_2)
                                                         _060_ (net)
                      0.039980    0.000163   10.646102 ^ _652_/RESET_B (sky130_fd_sc_hd__dfrtp_1)
                                             10.646102   data arrival time

                                  0.000000    0.000000   clock clk (rise edge)
                                  0.000000    0.000000   clock source latency
     1    0.027714    0.130121    0.090093    0.090093 ^ clk (in)
                                                         clk (net)
                      0.130131    0.000000    0.090093 ^ clkbuf_0_clk/A (sky130_fd_sc_hd__clkbuf_16)
     8    0.102463    0.118732    0.216823    0.306916 ^ clkbuf_0_clk/X (sky130_fd_sc_hd__clkbuf_16)
                                                         clknet_0_clk (net)
                      0.119016    0.004233    0.311149 ^ clkbuf_3_7__f_clk/A (sky130_fd_sc_hd__clkbuf_16)
     7    0.038339    0.058316    0.167587    0.478736 ^ clkbuf_3_7__f_clk/X (sky130_fd_sc_hd__clkbuf_16)
                                                         clknet_3_7__leaf_clk (net)
                      0.058325    0.000701    0.479437 ^ _652_/CLK (sky130_fd_sc_hd__dfrtp_1)
                                  0.250000    0.729437   clock uncertainty
                                  0.000000    0.729437   clock reconvergence pessimism
                                  0.322500    1.051937   library removal time
                                              1.051937   data required time
---------------------------------------------------------------------------------------------
                                              1.051937   data required time
                                            -10.646102   data arrival time
---------------------------------------------------------------------------------------------
                                              9.594165   slack (MET)


Startpoint: rst (input port clocked by clk)
Endpoint: _606_ (removal check against rising-edge clock clk)
Path Group: asynchronous
Path Type: min

Fanout         Cap        Slew       Delay        Time   Description
---------------------------------------------------------------------------------------------
                                  0.000000    0.000000   clock clk (rise edge)
                                  0.000000    0.000000   clock network delay (propagated)
                                 10.000000   10.000000 v input external delay
     1    0.003301    0.009797    0.005291   10.005291 v rst (in)
                                                         rst (net)
                      0.009797    0.000000   10.005291 v input1/A (sky130_fd_sc_hd__clkbuf_1)
     1    0.005096    0.038440    0.083467   10.088758 v input1/X (sky130_fd_sc_hd__clkbuf_1)
                                                         net1 (net)
                      0.038440    0.000223   10.088982 v wire673/A (sky130_fd_sc_hd__clkbuf_1)
     1    0.004916    0.037589    0.094528   10.183510 v wire673/X (sky130_fd_sc_hd__clkbuf_1)
                                                         net673 (net)
                      0.037589    0.000206   10.183716 v fanout672/A (sky130_fd_sc_hd__buf_4)
     8    0.055939    0.081300    0.183791   10.367506 v fanout672/X (sky130_fd_sc_hd__buf_4)
                                                         net672 (net)
                      0.082349    0.007238   10.374744 v fanout666/A (sky130_fd_sc_hd__buf_4)
    10    0.053062    0.081056    0.203949   10.578692 v fanout666/X (sky130_fd_sc_hd__buf_4)
                                                         net666 (net)
                      0.081143    0.002385   10.581078 v _532_/A (sky130_fd_sc_hd__inv_2)
     1    0.004905    0.036909    0.061520   10.642597 ^ _532_/Y (sky130_fd_sc_hd__inv_2)
                                                         _014_ (net)
                      0.036909    0.000142   10.642739 ^ _606_/RESET_B (sky130_fd_sc_hd__dfrtp_1)
                                             10.642739   data arrival time

                                  0.000000    0.000000   clock clk (rise edge)
                                  0.000000    0.000000   clock source latency
     1    0.027714    0.130121    0.090093    0.090093 ^ clk (in)
                                                         clk (net)
                      0.130131    0.000000    0.090093 ^ clkbuf_0_clk/A (sky130_fd_sc_hd__clkbuf_16)
     8    0.102463    0.118732    0.216823    0.306916 ^ clkbuf_0_clk/X (sky130_fd_sc_hd__clkbuf_16)
                                                         clknet_0_clk (net)
                      0.118903    0.003033    0.309950 ^ clkbuf_3_1__f_clk/A (sky130_fd_sc_hd__clkbuf_16)
     9    0.036629    0.056770    0.166190    0.476139 ^ clkbuf_3_1__f_clk/X (sky130_fd_sc_hd__clkbuf_16)
                                                         clknet_3_1__leaf_clk (net)
                      0.056810    0.001168    0.477308 ^ _606_/CLK (sky130_fd_sc_hd__dfrtp_1)
                                  0.250000    0.727308   clock uncertainty
                                  0.000000    0.727308   clock reconvergence pessimism
                                  0.321242    1.048550   library removal time
                                              1.048550   data required time
---------------------------------------------------------------------------------------------
                                              1.048550   data required time
                                            -10.642739   data arrival time
---------------------------------------------------------------------------------------------
                                              9.594190   slack (MET)


Startpoint: rst (input port clocked by clk)
Endpoint: _607_ (removal check against rising-edge clock clk)
Path Group: asynchronous
Path Type: min

Fanout         Cap        Slew       Delay        Time   Description
---------------------------------------------------------------------------------------------
                                  0.000000    0.000000   clock clk (rise edge)
                                  0.000000    0.000000   clock network delay (propagated)
                                 10.000000   10.000000 v input external delay
     1    0.003301    0.009797    0.005291   10.005291 v rst (in)
                                                         rst (net)
                      0.009797    0.000000   10.005291 v input1/A (sky130_fd_sc_hd__clkbuf_1)
     1    0.005096    0.038440    0.083467   10.088758 v input1/X (sky130_fd_sc_hd__clkbuf_1)
                                                         net1 (net)
                      0.038440    0.000223   10.088982 v wire673/A (sky130_fd_sc_hd__clkbuf_1)
     1    0.004916    0.037589    0.094528   10.183510 v wire673/X (sky130_fd_sc_hd__clkbuf_1)
                                                         net673 (net)
                      0.037589    0.000206   10.183716 v fanout672/A (sky130_fd_sc_hd__buf_4)
     8    0.055939    0.081300    0.183791   10.367506 v fanout672/X (sky130_fd_sc_hd__buf_4)
                                                         net672 (net)
                      0.082349    0.007238   10.374744 v fanout666/A (sky130_fd_sc_hd__buf_4)
    10    0.053062    0.081056    0.203949   10.578692 v fanout666/X (sky130_fd_sc_hd__buf_4)
                                                         net666 (net)
                      0.081180    0.002808   10.581500 v _533_/A (sky130_fd_sc_hd__inv_2)
     1    0.004732    0.036325    0.060962   10.642463 ^ _533_/Y (sky130_fd_sc_hd__inv_2)
                                                         _015_ (net)
                      0.036325    0.000091   10.642553 ^ _607_/RESET_B (sky130_fd_sc_hd__dfrtp_1)
                                             10.642553   data arrival time

                                  0.000000    0.000000   clock clk (rise edge)
                                  0.000000    0.000000   clock source latency
     1    0.027714    0.130121    0.090093    0.090093 ^ clk (in)
                                                         clk (net)
                      0.130131    0.000000    0.090093 ^ clkbuf_0_clk/A (sky130_fd_sc_hd__clkbuf_16)
     8    0.102463    0.118732    0.216823    0.306916 ^ clkbuf_0_clk/X (sky130_fd_sc_hd__clkbuf_16)
                                                         clknet_0_clk (net)
                      0.118903    0.003033    0.309950 ^ clkbuf_3_1__f_clk/A (sky130_fd_sc_hd__clkbuf_16)
     9    0.036629    0.056770    0.166190    0.476139 ^ clkbuf_3_1__f_clk/X (sky130_fd_sc_hd__clkbuf_16)
                                                         clknet_3_1__leaf_clk (net)
                      0.056808    0.001131    0.477271 ^ _607_/CLK (sky130_fd_sc_hd__dfrtp_1)
                                  0.250000    0.727271   clock uncertainty
                                  0.000000    0.727271   clock reconvergence pessimism
                                  0.321081    1.048352   library removal time
                                              1.048352   data required time
---------------------------------------------------------------------------------------------
                                              1.048352   data required time
                                            -10.642553   data arrival time
---------------------------------------------------------------------------------------------
                                              9.594202   slack (MET)


Startpoint: rst (input port clocked by clk)
Endpoint: _608_ (removal check against rising-edge clock clk)
Path Group: asynchronous
Path Type: min

Fanout         Cap        Slew       Delay        Time   Description
---------------------------------------------------------------------------------------------
                                  0.000000    0.000000   clock clk (rise edge)
                                  0.000000    0.000000   clock network delay (propagated)
                                 10.000000   10.000000 v input external delay
     1    0.003301    0.009797    0.005291   10.005291 v rst (in)
                                                         rst (net)
                      0.009797    0.000000   10.005291 v input1/A (sky130_fd_sc_hd__clkbuf_1)
     1    0.005096    0.038440    0.083467   10.088758 v input1/X (sky130_fd_sc_hd__clkbuf_1)
                                                         net1 (net)
                      0.038440    0.000223   10.088982 v wire673/A (sky130_fd_sc_hd__clkbuf_1)
     1    0.004916    0.037589    0.094528   10.183510 v wire673/X (sky130_fd_sc_hd__clkbuf_1)
                                                         net673 (net)
                      0.037589    0.000206   10.183716 v fanout672/A (sky130_fd_sc_hd__buf_4)
     8    0.055939    0.081300    0.183791   10.367506 v fanout672/X (sky130_fd_sc_hd__buf_4)
                                                         net672 (net)
                      0.082349    0.007238   10.374744 v fanout666/A (sky130_fd_sc_hd__buf_4)
    10    0.053062    0.081056    0.203949   10.578692 v fanout666/X (sky130_fd_sc_hd__buf_4)
                                                         net666 (net)
                      0.081183    0.002841   10.581534 v _534_/A (sky130_fd_sc_hd__inv_2)
     1    0.004736    0.036337    0.060975   10.642509 ^ _534_/Y (sky130_fd_sc_hd__inv_2)
                                                         _016_ (net)
                      0.036337    0.000091   10.642600 ^ _608_/RESET_B (sky130_fd_sc_hd__dfrtp_1)
                                             10.642600   data arrival time

                                  0.000000    0.000000   clock clk (rise edge)
                                  0.000000    0.000000   clock source latency
     1    0.027714    0.130121    0.090093    0.090093 ^ clk (in)
                                                         clk (net)
                      0.130131    0.000000    0.090093 ^ clkbuf_0_clk/A (sky130_fd_sc_hd__clkbuf_16)
     8    0.102463    0.118732    0.216823    0.306916 ^ clkbuf_0_clk/X (sky130_fd_sc_hd__clkbuf_16)
                                                         clknet_0_clk (net)
                      0.118903    0.003033    0.309950 ^ clkbuf_3_1__f_clk/A (sky130_fd_sc_hd__clkbuf_16)
     9    0.036629    0.056770    0.166190    0.476139 ^ clkbuf_3_1__f_clk/X (sky130_fd_sc_hd__clkbuf_16)
                                                         clknet_3_1__leaf_clk (net)
                      0.056805    0.001081    0.477220 ^ _608_/CLK (sky130_fd_sc_hd__dfrtp_1)
                                  0.250000    0.727220   clock uncertainty
                                  0.000000    0.727220   clock reconvergence pessimism
                                  0.321084    1.048304   library removal time
                                              1.048304   data required time
---------------------------------------------------------------------------------------------
                                              1.048304   data required time
                                            -10.642600   data arrival time
---------------------------------------------------------------------------------------------
                                              9.594296   slack (MET)


Startpoint: rst (input port clocked by clk)
Endpoint: _642_ (removal check against rising-edge clock clk)
Path Group: asynchronous
Path Type: min

Fanout         Cap        Slew       Delay        Time   Description
---------------------------------------------------------------------------------------------
                                  0.000000    0.000000   clock clk (rise edge)
                                  0.000000    0.000000   clock network delay (propagated)
                                 10.000000   10.000000 v input external delay
     1    0.003301    0.009797    0.005291   10.005291 v rst (in)
                                                         rst (net)
                      0.009797    0.000000   10.005291 v input1/A (sky130_fd_sc_hd__clkbuf_1)
     1    0.005096    0.038440    0.083467   10.088758 v input1/X (sky130_fd_sc_hd__clkbuf_1)
                                                         net1 (net)
                      0.038440    0.000223   10.088982 v wire673/A (sky130_fd_sc_hd__clkbuf_1)
     1    0.004916    0.037589    0.094528   10.183510 v wire673/X (sky130_fd_sc_hd__clkbuf_1)
                                                         net673 (net)
                      0.037589    0.000206   10.183716 v fanout672/A (sky130_fd_sc_hd__buf_4)
     8    0.055939    0.081300    0.183791   10.367506 v fanout672/X (sky130_fd_sc_hd__buf_4)
                                                         net672 (net)
                      0.082349    0.007238   10.374744 v fanout666/A (sky130_fd_sc_hd__buf_4)
    10    0.053062    0.081056    0.203949   10.578692 v fanout666/X (sky130_fd_sc_hd__buf_4)
                                                         net666 (net)
                      0.081088    0.001537   10.580230 v _568_/A (sky130_fd_sc_hd__inv_2)
     1    0.005645    0.039471    0.064006   10.644235 ^ _568_/Y (sky130_fd_sc_hd__inv_2)
                                                         _050_ (net)
                      0.039472    0.000187   10.644423 ^ _642_/RESET_B (sky130_fd_sc_hd__dfrtp_1)
                                             10.644423   data arrival time

                                  0.000000    0.000000   clock clk (rise edge)
                                  0.000000    0.000000   clock source latency
     1    0.027714    0.130121    0.090093    0.090093 ^ clk (in)
                                                         clk (net)
                      0.130131    0.000000    0.090093 ^ clkbuf_0_clk/A (sky130_fd_sc_hd__clkbuf_16)
     8    0.102463    0.118732    0.216823    0.306916 ^ clkbuf_0_clk/X (sky130_fd_sc_hd__clkbuf_16)
                                                         clknet_0_clk (net)
                      0.118918    0.003216    0.310133 ^ clkbuf_3_0__f_clk/A (sky130_fd_sc_hd__clkbuf_16)
     7    0.037478    0.057556    0.166929    0.477062 ^ clkbuf_3_0__f_clk/X (sky130_fd_sc_hd__clkbuf_16)
                                                         clknet_3_0__leaf_clk (net)
                      0.057565    0.000698    0.477760 ^ _642_/CLK (sky130_fd_sc_hd__dfrtp_1)
                                  0.250000    0.727760   clock uncertainty
                                  0.000000    0.727760   clock reconvergence pessimism
                                  0.322153    1.049914   library removal time
                                              1.049914   data required time
---------------------------------------------------------------------------------------------
                                              1.049914   data required time
                                            -10.644423   data arrival time
---------------------------------------------------------------------------------------------
                                              9.594508   slack (MET)


Startpoint: rst (input port clocked by clk)
Endpoint: _636_ (removal check against rising-edge clock clk)
Path Group: asynchronous
Path Type: min

Fanout         Cap        Slew       Delay        Time   Description
---------------------------------------------------------------------------------------------
                                  0.000000    0.000000   clock clk (rise edge)
                                  0.000000    0.000000   clock network delay (propagated)
                                 10.000000   10.000000 v input external delay
     1    0.003301    0.009797    0.005291   10.005291 v rst (in)
                                                         rst (net)
                      0.009797    0.000000   10.005291 v input1/A (sky130_fd_sc_hd__clkbuf_1)
     1    0.005096    0.038440    0.083467   10.088758 v input1/X (sky130_fd_sc_hd__clkbuf_1)
                                                         net1 (net)
                      0.038440    0.000223   10.088982 v wire673/A (sky130_fd_sc_hd__clkbuf_1)
     1    0.004916    0.037589    0.094528   10.183510 v wire673/X (sky130_fd_sc_hd__clkbuf_1)
                                                         net673 (net)
                      0.037589    0.000206   10.183716 v fanout672/A (sky130_fd_sc_hd__buf_4)
     8    0.055939    0.081300    0.183791   10.367506 v fanout672/X (sky130_fd_sc_hd__buf_4)
                                                         net672 (net)
                      0.081311    0.000790   10.368297 v fanout664/A (sky130_fd_sc_hd__buf_4)
    10    0.060899    0.086223    0.208892   10.577188 v fanout664/X (sky130_fd_sc_hd__buf_4)
                                                         net664 (net)
                      0.086991    0.006479   10.583668 v _562_/A (sky130_fd_sc_hd__inv_2)
     1    0.004581    0.037072    0.062609   10.646276 ^ _562_/Y (sky130_fd_sc_hd__inv_2)
                                                         _044_ (net)
                      0.037072    0.000123   10.646399 ^ _636_/RESET_B (sky130_fd_sc_hd__dfrtp_1)
                                             10.646399   data arrival time

                                  0.000000    0.000000   clock clk (rise edge)
                                  0.000000    0.000000   clock source latency
     1    0.027714    0.130121    0.090093    0.090093 ^ clk (in)
                                                         clk (net)
                      0.130131    0.000000    0.090093 ^ clkbuf_0_clk/A (sky130_fd_sc_hd__clkbuf_16)
     8    0.102463    0.118732    0.216823    0.306916 ^ clkbuf_0_clk/X (sky130_fd_sc_hd__clkbuf_16)
                                                         clknet_0_clk (net)
                      0.118948    0.003559    0.310475 ^ clkbuf_3_3__f_clk/A (sky130_fd_sc_hd__clkbuf_16)
    10    0.038054    0.058041    0.167274    0.477750 ^ clkbuf_3_3__f_clk/X (sky130_fd_sc_hd__clkbuf_16)
                                                         clknet_3_3__leaf_clk (net)
                      0.058088    0.001389    0.479139 ^ _636_/CLK (sky130_fd_sc_hd__dfrtp_1)
                                  0.250000    0.729139   clock uncertainty
                                  0.000000    0.729139   clock reconvergence pessimism
                                  0.321636    1.050775   library removal time
                                              1.050775   data required time
---------------------------------------------------------------------------------------------
                                              1.050775   data required time
                                            -10.646399   data arrival time
---------------------------------------------------------------------------------------------
                                              9.595625   slack (MET)


Startpoint: rst (input port clocked by clk)
Endpoint: _643_ (removal check against rising-edge clock clk)
Path Group: asynchronous
Path Type: min

Fanout         Cap        Slew       Delay        Time   Description
---------------------------------------------------------------------------------------------
                                  0.000000    0.000000   clock clk (rise edge)
                                  0.000000    0.000000   clock network delay (propagated)
                                 10.000000   10.000000 v input external delay
     1    0.003301    0.009797    0.005291   10.005291 v rst (in)
                                                         rst (net)
                      0.009797    0.000000   10.005291 v input1/A (sky130_fd_sc_hd__clkbuf_1)
     1    0.005096    0.038440    0.083467   10.088758 v input1/X (sky130_fd_sc_hd__clkbuf_1)
                                                         net1 (net)
                      0.038440    0.000223   10.088982 v wire673/A (sky130_fd_sc_hd__clkbuf_1)
     1    0.004916    0.037589    0.094528   10.183510 v wire673/X (sky130_fd_sc_hd__clkbuf_1)
                                                         net673 (net)
                      0.037589    0.000206   10.183716 v fanout672/A (sky130_fd_sc_hd__buf_4)
     8    0.055939    0.081300    0.183791   10.367506 v fanout672/X (sky130_fd_sc_hd__buf_4)
                                                         net672 (net)
                      0.082349    0.007238   10.374744 v fanout666/A (sky130_fd_sc_hd__buf_4)
    10    0.053062    0.081056    0.203949   10.578692 v fanout666/X (sky130_fd_sc_hd__buf_4)
                                                         net666 (net)
                      0.081088    0.001530   10.580223 v _569_/A (sky130_fd_sc_hd__inv_2)
     1    0.006265    0.041688    0.066097   10.646320 ^ _569_/Y (sky130_fd_sc_hd__inv_2)
                                                         _051_ (net)
                      0.041689    0.000234   10.646555 ^ _643_/RESET_B (sky130_fd_sc_hd__dfrtp_1)
                                             10.646555   data arrival time

                                  0.000000    0.000000   clock clk (rise edge)
                                  0.000000    0.000000   clock source latency
     1    0.027714    0.130121    0.090093    0.090093 ^ clk (in)
                                                         clk (net)
                      0.130131    0.000000    0.090093 ^ clkbuf_0_clk/A (sky130_fd_sc_hd__clkbuf_16)
     8    0.102463    0.118732    0.216823    0.306916 ^ clkbuf_0_clk/X (sky130_fd_sc_hd__clkbuf_16)
                                                         clknet_0_clk (net)
                      0.118918    0.003216    0.310133 ^ clkbuf_3_0__f_clk/A (sky130_fd_sc_hd__clkbuf_16)
     7    0.037478    0.057556    0.166929    0.477062 ^ clkbuf_3_0__f_clk/X (sky130_fd_sc_hd__clkbuf_16)
                                                         clknet_3_0__leaf_clk (net)
                      0.057566    0.000718    0.477780 ^ _643_/CLK (sky130_fd_sc_hd__dfrtp_1)
                                  0.250000    0.727780   clock uncertainty
                                  0.000000    0.727780   clock reconvergence pessimism
                                  0.322763    1.050543   library removal time
                                              1.050543   data required time
---------------------------------------------------------------------------------------------
                                              1.050543   data required time
                                            -10.646555   data arrival time
---------------------------------------------------------------------------------------------
                                              9.596011   slack (MET)


Startpoint: rst (input port clocked by clk)
Endpoint: _638_ (removal check against rising-edge clock clk)
Path Group: asynchronous
Path Type: min

Fanout         Cap        Slew       Delay        Time   Description
---------------------------------------------------------------------------------------------
                                  0.000000    0.000000   clock clk (rise edge)
                                  0.000000    0.000000   clock network delay (propagated)
                                 10.000000   10.000000 v input external delay
     1    0.003301    0.009797    0.005291   10.005291 v rst (in)
                                                         rst (net)
                      0.009797    0.000000   10.005291 v input1/A (sky130_fd_sc_hd__clkbuf_1)
     1    0.005096    0.038440    0.083467   10.088758 v input1/X (sky130_fd_sc_hd__clkbuf_1)
                                                         net1 (net)
                      0.038440    0.000223   10.088982 v wire673/A (sky130_fd_sc_hd__clkbuf_1)
     1    0.004916    0.037589    0.094528   10.183510 v wire673/X (sky130_fd_sc_hd__clkbuf_1)
                                                         net673 (net)
                      0.037589    0.000206   10.183716 v fanout672/A (sky130_fd_sc_hd__buf_4)
     8    0.055939    0.081300    0.183791   10.367506 v fanout672/X (sky130_fd_sc_hd__buf_4)
                                                         net672 (net)
                      0.081311    0.000790   10.368297 v fanout664/A (sky130_fd_sc_hd__buf_4)
    10    0.060899    0.086223    0.208892   10.577188 v fanout664/X (sky130_fd_sc_hd__buf_4)
                                                         net664 (net)
                      0.087040    0.006678   10.583866 v _564_/A (sky130_fd_sc_hd__inv_2)
     1    0.004564    0.037026    0.062581   10.646447 ^ _564_/Y (sky130_fd_sc_hd__inv_2)
                                                         _046_ (net)
                      0.037026    0.000082   10.646529 ^ _638_/RESET_B (sky130_fd_sc_hd__dfrtp_1)
                                             10.646529   data arrival time

                                  0.000000    0.000000   clock clk (rise edge)
                                  0.000000    0.000000   clock source latency
     1    0.027714    0.130121    0.090093    0.090093 ^ clk (in)
                                                         clk (net)
                      0.130131    0.000000    0.090093 ^ clkbuf_0_clk/A (sky130_fd_sc_hd__clkbuf_16)
     8    0.102463    0.118732    0.216823    0.306916 ^ clkbuf_0_clk/X (sky130_fd_sc_hd__clkbuf_16)
                                                         clknet_0_clk (net)
                      0.118948    0.003559    0.310475 ^ clkbuf_3_3__f_clk/A (sky130_fd_sc_hd__clkbuf_16)
    10    0.038054    0.058041    0.167274    0.477750 ^ clkbuf_3_3__f_clk/X (sky130_fd_sc_hd__clkbuf_16)
                                                         clknet_3_3__leaf_clk (net)
                      0.058058    0.000915    0.478665 ^ _638_/CLK (sky130_fd_sc_hd__dfrtp_1)
                                  0.250000    0.728665   clock uncertainty
                                  0.000000    0.728665   clock reconvergence pessimism
                                  0.321615    1.050280   library removal time
                                              1.050280   data required time
---------------------------------------------------------------------------------------------
                                              1.050280   data required time
                                            -10.646529   data arrival time
---------------------------------------------------------------------------------------------
                                              9.596250   slack (MET)


Startpoint: rst (input port clocked by clk)
Endpoint: _600_ (removal check against rising-edge clock clk)
Path Group: asynchronous
Path Type: min

Fanout         Cap        Slew       Delay        Time   Description
---------------------------------------------------------------------------------------------
                                  0.000000    0.000000   clock clk (rise edge)
                                  0.000000    0.000000   clock network delay (propagated)
                                 10.000000   10.000000 v input external delay
     1    0.003301    0.009797    0.005291   10.005291 v rst (in)
                                                         rst (net)
                      0.009797    0.000000   10.005291 v input1/A (sky130_fd_sc_hd__clkbuf_1)
     1    0.005096    0.038440    0.083467   10.088758 v input1/X (sky130_fd_sc_hd__clkbuf_1)
                                                         net1 (net)
                      0.038440    0.000223   10.088982 v wire673/A (sky130_fd_sc_hd__clkbuf_1)
     1    0.004916    0.037589    0.094528   10.183510 v wire673/X (sky130_fd_sc_hd__clkbuf_1)
                                                         net673 (net)
                      0.037589    0.000206   10.183716 v fanout672/A (sky130_fd_sc_hd__buf_4)
     8    0.055939    0.081300    0.183791   10.367506 v fanout672/X (sky130_fd_sc_hd__buf_4)
                                                         net672 (net)
                      0.081311    0.000790   10.368297 v fanout664/A (sky130_fd_sc_hd__buf_4)
    10    0.060899    0.086223    0.208892   10.577188 v fanout664/X (sky130_fd_sc_hd__buf_4)
                                                         net664 (net)
                      0.086851    0.005874   10.583063 v _526_/A (sky130_fd_sc_hd__inv_2)
     1    0.005149    0.038945    0.064513   10.647575 ^ _526_/Y (sky130_fd_sc_hd__inv_2)
                                                         _008_ (net)
                      0.038945    0.000156   10.647732 ^ _600_/RESET_B (sky130_fd_sc_hd__dfrtp_1)
                                             10.647732   data arrival time

                                  0.000000    0.000000   clock clk (rise edge)
                                  0.000000    0.000000   clock source latency
     1    0.027714    0.130121    0.090093    0.090093 ^ clk (in)
                                                         clk (net)
                      0.130131    0.000000    0.090093 ^ clkbuf_0_clk/A (sky130_fd_sc_hd__clkbuf_16)
     8    0.102463    0.118732    0.216823    0.306916 ^ clkbuf_0_clk/X (sky130_fd_sc_hd__clkbuf_16)
                                                         clknet_0_clk (net)
                      0.118948    0.003559    0.310475 ^ clkbuf_3_3__f_clk/A (sky130_fd_sc_hd__clkbuf_16)
    10    0.038054    0.058041    0.167274    0.477750 ^ clkbuf_3_3__f_clk/X (sky130_fd_sc_hd__clkbuf_16)
                                                         clknet_3_3__leaf_clk (net)
                      0.058088    0.001396    0.479146 ^ _600_/CLK (sky130_fd_sc_hd__dfrtp_1)
                                  0.250000    0.729146   clock uncertainty
                                  0.000000    0.729146   clock reconvergence pessimism
                                  0.322151    1.051297   library removal time
                                              1.051297   data required time
---------------------------------------------------------------------------------------------
                                              1.051297   data required time
                                            -10.647732   data arrival time
---------------------------------------------------------------------------------------------
                                              9.596435   slack (MET)


Startpoint: rst (input port clocked by clk)
Endpoint: _634_ (removal check against rising-edge clock clk)
Path Group: asynchronous
Path Type: min

Fanout         Cap        Slew       Delay        Time   Description
---------------------------------------------------------------------------------------------
                                  0.000000    0.000000   clock clk (rise edge)
                                  0.000000    0.000000   clock network delay (propagated)
                                 10.000000   10.000000 v input external delay
     1    0.003301    0.009797    0.005291   10.005291 v rst (in)
                                                         rst (net)
                      0.009797    0.000000   10.005291 v input1/A (sky130_fd_sc_hd__clkbuf_1)
     1    0.005096    0.038440    0.083467   10.088758 v input1/X (sky130_fd_sc_hd__clkbuf_1)
                                                         net1 (net)
                      0.038440    0.000223   10.088982 v wire673/A (sky130_fd_sc_hd__clkbuf_1)
     1    0.004916    0.037589    0.094528   10.183510 v wire673/X (sky130_fd_sc_hd__clkbuf_1)
                                                         net673 (net)
                      0.037589    0.000206   10.183716 v fanout672/A (sky130_fd_sc_hd__buf_4)
     8    0.055939    0.081300    0.183791   10.367506 v fanout672/X (sky130_fd_sc_hd__buf_4)
                                                         net672 (net)
                      0.081311    0.000790   10.368297 v fanout664/A (sky130_fd_sc_hd__buf_4)
    10    0.060899    0.086223    0.208892   10.577188 v fanout664/X (sky130_fd_sc_hd__buf_4)
                                                         net664 (net)
                      0.086853    0.005882   10.583070 v _560_/A (sky130_fd_sc_hd__inv_2)
     1    0.005154    0.038961    0.064541   10.647611 ^ _560_/Y (sky130_fd_sc_hd__inv_2)
                                                         _042_ (net)
                      0.038961    0.000115   10.647727 ^ _634_/RESET_B (sky130_fd_sc_hd__dfrtp_1)
                                             10.647727   data arrival time

                                  0.000000    0.000000   clock clk (rise edge)
                                  0.000000    0.000000   clock source latency
     1    0.027714    0.130121    0.090093    0.090093 ^ clk (in)
                                                         clk (net)
                      0.130131    0.000000    0.090093 ^ clkbuf_0_clk/A (sky130_fd_sc_hd__clkbuf_16)
     8    0.102463    0.118732    0.216823    0.306916 ^ clkbuf_0_clk/X (sky130_fd_sc_hd__clkbuf_16)
                                                         clknet_0_clk (net)
                      0.118948    0.003559    0.310475 ^ clkbuf_3_3__f_clk/A (sky130_fd_sc_hd__clkbuf_16)
    10    0.038054    0.058041    0.167274    0.477750 ^ clkbuf_3_3__f_clk/X (sky130_fd_sc_hd__clkbuf_16)
                                                         clknet_3_3__leaf_clk (net)
                      0.058080    0.001285    0.479035 ^ _634_/CLK (sky130_fd_sc_hd__dfrtp_1)
                                  0.250000    0.729035   clock uncertainty
                                  0.000000    0.729035   clock reconvergence pessimism
                                  0.322153    1.051188   library removal time
                                              1.051188   data required time
---------------------------------------------------------------------------------------------
                                              1.051188   data required time
                                            -10.647727   data arrival time
---------------------------------------------------------------------------------------------
                                              9.596538   slack (MET)


Startpoint: rst (input port clocked by clk)
Endpoint: _639_ (removal check against rising-edge clock clk)
Path Group: asynchronous
Path Type: min

Fanout         Cap        Slew       Delay        Time   Description
---------------------------------------------------------------------------------------------
                                  0.000000    0.000000   clock clk (rise edge)
                                  0.000000    0.000000   clock network delay (propagated)
                                 10.000000   10.000000 v input external delay
     1    0.003301    0.009797    0.005291   10.005291 v rst (in)
                                                         rst (net)
                      0.009797    0.000000   10.005291 v input1/A (sky130_fd_sc_hd__clkbuf_1)
     1    0.005096    0.038440    0.083467   10.088758 v input1/X (sky130_fd_sc_hd__clkbuf_1)
                                                         net1 (net)
                      0.038440    0.000223   10.088982 v wire673/A (sky130_fd_sc_hd__clkbuf_1)
     1    0.004916    0.037589    0.094528   10.183510 v wire673/X (sky130_fd_sc_hd__clkbuf_1)
                                                         net673 (net)
                      0.037589    0.000206   10.183716 v fanout672/A (sky130_fd_sc_hd__buf_4)
     8    0.055939    0.081300    0.183791   10.367506 v fanout672/X (sky130_fd_sc_hd__buf_4)
                                                         net672 (net)
                      0.081311    0.000790   10.368297 v fanout664/A (sky130_fd_sc_hd__buf_4)
    10    0.060899    0.086223    0.208892   10.577188 v fanout664/X (sky130_fd_sc_hd__buf_4)
                                                         net664 (net)
                      0.086915    0.006156   10.583344 v _565_/A (sky130_fd_sc_hd__inv_2)
     1    0.004942    0.038264    0.063835   10.647180 ^ _565_/Y (sky130_fd_sc_hd__inv_2)
                                                         _047_ (net)
                      0.038264    0.000103   10.647283 ^ _639_/RESET_B (sky130_fd_sc_hd__dfrtp_1)
                                             10.647283   data arrival time

                                  0.000000    0.000000   clock clk (rise edge)
                                  0.000000    0.000000   clock source latency
     1    0.027714    0.130121    0.090093    0.090093 ^ clk (in)
                                                         clk (net)
                      0.130131    0.000000    0.090093 ^ clkbuf_0_clk/A (sky130_fd_sc_hd__clkbuf_16)
     8    0.102463    0.118732    0.216823    0.306916 ^ clkbuf_0_clk/X (sky130_fd_sc_hd__clkbuf_16)
                                                         clknet_0_clk (net)
                      0.118948    0.003559    0.310475 ^ clkbuf_3_3__f_clk/A (sky130_fd_sc_hd__clkbuf_16)
    10    0.038054    0.058041    0.167274    0.477750 ^ clkbuf_3_3__f_clk/X (sky130_fd_sc_hd__clkbuf_16)
                                                         clknet_3_3__leaf_clk (net)
                      0.058065    0.001035    0.478784 ^ _639_/CLK (sky130_fd_sc_hd__dfrtp_1)
                                  0.250000    0.728784   clock uncertainty
                                  0.000000    0.728784   clock reconvergence pessimism
                                  0.321957    1.050742   library removal time
                                              1.050742   data required time
---------------------------------------------------------------------------------------------
                                              1.050742   data required time
                                            -10.647283   data arrival time
---------------------------------------------------------------------------------------------
                                              9.596540   slack (MET)


Startpoint: rst (input port clocked by clk)
Endpoint: _651_ (removal check against rising-edge clock clk)
Path Group: asynchronous
Path Type: min

Fanout         Cap        Slew       Delay        Time   Description
---------------------------------------------------------------------------------------------
                                  0.000000    0.000000   clock clk (rise edge)
                                  0.000000    0.000000   clock network delay (propagated)
                                 10.000000   10.000000 v input external delay
     1    0.003301    0.009797    0.005291   10.005291 v rst (in)
                                                         rst (net)
                      0.009797    0.000000   10.005291 v input1/A (sky130_fd_sc_hd__clkbuf_1)
     1    0.005096    0.038440    0.083467   10.088758 v input1/X (sky130_fd_sc_hd__clkbuf_1)
                                                         net1 (net)
                      0.038440    0.000223   10.088982 v wire673/A (sky130_fd_sc_hd__clkbuf_1)
     1    0.004916    0.037589    0.094528   10.183510 v wire673/X (sky130_fd_sc_hd__clkbuf_1)
                                                         net673 (net)
                      0.037589    0.000206   10.183716 v fanout672/A (sky130_fd_sc_hd__buf_4)
     8    0.055939    0.081300    0.183791   10.367506 v fanout672/X (sky130_fd_sc_hd__buf_4)
                                                         net672 (net)
                      0.082791    0.008629   10.376135 v fanout668/A (sky130_fd_sc_hd__buf_4)
    10    0.052151    0.079919    0.203907   10.580042 v fanout668/X (sky130_fd_sc_hd__buf_4)
                                                         net668 (net)
                      0.079959    0.001624   10.581667 v _577_/A (sky130_fd_sc_hd__inv_2)
     1    0.006777    0.043349    0.067368   10.649035 ^ _577_/Y (sky130_fd_sc_hd__inv_2)
                                                         _059_ (net)
                      0.043350    0.000290   10.649324 ^ _651_/RESET_B (sky130_fd_sc_hd__dfrtp_1)
                                             10.649324   data arrival time

                                  0.000000    0.000000   clock clk (rise edge)
                                  0.000000    0.000000   clock source latency
     1    0.027714    0.130121    0.090093    0.090093 ^ clk (in)
                                                         clk (net)
                      0.130131    0.000000    0.090093 ^ clkbuf_0_clk/A (sky130_fd_sc_hd__clkbuf_16)
     8    0.102463    0.118732    0.216823    0.306916 ^ clkbuf_0_clk/X (sky130_fd_sc_hd__clkbuf_16)
                                                         clknet_0_clk (net)
                      0.118906    0.003070    0.309986 ^ clkbuf_3_6__f_clk/A (sky130_fd_sc_hd__clkbuf_16)
    12    0.039391    0.059250    0.168326    0.478312 ^ clkbuf_3_6__f_clk/X (sky130_fd_sc_hd__clkbuf_16)
                                                         clknet_3_6__leaf_clk (net)
                      0.059260    0.000717    0.479029 ^ _651_/CLK (sky130_fd_sc_hd__dfrtp_1)
                                  0.250000    0.729029   clock uncertainty
                                  0.000000    0.729029   clock reconvergence pessimism
                                  0.323682    1.052711   library removal time
                                              1.052711   data required time
---------------------------------------------------------------------------------------------
                                              1.052711   data required time
                                            -10.649324   data arrival time
---------------------------------------------------------------------------------------------
                                              9.596614   slack (MET)


Startpoint: rst (input port clocked by clk)
Endpoint: _640_ (removal check against rising-edge clock clk)
Path Group: asynchronous
Path Type: min

Fanout         Cap        Slew       Delay        Time   Description
---------------------------------------------------------------------------------------------
                                  0.000000    0.000000   clock clk (rise edge)
                                  0.000000    0.000000   clock network delay (propagated)
                                 10.000000   10.000000 v input external delay
     1    0.003301    0.009797    0.005291   10.005291 v rst (in)
                                                         rst (net)
                      0.009797    0.000000   10.005291 v input1/A (sky130_fd_sc_hd__clkbuf_1)
     1    0.005096    0.038440    0.083467   10.088758 v input1/X (sky130_fd_sc_hd__clkbuf_1)
                                                         net1 (net)
                      0.038440    0.000223   10.088982 v wire673/A (sky130_fd_sc_hd__clkbuf_1)
     1    0.004916    0.037589    0.094528   10.183510 v wire673/X (sky130_fd_sc_hd__clkbuf_1)
                                                         net673 (net)
                      0.037589    0.000206   10.183716 v fanout672/A (sky130_fd_sc_hd__buf_4)
     8    0.055939    0.081300    0.183791   10.367506 v fanout672/X (sky130_fd_sc_hd__buf_4)
                                                         net672 (net)
                      0.081311    0.000790   10.368297 v fanout664/A (sky130_fd_sc_hd__buf_4)
    10    0.060899    0.086223    0.208892   10.577188 v fanout664/X (sky130_fd_sc_hd__buf_4)
                                                         net664 (net)
                      0.087054    0.006735   10.583923 v _566_/A (sky130_fd_sc_hd__inv_2)
     1    0.004832    0.037924    0.063507   10.647430 ^ _566_/Y (sky130_fd_sc_hd__inv_2)
                                                         _048_ (net)
                      0.037924    0.000098   10.647529 ^ _640_/RESET_B (sky130_fd_sc_hd__dfrtp_1)
                                             10.647529   data arrival time

                                  0.000000    0.000000   clock clk (rise edge)
                                  0.000000    0.000000   clock source latency
     1    0.027714    0.130121    0.090093    0.090093 ^ clk (in)
                                                         clk (net)
                      0.130131    0.000000    0.090093 ^ clkbuf_0_clk/A (sky130_fd_sc_hd__clkbuf_16)
     8    0.102463    0.118732    0.216823    0.306916 ^ clkbuf_0_clk/X (sky130_fd_sc_hd__clkbuf_16)
                                                         clknet_0_clk (net)
                      0.118948    0.003559    0.310475 ^ clkbuf_3_3__f_clk/A (sky130_fd_sc_hd__clkbuf_16)
    10    0.038054    0.058041    0.167274    0.477750 ^ clkbuf_3_3__f_clk/X (sky130_fd_sc_hd__clkbuf_16)
                                                         clknet_3_3__leaf_clk (net)
                      0.058059    0.000925    0.478674 ^ _640_/CLK (sky130_fd_sc_hd__dfrtp_1)
                                  0.250000    0.728674   clock uncertainty
                                  0.000000    0.728674   clock reconvergence pessimism
                                  0.321862    1.050537   library removal time
                                              1.050537   data required time
---------------------------------------------------------------------------------------------
                                              1.050537   data required time
                                            -10.647529   data arrival time
---------------------------------------------------------------------------------------------
                                              9.596992   slack (MET)


Startpoint: rst (input port clocked by clk)
Endpoint: _637_ (removal check against rising-edge clock clk)
Path Group: asynchronous
Path Type: min

Fanout         Cap        Slew       Delay        Time   Description
---------------------------------------------------------------------------------------------
                                  0.000000    0.000000   clock clk (rise edge)
                                  0.000000    0.000000   clock network delay (propagated)
                                 10.000000   10.000000 v input external delay
     1    0.003301    0.009797    0.005291   10.005291 v rst (in)
                                                         rst (net)
                      0.009797    0.000000   10.005291 v input1/A (sky130_fd_sc_hd__clkbuf_1)
     1    0.005096    0.038440    0.083467   10.088758 v input1/X (sky130_fd_sc_hd__clkbuf_1)
                                                         net1 (net)
                      0.038440    0.000223   10.088982 v wire673/A (sky130_fd_sc_hd__clkbuf_1)
     1    0.004916    0.037589    0.094528   10.183510 v wire673/X (sky130_fd_sc_hd__clkbuf_1)
                                                         net673 (net)
                      0.037589    0.000206   10.183716 v fanout672/A (sky130_fd_sc_hd__buf_4)
     8    0.055939    0.081300    0.183791   10.367506 v fanout672/X (sky130_fd_sc_hd__buf_4)
                                                         net672 (net)
                      0.081311    0.000790   10.368297 v fanout664/A (sky130_fd_sc_hd__buf_4)
    10    0.060899    0.086223    0.208892   10.577188 v fanout664/X (sky130_fd_sc_hd__buf_4)
                                                         net664 (net)
                      0.087040    0.006678   10.583866 v _563_/A (sky130_fd_sc_hd__inv_2)
     1    0.005621    0.040574    0.066200   10.650067 ^ _563_/Y (sky130_fd_sc_hd__inv_2)
                                                         _045_ (net)
                      0.040575    0.000195   10.650262 ^ _637_/RESET_B (sky130_fd_sc_hd__dfrtp_1)
                                             10.650262   data arrival time

                                  0.000000    0.000000   clock clk (rise edge)
                                  0.000000    0.000000   clock source latency
     1    0.027714    0.130121    0.090093    0.090093 ^ clk (in)
                                                         clk (net)
                      0.130131    0.000000    0.090093 ^ clkbuf_0_clk/A (sky130_fd_sc_hd__clkbuf_16)
     8    0.102463    0.118732    0.216823    0.306916 ^ clkbuf_0_clk/X (sky130_fd_sc_hd__clkbuf_16)
                                                         clknet_0_clk (net)
                      0.118948    0.003559    0.310475 ^ clkbuf_3_3__f_clk/A (sky130_fd_sc_hd__clkbuf_16)
    10    0.038054    0.058041    0.167274    0.477750 ^ clkbuf_3_3__f_clk/X (sky130_fd_sc_hd__clkbuf_16)
                                                         clknet_3_3__leaf_clk (net)
                      0.058059    0.000925    0.478675 ^ _637_/CLK (sky130_fd_sc_hd__dfrtp_1)
                                  0.250000    0.728675   clock uncertainty
                                  0.000000    0.728675   clock reconvergence pessimism
                                  0.322591    1.051266   library removal time
                                              1.051266   data required time
---------------------------------------------------------------------------------------------
                                              1.051266   data required time
                                            -10.650262   data arrival time
---------------------------------------------------------------------------------------------
                                              9.598996   slack (MET)


Startpoint: rst (input port clocked by clk)
Endpoint: _611_ (removal check against rising-edge clock clk)
Path Group: asynchronous
Path Type: min

Fanout         Cap        Slew       Delay        Time   Description
---------------------------------------------------------------------------------------------
                                  0.000000    0.000000   clock clk (rise edge)
                                  0.000000    0.000000   clock network delay (propagated)
                                 10.000000   10.000000 v input external delay
     1    0.003301    0.009797    0.005291   10.005291 v rst (in)
                                                         rst (net)
                      0.009797    0.000000   10.005291 v input1/A (sky130_fd_sc_hd__clkbuf_1)
     1    0.005096    0.038440    0.083467   10.088758 v input1/X (sky130_fd_sc_hd__clkbuf_1)
                                                         net1 (net)
                      0.038440    0.000223   10.088982 v wire673/A (sky130_fd_sc_hd__clkbuf_1)
     1    0.004916    0.037589    0.094528   10.183510 v wire673/X (sky130_fd_sc_hd__clkbuf_1)
                                                         net673 (net)
                      0.037589    0.000206   10.183716 v fanout672/A (sky130_fd_sc_hd__buf_4)
     8    0.055939    0.081300    0.183791   10.367506 v fanout672/X (sky130_fd_sc_hd__buf_4)
                                                         net672 (net)
                      0.082525    0.007819   10.375325 v fanout667/A (sky130_fd_sc_hd__clkbuf_4)
     8    0.042205    0.093851    0.211311   10.586636 v fanout667/X (sky130_fd_sc_hd__clkbuf_4)
                                                         net667 (net)
                      0.093863    0.001067   10.587703 v _537_/A (sky130_fd_sc_hd__inv_2)
     1    0.004471    0.038214    0.064801   10.652503 ^ _537_/Y (sky130_fd_sc_hd__inv_2)
                                                         _019_ (net)
                      0.038214    0.000076   10.652579 ^ _611_/RESET_B (sky130_fd_sc_hd__dfrtp_1)
                                             10.652579   data arrival time

                                  0.000000    0.000000   clock clk (rise edge)
                                  0.000000    0.000000   clock source latency
     1    0.027714    0.130121    0.090093    0.090093 ^ clk (in)
                                                         clk (net)
                      0.130131    0.000000    0.090093 ^ clkbuf_0_clk/A (sky130_fd_sc_hd__clkbuf_16)
     8    0.102463    0.118732    0.216823    0.306916 ^ clkbuf_0_clk/X (sky130_fd_sc_hd__clkbuf_16)
                                                         clknet_0_clk (net)
                      0.118906    0.003070    0.309986 ^ clkbuf_3_6__f_clk/A (sky130_fd_sc_hd__clkbuf_16)
    12    0.039391    0.059250    0.168326    0.478312 ^ clkbuf_3_6__f_clk/X (sky130_fd_sc_hd__clkbuf_16)
                                                         clknet_3_6__leaf_clk (net)
                      0.059273    0.001014    0.479326 ^ _611_/CLK (sky130_fd_sc_hd__dfrtp_1)
                                  0.250000    0.729326   clock uncertainty
                                  0.000000    0.729326   clock reconvergence pessimism
                                  0.322273    1.051599   library removal time
                                              1.051599   data required time
---------------------------------------------------------------------------------------------
                                              1.051599   data required time
                                            -10.652579   data arrival time
---------------------------------------------------------------------------------------------
                                              9.600980   slack (MET)


Startpoint: rst (input port clocked by clk)
Endpoint: _610_ (removal check against rising-edge clock clk)
Path Group: asynchronous
Path Type: min

Fanout         Cap        Slew       Delay        Time   Description
---------------------------------------------------------------------------------------------
                                  0.000000    0.000000   clock clk (rise edge)
                                  0.000000    0.000000   clock network delay (propagated)
                                 10.000000   10.000000 v input external delay
     1    0.003301    0.009797    0.005291   10.005291 v rst (in)
                                                         rst (net)
                      0.009797    0.000000   10.005291 v input1/A (sky130_fd_sc_hd__clkbuf_1)
     1    0.005096    0.038440    0.083467   10.088758 v input1/X (sky130_fd_sc_hd__clkbuf_1)
                                                         net1 (net)
                      0.038440    0.000223   10.088982 v wire673/A (sky130_fd_sc_hd__clkbuf_1)
     1    0.004916    0.037589    0.094528   10.183510 v wire673/X (sky130_fd_sc_hd__clkbuf_1)
                                                         net673 (net)
                      0.037589    0.000206   10.183716 v fanout672/A (sky130_fd_sc_hd__buf_4)
     8    0.055939    0.081300    0.183791   10.367506 v fanout672/X (sky130_fd_sc_hd__buf_4)
                                                         net672 (net)
                      0.082525    0.007819   10.375325 v fanout667/A (sky130_fd_sc_hd__clkbuf_4)
     8    0.042205    0.093851    0.211311   10.586636 v fanout667/X (sky130_fd_sc_hd__clkbuf_4)
                                                         net667 (net)
                      0.093862    0.001027   10.587663 v _536_/A (sky130_fd_sc_hd__inv_2)
     1    0.004803    0.039291    0.065969   10.653631 ^ _536_/Y (sky130_fd_sc_hd__inv_2)
                                                         _018_ (net)
                      0.039291    0.000096   10.653728 ^ _610_/RESET_B (sky130_fd_sc_hd__dfrtp_1)
                                             10.653728   data arrival time

                                  0.000000    0.000000   clock clk (rise edge)
                                  0.000000    0.000000   clock source latency
     1    0.027714    0.130121    0.090093    0.090093 ^ clk (in)
                                                         clk (net)
                      0.130131    0.000000    0.090093 ^ clkbuf_0_clk/A (sky130_fd_sc_hd__clkbuf_16)
     8    0.102463    0.118732    0.216823    0.306916 ^ clkbuf_0_clk/X (sky130_fd_sc_hd__clkbuf_16)
                                                         clknet_0_clk (net)
                      0.118906    0.003070    0.309986 ^ clkbuf_3_6__f_clk/A (sky130_fd_sc_hd__clkbuf_16)
    12    0.039391    0.059250    0.168326    0.478312 ^ clkbuf_3_6__f_clk/X (sky130_fd_sc_hd__clkbuf_16)
                                                         clknet_3_6__leaf_clk (net)
                      0.059275    0.001042    0.479354 ^ _610_/CLK (sky130_fd_sc_hd__dfrtp_1)
                                  0.250000    0.729354   clock uncertainty
                                  0.000000    0.729354   clock reconvergence pessimism
                                  0.322570    1.051924   library removal time
                                              1.051924   data required time
---------------------------------------------------------------------------------------------
                                              1.051924   data required time
                                            -10.653728   data arrival time
---------------------------------------------------------------------------------------------
                                              9.601803   slack (MET)


Startpoint: rst (input port clocked by clk)
Endpoint: _609_ (removal check against rising-edge clock clk)
Path Group: asynchronous
Path Type: min

Fanout         Cap        Slew       Delay        Time   Description
---------------------------------------------------------------------------------------------
                                  0.000000    0.000000   clock clk (rise edge)
                                  0.000000    0.000000   clock network delay (propagated)
                                 10.000000   10.000000 v input external delay
     1    0.003301    0.009797    0.005291   10.005291 v rst (in)
                                                         rst (net)
                      0.009797    0.000000   10.005291 v input1/A (sky130_fd_sc_hd__clkbuf_1)
     1    0.005096    0.038440    0.083467   10.088758 v input1/X (sky130_fd_sc_hd__clkbuf_1)
                                                         net1 (net)
                      0.038440    0.000223   10.088982 v wire673/A (sky130_fd_sc_hd__clkbuf_1)
     1    0.004916    0.037589    0.094528   10.183510 v wire673/X (sky130_fd_sc_hd__clkbuf_1)
                                                         net673 (net)
                      0.037589    0.000206   10.183716 v fanout672/A (sky130_fd_sc_hd__buf_4)
     8    0.055939    0.081300    0.183791   10.367506 v fanout672/X (sky130_fd_sc_hd__buf_4)
                                                         net672 (net)
                      0.082525    0.007819   10.375325 v fanout667/A (sky130_fd_sc_hd__clkbuf_4)
     8    0.042205    0.093851    0.211311   10.586636 v fanout667/X (sky130_fd_sc_hd__clkbuf_4)
                                                         net667 (net)
                      0.093861    0.000980   10.587616 v _535_/A (sky130_fd_sc_hd__inv_2)
     1    0.004095    0.036792    0.063061   10.650676 ^ _535_/Y (sky130_fd_sc_hd__inv_2)
                                                         _017_ (net)
                      0.036792    0.000091   10.650767 ^ _609_/RESET_B (sky130_fd_sc_hd__dfrtp_1)
                                             10.650767   data arrival time

                                  0.000000    0.000000   clock clk (rise edge)
                                  0.000000    0.000000   clock source latency
     1    0.027714    0.130121    0.090093    0.090093 ^ clk (in)
                                                         clk (net)
                      0.130131    0.000000    0.090093 ^ clkbuf_0_clk/A (sky130_fd_sc_hd__clkbuf_16)
     8    0.102463    0.118732    0.216823    0.306916 ^ clkbuf_0_clk/X (sky130_fd_sc_hd__clkbuf_16)
                                                         clknet_0_clk (net)
                      0.118903    0.003033    0.309950 ^ clkbuf_3_1__f_clk/A (sky130_fd_sc_hd__clkbuf_16)
     9    0.036629    0.056770    0.166190    0.476139 ^ clkbuf_3_1__f_clk/X (sky130_fd_sc_hd__clkbuf_16)
                                                         clknet_3_1__leaf_clk (net)
                      0.056802    0.001039    0.477178 ^ _609_/CLK (sky130_fd_sc_hd__dfrtp_1)
                                  0.250000    0.727178   clock uncertainty
                                  0.000000    0.727178   clock reconvergence pessimism
                                  0.321208    1.048386   library removal time
                                              1.048386   data required time
---------------------------------------------------------------------------------------------
                                              1.048386   data required time
                                            -10.650767   data arrival time
---------------------------------------------------------------------------------------------
                                              9.602382   slack (MET)


Startpoint: rst (input port clocked by clk)
Endpoint: _646_ (removal check against rising-edge clock clk)
Path Group: asynchronous
Path Type: min

Fanout         Cap        Slew       Delay        Time   Description
---------------------------------------------------------------------------------------------
                                  0.000000    0.000000   clock clk (rise edge)
                                  0.000000    0.000000   clock network delay (propagated)
                                 10.000000   10.000000 v input external delay
     1    0.003301    0.009797    0.005291   10.005291 v rst (in)
                                                         rst (net)
                      0.009797    0.000000   10.005291 v input1/A (sky130_fd_sc_hd__clkbuf_1)
     1    0.005096    0.038440    0.083467   10.088758 v input1/X (sky130_fd_sc_hd__clkbuf_1)
                                                         net1 (net)
                      0.038440    0.000223   10.088982 v wire673/A (sky130_fd_sc_hd__clkbuf_1)
     1    0.004916    0.037589    0.094528   10.183510 v wire673/X (sky130_fd_sc_hd__clkbuf_1)
                                                         net673 (net)
                      0.037589    0.000206   10.183716 v fanout672/A (sky130_fd_sc_hd__buf_4)
     8    0.055939    0.081300    0.183791   10.367506 v fanout672/X (sky130_fd_sc_hd__buf_4)
                                                         net672 (net)
                      0.082525    0.007819   10.375325 v fanout667/A (sky130_fd_sc_hd__clkbuf_4)
     8    0.042205    0.093851    0.211311   10.586636 v fanout667/X (sky130_fd_sc_hd__clkbuf_4)
                                                         net667 (net)
                      0.093858    0.000870   10.587506 v _572_/A (sky130_fd_sc_hd__inv_2)
     1    0.005898    0.042865    0.069809   10.657315 ^ _572_/Y (sky130_fd_sc_hd__inv_2)
                                                         _054_ (net)
                      0.042866    0.000168   10.657483 ^ _646_/RESET_B (sky130_fd_sc_hd__dfrtp_1)
                                             10.657483   data arrival time

                                  0.000000    0.000000   clock clk (rise edge)
                                  0.000000    0.000000   clock source latency
     1    0.027714    0.130121    0.090093    0.090093 ^ clk (in)
                                                         clk (net)
                      0.130131    0.000000    0.090093 ^ clkbuf_0_clk/A (sky130_fd_sc_hd__clkbuf_16)
     8    0.102463    0.118732    0.216823    0.306916 ^ clkbuf_0_clk/X (sky130_fd_sc_hd__clkbuf_16)
                                                         clknet_0_clk (net)
                      0.118903    0.003033    0.309950 ^ clkbuf_3_1__f_clk/A (sky130_fd_sc_hd__clkbuf_16)
     9    0.036629    0.056770    0.166190    0.476139 ^ clkbuf_3_1__f_clk/X (sky130_fd_sc_hd__clkbuf_16)
                                                         clknet_3_1__leaf_clk (net)
                      0.056780    0.000624    0.476763 ^ _646_/CLK (sky130_fd_sc_hd__dfrtp_1)
                                  0.250000    0.726763   clock uncertainty
                                  0.000000    0.726763   clock reconvergence pessimism
                                  0.322873    1.049636   library removal time
                                              1.049636   data required time
---------------------------------------------------------------------------------------------
                                              1.049636   data required time
                                            -10.657483   data arrival time
---------------------------------------------------------------------------------------------
                                              9.607847   slack (MET)


Startpoint: rst (input port clocked by clk)
Endpoint: _644_ (removal check against rising-edge clock clk)
Path Group: asynchronous
Path Type: min

Fanout         Cap        Slew       Delay        Time   Description
---------------------------------------------------------------------------------------------
                                  0.000000    0.000000   clock clk (rise edge)
                                  0.000000    0.000000   clock network delay (propagated)
                                 10.000000   10.000000 v input external delay
     1    0.003301    0.009797    0.005291   10.005291 v rst (in)
                                                         rst (net)
                      0.009797    0.000000   10.005291 v input1/A (sky130_fd_sc_hd__clkbuf_1)
     1    0.005096    0.038440    0.083467   10.088758 v input1/X (sky130_fd_sc_hd__clkbuf_1)
                                                         net1 (net)
                      0.038440    0.000223   10.088982 v wire673/A (sky130_fd_sc_hd__clkbuf_1)
     1    0.004916    0.037589    0.094528   10.183510 v wire673/X (sky130_fd_sc_hd__clkbuf_1)
                                                         net673 (net)
                      0.037589    0.000206   10.183716 v fanout672/A (sky130_fd_sc_hd__buf_4)
     8    0.055939    0.081300    0.183791   10.367506 v fanout672/X (sky130_fd_sc_hd__buf_4)
                                                         net672 (net)
                      0.082525    0.007819   10.375325 v fanout667/A (sky130_fd_sc_hd__clkbuf_4)
     8    0.042205    0.093851    0.211311   10.586636 v fanout667/X (sky130_fd_sc_hd__clkbuf_4)
                                                         net667 (net)
                      0.093870    0.001280   10.587915 v _570_/A (sky130_fd_sc_hd__inv_2)
     1    0.005968    0.043102    0.070059   10.657974 ^ _570_/Y (sky130_fd_sc_hd__inv_2)
                                                         _052_ (net)
                      0.043102    0.000172   10.658147 ^ _644_/RESET_B (sky130_fd_sc_hd__dfrtp_1)
                                             10.658147   data arrival time

                                  0.000000    0.000000   clock clk (rise edge)
                                  0.000000    0.000000   clock source latency
     1    0.027714    0.130121    0.090093    0.090093 ^ clk (in)
                                                         clk (net)
                      0.130131    0.000000    0.090093 ^ clkbuf_0_clk/A (sky130_fd_sc_hd__clkbuf_16)
     8    0.102463    0.118732    0.216823    0.306916 ^ clkbuf_0_clk/X (sky130_fd_sc_hd__clkbuf_16)
                                                         clknet_0_clk (net)
                      0.118903    0.003033    0.309950 ^ clkbuf_3_1__f_clk/A (sky130_fd_sc_hd__clkbuf_16)
     9    0.036629    0.056770    0.166190    0.476139 ^ clkbuf_3_1__f_clk/X (sky130_fd_sc_hd__clkbuf_16)
                                                         clknet_3_1__leaf_clk (net)
                      0.056787    0.000765    0.476904 ^ _644_/CLK (sky130_fd_sc_hd__dfrtp_1)
                                  0.250000    0.726904   clock uncertainty
                                  0.000000    0.726904   clock reconvergence pessimism
                                  0.322940    1.049844   library removal time
                                              1.049844   data required time
---------------------------------------------------------------------------------------------
                                              1.049844   data required time
                                            -10.658147   data arrival time
---------------------------------------------------------------------------------------------
                                              9.608303   slack (MET)


Startpoint: rst (input port clocked by clk)
Endpoint: _647_ (removal check against rising-edge clock clk)
Path Group: asynchronous
Path Type: min

Fanout         Cap        Slew       Delay        Time   Description
---------------------------------------------------------------------------------------------
                                  0.000000    0.000000   clock clk (rise edge)
                                  0.000000    0.000000   clock network delay (propagated)
                                 10.000000   10.000000 v input external delay
     1    0.003301    0.009797    0.005291   10.005291 v rst (in)
                                                         rst (net)
                      0.009797    0.000000   10.005291 v input1/A (sky130_fd_sc_hd__clkbuf_1)
     1    0.005096    0.038440    0.083467   10.088758 v input1/X (sky130_fd_sc_hd__clkbuf_1)
                                                         net1 (net)
                      0.038440    0.000223   10.088982 v wire673/A (sky130_fd_sc_hd__clkbuf_1)
     1    0.004916    0.037589    0.094528   10.183510 v wire673/X (sky130_fd_sc_hd__clkbuf_1)
                                                         net673 (net)
                      0.037589    0.000206   10.183716 v fanout672/A (sky130_fd_sc_hd__buf_4)
     8    0.055939    0.081300    0.183791   10.367506 v fanout672/X (sky130_fd_sc_hd__buf_4)
                                                         net672 (net)
                      0.082525    0.007819   10.375325 v fanout667/A (sky130_fd_sc_hd__clkbuf_4)
     8    0.042205    0.093851    0.211311   10.586636 v fanout667/X (sky130_fd_sc_hd__clkbuf_4)
                                                         net667 (net)
                      0.093866    0.001145   10.587781 v _573_/A (sky130_fd_sc_hd__inv_2)
     1    0.007139    0.047134    0.074146   10.661927 ^ _573_/Y (sky130_fd_sc_hd__inv_2)
                                                         _055_ (net)
                      0.047135    0.000305   10.662231 ^ _647_/RESET_B (sky130_fd_sc_hd__dfrtp_1)
                                             10.662231   data arrival time

                                  0.000000    0.000000   clock clk (rise edge)
                                  0.000000    0.000000   clock source latency
     1    0.027714    0.130121    0.090093    0.090093 ^ clk (in)
                                                         clk (net)
                      0.130131    0.000000    0.090093 ^ clkbuf_0_clk/A (sky130_fd_sc_hd__clkbuf_16)
     8    0.102463    0.118732    0.216823    0.306916 ^ clkbuf_0_clk/X (sky130_fd_sc_hd__clkbuf_16)
                                                         clknet_0_clk (net)
                      0.118906    0.003070    0.309986 ^ clkbuf_3_6__f_clk/A (sky130_fd_sc_hd__clkbuf_16)
    12    0.039391    0.059250    0.168326    0.478312 ^ clkbuf_3_6__f_clk/X (sky130_fd_sc_hd__clkbuf_16)
                                                         clknet_3_6__leaf_clk (net)
                      0.059260    0.000736    0.479048 ^ _647_/CLK (sky130_fd_sc_hd__dfrtp_1)
                                  0.250000    0.729048   clock uncertainty
                                  0.000000    0.729048   clock reconvergence pessimism
                                  0.324723    1.053771   library removal time
                                              1.053771   data required time
---------------------------------------------------------------------------------------------
                                              1.053771   data required time
                                            -10.662231   data arrival time
---------------------------------------------------------------------------------------------
                                              9.608460   slack (MET)


Startpoint: rst (input port clocked by clk)
Endpoint: _648_ (removal check against rising-edge clock clk)
Path Group: asynchronous
Path Type: min

Fanout         Cap        Slew       Delay        Time   Description
---------------------------------------------------------------------------------------------
                                  0.000000    0.000000   clock clk (rise edge)
                                  0.000000    0.000000   clock network delay (propagated)
                                 10.000000   10.000000 v input external delay
     1    0.003301    0.009797    0.005291   10.005291 v rst (in)
                                                         rst (net)
                      0.009797    0.000000   10.005291 v input1/A (sky130_fd_sc_hd__clkbuf_1)
     1    0.005096    0.038440    0.083467   10.088758 v input1/X (sky130_fd_sc_hd__clkbuf_1)
                                                         net1 (net)
                      0.038440    0.000223   10.088982 v wire673/A (sky130_fd_sc_hd__clkbuf_1)
     1    0.004916    0.037589    0.094528   10.183510 v wire673/X (sky130_fd_sc_hd__clkbuf_1)
                                                         net673 (net)
                      0.037589    0.000206   10.183716 v fanout672/A (sky130_fd_sc_hd__buf_4)
     8    0.055939    0.081300    0.183791   10.367506 v fanout672/X (sky130_fd_sc_hd__buf_4)
                                                         net672 (net)
                      0.082525    0.007819   10.375325 v fanout667/A (sky130_fd_sc_hd__clkbuf_4)
     8    0.042205    0.093851    0.211311   10.586636 v fanout667/X (sky130_fd_sc_hd__clkbuf_4)
                                                         net667 (net)
                      0.093863    0.001040   10.587676 v _574_/A (sky130_fd_sc_hd__inv_2)
     1    0.007497    0.048424    0.075426   10.663102 ^ _574_/Y (sky130_fd_sc_hd__inv_2)
                                                         _056_ (net)
                      0.048424    0.000237   10.663339 ^ _648_/RESET_B (sky130_fd_sc_hd__dfrtp_1)
                                             10.663339   data arrival time

                                  0.000000    0.000000   clock clk (rise edge)
                                  0.000000    0.000000   clock source latency
     1    0.027714    0.130121    0.090093    0.090093 ^ clk (in)
                                                         clk (net)
                      0.130131    0.000000    0.090093 ^ clkbuf_0_clk/A (sky130_fd_sc_hd__clkbuf_16)
     8    0.102463    0.118732    0.216823    0.306916 ^ clkbuf_0_clk/X (sky130_fd_sc_hd__clkbuf_16)
                                                         clknet_0_clk (net)
                      0.118906    0.003070    0.309986 ^ clkbuf_3_6__f_clk/A (sky130_fd_sc_hd__clkbuf_16)
    12    0.039391    0.059250    0.168326    0.478312 ^ clkbuf_3_6__f_clk/X (sky130_fd_sc_hd__clkbuf_16)
                                                         clknet_3_6__leaf_clk (net)
                      0.059259    0.000696    0.479009 ^ _648_/CLK (sky130_fd_sc_hd__dfrtp_1)
                                  0.250000    0.729009   clock uncertainty
                                  0.000000    0.729009   clock reconvergence pessimism
                                  0.325077    1.054086   library removal time
                                              1.054086   data required time
---------------------------------------------------------------------------------------------
                                              1.054086   data required time
                                            -10.663339   data arrival time
---------------------------------------------------------------------------------------------
                                              9.609253   slack (MET)


Startpoint: rst (input port clocked by clk)
Endpoint: _645_ (removal check against rising-edge clock clk)
Path Group: asynchronous
Path Type: min

Fanout         Cap        Slew       Delay        Time   Description
---------------------------------------------------------------------------------------------
                                  0.000000    0.000000   clock clk (rise edge)
                                  0.000000    0.000000   clock network delay (propagated)
                                 10.000000   10.000000 v input external delay
     1    0.003301    0.009797    0.005291   10.005291 v rst (in)
                                                         rst (net)
                      0.009797    0.000000   10.005291 v input1/A (sky130_fd_sc_hd__clkbuf_1)
     1    0.005096    0.038440    0.083467   10.088758 v input1/X (sky130_fd_sc_hd__clkbuf_1)
                                                         net1 (net)
                      0.038440    0.000223   10.088982 v wire673/A (sky130_fd_sc_hd__clkbuf_1)
     1    0.004916    0.037589    0.094528   10.183510 v wire673/X (sky130_fd_sc_hd__clkbuf_1)
                                                         net673 (net)
                      0.037589    0.000206   10.183716 v fanout672/A (sky130_fd_sc_hd__buf_4)
     8    0.055939    0.081300    0.183791   10.367506 v fanout672/X (sky130_fd_sc_hd__buf_4)
                                                         net672 (net)
                      0.082525    0.007819   10.375325 v fanout667/A (sky130_fd_sc_hd__clkbuf_4)
     8    0.042205    0.093851    0.211311   10.586636 v fanout667/X (sky130_fd_sc_hd__clkbuf_4)
                                                         net667 (net)
                      0.093865    0.001138   10.587773 v _571_/A (sky130_fd_sc_hd__inv_2)
     1    0.006692    0.045574    0.072583   10.660357 ^ _571_/Y (sky130_fd_sc_hd__inv_2)
                                                         _053_ (net)
                      0.045575    0.000266   10.660623 ^ _645_/RESET_B (sky130_fd_sc_hd__dfrtp_1)
                                             10.660623   data arrival time

                                  0.000000    0.000000   clock clk (rise edge)
                                  0.000000    0.000000   clock source latency
     1    0.027714    0.130121    0.090093    0.090093 ^ clk (in)
                                                         clk (net)
                      0.130131    0.000000    0.090093 ^ clkbuf_0_clk/A (sky130_fd_sc_hd__clkbuf_16)
     8    0.102463    0.118732    0.216823    0.306916 ^ clkbuf_0_clk/X (sky130_fd_sc_hd__clkbuf_16)
                                                         clknet_0_clk (net)
                      0.118903    0.003033    0.309950 ^ clkbuf_3_1__f_clk/A (sky130_fd_sc_hd__clkbuf_16)
     9    0.036629    0.056770    0.166190    0.476139 ^ clkbuf_3_1__f_clk/X (sky130_fd_sc_hd__clkbuf_16)
                                                         clknet_3_1__leaf_clk (net)
                      0.056781    0.000652    0.476792 ^ _645_/CLK (sky130_fd_sc_hd__dfrtp_1)
                                  0.250000    0.726792   clock uncertainty
                                  0.000000    0.726792   clock reconvergence pessimism
                                  0.323618    1.050410   library removal time
                                              1.050410   data required time
---------------------------------------------------------------------------------------------
                                              1.050410   data required time
                                            -10.660623   data arrival time
---------------------------------------------------------------------------------------------
                                              9.610213   slack (MET)


Startpoint: wr_en (input port clocked by clk)
Endpoint: sram0 (falling edge-triggered flip-flop clocked by clk)
Path Group: clk
Path Type: min

Fanout         Cap        Slew       Delay        Time   Description
---------------------------------------------------------------------------------------------
                                  0.000000    0.000000   clock clk (rise edge)
                                  0.000000    0.000000   clock network delay (propagated)
                                 10.000000   10.000000 v input external delay
     1    0.003491    0.010237    0.005611   10.005610 v wr_en (in)
                                                         wr_en (net)
                      0.010238    0.000000   10.005610 v input42/A (sky130_fd_sc_hd__clkbuf_2)
     4    0.016107    0.068182    0.123553   10.129164 v input42/X (sky130_fd_sc_hd__clkbuf_2)
                                                         net42 (net)
                      0.068187    0.000662   10.129826 v max_cap625/A (sky130_fd_sc_hd__clkbuf_2)
     4    0.018338    0.076132    0.154546   10.284371 v max_cap625/X (sky130_fd_sc_hd__clkbuf_2)
                                                         net625 (net)
                      0.076147    0.001068   10.285439 v max_cap624/A (sky130_fd_sc_hd__clkbuf_2)
     4    0.020602    0.084097    0.164456   10.449895 v max_cap624/X (sky130_fd_sc_hd__clkbuf_2)
                                                         net624 (net)
                      0.084101    0.000682   10.450577 v _283_/A (sky130_fd_sc_hd__inv_2)
     4    0.012169    0.064369    0.087456   10.538033 ^ _283_/Y (sky130_fd_sc_hd__inv_2)
                                                         web0 (net)
                      0.064369    0.000328   10.538361 ^ max_cap621/A (sky130_fd_sc_hd__clkbuf_2)
     2    0.011291    0.069879    0.130598   10.668959 ^ max_cap621/X (sky130_fd_sc_hd__clkbuf_2)
                                                         net621 (net)
                      0.093171    0.000279   10.669237 ^ sram0/web0 (sky130_sram_1kbyte_1rw1r_32x256_8)
                                             10.669237   data arrival time

                                  0.000000    0.000000   clock clk (rise edge)
                                  0.000000    0.000000   clock source latency
     1    0.027714    0.130121    0.090093    0.090093 ^ clk (in)
                                                         clk (net)
                      0.130131    0.000000    0.090093 ^ clkbuf_0_clk/A (sky130_fd_sc_hd__clkbuf_16)
     8    0.102463    0.118732    0.216823    0.306916 ^ clkbuf_0_clk/X (sky130_fd_sc_hd__clkbuf_16)
                                                         clknet_0_clk (net)
                      0.119104    0.004968    0.311884 ^ clkbuf_3_2__f_clk/A (sky130_fd_sc_hd__clkbuf_16)
    10    0.046720    0.065801    0.173477    0.485361 ^ clkbuf_3_2__f_clk/X (sky130_fd_sc_hd__clkbuf_16)
                                                         clknet_3_2__leaf_clk (net)
                      0.087827    0.001857    0.487218 ^ sram0/clk0 (sky130_sram_1kbyte_1rw1r_32x256_8)
                                  0.250000    0.737218   clock uncertainty
                                  0.000000    0.737218   clock reconvergence pessimism
                                 -0.056000    0.681218   library hold time
                                              0.681218   data required time
---------------------------------------------------------------------------------------------
                                              0.681218   data required time
                                            -10.669237   data arrival time
---------------------------------------------------------------------------------------------
                                              9.988020   slack (MET)


Startpoint: wr_en (input port clocked by clk)
Endpoint: _600_ (rising edge-triggered flip-flop clocked by clk)
Path Group: clk
Path Type: min

Fanout         Cap        Slew       Delay        Time   Description
---------------------------------------------------------------------------------------------
                                  0.000000    0.000000   clock clk (rise edge)
                                  0.000000    0.000000   clock network delay (propagated)
                                 10.000000   10.000000 v input external delay
     1    0.003491    0.010237    0.005611   10.005610 v wr_en (in)
                                                         wr_en (net)
                      0.010238    0.000000   10.005610 v input42/A (sky130_fd_sc_hd__clkbuf_2)
     4    0.016107    0.068182    0.123553   10.129164 v input42/X (sky130_fd_sc_hd__clkbuf_2)
                                                         net42 (net)
                      0.068187    0.000662   10.129826 v max_cap625/A (sky130_fd_sc_hd__clkbuf_2)
     4    0.018338    0.076132    0.154546   10.284371 v max_cap625/X (sky130_fd_sc_hd__clkbuf_2)
                                                         net625 (net)
                      0.076147    0.001068   10.285439 v max_cap624/A (sky130_fd_sc_hd__clkbuf_2)
     4    0.020602    0.084097    0.164456   10.449895 v max_cap624/X (sky130_fd_sc_hd__clkbuf_2)
                                                         net624 (net)
                      0.084101    0.000682   10.450577 v _283_/A (sky130_fd_sc_hd__inv_2)
     4    0.012169    0.064369    0.087456   10.538033 ^ _283_/Y (sky130_fd_sc_hd__inv_2)
                                                         web0 (net)
                      0.064369    0.000328   10.538361 ^ max_cap621/A (sky130_fd_sc_hd__clkbuf_2)
     2    0.011291    0.069879    0.130598   10.668959 ^ max_cap621/X (sky130_fd_sc_hd__clkbuf_2)
                                                         net621 (net)
                      0.069879    0.000271   10.669230 ^ max_cap620/A (sky130_fd_sc_hd__buf_1)
     1    0.009137    0.115021    0.138255   10.807484 ^ max_cap620/X (sky130_fd_sc_hd__buf_1)
                                                         net620 (net)
                      0.115064    0.000630   10.808114 ^ _600_/D (sky130_fd_sc_hd__dfrtp_1)
                                             10.808114   data arrival time

                                  0.000000    0.000000   clock clk (rise edge)
                                  0.000000    0.000000   clock source latency
     1    0.027714    0.130121    0.090093    0.090093 ^ clk (in)
                                                         clk (net)
                      0.130131    0.000000    0.090093 ^ clkbuf_0_clk/A (sky130_fd_sc_hd__clkbuf_16)
     8    0.102463    0.118732    0.216823    0.306916 ^ clkbuf_0_clk/X (sky130_fd_sc_hd__clkbuf_16)
                                                         clknet_0_clk (net)
                      0.118948    0.003559    0.310475 ^ clkbuf_3_3__f_clk/A (sky130_fd_sc_hd__clkbuf_16)
    10    0.038054    0.058041    0.167274    0.477750 ^ clkbuf_3_3__f_clk/X (sky130_fd_sc_hd__clkbuf_16)
                                                         clknet_3_3__leaf_clk (net)
                      0.058088    0.001396    0.479146 ^ _600_/CLK (sky130_fd_sc_hd__dfrtp_1)
                                  0.250000    0.729146   clock uncertainty
                                  0.000000    0.729146   clock reconvergence pessimism
                                 -0.047638    0.681508   library hold time
                                              0.681508   data required time
---------------------------------------------------------------------------------------------
                                              0.681508   data required time
                                            -10.808114   data arrival time
---------------------------------------------------------------------------------------------
                                             10.126606   slack (MET)


Startpoint: _653_ (rising edge-triggered flip-flop clocked by clk)
Endpoint: acc_out[19] (output port clocked by clk)
Path Group: clk
Path Type: min

Fanout         Cap        Slew       Delay        Time   Description
---------------------------------------------------------------------------------------------
                                  0.000000    0.000000   clock clk (rise edge)
                                  0.000000    0.000000   clock source latency
     1    0.027714    0.130121    0.090093    0.090093 ^ clk (in)
                                                         clk (net)
                      0.130131    0.000000    0.090093 ^ clkbuf_0_clk/A (sky130_fd_sc_hd__clkbuf_16)
     8    0.102463    0.118732    0.216823    0.306916 ^ clkbuf_0_clk/X (sky130_fd_sc_hd__clkbuf_16)
                                                         clknet_0_clk (net)
                      0.119016    0.004233    0.311149 ^ clkbuf_3_7__f_clk/A (sky130_fd_sc_hd__clkbuf_16)
     7    0.038339    0.058316    0.167587    0.478736 ^ clkbuf_3_7__f_clk/X (sky130_fd_sc_hd__clkbuf_16)
                                                         clknet_3_7__leaf_clk (net)
                      0.058324    0.000671    0.479408 ^ _653_/CLK (sky130_fd_sc_hd__dfrtp_1)
     2    0.005962    0.069232    0.341309    0.820717 ^ _653_/Q (sky130_fd_sc_hd__dfrtp_1)
                                                         net53 (net)
                      0.069232    0.000143    0.820860 ^ output53/A (sky130_fd_sc_hd__buf_2)
     1    0.034432    0.171093    0.207420    1.028280 ^ output53/X (sky130_fd_sc_hd__buf_2)
                                                         acc_out[19] (net)
                      0.171095    0.000854    1.029135 ^ acc_out[19] (out)
                                              1.029135   data arrival time

                                  0.000000    0.000000   clock clk (rise edge)
                                  0.000000    0.000000   clock network delay (propagated)
                                  0.250000    0.250000   clock uncertainty
                                  0.000000    0.250000   clock reconvergence pessimism
                                -10.000000   -9.750000   output external delay
                                             -9.750000   data required time
---------------------------------------------------------------------------------------------
                                             -9.750000   data required time
                                             -1.029135   data arrival time
---------------------------------------------------------------------------------------------
                                             10.779135   slack (MET)


Startpoint: _661_ (rising edge-triggered flip-flop clocked by clk)
Endpoint: acc_out[27] (output port clocked by clk)
Path Group: clk
Path Type: min

Fanout         Cap        Slew       Delay        Time   Description
---------------------------------------------------------------------------------------------
                                  0.000000    0.000000   clock clk (rise edge)
                                  0.000000    0.000000   clock source latency
     1    0.027714    0.130121    0.090093    0.090093 ^ clk (in)
                                                         clk (net)
                      0.130131    0.000000    0.090093 ^ clkbuf_0_clk/A (sky130_fd_sc_hd__clkbuf_16)
     8    0.102463    0.118732    0.216823    0.306916 ^ clkbuf_0_clk/X (sky130_fd_sc_hd__clkbuf_16)
                                                         clknet_0_clk (net)
                      0.119179    0.005504    0.312421 ^ clkbuf_3_5__f_clk/A (sky130_fd_sc_hd__clkbuf_16)
    15    0.042363    0.061867    0.170410    0.482830 ^ clkbuf_3_5__f_clk/X (sky130_fd_sc_hd__clkbuf_16)
                                                         clknet_3_5__leaf_clk (net)
                      0.061924    0.001617    0.484448 ^ _661_/CLK (sky130_fd_sc_hd__dfrtp_1)
     2    0.005444    0.065208    0.339167    0.823615 ^ _661_/Q (sky130_fd_sc_hd__dfrtp_1)
                                                         net62 (net)
                      0.065208    0.000124    0.823739 ^ output62/A (sky130_fd_sc_hd__buf_2)
     1    0.034443    0.171121    0.205971    1.029710 ^ output62/X (sky130_fd_sc_hd__buf_2)
                                                         acc_out[27] (net)
                      0.171122    0.000857    1.030567 ^ acc_out[27] (out)
                                              1.030567   data arrival time

                                  0.000000    0.000000   clock clk (rise edge)
                                  0.000000    0.000000   clock network delay (propagated)
                                  0.250000    0.250000   clock uncertainty
                                  0.000000    0.250000   clock reconvergence pessimism
                                -10.000000   -9.750000   output external delay
                                             -9.750000   data required time
---------------------------------------------------------------------------------------------
                                             -9.750000   data required time
                                             -1.030567   data arrival time
---------------------------------------------------------------------------------------------
                                             10.780568   slack (MET)


Startpoint: _657_ (rising edge-triggered flip-flop clocked by clk)
Endpoint: acc_out[23] (output port clocked by clk)
Path Group: clk
Path Type: min

Fanout         Cap        Slew       Delay        Time   Description
---------------------------------------------------------------------------------------------
                                  0.000000    0.000000   clock clk (rise edge)
                                  0.000000    0.000000   clock source latency
     1    0.027714    0.130121    0.090093    0.090093 ^ clk (in)
                                                         clk (net)
                      0.130131    0.000000    0.090093 ^ clkbuf_0_clk/A (sky130_fd_sc_hd__clkbuf_16)
     8    0.102463    0.118732    0.216823    0.306916 ^ clkbuf_0_clk/X (sky130_fd_sc_hd__clkbuf_16)
                                                         clknet_0_clk (net)
                      0.119111    0.005022    0.311938 ^ clkbuf_3_4__f_clk/A (sky130_fd_sc_hd__clkbuf_16)
    12    0.040426    0.060220    0.168731    0.480669 ^ clkbuf_3_4__f_clk/X (sky130_fd_sc_hd__clkbuf_16)
                                                         clknet_3_4__leaf_clk (net)
                      0.060222    0.000754    0.481423 ^ _657_/CLK (sky130_fd_sc_hd__dfrtp_1)
     2    0.005848    0.068346    0.341237    0.822660 ^ _657_/Q (sky130_fd_sc_hd__dfrtp_1)
                                                         net58 (net)
                      0.068346    0.000126    0.822786 ^ output58/A (sky130_fd_sc_hd__buf_2)
     1    0.034584    0.171810    0.207564    1.030350 ^ output58/X (sky130_fd_sc_hd__buf_2)
                                                         acc_out[23] (net)
                      0.171812    0.000909    1.031259 ^ acc_out[23] (out)
                                              1.031259   data arrival time

                                  0.000000    0.000000   clock clk (rise edge)
                                  0.000000    0.000000   clock network delay (propagated)
                                  0.250000    0.250000   clock uncertainty
                                  0.000000    0.250000   clock reconvergence pessimism
                                -10.000000   -9.750000   output external delay
                                             -9.750000   data required time
---------------------------------------------------------------------------------------------
                                             -9.750000   data required time
                                             -1.031259   data arrival time
---------------------------------------------------------------------------------------------
                                             10.781259   slack (MET)


Startpoint: _659_ (rising edge-triggered flip-flop clocked by clk)
Endpoint: acc_out[25] (output port clocked by clk)
Path Group: clk
Path Type: min

Fanout         Cap        Slew       Delay        Time   Description
---------------------------------------------------------------------------------------------
                                  0.000000    0.000000   clock clk (rise edge)
                                  0.000000    0.000000   clock source latency
     1    0.027714    0.130121    0.090093    0.090093 ^ clk (in)
                                                         clk (net)
                      0.130131    0.000000    0.090093 ^ clkbuf_0_clk/A (sky130_fd_sc_hd__clkbuf_16)
     8    0.102463    0.118732    0.216823    0.306916 ^ clkbuf_0_clk/X (sky130_fd_sc_hd__clkbuf_16)
                                                         clknet_0_clk (net)
                      0.119111    0.005022    0.311938 ^ clkbuf_3_4__f_clk/A (sky130_fd_sc_hd__clkbuf_16)
    12    0.040426    0.060220    0.168731    0.480669 ^ clkbuf_3_4__f_clk/X (sky130_fd_sc_hd__clkbuf_16)
                                                         clknet_3_4__leaf_clk (net)
                      0.060254    0.001340    0.482009 ^ _659_/CLK (sky130_fd_sc_hd__dfrtp_1)
     2    0.006104    0.070347    0.342986    0.824995 ^ _659_/Q (sky130_fd_sc_hd__dfrtp_1)
                                                         net60 (net)
                      0.070347    0.000160    0.825155 ^ output60/A (sky130_fd_sc_hd__buf_2)
     1    0.034712    0.172427    0.208690    1.033845 ^ output60/X (sky130_fd_sc_hd__buf_2)
                                                         acc_out[25] (net)
                      0.172430    0.000961    1.034806 ^ acc_out[25] (out)
                                              1.034806   data arrival time

                                  0.000000    0.000000   clock clk (rise edge)
                                  0.000000    0.000000   clock network delay (propagated)
                                  0.250000    0.250000   clock uncertainty
                                  0.000000    0.250000   clock reconvergence pessimism
                                -10.000000   -9.750000   output external delay
                                             -9.750000   data required time
---------------------------------------------------------------------------------------------
                                             -9.750000   data required time
                                             -1.034806   data arrival time
---------------------------------------------------------------------------------------------
                                             10.784806   slack (MET)


Startpoint: _655_ (rising edge-triggered flip-flop clocked by clk)
Endpoint: acc_out[21] (output port clocked by clk)
Path Group: clk
Path Type: min

Fanout         Cap        Slew       Delay        Time   Description
---------------------------------------------------------------------------------------------
                                  0.000000    0.000000   clock clk (rise edge)
                                  0.000000    0.000000   clock source latency
     1    0.027714    0.130121    0.090093    0.090093 ^ clk (in)
                                                         clk (net)
                      0.130131    0.000000    0.090093 ^ clkbuf_0_clk/A (sky130_fd_sc_hd__clkbuf_16)
     8    0.102463    0.118732    0.216823    0.306916 ^ clkbuf_0_clk/X (sky130_fd_sc_hd__clkbuf_16)
                                                         clknet_0_clk (net)
                      0.119111    0.005022    0.311938 ^ clkbuf_3_4__f_clk/A (sky130_fd_sc_hd__clkbuf_16)
    12    0.040426    0.060220    0.168731    0.480669 ^ clkbuf_3_4__f_clk/X (sky130_fd_sc_hd__clkbuf_16)
                                                         clknet_3_4__leaf_clk (net)
                      0.060309    0.001968    0.482638 ^ _655_/CLK (sky130_fd_sc_hd__dfrtp_1)
     2    0.006111    0.070412    0.343020    0.825658 ^ _655_/Q (sky130_fd_sc_hd__dfrtp_1)
                                                         net56 (net)
                      0.070412    0.000199    0.825856 ^ output56/A (sky130_fd_sc_hd__buf_2)
     1    0.034638    0.172073    0.208485    1.034342 ^ output56/X (sky130_fd_sc_hd__buf_2)
                                                         acc_out[21] (net)
                      0.172076    0.000932    1.035274 ^ acc_out[21] (out)
                                              1.035274   data arrival time

                                  0.000000    0.000000   clock clk (rise edge)
                                  0.000000    0.000000   clock network delay (propagated)
                                  0.250000    0.250000   clock uncertainty
                                  0.000000    0.250000   clock reconvergence pessimism
                                -10.000000   -9.750000   output external delay
                                             -9.750000   data required time
---------------------------------------------------------------------------------------------
                                             -9.750000   data required time
                                             -1.035274   data arrival time
---------------------------------------------------------------------------------------------
                                             10.785274   slack (MET)


Startpoint: _654_ (rising edge-triggered flip-flop clocked by clk)
Endpoint: acc_out[20] (output port clocked by clk)
Path Group: clk
Path Type: min

Fanout         Cap        Slew       Delay        Time   Description
---------------------------------------------------------------------------------------------
                                  0.000000    0.000000   clock clk (rise edge)
                                  0.000000    0.000000   clock source latency
     1    0.027714    0.130121    0.090093    0.090093 ^ clk (in)
                                                         clk (net)
                      0.130131    0.000000    0.090093 ^ clkbuf_0_clk/A (sky130_fd_sc_hd__clkbuf_16)
     8    0.102463    0.118732    0.216823    0.306916 ^ clkbuf_0_clk/X (sky130_fd_sc_hd__clkbuf_16)
                                                         clknet_0_clk (net)
                      0.119111    0.005022    0.311938 ^ clkbuf_3_4__f_clk/A (sky130_fd_sc_hd__clkbuf_16)
    12    0.040426    0.060220    0.168731    0.480669 ^ clkbuf_3_4__f_clk/X (sky130_fd_sc_hd__clkbuf_16)
                                                         clknet_3_4__leaf_clk (net)
                      0.060311    0.001982    0.482652 ^ _654_/CLK (sky130_fd_sc_hd__dfrtp_1)
     2    0.006185    0.070984    0.343559    0.826211 ^ _654_/Q (sky130_fd_sc_hd__dfrtp_1)
                                                         net55 (net)
                      0.070984    0.000163    0.826374 ^ output55/A (sky130_fd_sc_hd__buf_2)
     1    0.034441    0.171146    0.208090    1.034464 ^ output55/X (sky130_fd_sc_hd__buf_2)
                                                         acc_out[20] (net)
                      0.171148    0.000860    1.035324 ^ acc_out[20] (out)
                                              1.035324   data arrival time

                                  0.000000    0.000000   clock clk (rise edge)
                                  0.000000    0.000000   clock network delay (propagated)
                                  0.250000    0.250000   clock uncertainty
                                  0.000000    0.250000   clock reconvergence pessimism
                                -10.000000   -9.750000   output external delay
                                             -9.750000   data required time
---------------------------------------------------------------------------------------------
                                             -9.750000   data required time
                                             -1.035324   data arrival time
---------------------------------------------------------------------------------------------
                                             10.785325   slack (MET)


Startpoint: _665_ (rising edge-triggered flip-flop clocked by clk)
Endpoint: acc_out[31] (output port clocked by clk)
Path Group: clk
Path Type: min

Fanout         Cap        Slew       Delay        Time   Description
---------------------------------------------------------------------------------------------
                                  0.000000    0.000000   clock clk (rise edge)
                                  0.000000    0.000000   clock source latency
     1    0.027714    0.130121    0.090093    0.090093 ^ clk (in)
                                                         clk (net)
                      0.130131    0.000000    0.090093 ^ clkbuf_0_clk/A (sky130_fd_sc_hd__clkbuf_16)
     8    0.102463    0.118732    0.216823    0.306916 ^ clkbuf_0_clk/X (sky130_fd_sc_hd__clkbuf_16)
                                                         clknet_0_clk (net)
                      0.119179    0.005504    0.312421 ^ clkbuf_3_5__f_clk/A (sky130_fd_sc_hd__clkbuf_16)
    15    0.042363    0.061867    0.170410    0.482830 ^ clkbuf_3_5__f_clk/X (sky130_fd_sc_hd__clkbuf_16)
                                                         clknet_3_5__leaf_clk (net)
                      0.061942    0.001837    0.484668 ^ _665_/CLK (sky130_fd_sc_hd__dfrtp_1)
     2    0.005889    0.068674    0.342137    0.826805 ^ _665_/Q (sky130_fd_sc_hd__dfrtp_1)
                                                         net67 (net)
                      0.068674    0.000192    0.826997 ^ output67/A (sky130_fd_sc_hd__buf_2)
     1    0.034590    0.171841    0.207696    1.034693 ^ output67/X (sky130_fd_sc_hd__buf_2)
                                                         acc_out[31] (net)
                      0.171843    0.000918    1.035612 ^ acc_out[31] (out)
                                              1.035612   data arrival time

                                  0.000000    0.000000   clock clk (rise edge)
                                  0.000000    0.000000   clock network delay (propagated)
                                  0.250000    0.250000   clock uncertainty
                                  0.000000    0.250000   clock reconvergence pessimism
                                -10.000000   -9.750000   output external delay
                                             -9.750000   data required time
---------------------------------------------------------------------------------------------
                                             -9.750000   data required time
                                             -1.035612   data arrival time
---------------------------------------------------------------------------------------------
                                             10.785612   slack (MET)


Startpoint: _663_ (rising edge-triggered flip-flop clocked by clk)
Endpoint: acc_out[29] (output port clocked by clk)
Path Group: clk
Path Type: min

Fanout         Cap        Slew       Delay        Time   Description
---------------------------------------------------------------------------------------------
                                  0.000000    0.000000   clock clk (rise edge)
                                  0.000000    0.000000   clock source latency
     1    0.027714    0.130121    0.090093    0.090093 ^ clk (in)
                                                         clk (net)
                      0.130131    0.000000    0.090093 ^ clkbuf_0_clk/A (sky130_fd_sc_hd__clkbuf_16)
     8    0.102463    0.118732    0.216823    0.306916 ^ clkbuf_0_clk/X (sky130_fd_sc_hd__clkbuf_16)
                                                         clknet_0_clk (net)
                      0.119179    0.005504    0.312421 ^ clkbuf_3_5__f_clk/A (sky130_fd_sc_hd__clkbuf_16)
    15    0.042363    0.061867    0.170410    0.482830 ^ clkbuf_3_5__f_clk/X (sky130_fd_sc_hd__clkbuf_16)
                                                         clknet_3_5__leaf_clk (net)
                      0.061934    0.001746    0.484576 ^ _663_/CLK (sky130_fd_sc_hd__dfrtp_1)
     2    0.006049    0.069927    0.343211    0.827787 ^ _663_/Q (sky130_fd_sc_hd__dfrtp_1)
                                                         net64 (net)
                      0.069927    0.000196    0.827983 ^ output64/A (sky130_fd_sc_hd__buf_2)
     1    0.034429    0.171082    0.207665    1.035648 ^ output64/X (sky130_fd_sc_hd__buf_2)
                                                         acc_out[29] (net)
                      0.171084    0.000855    1.036503 ^ acc_out[29] (out)
                                              1.036503   data arrival time

                                  0.000000    0.000000   clock clk (rise edge)
                                  0.000000    0.000000   clock network delay (propagated)
                                  0.250000    0.250000   clock uncertainty
                                  0.000000    0.250000   clock reconvergence pessimism
                                -10.000000   -9.750000   output external delay
                                             -9.750000   data required time
---------------------------------------------------------------------------------------------
                                             -9.750000   data required time
                                             -1.036503   data arrival time
---------------------------------------------------------------------------------------------
                                             10.786503   slack (MET)


Startpoint: _664_ (rising edge-triggered flip-flop clocked by clk)
Endpoint: acc_out[30] (output port clocked by clk)
Path Group: clk
Path Type: min

Fanout         Cap        Slew       Delay        Time   Description
---------------------------------------------------------------------------------------------
                                  0.000000    0.000000   clock clk (rise edge)
                                  0.000000    0.000000   clock source latency
     1    0.027714    0.130121    0.090093    0.090093 ^ clk (in)
                                                         clk (net)
                      0.130131    0.000000    0.090093 ^ clkbuf_0_clk/A (sky130_fd_sc_hd__clkbuf_16)
     8    0.102463    0.118732    0.216823    0.306916 ^ clkbuf_0_clk/X (sky130_fd_sc_hd__clkbuf_16)
                                                         clknet_0_clk (net)
                      0.119179    0.005504    0.312421 ^ clkbuf_3_5__f_clk/A (sky130_fd_sc_hd__clkbuf_16)
    15    0.042363    0.061867    0.170410    0.482830 ^ clkbuf_3_5__f_clk/X (sky130_fd_sc_hd__clkbuf_16)
                                                         clknet_3_5__leaf_clk (net)
                      0.061942    0.001837    0.484668 ^ _664_/CLK (sky130_fd_sc_hd__dfrtp_1)
     2    0.006104    0.070351    0.343605    0.828273 ^ _664_/Q (sky130_fd_sc_hd__dfrtp_1)
                                                         net66 (net)
                      0.070351    0.000173    0.828445 ^ output66/A (sky130_fd_sc_hd__buf_2)
     1    0.034742    0.172567    0.208781    1.037226 ^ output66/X (sky130_fd_sc_hd__buf_2)
                                                         acc_out[30] (net)
                      0.172570    0.000973    1.038199 ^ acc_out[30] (out)
                                              1.038199   data arrival time

                                  0.000000    0.000000   clock clk (rise edge)
                                  0.000000    0.000000   clock network delay (propagated)
                                  0.250000    0.250000   clock uncertainty
                                  0.000000    0.250000   clock reconvergence pessimism
                                -10.000000   -9.750000   output external delay
                                             -9.750000   data required time
---------------------------------------------------------------------------------------------
                                             -9.750000   data required time
                                             -1.038199   data arrival time
---------------------------------------------------------------------------------------------
                                             10.788199   slack (MET)


Startpoint: _662_ (rising edge-triggered flip-flop clocked by clk)
Endpoint: acc_out[28] (output port clocked by clk)
Path Group: clk
Path Type: min

Fanout         Cap        Slew       Delay        Time   Description
---------------------------------------------------------------------------------------------
                                  0.000000    0.000000   clock clk (rise edge)
                                  0.000000    0.000000   clock source latency
     1    0.027714    0.130121    0.090093    0.090093 ^ clk (in)
                                                         clk (net)
                      0.130131    0.000000    0.090093 ^ clkbuf_0_clk/A (sky130_fd_sc_hd__clkbuf_16)
     8    0.102463    0.118732    0.216823    0.306916 ^ clkbuf_0_clk/X (sky130_fd_sc_hd__clkbuf_16)
                                                         clknet_0_clk (net)
                      0.119179    0.005504    0.312421 ^ clkbuf_3_5__f_clk/A (sky130_fd_sc_hd__clkbuf_16)
    15    0.042363    0.061867    0.170410    0.482830 ^ clkbuf_3_5__f_clk/X (sky130_fd_sc_hd__clkbuf_16)
                                                         clknet_3_5__leaf_clk (net)
                      0.061930    0.001693    0.484524 ^ _662_/CLK (sky130_fd_sc_hd__dfrtp_1)
     2    0.006085    0.070200    0.343489    0.828013 ^ _662_/Q (sky130_fd_sc_hd__dfrtp_1)
                                                         net63 (net)
                      0.070200    0.000152    0.828165 ^ output63/A (sky130_fd_sc_hd__buf_2)
     1    0.035345    0.175420    0.210572    1.038737 ^ output63/X (sky130_fd_sc_hd__buf_2)
                                                         acc_out[28] (net)
                      0.175481    0.001203    1.039940 ^ acc_out[28] (out)
                                              1.039940   data arrival time

                                  0.000000    0.000000   clock clk (rise edge)
                                  0.000000    0.000000   clock network delay (propagated)
                                  0.250000    0.250000   clock uncertainty
                                  0.000000    0.250000   clock reconvergence pessimism
                                -10.000000   -9.750000   output external delay
                                             -9.750000   data required time
---------------------------------------------------------------------------------------------
                                             -9.750000   data required time
                                             -1.039940   data arrival time
---------------------------------------------------------------------------------------------
                                             10.789941   slack (MET)


Startpoint: _649_ (rising edge-triggered flip-flop clocked by clk)
Endpoint: acc_out[15] (output port clocked by clk)
Path Group: clk
Path Type: min

Fanout         Cap        Slew       Delay        Time   Description
---------------------------------------------------------------------------------------------
                                  0.000000    0.000000   clock clk (rise edge)
                                  0.000000    0.000000   clock source latency
     1    0.027714    0.130121    0.090093    0.090093 ^ clk (in)
                                                         clk (net)
                      0.130131    0.000000    0.090093 ^ clkbuf_0_clk/A (sky130_fd_sc_hd__clkbuf_16)
     8    0.102463    0.118732    0.216823    0.306916 ^ clkbuf_0_clk/X (sky130_fd_sc_hd__clkbuf_16)
                                                         clknet_0_clk (net)
                      0.118906    0.003070    0.309986 ^ clkbuf_3_6__f_clk/A (sky130_fd_sc_hd__clkbuf_16)
    12    0.039391    0.059250    0.168326    0.478312 ^ clkbuf_3_6__f_clk/X (sky130_fd_sc_hd__clkbuf_16)
                                                         clknet_3_6__leaf_clk (net)
                      0.059258    0.000664    0.478977 ^ _649_/CLK (sky130_fd_sc_hd__dfrtp_1)
     2    0.007169    0.078752    0.349799    0.828776 ^ _649_/Q (sky130_fd_sc_hd__dfrtp_1)
                                                         net49 (net)
                      0.078752    0.000141    0.828917 ^ output49/A (sky130_fd_sc_hd__buf_2)
     1    0.035348    0.175484    0.213734    1.042651 ^ output49/X (sky130_fd_sc_hd__buf_2)
                                                         acc_out[15] (net)
                      0.175490    0.001203    1.043854 ^ acc_out[15] (out)
                                              1.043854   data arrival time

                                  0.000000    0.000000   clock clk (rise edge)
                                  0.000000    0.000000   clock network delay (propagated)
                                  0.250000    0.250000   clock uncertainty
                                  0.000000    0.250000   clock reconvergence pessimism
                                -10.000000   -9.750000   output external delay
                                             -9.750000   data required time
---------------------------------------------------------------------------------------------
                                             -9.750000   data required time
                                             -1.043854   data arrival time
---------------------------------------------------------------------------------------------
                                             10.793854   slack (MET)


Startpoint: _645_ (rising edge-triggered flip-flop clocked by clk)
Endpoint: acc_out[11] (output port clocked by clk)
Path Group: clk
Path Type: min

Fanout         Cap        Slew       Delay        Time   Description
---------------------------------------------------------------------------------------------
                                  0.000000    0.000000   clock clk (rise edge)
                                  0.000000    0.000000   clock source latency
     1    0.027714    0.130121    0.090093    0.090093 ^ clk (in)
                                                         clk (net)
                      0.130131    0.000000    0.090093 ^ clkbuf_0_clk/A (sky130_fd_sc_hd__clkbuf_16)
     8    0.102463    0.118732    0.216823    0.306916 ^ clkbuf_0_clk/X (sky130_fd_sc_hd__clkbuf_16)
                                                         clknet_0_clk (net)
                      0.118903    0.003033    0.309950 ^ clkbuf_3_1__f_clk/A (sky130_fd_sc_hd__clkbuf_16)
     9    0.036629    0.056770    0.166190    0.476139 ^ clkbuf_3_1__f_clk/X (sky130_fd_sc_hd__clkbuf_16)
                                                         clknet_3_1__leaf_clk (net)
                      0.056781    0.000652    0.476792 ^ _645_/CLK (sky130_fd_sc_hd__dfrtp_1)
     2    0.008158    0.086662    0.355513    0.832305 ^ _645_/Q (sky130_fd_sc_hd__dfrtp_1)
                                                         net45 (net)
                      0.086662    0.000228    0.832533 ^ output45/A (sky130_fd_sc_hd__buf_2)
     1    0.034712    0.172522    0.214702    1.047235 ^ output45/X (sky130_fd_sc_hd__buf_2)
                                                         acc_out[11] (net)
                      0.172525    0.000961    1.048196 ^ acc_out[11] (out)
                                              1.048196   data arrival time

                                  0.000000    0.000000   clock clk (rise edge)
                                  0.000000    0.000000   clock network delay (propagated)
                                  0.250000    0.250000   clock uncertainty
                                  0.000000    0.250000   clock reconvergence pessimism
                                -10.000000   -9.750000   output external delay
                                             -9.750000   data required time
---------------------------------------------------------------------------------------------
                                             -9.750000   data required time
                                             -1.048196   data arrival time
---------------------------------------------------------------------------------------------
                                             10.798197   slack (MET)


Startpoint: _643_ (rising edge-triggered flip-flop clocked by clk)
Endpoint: acc_out[9] (output port clocked by clk)
Path Group: clk
Path Type: min

Fanout         Cap        Slew       Delay        Time   Description
---------------------------------------------------------------------------------------------
                                  0.000000    0.000000   clock clk (rise edge)
                                  0.000000    0.000000   clock source latency
     1    0.027714    0.130121    0.090093    0.090093 ^ clk (in)
                                                         clk (net)
                      0.130131    0.000000    0.090093 ^ clkbuf_0_clk/A (sky130_fd_sc_hd__clkbuf_16)
     8    0.102463    0.118732    0.216823    0.306916 ^ clkbuf_0_clk/X (sky130_fd_sc_hd__clkbuf_16)
                                                         clknet_0_clk (net)
                      0.118918    0.003216    0.310133 ^ clkbuf_3_0__f_clk/A (sky130_fd_sc_hd__clkbuf_16)
     7    0.037478    0.057556    0.166929    0.477062 ^ clkbuf_3_0__f_clk/X (sky130_fd_sc_hd__clkbuf_16)
                                                         clknet_3_0__leaf_clk (net)
                      0.057566    0.000718    0.477780 ^ _643_/CLK (sky130_fd_sc_hd__dfrtp_1)
     2    0.008091    0.086123    0.355357    0.833138 ^ _643_/Q (sky130_fd_sc_hd__dfrtp_1)
                                                         net74 (net)
                      0.086123    0.000251    0.833389 ^ output74/A (sky130_fd_sc_hd__buf_2)
     1    0.034740    0.172650    0.214583    1.047972 ^ output74/X (sky130_fd_sc_hd__buf_2)
                                                         acc_out[9] (net)
                      0.172653    0.000977    1.048949 ^ acc_out[9] (out)
                                              1.048949   data arrival time

                                  0.000000    0.000000   clock clk (rise edge)
                                  0.000000    0.000000   clock network delay (propagated)
                                  0.250000    0.250000   clock uncertainty
                                  0.000000    0.250000   clock reconvergence pessimism
                                -10.000000   -9.750000   output external delay
                                             -9.750000   data required time
---------------------------------------------------------------------------------------------
                                             -9.750000   data required time
                                             -1.048949   data arrival time
---------------------------------------------------------------------------------------------
                                             10.798948   slack (MET)


Startpoint: _642_ (rising edge-triggered flip-flop clocked by clk)
Endpoint: acc_out[8] (output port clocked by clk)
Path Group: clk
Path Type: min

Fanout         Cap        Slew       Delay        Time   Description
---------------------------------------------------------------------------------------------
                                  0.000000    0.000000   clock clk (rise edge)
                                  0.000000    0.000000   clock source latency
     1    0.027714    0.130121    0.090093    0.090093 ^ clk (in)
                                                         clk (net)
                      0.130131    0.000000    0.090093 ^ clkbuf_0_clk/A (sky130_fd_sc_hd__clkbuf_16)
     8    0.102463    0.118732    0.216823    0.306916 ^ clkbuf_0_clk/X (sky130_fd_sc_hd__clkbuf_16)
                                                         clknet_0_clk (net)
                      0.118918    0.003216    0.310133 ^ clkbuf_3_0__f_clk/A (sky130_fd_sc_hd__clkbuf_16)
     7    0.037478    0.057556    0.166929    0.477062 ^ clkbuf_3_0__f_clk/X (sky130_fd_sc_hd__clkbuf_16)
                                                         clknet_3_0__leaf_clk (net)
                      0.057565    0.000698    0.477760 ^ _642_/CLK (sky130_fd_sc_hd__dfrtp_1)
     2    0.008274    0.087595    0.356576    0.834337 ^ _642_/Q (sky130_fd_sc_hd__dfrtp_1)
                                                         net73 (net)
                      0.087595    0.000215    0.834551 ^ output73/A (sky130_fd_sc_hd__buf_2)
     1    0.034563    0.171819    0.214589    1.049140 ^ output73/X (sky130_fd_sc_hd__buf_2)
                                                         acc_out[8] (net)
                      0.171821    0.000903    1.050043 ^ acc_out[8] (out)
                                              1.050043   data arrival time

                                  0.000000    0.000000   clock clk (rise edge)
                                  0.000000    0.000000   clock network delay (propagated)
                                  0.250000    0.250000   clock uncertainty
                                  0.000000    0.250000   clock reconvergence pessimism
                                -10.000000   -9.750000   output external delay
                                             -9.750000   data required time
---------------------------------------------------------------------------------------------
                                             -9.750000   data required time
                                             -1.050043   data arrival time
---------------------------------------------------------------------------------------------
                                             10.800043   slack (MET)


Startpoint: _656_ (rising edge-triggered flip-flop clocked by clk)
Endpoint: acc_out[22] (output port clocked by clk)
Path Group: clk
Path Type: min

Fanout         Cap        Slew       Delay        Time   Description
---------------------------------------------------------------------------------------------
                                  0.000000    0.000000   clock clk (rise edge)
                                  0.000000    0.000000   clock source latency
     1    0.027714    0.130121    0.090093    0.090093 ^ clk (in)
                                                         clk (net)
                      0.130131    0.000000    0.090093 ^ clkbuf_0_clk/A (sky130_fd_sc_hd__clkbuf_16)
     8    0.102463    0.118732    0.216823    0.306916 ^ clkbuf_0_clk/X (sky130_fd_sc_hd__clkbuf_16)
                                                         clknet_0_clk (net)
                      0.119111    0.005022    0.311938 ^ clkbuf_3_4__f_clk/A (sky130_fd_sc_hd__clkbuf_16)
    12    0.040426    0.060220    0.168731    0.480669 ^ clkbuf_3_4__f_clk/X (sky130_fd_sc_hd__clkbuf_16)
                                                         clknet_3_4__leaf_clk (net)
                      0.060293    0.001801    0.482471 ^ _656_/CLK (sky130_fd_sc_hd__dfrtp_1)
     2    0.007397    0.080573    0.351706    0.834176 ^ _656_/Q (sky130_fd_sc_hd__dfrtp_1)
                                                         net57 (net)
                      0.080573    0.000226    0.834403 ^ output57/A (sky130_fd_sc_hd__buf_2)
     1    0.035634    0.176845    0.215283    1.049686 ^ output57/X (sky130_fd_sc_hd__buf_2)
                                                         acc_out[22] (net)
                      0.176909    0.001307    1.050993 ^ acc_out[22] (out)
                                              1.050993   data arrival time

                                  0.000000    0.000000   clock clk (rise edge)
                                  0.000000    0.000000   clock network delay (propagated)
                                  0.250000    0.250000   clock uncertainty
                                  0.000000    0.250000   clock reconvergence pessimism
                                -10.000000   -9.750000   output external delay
                                             -9.750000   data required time
---------------------------------------------------------------------------------------------
                                             -9.750000   data required time
                                             -1.050993   data arrival time
---------------------------------------------------------------------------------------------
                                             10.800993   slack (MET)


Startpoint: _650_ (rising edge-triggered flip-flop clocked by clk)
Endpoint: acc_out[16] (output port clocked by clk)
Path Group: clk
Path Type: min

Fanout         Cap        Slew       Delay        Time   Description
---------------------------------------------------------------------------------------------
                                  0.000000    0.000000   clock clk (rise edge)
                                  0.000000    0.000000   clock source latency
     1    0.027714    0.130121    0.090093    0.090093 ^ clk (in)
                                                         clk (net)
                      0.130131    0.000000    0.090093 ^ clkbuf_0_clk/A (sky130_fd_sc_hd__clkbuf_16)
     8    0.102463    0.118732    0.216823    0.306916 ^ clkbuf_0_clk/X (sky130_fd_sc_hd__clkbuf_16)
                                                         clknet_0_clk (net)
                      0.118906    0.003070    0.309986 ^ clkbuf_3_6__f_clk/A (sky130_fd_sc_hd__clkbuf_16)
    12    0.039391    0.059250    0.168326    0.478312 ^ clkbuf_3_6__f_clk/X (sky130_fd_sc_hd__clkbuf_16)
                                                         clknet_3_6__leaf_clk (net)
                      0.059259    0.000704    0.479017 ^ _650_/CLK (sky130_fd_sc_hd__dfrtp_1)
     2    0.008264    0.087535    0.357100    0.836116 ^ _650_/Q (sky130_fd_sc_hd__dfrtp_1)
                                                         net50 (net)
                      0.087535    0.000282    0.836398 ^ output50/A (sky130_fd_sc_hd__buf_2)
     1    0.034516    0.171596    0.214418    1.050816 ^ output50/X (sky130_fd_sc_hd__buf_2)
                                                         acc_out[16] (net)
                      0.171598    0.000889    1.051705 ^ acc_out[16] (out)
                                              1.051705   data arrival time

                                  0.000000    0.000000   clock clk (rise edge)
                                  0.000000    0.000000   clock network delay (propagated)
                                  0.250000    0.250000   clock uncertainty
                                  0.000000    0.250000   clock reconvergence pessimism
                                -10.000000   -9.750000   output external delay
                                             -9.750000   data required time
---------------------------------------------------------------------------------------------
                                             -9.750000   data required time
                                             -1.051705   data arrival time
---------------------------------------------------------------------------------------------
                                             10.801705   slack (MET)


Startpoint: _652_ (rising edge-triggered flip-flop clocked by clk)
Endpoint: acc_out[18] (output port clocked by clk)
Path Group: clk
Path Type: min

Fanout         Cap        Slew       Delay        Time   Description
---------------------------------------------------------------------------------------------
                                  0.000000    0.000000   clock clk (rise edge)
                                  0.000000    0.000000   clock source latency
     1    0.027714    0.130121    0.090093    0.090093 ^ clk (in)
                                                         clk (net)
                      0.130131    0.000000    0.090093 ^ clkbuf_0_clk/A (sky130_fd_sc_hd__clkbuf_16)
     8    0.102463    0.118732    0.216823    0.306916 ^ clkbuf_0_clk/X (sky130_fd_sc_hd__clkbuf_16)
                                                         clknet_0_clk (net)
                      0.119016    0.004233    0.311149 ^ clkbuf_3_7__f_clk/A (sky130_fd_sc_hd__clkbuf_16)
     7    0.038339    0.058316    0.167587    0.478736 ^ clkbuf_3_7__f_clk/X (sky130_fd_sc_hd__clkbuf_16)
                                                         clknet_3_7__leaf_clk (net)
                      0.058325    0.000701    0.479437 ^ _652_/CLK (sky130_fd_sc_hd__dfrtp_1)
     2    0.006621    0.056616    0.379295    0.858732 v _652_/Q (sky130_fd_sc_hd__dfrtp_1)
                                                         net52 (net)
                      0.056616    0.000201    0.858933 v max_cap538/A (sky130_fd_sc_hd__clkbuf_1)
     2    0.005052    0.038336    0.103224    0.962156 v max_cap538/X (sky130_fd_sc_hd__clkbuf_1)
                                                         net538 (net)
                      0.038336    0.000144    0.962301 v output52/A (sky130_fd_sc_hd__buf_2)
     1    0.034665    0.090543    0.177739    1.140040 v output52/X (sky130_fd_sc_hd__buf_2)
                                                         acc_out[18] (net)
                      0.090553    0.000947    1.140986 v acc_out[18] (out)
                                              1.140986   data arrival time

                                  0.000000    0.000000   clock clk (rise edge)
                                  0.000000    0.000000   clock network delay (propagated)
                                  0.250000    0.250000   clock uncertainty
                                  0.000000    0.250000   clock reconvergence pessimism
                                -10.000000   -9.750000   output external delay
                                             -9.750000   data required time
---------------------------------------------------------------------------------------------
                                             -9.750000   data required time
                                             -1.140986   data arrival time
---------------------------------------------------------------------------------------------
                                             10.890986   slack (MET)


Startpoint: _658_ (rising edge-triggered flip-flop clocked by clk)
Endpoint: acc_out[24] (output port clocked by clk)
Path Group: clk
Path Type: min

Fanout         Cap        Slew       Delay        Time   Description
---------------------------------------------------------------------------------------------
                                  0.000000    0.000000   clock clk (rise edge)
                                  0.000000    0.000000   clock source latency
     1    0.027714    0.130121    0.090093    0.090093 ^ clk (in)
                                                         clk (net)
                      0.130131    0.000000    0.090093 ^ clkbuf_0_clk/A (sky130_fd_sc_hd__clkbuf_16)
     8    0.102463    0.118732    0.216823    0.306916 ^ clkbuf_0_clk/X (sky130_fd_sc_hd__clkbuf_16)
                                                         clknet_0_clk (net)
                      0.119111    0.005022    0.311938 ^ clkbuf_3_4__f_clk/A (sky130_fd_sc_hd__clkbuf_16)
    12    0.040426    0.060220    0.168731    0.480669 ^ clkbuf_3_4__f_clk/X (sky130_fd_sc_hd__clkbuf_16)
                                                         clknet_3_4__leaf_clk (net)
                      0.060253    0.001319    0.481989 ^ _658_/CLK (sky130_fd_sc_hd__dfrtp_1)
     2    0.006572    0.056370    0.379770    0.861759 v _658_/Q (sky130_fd_sc_hd__dfrtp_1)
                                                         net59 (net)
                      0.056370    0.000113    0.861872 v max_cap532/A (sky130_fd_sc_hd__clkbuf_1)
     2    0.005706    0.041853    0.106117    0.967989 v max_cap532/X (sky130_fd_sc_hd__clkbuf_1)
                                                         net532 (net)
                      0.041853    0.000169    0.968158 v output59/A (sky130_fd_sc_hd__buf_2)
     1    0.035348    0.092089    0.180333    1.148491 v output59/X (sky130_fd_sc_hd__buf_2)
                                                         acc_out[24] (net)
                      0.092106    0.001202    1.149693 v acc_out[24] (out)
                                              1.149693   data arrival time

                                  0.000000    0.000000   clock clk (rise edge)
                                  0.000000    0.000000   clock network delay (propagated)
                                  0.250000    0.250000   clock uncertainty
                                  0.000000    0.250000   clock reconvergence pessimism
                                -10.000000   -9.750000   output external delay
                                             -9.750000   data required time
---------------------------------------------------------------------------------------------
                                             -9.750000   data required time
                                             -1.149693   data arrival time
---------------------------------------------------------------------------------------------
                                             10.899693   slack (MET)


Startpoint: _651_ (rising edge-triggered flip-flop clocked by clk)
Endpoint: acc_out[17] (output port clocked by clk)
Path Group: clk
Path Type: min

Fanout         Cap        Slew       Delay        Time   Description
---------------------------------------------------------------------------------------------
                                  0.000000    0.000000   clock clk (rise edge)
                                  0.000000    0.000000   clock source latency
     1    0.027714    0.130121    0.090093    0.090093 ^ clk (in)
                                                         clk (net)
                      0.130131    0.000000    0.090093 ^ clkbuf_0_clk/A (sky130_fd_sc_hd__clkbuf_16)
     8    0.102463    0.118732    0.216823    0.306916 ^ clkbuf_0_clk/X (sky130_fd_sc_hd__clkbuf_16)
                                                         clknet_0_clk (net)
                      0.118906    0.003070    0.309986 ^ clkbuf_3_6__f_clk/A (sky130_fd_sc_hd__clkbuf_16)
    12    0.039391    0.059250    0.168326    0.478312 ^ clkbuf_3_6__f_clk/X (sky130_fd_sc_hd__clkbuf_16)
                                                         clknet_3_6__leaf_clk (net)
                      0.059260    0.000717    0.479029 ^ _651_/CLK (sky130_fd_sc_hd__dfrtp_1)
     2    0.007487    0.060944    0.384280    0.863309 v _651_/Q (sky130_fd_sc_hd__dfrtp_1)
                                                         net51 (net)
                      0.060944    0.000246    0.863555 v max_cap539/A (sky130_fd_sc_hd__clkbuf_1)
     2    0.005460    0.040548    0.107026    0.970581 v max_cap539/X (sky130_fd_sc_hd__clkbuf_1)
                                                         net539 (net)
                      0.040548    0.000098    0.970679 v output51/A (sky130_fd_sc_hd__buf_2)
     1    0.034590    0.090354    0.178574    1.149254 v output51/X (sky130_fd_sc_hd__buf_2)
                                                         acc_out[17] (net)
                      0.090364    0.000918    1.150172 v acc_out[17] (out)
                                              1.150172   data arrival time

                                  0.000000    0.000000   clock clk (rise edge)
                                  0.000000    0.000000   clock network delay (propagated)
                                  0.250000    0.250000   clock uncertainty
                                  0.000000    0.250000   clock reconvergence pessimism
                                -10.000000   -9.750000   output external delay
                                             -9.750000   data required time
---------------------------------------------------------------------------------------------
                                             -9.750000   data required time
                                             -1.150172   data arrival time
---------------------------------------------------------------------------------------------
                                             10.900171   slack (MET)


Startpoint: _660_ (rising edge-triggered flip-flop clocked by clk)
Endpoint: acc_out[26] (output port clocked by clk)
Path Group: clk
Path Type: min

Fanout         Cap        Slew       Delay        Time   Description
---------------------------------------------------------------------------------------------
                                  0.000000    0.000000   clock clk (rise edge)
                                  0.000000    0.000000   clock source latency
     1    0.027714    0.130121    0.090093    0.090093 ^ clk (in)
                                                         clk (net)
                      0.130131    0.000000    0.090093 ^ clkbuf_0_clk/A (sky130_fd_sc_hd__clkbuf_16)
     8    0.102463    0.118732    0.216823    0.306916 ^ clkbuf_0_clk/X (sky130_fd_sc_hd__clkbuf_16)
                                                         clknet_0_clk (net)
                      0.119179    0.005504    0.312421 ^ clkbuf_3_5__f_clk/A (sky130_fd_sc_hd__clkbuf_16)
    15    0.042363    0.061867    0.170410    0.482830 ^ clkbuf_3_5__f_clk/X (sky130_fd_sc_hd__clkbuf_16)
                                                         clknet_3_5__leaf_clk (net)
                      0.061927    0.001659    0.484489 ^ _660_/CLK (sky130_fd_sc_hd__dfrtp_1)
     2    0.006573    0.056390    0.380378    0.864867 v _660_/Q (sky130_fd_sc_hd__dfrtp_1)
                                                         net61 (net)
                      0.056390    0.000184    0.865052 v max_cap530/A (sky130_fd_sc_hd__clkbuf_1)
     2    0.005671    0.041656    0.105979    0.971030 v max_cap530/X (sky130_fd_sc_hd__clkbuf_1)
                                                         net530 (net)
                      0.041656    0.000146    0.971176 v output61/A (sky130_fd_sc_hd__buf_2)
     1    0.034590    0.090346    0.179052    1.150228 v output61/X (sky130_fd_sc_hd__buf_2)
                                                         acc_out[26] (net)
                      0.090356    0.000918    1.151146 v acc_out[26] (out)
                                              1.151146   data arrival time

                                  0.000000    0.000000   clock clk (rise edge)
                                  0.000000    0.000000   clock network delay (propagated)
                                  0.250000    0.250000   clock uncertainty
                                  0.000000    0.250000   clock reconvergence pessimism
                                -10.000000   -9.750000   output external delay
                                             -9.750000   data required time
---------------------------------------------------------------------------------------------
                                             -9.750000   data required time
                                             -1.151146   data arrival time
---------------------------------------------------------------------------------------------
                                             10.901146   slack (MET)


Startpoint: _634_ (rising edge-triggered flip-flop clocked by clk)
Endpoint: acc_out[0] (output port clocked by clk)
Path Group: clk
Path Type: min

Fanout         Cap        Slew       Delay        Time   Description
---------------------------------------------------------------------------------------------
                                  0.000000    0.000000   clock clk (rise edge)
                                  0.000000    0.000000   clock source latency
     1    0.027714    0.130121    0.090093    0.090093 ^ clk (in)
                                                         clk (net)
                      0.130131    0.000000    0.090093 ^ clkbuf_0_clk/A (sky130_fd_sc_hd__clkbuf_16)
     8    0.102463    0.118732    0.216823    0.306916 ^ clkbuf_0_clk/X (sky130_fd_sc_hd__clkbuf_16)
                                                         clknet_0_clk (net)
                      0.118948    0.003559    0.310475 ^ clkbuf_3_3__f_clk/A (sky130_fd_sc_hd__clkbuf_16)
    10    0.038054    0.058041    0.167274    0.477750 ^ clkbuf_3_3__f_clk/X (sky130_fd_sc_hd__clkbuf_16)
                                                         clknet_3_3__leaf_clk (net)
                      0.058080    0.001285    0.479035 ^ _634_/CLK (sky130_fd_sc_hd__dfrtp_1)
     2    0.007574    0.061333    0.384364    0.863399 v _634_/Q (sky130_fd_sc_hd__dfrtp_1)
                                                         net43 (net)
                      0.061333    0.000165    0.863564 v wire570/A (sky130_fd_sc_hd__clkbuf_1)
     1    0.005849    0.042666    0.108952    0.972515 v wire570/X (sky130_fd_sc_hd__clkbuf_1)
                                                         net570 (net)
                      0.042667    0.000236    0.972752 v output43/A (sky130_fd_sc_hd__buf_2)
     1    0.035684    0.092764    0.181387    1.154139 v output43/X (sky130_fd_sc_hd__buf_2)
                                                         acc_out[0] (net)
                      0.092777    0.001096    1.155235 v acc_out[0] (out)
                                              1.155235   data arrival time

                                  0.000000    0.000000   clock clk (rise edge)
                                  0.000000    0.000000   clock network delay (propagated)
                                  0.250000    0.250000   clock uncertainty
                                  0.000000    0.250000   clock reconvergence pessimism
                                -10.000000   -9.750000   output external delay
                                             -9.750000   data required time
---------------------------------------------------------------------------------------------
                                             -9.750000   data required time
                                             -1.155235   data arrival time
---------------------------------------------------------------------------------------------
                                             10.905235   slack (MET)


Startpoint: _637_ (rising edge-triggered flip-flop clocked by clk)
Endpoint: acc_out[3] (output port clocked by clk)
Path Group: clk
Path Type: min

Fanout         Cap        Slew       Delay        Time   Description
---------------------------------------------------------------------------------------------
                                  0.000000    0.000000   clock clk (rise edge)
                                  0.000000    0.000000   clock source latency
     1    0.027714    0.130121    0.090093    0.090093 ^ clk (in)
                                                         clk (net)
                      0.130131    0.000000    0.090093 ^ clkbuf_0_clk/A (sky130_fd_sc_hd__clkbuf_16)
     8    0.102463    0.118732    0.216823    0.306916 ^ clkbuf_0_clk/X (sky130_fd_sc_hd__clkbuf_16)
                                                         clknet_0_clk (net)
                      0.118948    0.003559    0.310475 ^ clkbuf_3_3__f_clk/A (sky130_fd_sc_hd__clkbuf_16)
    10    0.038054    0.058041    0.167274    0.477750 ^ clkbuf_3_3__f_clk/X (sky130_fd_sc_hd__clkbuf_16)
                                                         clknet_3_3__leaf_clk (net)
                      0.058059    0.000925    0.478675 ^ _637_/CLK (sky130_fd_sc_hd__dfrtp_1)
     2    0.007269    0.059831    0.382711    0.861386 v _637_/Q (sky130_fd_sc_hd__dfrtp_1)
                                                         net68 (net)
                      0.059831    0.000155    0.861541 v wire562/A (sky130_fd_sc_hd__buf_1)
     1    0.008873    0.058366    0.121900    0.983441 v wire562/X (sky130_fd_sc_hd__buf_1)
                                                         net562 (net)
                      0.058370    0.000518    0.983958 v output68/A (sky130_fd_sc_hd__buf_2)
     1    0.034646    0.090392    0.186476    1.170435 v output68/X (sky130_fd_sc_hd__buf_2)
                                                         acc_out[3] (net)
                      0.090402    0.000929    1.171364 v acc_out[3] (out)
                                              1.171364   data arrival time

                                  0.000000    0.000000   clock clk (rise edge)
                                  0.000000    0.000000   clock network delay (propagated)
                                  0.250000    0.250000   clock uncertainty
                                  0.000000    0.250000   clock reconvergence pessimism
                                -10.000000   -9.750000   output external delay
                                             -9.750000   data required time
---------------------------------------------------------------------------------------------
                                             -9.750000   data required time
                                             -1.171364   data arrival time
---------------------------------------------------------------------------------------------
                                             10.921365   slack (MET)


Startpoint: _640_ (rising edge-triggered flip-flop clocked by clk)
Endpoint: acc_out[6] (output port clocked by clk)
Path Group: clk
Path Type: min

Fanout         Cap        Slew       Delay        Time   Description
---------------------------------------------------------------------------------------------
                                  0.000000    0.000000   clock clk (rise edge)
                                  0.000000    0.000000   clock source latency
     1    0.027714    0.130121    0.090093    0.090093 ^ clk (in)
                                                         clk (net)
                      0.130131    0.000000    0.090093 ^ clkbuf_0_clk/A (sky130_fd_sc_hd__clkbuf_16)
     8    0.102463    0.118732    0.216823    0.306916 ^ clkbuf_0_clk/X (sky130_fd_sc_hd__clkbuf_16)
                                                         clknet_0_clk (net)
                      0.118948    0.003559    0.310475 ^ clkbuf_3_3__f_clk/A (sky130_fd_sc_hd__clkbuf_16)
    10    0.038054    0.058041    0.167274    0.477750 ^ clkbuf_3_3__f_clk/X (sky130_fd_sc_hd__clkbuf_16)
                                                         clknet_3_3__leaf_clk (net)
                      0.058059    0.000925    0.478674 ^ _640_/CLK (sky130_fd_sc_hd__dfrtp_1)
     2    0.007835    0.062652    0.385742    0.864416 v _640_/Q (sky130_fd_sc_hd__dfrtp_1)
                                                         net71 (net)
                      0.062652    0.000237    0.864653 v wire555/A (sky130_fd_sc_hd__buf_1)
     1    0.009038    0.059275    0.123843    0.988496 v wire555/X (sky130_fd_sc_hd__buf_1)
                                                         net555 (net)
                      0.059278    0.000536    0.989032 v output71/A (sky130_fd_sc_hd__buf_2)
     1    0.034991    0.091198    0.187413    1.176445 v output71/X (sky130_fd_sc_hd__buf_2)
                                                         acc_out[6] (net)
                      0.091212    0.001081    1.177526 v acc_out[6] (out)
                                              1.177526   data arrival time

                                  0.000000    0.000000   clock clk (rise edge)
                                  0.000000    0.000000   clock network delay (propagated)
                                  0.250000    0.250000   clock uncertainty
                                  0.000000    0.250000   clock reconvergence pessimism
                                -10.000000   -9.750000   output external delay
                                             -9.750000   data required time
---------------------------------------------------------------------------------------------
                                             -9.750000   data required time
                                             -1.177526   data arrival time
---------------------------------------------------------------------------------------------
                                             10.927526   slack (MET)


Startpoint: _641_ (rising edge-triggered flip-flop clocked by clk)
Endpoint: acc_out[7] (output port clocked by clk)
Path Group: clk
Path Type: min

Fanout         Cap        Slew       Delay        Time   Description
---------------------------------------------------------------------------------------------
                                  0.000000    0.000000   clock clk (rise edge)
                                  0.000000    0.000000   clock source latency
     1    0.027714    0.130121    0.090093    0.090093 ^ clk (in)
                                                         clk (net)
                      0.130131    0.000000    0.090093 ^ clkbuf_0_clk/A (sky130_fd_sc_hd__clkbuf_16)
     8    0.102463    0.118732    0.216823    0.306916 ^ clkbuf_0_clk/X (sky130_fd_sc_hd__clkbuf_16)
                                                         clknet_0_clk (net)
                      0.118918    0.003216    0.310133 ^ clkbuf_3_0__f_clk/A (sky130_fd_sc_hd__clkbuf_16)
     7    0.037478    0.057556    0.166929    0.477062 ^ clkbuf_3_0__f_clk/X (sky130_fd_sc_hd__clkbuf_16)
                                                         clknet_3_0__leaf_clk (net)
                      0.057574    0.000888    0.477950 ^ _641_/CLK (sky130_fd_sc_hd__dfrtp_1)
     2    0.009302    0.067419    0.393450    0.871400 v _641_/Q (sky130_fd_sc_hd__dfrtp_1)
                                                         net72 (net)
                      0.067419    0.000304    0.871705 v wire553/A (sky130_fd_sc_hd__buf_1)
     1    0.008538    0.056550    0.123880    0.995585 v wire553/X (sky130_fd_sc_hd__buf_1)
                                                         net553 (net)
                      0.056553    0.000464    0.996049 v output72/A (sky130_fd_sc_hd__buf_2)
     1    0.035408    0.092052    0.187024    1.183073 v output72/X (sky130_fd_sc_hd__buf_2)
                                                         acc_out[7] (net)
                      0.092063    0.000982    1.184055 v acc_out[7] (out)
                                              1.184055   data arrival time

                                  0.000000    0.000000   clock clk (rise edge)
                                  0.000000    0.000000   clock network delay (propagated)
                                  0.250000    0.250000   clock uncertainty
                                  0.000000    0.250000   clock reconvergence pessimism
                                -10.000000   -9.750000   output external delay
                                             -9.750000   data required time
---------------------------------------------------------------------------------------------
                                             -9.750000   data required time
                                             -1.184055   data arrival time
---------------------------------------------------------------------------------------------
                                             10.934055   slack (MET)


Startpoint: _635_ (rising edge-triggered flip-flop clocked by clk)
Endpoint: acc_out[1] (output port clocked by clk)
Path Group: clk
Path Type: min

Fanout         Cap        Slew       Delay        Time   Description
---------------------------------------------------------------------------------------------
                                  0.000000    0.000000   clock clk (rise edge)
                                  0.000000    0.000000   clock source latency
     1    0.027714    0.130121    0.090093    0.090093 ^ clk (in)
                                                         clk (net)
                      0.130131    0.000000    0.090093 ^ clkbuf_0_clk/A (sky130_fd_sc_hd__clkbuf_16)
     8    0.102463    0.118732    0.216823    0.306916 ^ clkbuf_0_clk/X (sky130_fd_sc_hd__clkbuf_16)
                                                         clknet_0_clk (net)
                      0.118948    0.003559    0.310475 ^ clkbuf_3_3__f_clk/A (sky130_fd_sc_hd__clkbuf_16)
    10    0.038054    0.058041    0.167274    0.477750 ^ clkbuf_3_3__f_clk/X (sky130_fd_sc_hd__clkbuf_16)
                                                         clknet_3_3__leaf_clk (net)
                      0.058087    0.001384    0.479134 ^ _635_/CLK (sky130_fd_sc_hd__dfrtp_1)
     2    0.005649    0.052049    0.373985    0.853119 v _635_/Q (sky130_fd_sc_hd__dfrtp_1)
                                                         net54 (net)
                      0.052049    0.000172    0.853292 v wire568/A (sky130_fd_sc_hd__clkbuf_1)
     1    0.006786    0.047737    0.109096    0.962388 v wire568/X (sky130_fd_sc_hd__clkbuf_1)
                                                         net568 (net)
                      0.047739    0.000361    0.962748 v wire567/A (sky130_fd_sc_hd__clkbuf_1)
     1    0.005611    0.041332    0.101820    1.064569 v wire567/X (sky130_fd_sc_hd__clkbuf_1)
                                                         net567 (net)
                      0.041333    0.000266    1.064834 v output54/A (sky130_fd_sc_hd__buf_2)
     1    0.034645    0.090469    0.179011    1.243846 v output54/X (sky130_fd_sc_hd__buf_2)
                                                         acc_out[1] (net)
                      0.090479    0.000927    1.244773 v acc_out[1] (out)
                                              1.244773   data arrival time

                                  0.000000    0.000000   clock clk (rise edge)
                                  0.000000    0.000000   clock network delay (propagated)
                                  0.250000    0.250000   clock uncertainty
                                  0.000000    0.250000   clock reconvergence pessimism
                                -10.000000   -9.750000   output external delay
                                             -9.750000   data required time
---------------------------------------------------------------------------------------------
                                             -9.750000   data required time
                                             -1.244773   data arrival time
---------------------------------------------------------------------------------------------
                                             10.994773   slack (MET)


Startpoint: _636_ (rising edge-triggered flip-flop clocked by clk)
Endpoint: acc_out[2] (output port clocked by clk)
Path Group: clk
Path Type: min

Fanout         Cap        Slew       Delay        Time   Description
---------------------------------------------------------------------------------------------
                                  0.000000    0.000000   clock clk (rise edge)
                                  0.000000    0.000000   clock source latency
     1    0.027714    0.130121    0.090093    0.090093 ^ clk (in)
                                                         clk (net)
                      0.130131    0.000000    0.090093 ^ clkbuf_0_clk/A (sky130_fd_sc_hd__clkbuf_16)
     8    0.102463    0.118732    0.216823    0.306916 ^ clkbuf_0_clk/X (sky130_fd_sc_hd__clkbuf_16)
                                                         clknet_0_clk (net)
                      0.118948    0.003559    0.310475 ^ clkbuf_3_3__f_clk/A (sky130_fd_sc_hd__clkbuf_16)
    10    0.038054    0.058041    0.167274    0.477750 ^ clkbuf_3_3__f_clk/X (sky130_fd_sc_hd__clkbuf_16)
                                                         clknet_3_3__leaf_clk (net)
                      0.058088    0.001389    0.479139 ^ _636_/CLK (sky130_fd_sc_hd__dfrtp_1)
     2    0.006691    0.056968    0.379559    0.858698 v _636_/Q (sky130_fd_sc_hd__dfrtp_1)
                                                         net65 (net)
                      0.056968    0.000202    0.858900 v max_cap566/A (sky130_fd_sc_hd__clkbuf_1)
     1    0.005887    0.042844    0.107193    0.966093 v max_cap566/X (sky130_fd_sc_hd__clkbuf_1)
                                                         net566 (net)
                      0.042844    0.000235    0.966327 v wire564/A (sky130_fd_sc_hd__clkbuf_1)
     1    0.005758    0.042108    0.100361    1.066688 v wire564/X (sky130_fd_sc_hd__clkbuf_1)
                                                         net564 (net)
                      0.042108    0.000229    1.066917 v output65/A (sky130_fd_sc_hd__buf_2)
     1    0.035069    0.091404    0.180079    1.246996 v output65/X (sky130_fd_sc_hd__buf_2)
                                                         acc_out[2] (net)
                      0.091415    0.000999    1.247995 v acc_out[2] (out)
                                              1.247995   data arrival time

                                  0.000000    0.000000   clock clk (rise edge)
                                  0.000000    0.000000   clock network delay (propagated)
                                  0.250000    0.250000   clock uncertainty
                                  0.000000    0.250000   clock reconvergence pessimism
                                -10.000000   -9.750000   output external delay
                                             -9.750000   data required time
---------------------------------------------------------------------------------------------
                                             -9.750000   data required time
                                             -1.247995   data arrival time
---------------------------------------------------------------------------------------------
                                             10.997995   slack (MET)


Startpoint: _638_ (rising edge-triggered flip-flop clocked by clk)
Endpoint: acc_out[4] (output port clocked by clk)
Path Group: clk
Path Type: min

Fanout         Cap        Slew       Delay        Time   Description
---------------------------------------------------------------------------------------------
                                  0.000000    0.000000   clock clk (rise edge)
                                  0.000000    0.000000   clock source latency
     1    0.027714    0.130121    0.090093    0.090093 ^ clk (in)
                                                         clk (net)
                      0.130131    0.000000    0.090093 ^ clkbuf_0_clk/A (sky130_fd_sc_hd__clkbuf_16)
     8    0.102463    0.118732    0.216823    0.306916 ^ clkbuf_0_clk/X (sky130_fd_sc_hd__clkbuf_16)
                                                         clknet_0_clk (net)
                      0.118948    0.003559    0.310475 ^ clkbuf_3_3__f_clk/A (sky130_fd_sc_hd__clkbuf_16)
    10    0.038054    0.058041    0.167274    0.477750 ^ clkbuf_3_3__f_clk/X (sky130_fd_sc_hd__clkbuf_16)
                                                         clknet_3_3__leaf_clk (net)
                      0.058058    0.000915    0.478665 ^ _638_/CLK (sky130_fd_sc_hd__dfrtp_1)
     2    0.006003    0.053657    0.375917    0.854582 v _638_/Q (sky130_fd_sc_hd__dfrtp_1)
                                                         net69 (net)
                      0.053657    0.000107    0.854688 v wire560/A (sky130_fd_sc_hd__clkbuf_1)
     1    0.006275    0.044931    0.107503    0.962192 v wire560/X (sky130_fd_sc_hd__clkbuf_1)
                                                         net560 (net)
                      0.044932    0.000263    0.962454 v wire559/A (sky130_fd_sc_hd__clkbuf_1)
     1    0.006189    0.044463    0.103227    1.065681 v wire559/X (sky130_fd_sc_hd__clkbuf_1)
                                                         net559 (net)
                      0.044465    0.000312    1.065994 v output69/A (sky130_fd_sc_hd__buf_2)
     1    0.035310    0.091957    0.181449    1.247442 v output69/X (sky130_fd_sc_hd__buf_2)
                                                         acc_out[4] (net)
                      0.091971    0.001119    1.248561 v acc_out[4] (out)
                                              1.248561   data arrival time

                                  0.000000    0.000000   clock clk (rise edge)
                                  0.000000    0.000000   clock network delay (propagated)
                                  0.250000    0.250000   clock uncertainty
                                  0.000000    0.250000   clock reconvergence pessimism
                                -10.000000   -9.750000   output external delay
                                             -9.750000   data required time
---------------------------------------------------------------------------------------------
                                             -9.750000   data required time
                                             -1.248561   data arrival time
---------------------------------------------------------------------------------------------
                                             10.998562   slack (MET)


Startpoint: _647_ (rising edge-triggered flip-flop clocked by clk)
Endpoint: acc_out[13] (output port clocked by clk)
Path Group: clk
Path Type: min

Fanout         Cap        Slew       Delay        Time   Description
---------------------------------------------------------------------------------------------
                                  0.000000    0.000000   clock clk (rise edge)
                                  0.000000    0.000000   clock source latency
     1    0.027714    0.130121    0.090093    0.090093 ^ clk (in)
                                                         clk (net)
                      0.130131    0.000000    0.090093 ^ clkbuf_0_clk/A (sky130_fd_sc_hd__clkbuf_16)
     8    0.102463    0.118732    0.216823    0.306916 ^ clkbuf_0_clk/X (sky130_fd_sc_hd__clkbuf_16)
                                                         clknet_0_clk (net)
                      0.118906    0.003070    0.309986 ^ clkbuf_3_6__f_clk/A (sky130_fd_sc_hd__clkbuf_16)
    12    0.039391    0.059250    0.168326    0.478312 ^ clkbuf_3_6__f_clk/X (sky130_fd_sc_hd__clkbuf_16)
                                                         clknet_3_6__leaf_clk (net)
                      0.059260    0.000736    0.479048 ^ _647_/CLK (sky130_fd_sc_hd__dfrtp_1)
     1    0.004380    0.046465    0.367599    0.846647 v _647_/Q (sky130_fd_sc_hd__dfrtp_1)
                                                         net47 (net)
                      0.046465    0.000177    0.846823 v wire545/A (sky130_fd_sc_hd__clkbuf_1)
     2    0.008316    0.055300    0.113583    0.960407 v wire545/X (sky130_fd_sc_hd__clkbuf_1)
                                                         net545 (net)
                      0.055302    0.000383    0.960790 v max_cap544/A (sky130_fd_sc_hd__clkbuf_1)
     2    0.006508    0.046202    0.109315    1.070104 v max_cap544/X (sky130_fd_sc_hd__clkbuf_1)
                                                         net544 (net)
                      0.046202    0.000233    1.070337 v output47/A (sky130_fd_sc_hd__buf_2)
     1    0.034665    0.090486    0.181127    1.251464 v output47/X (sky130_fd_sc_hd__buf_2)
                                                         acc_out[13] (net)
                      0.090496    0.000947    1.252411 v acc_out[13] (out)
                                              1.252411   data arrival time

                                  0.000000    0.000000   clock clk (rise edge)
                                  0.000000    0.000000   clock network delay (propagated)
                                  0.250000    0.250000   clock uncertainty
                                  0.000000    0.250000   clock reconvergence pessimism
                                -10.000000   -9.750000   output external delay
                                             -9.750000   data required time
---------------------------------------------------------------------------------------------
                                             -9.750000   data required time
                                             -1.252411   data arrival time
---------------------------------------------------------------------------------------------
                                             11.002412   slack (MET)


Startpoint: _646_ (rising edge-triggered flip-flop clocked by clk)
Endpoint: acc_out[12] (output port clocked by clk)
Path Group: clk
Path Type: min

Fanout         Cap        Slew       Delay        Time   Description
---------------------------------------------------------------------------------------------
                                  0.000000    0.000000   clock clk (rise edge)
                                  0.000000    0.000000   clock source latency
     1    0.027714    0.130121    0.090093    0.090093 ^ clk (in)
                                                         clk (net)
                      0.130131    0.000000    0.090093 ^ clkbuf_0_clk/A (sky130_fd_sc_hd__clkbuf_16)
     8    0.102463    0.118732    0.216823    0.306916 ^ clkbuf_0_clk/X (sky130_fd_sc_hd__clkbuf_16)
                                                         clknet_0_clk (net)
                      0.118903    0.003033    0.309950 ^ clkbuf_3_1__f_clk/A (sky130_fd_sc_hd__clkbuf_16)
     9    0.036629    0.056770    0.166190    0.476139 ^ clkbuf_3_1__f_clk/X (sky130_fd_sc_hd__clkbuf_16)
                                                         clknet_3_1__leaf_clk (net)
                      0.056780    0.000624    0.476763 ^ _646_/CLK (sky130_fd_sc_hd__dfrtp_1)
     1    0.003869    0.044420    0.363947    0.840710 v _646_/Q (sky130_fd_sc_hd__dfrtp_1)
                                                         net46 (net)
                      0.044420    0.000141    0.840851 v wire547/A (sky130_fd_sc_hd__clkbuf_1)
     2    0.007204    0.049858    0.107748    0.948599 v wire547/X (sky130_fd_sc_hd__clkbuf_1)
                                                         net547 (net)
                      0.049858    0.000124    0.948723 v wire546/A (sky130_fd_sc_hd__clkbuf_1)
     2    0.008898    0.058479    0.117554    1.066277 v wire546/X (sky130_fd_sc_hd__clkbuf_1)
                                                         net546 (net)
                      0.058480    0.000333    1.066610 v output46/A (sky130_fd_sc_hd__buf_2)
     1    0.034638    0.090376    0.186507    1.253117 v output46/X (sky130_fd_sc_hd__buf_2)
                                                         acc_out[12] (net)
                      0.090386    0.000931    1.254049 v acc_out[12] (out)
                                              1.254049   data arrival time

                                  0.000000    0.000000   clock clk (rise edge)
                                  0.000000    0.000000   clock network delay (propagated)
                                  0.250000    0.250000   clock uncertainty
                                  0.000000    0.250000   clock reconvergence pessimism
                                -10.000000   -9.750000   output external delay
                                             -9.750000   data required time
---------------------------------------------------------------------------------------------
                                             -9.750000   data required time
                                             -1.254049   data arrival time
---------------------------------------------------------------------------------------------
                                             11.004048   slack (MET)


Startpoint: _644_ (rising edge-triggered flip-flop clocked by clk)
Endpoint: acc_out[10] (output port clocked by clk)
Path Group: clk
Path Type: min

Fanout         Cap        Slew       Delay        Time   Description
---------------------------------------------------------------------------------------------
                                  0.000000    0.000000   clock clk (rise edge)
                                  0.000000    0.000000   clock source latency
     1    0.027714    0.130121    0.090093    0.090093 ^ clk (in)
                                                         clk (net)
                      0.130131    0.000000    0.090093 ^ clkbuf_0_clk/A (sky130_fd_sc_hd__clkbuf_16)
     8    0.102463    0.118732    0.216823    0.306916 ^ clkbuf_0_clk/X (sky130_fd_sc_hd__clkbuf_16)
                                                         clknet_0_clk (net)
                      0.118903    0.003033    0.309950 ^ clkbuf_3_1__f_clk/A (sky130_fd_sc_hd__clkbuf_16)
     9    0.036629    0.056770    0.166190    0.476139 ^ clkbuf_3_1__f_clk/X (sky130_fd_sc_hd__clkbuf_16)
                                                         clknet_3_1__leaf_clk (net)
                      0.056787    0.000765    0.476904 ^ _644_/CLK (sky130_fd_sc_hd__dfrtp_1)
     1    0.004359    0.046386    0.366572    0.843476 v _644_/Q (sky130_fd_sc_hd__dfrtp_1)
                                                         net44 (net)
                      0.046386    0.000175    0.843651 v wire550/A (sky130_fd_sc_hd__clkbuf_1)
     2    0.008153    0.054397    0.112893    0.956544 v wire550/X (sky130_fd_sc_hd__clkbuf_1)
                                                         net550 (net)
                      0.054398    0.000243    0.956787 v max_cap549/A (sky130_fd_sc_hd__clkbuf_1)
     2    0.007739    0.052419    0.114576    1.071363 v max_cap549/X (sky130_fd_sc_hd__clkbuf_1)
                                                         net549 (net)
                      0.052419    0.000256    1.071619 v output44/A (sky130_fd_sc_hd__buf_2)
     1    0.035390    0.092231    0.184706    1.256325 v output44/X (sky130_fd_sc_hd__buf_2)
                                                         acc_out[10] (net)
                      0.092260    0.001528    1.257853 v acc_out[10] (out)
                                              1.257853   data arrival time

                                  0.000000    0.000000   clock clk (rise edge)
                                  0.000000    0.000000   clock network delay (propagated)
                                  0.250000    0.250000   clock uncertainty
                                  0.000000    0.250000   clock reconvergence pessimism
                                -10.000000   -9.750000   output external delay
                                             -9.750000   data required time
---------------------------------------------------------------------------------------------
                                             -9.750000   data required time
                                             -1.257853   data arrival time
---------------------------------------------------------------------------------------------
                                             11.007854   slack (MET)


Startpoint: _648_ (rising edge-triggered flip-flop clocked by clk)
Endpoint: acc_out[14] (output port clocked by clk)
Path Group: clk
Path Type: min

Fanout         Cap        Slew       Delay        Time   Description
---------------------------------------------------------------------------------------------
                                  0.000000    0.000000   clock clk (rise edge)
                                  0.000000    0.000000   clock source latency
     1    0.027714    0.130121    0.090093    0.090093 ^ clk (in)
                                                         clk (net)
                      0.130131    0.000000    0.090093 ^ clkbuf_0_clk/A (sky130_fd_sc_hd__clkbuf_16)
     8    0.102463    0.118732    0.216823    0.306916 ^ clkbuf_0_clk/X (sky130_fd_sc_hd__clkbuf_16)
                                                         clknet_0_clk (net)
                      0.118906    0.003070    0.309986 ^ clkbuf_3_6__f_clk/A (sky130_fd_sc_hd__clkbuf_16)
    12    0.039391    0.059250    0.168326    0.478312 ^ clkbuf_3_6__f_clk/X (sky130_fd_sc_hd__clkbuf_16)
                                                         clknet_3_6__leaf_clk (net)
                      0.059259    0.000696    0.479009 ^ _648_/CLK (sky130_fd_sc_hd__dfrtp_1)
     1    0.005565    0.051674    0.373954    0.852962 v _648_/Q (sky130_fd_sc_hd__dfrtp_1)
                                                         net48 (net)
                      0.051674    0.000238    0.853201 v wire543/A (sky130_fd_sc_hd__clkbuf_1)
     2    0.010188    0.065542    0.123807    0.977008 v wire543/X (sky130_fd_sc_hd__clkbuf_1)
                                                         net543 (net)
                      0.065543    0.000307    0.977315 v max_cap542/A (sky130_fd_sc_hd__clkbuf_1)
     2    0.005692    0.041835    0.110108    1.087423 v max_cap542/X (sky130_fd_sc_hd__clkbuf_1)
                                                         net542 (net)
                      0.041835    0.000166    1.087589 v output48/A (sky130_fd_sc_hd__buf_2)
     1    0.035243    0.091858    0.180138    1.267727 v output48/X (sky130_fd_sc_hd__buf_2)
                                                         acc_out[14] (net)
                      0.091875    0.001185    1.268913 v acc_out[14] (out)
                                              1.268913   data arrival time

                                  0.000000    0.000000   clock clk (rise edge)
                                  0.000000    0.000000   clock network delay (propagated)
                                  0.250000    0.250000   clock uncertainty
                                  0.000000    0.250000   clock reconvergence pessimism
                                -10.000000   -9.750000   output external delay
                                             -9.750000   data required time
---------------------------------------------------------------------------------------------
                                             -9.750000   data required time
                                             -1.268913   data arrival time
---------------------------------------------------------------------------------------------
                                             11.018913   slack (MET)


Startpoint: _639_ (rising edge-triggered flip-flop clocked by clk)
Endpoint: acc_out[5] (output port clocked by clk)
Path Group: clk
Path Type: min

Fanout         Cap        Slew       Delay        Time   Description
---------------------------------------------------------------------------------------------
                                  0.000000    0.000000   clock clk (rise edge)
                                  0.000000    0.000000   clock source latency
     1    0.027714    0.130121    0.090093    0.090093 ^ clk (in)
                                                         clk (net)
                      0.130131    0.000000    0.090093 ^ clkbuf_0_clk/A (sky130_fd_sc_hd__clkbuf_16)
     8    0.102463    0.118732    0.216823    0.306916 ^ clkbuf_0_clk/X (sky130_fd_sc_hd__clkbuf_16)
                                                         clknet_0_clk (net)
                      0.118948    0.003559    0.310475 ^ clkbuf_3_3__f_clk/A (sky130_fd_sc_hd__clkbuf_16)
    10    0.038054    0.058041    0.167274    0.477750 ^ clkbuf_3_3__f_clk/X (sky130_fd_sc_hd__clkbuf_16)
                                                         clknet_3_3__leaf_clk (net)
                      0.058065    0.001035    0.478784 ^ _639_/CLK (sky130_fd_sc_hd__dfrtp_1)
     3    0.007154    0.059253    0.382106    0.860890 v _639_/Q (sky130_fd_sc_hd__dfrtp_1)
                                                         net70 (net)
                      0.059253    0.000117    0.861007 v max_cap558/A (sky130_fd_sc_hd__clkbuf_1)
     1    0.006735    0.047485    0.112051    0.973059 v max_cap558/X (sky130_fd_sc_hd__clkbuf_1)
                                                         net558 (net)
                      0.047487    0.000354    0.973412 v wire557/A (sky130_fd_sc_hd__buf_1)
     1    0.008683    0.057290    0.115646    1.089058 v wire557/X (sky130_fd_sc_hd__buf_1)
                                                         net557 (net)
                      0.057293    0.000501    1.089559 v output70/A (sky130_fd_sc_hd__buf_2)
     1    0.035029    0.091237    0.186655    1.276214 v output70/X (sky130_fd_sc_hd__buf_2)
                                                         acc_out[5] (net)
                      0.091248    0.000987    1.277200 v acc_out[5] (out)
                                              1.277200   data arrival time

                                  0.000000    0.000000   clock clk (rise edge)
                                  0.000000    0.000000   clock network delay (propagated)
                                  0.250000    0.250000   clock uncertainty
                                  0.000000    0.250000   clock reconvergence pessimism
                                -10.000000   -9.750000   output external delay
                                             -9.750000   data required time
---------------------------------------------------------------------------------------------
                                             -9.750000   data required time
                                             -1.277200   data arrival time
---------------------------------------------------------------------------------------------
                                             11.027201   slack (MET)


Startpoint: sram0 (falling edge-triggered flip-flop clocked by clk)
Endpoint: _625_ (rising edge-triggered flip-flop clocked by clk)
Path Group: clk
Path Type: min

Fanout         Cap        Slew       Delay        Time   Description
---------------------------------------------------------------------------------------------
                                 25.000000   25.000000   clock clk (fall edge)
                                  0.000000   25.000000   clock source latency
     1    0.026720    0.060601    0.043229   25.043228 v clk (in)
                                                         clk (net)
                      0.060620    0.000000   25.043228 v clkbuf_0_clk/A (sky130_fd_sc_hd__clkbuf_16)
     8    0.094511    0.078592    0.195099   25.238327 v clkbuf_0_clk/X (sky130_fd_sc_hd__clkbuf_16)
                                                         clknet_0_clk (net)
                      0.078957    0.004567   25.242895 v clkbuf_3_2__f_clk/A (sky130_fd_sc_hd__clkbuf_16)
    10    0.044716    0.048901    0.177833   25.420727 v clkbuf_3_2__f_clk/X (sky130_fd_sc_hd__clkbuf_16)
                                                         clknet_3_2__leaf_clk (net)
                      0.065326    0.001799   25.422527 v sram0/clk0 (sky130_sram_1kbyte_1rw1r_32x256_8)
     1    0.003802    0.003207    0.350672   25.773199 ^ sram0/dout0[23] (sky130_sram_1kbyte_1rw1r_32x256_8)
                                                         dout0[23] (net)
                      0.002406    0.000055   25.773254 ^ _625_/D (sky130_fd_sc_hd__dfrtp_1)
                                             25.773254   data arrival time

                                  0.000000    0.000000   clock clk (rise edge)
                                  0.000000    0.000000   clock source latency
     1    0.027714    0.130121    0.090093    0.090093 ^ clk (in)
                                                         clk (net)
                      0.130131    0.000000    0.090093 ^ clkbuf_0_clk/A (sky130_fd_sc_hd__clkbuf_16)
     8    0.102463    0.118732    0.216823    0.306916 ^ clkbuf_0_clk/X (sky130_fd_sc_hd__clkbuf_16)
                                                         clknet_0_clk (net)
                      0.119179    0.005504    0.312421 ^ clkbuf_3_5__f_clk/A (sky130_fd_sc_hd__clkbuf_16)
    15    0.042363    0.061867    0.170410    0.482830 ^ clkbuf_3_5__f_clk/X (sky130_fd_sc_hd__clkbuf_16)
                                                         clknet_3_5__leaf_clk (net)
                      0.061878    0.000863    0.483693 ^ _625_/CLK (sky130_fd_sc_hd__dfrtp_1)
                                  0.250000    0.733693   clock uncertainty
                                  0.000000    0.733693   clock reconvergence pessimism
                                 -0.023548    0.710145   library hold time
                                              0.710145   data required time
---------------------------------------------------------------------------------------------
                                              0.710145   data required time
                                            -25.773254   data arrival time
---------------------------------------------------------------------------------------------
                                             25.063110   slack (MET)


Startpoint: sram0 (falling edge-triggered flip-flop clocked by clk)
Endpoint: _629_ (rising edge-triggered flip-flop clocked by clk)
Path Group: clk
Path Type: min

Fanout         Cap        Slew       Delay        Time   Description
---------------------------------------------------------------------------------------------
                                 25.000000   25.000000   clock clk (fall edge)
                                  0.000000   25.000000   clock source latency
     1    0.026720    0.060601    0.043229   25.043228 v clk (in)
                                                         clk (net)
                      0.060620    0.000000   25.043228 v clkbuf_0_clk/A (sky130_fd_sc_hd__clkbuf_16)
     8    0.094511    0.078592    0.195099   25.238327 v clkbuf_0_clk/X (sky130_fd_sc_hd__clkbuf_16)
                                                         clknet_0_clk (net)
                      0.078957    0.004567   25.242895 v clkbuf_3_2__f_clk/A (sky130_fd_sc_hd__clkbuf_16)
    10    0.044716    0.048901    0.177833   25.420727 v clkbuf_3_2__f_clk/X (sky130_fd_sc_hd__clkbuf_16)
                                                         clknet_3_2__leaf_clk (net)
                      0.065326    0.001799   25.422527 v sram0/clk0 (sky130_sram_1kbyte_1rw1r_32x256_8)
     1    0.004060    0.003357    0.352120   25.774647 ^ sram0/dout0[27] (sky130_sram_1kbyte_1rw1r_32x256_8)
                                                         dout0[27] (net)
                      0.002518    0.000092   25.774740 ^ _629_/D (sky130_fd_sc_hd__dfrtp_1)
                                             25.774740   data arrival time

                                  0.000000    0.000000   clock clk (rise edge)
                                  0.000000    0.000000   clock source latency
     1    0.027714    0.130121    0.090093    0.090093 ^ clk (in)
                                                         clk (net)
                      0.130131    0.000000    0.090093 ^ clkbuf_0_clk/A (sky130_fd_sc_hd__clkbuf_16)
     8    0.102463    0.118732    0.216823    0.306916 ^ clkbuf_0_clk/X (sky130_fd_sc_hd__clkbuf_16)
                                                         clknet_0_clk (net)
                      0.119179    0.005504    0.312421 ^ clkbuf_3_5__f_clk/A (sky130_fd_sc_hd__clkbuf_16)
    15    0.042363    0.061867    0.170410    0.482830 ^ clkbuf_3_5__f_clk/X (sky130_fd_sc_hd__clkbuf_16)
                                                         clknet_3_5__leaf_clk (net)
                      0.061880    0.000914    0.483745 ^ _629_/CLK (sky130_fd_sc_hd__dfrtp_1)
                                  0.250000    0.733745   clock uncertainty
                                  0.000000    0.733745   clock reconvergence pessimism
                                 -0.023572    0.710173   library hold time
                                              0.710173   data required time
---------------------------------------------------------------------------------------------
                                              0.710173   data required time
                                            -25.774740   data arrival time
---------------------------------------------------------------------------------------------
                                             25.064566   slack (MET)


Startpoint: sram0 (falling edge-triggered flip-flop clocked by clk)
Endpoint: _628_ (rising edge-triggered flip-flop clocked by clk)
Path Group: clk
Path Type: min

Fanout         Cap        Slew       Delay        Time   Description
---------------------------------------------------------------------------------------------
                                 25.000000   25.000000   clock clk (fall edge)
                                  0.000000   25.000000   clock source latency
     1    0.026720    0.060601    0.043229   25.043228 v clk (in)
                                                         clk (net)
                      0.060620    0.000000   25.043228 v clkbuf_0_clk/A (sky130_fd_sc_hd__clkbuf_16)
     8    0.094511    0.078592    0.195099   25.238327 v clkbuf_0_clk/X (sky130_fd_sc_hd__clkbuf_16)
                                                         clknet_0_clk (net)
                      0.078957    0.004567   25.242895 v clkbuf_3_2__f_clk/A (sky130_fd_sc_hd__clkbuf_16)
    10    0.044716    0.048901    0.177833   25.420727 v clkbuf_3_2__f_clk/X (sky130_fd_sc_hd__clkbuf_16)
                                                         clknet_3_2__leaf_clk (net)
                      0.065326    0.001799   25.422527 v sram0/clk0 (sky130_sram_1kbyte_1rw1r_32x256_8)
     1    0.004203    0.003440    0.352918   25.775444 ^ sram0/dout0[26] (sky130_sram_1kbyte_1rw1r_32x256_8)
                                                         dout0[26] (net)
                      0.002580    0.000099   25.775545 ^ _628_/D (sky130_fd_sc_hd__dfrtp_1)
                                             25.775545   data arrival time

                                  0.000000    0.000000   clock clk (rise edge)
                                  0.000000    0.000000   clock source latency
     1    0.027714    0.130121    0.090093    0.090093 ^ clk (in)
                                                         clk (net)
                      0.130131    0.000000    0.090093 ^ clkbuf_0_clk/A (sky130_fd_sc_hd__clkbuf_16)
     8    0.102463    0.118732    0.216823    0.306916 ^ clkbuf_0_clk/X (sky130_fd_sc_hd__clkbuf_16)
                                                         clknet_0_clk (net)
                      0.119179    0.005504    0.312421 ^ clkbuf_3_5__f_clk/A (sky130_fd_sc_hd__clkbuf_16)
    15    0.042363    0.061867    0.170410    0.482830 ^ clkbuf_3_5__f_clk/X (sky130_fd_sc_hd__clkbuf_16)
                                                         clknet_3_5__leaf_clk (net)
                      0.061875    0.000790    0.483621 ^ _628_/CLK (sky130_fd_sc_hd__dfrtp_1)
                                  0.250000    0.733621   clock uncertainty
                                  0.000000    0.733621   clock reconvergence pessimism
                                 -0.023585    0.710036   library hold time
                                              0.710036   data required time
---------------------------------------------------------------------------------------------
                                              0.710036   data required time
                                            -25.775545   data arrival time
---------------------------------------------------------------------------------------------
                                             25.065510   slack (MET)


Startpoint: sram0 (falling edge-triggered flip-flop clocked by clk)
Endpoint: _623_ (rising edge-triggered flip-flop clocked by clk)
Path Group: clk
Path Type: min

Fanout         Cap        Slew       Delay        Time   Description
---------------------------------------------------------------------------------------------
                                 25.000000   25.000000   clock clk (fall edge)
                                  0.000000   25.000000   clock source latency
     1    0.026720    0.060601    0.043229   25.043228 v clk (in)
                                                         clk (net)
                      0.060620    0.000000   25.043228 v clkbuf_0_clk/A (sky130_fd_sc_hd__clkbuf_16)
     8    0.094511    0.078592    0.195099   25.238327 v clkbuf_0_clk/X (sky130_fd_sc_hd__clkbuf_16)
                                                         clknet_0_clk (net)
                      0.078957    0.004567   25.242895 v clkbuf_3_2__f_clk/A (sky130_fd_sc_hd__clkbuf_16)
    10    0.044716    0.048901    0.177833   25.420727 v clkbuf_3_2__f_clk/X (sky130_fd_sc_hd__clkbuf_16)
                                                         clknet_3_2__leaf_clk (net)
                      0.065326    0.001799   25.422527 v sram0/clk0 (sky130_sram_1kbyte_1rw1r_32x256_8)
     1    0.004126    0.003395    0.352490   25.775017 ^ sram0/dout0[21] (sky130_sram_1kbyte_1rw1r_32x256_8)
                                                         dout0[21] (net)
                      0.002547    0.000101   25.775118 ^ _623_/D (sky130_fd_sc_hd__dfrtp_1)
                                             25.775118   data arrival time

                                  0.000000    0.000000   clock clk (rise edge)
                                  0.000000    0.000000   clock source latency
     1    0.027714    0.130121    0.090093    0.090093 ^ clk (in)
                                                         clk (net)
                      0.130131    0.000000    0.090093 ^ clkbuf_0_clk/A (sky130_fd_sc_hd__clkbuf_16)
     8    0.102463    0.118732    0.216823    0.306916 ^ clkbuf_0_clk/X (sky130_fd_sc_hd__clkbuf_16)
                                                         clknet_0_clk (net)
                      0.119111    0.005022    0.311938 ^ clkbuf_3_4__f_clk/A (sky130_fd_sc_hd__clkbuf_16)
    12    0.040426    0.060220    0.168731    0.480669 ^ clkbuf_3_4__f_clk/X (sky130_fd_sc_hd__clkbuf_16)
                                                         clknet_3_4__leaf_clk (net)
                      0.060343    0.002289    0.482959 ^ _623_/CLK (sky130_fd_sc_hd__dfrtp_1)
                                  0.250000    0.732959   clock uncertainty
                                  0.000000    0.732959   clock reconvergence pessimism
                                 -0.023786    0.709173   library hold time
                                              0.709173   data required time
---------------------------------------------------------------------------------------------
                                              0.709173   data required time
                                            -25.775118   data arrival time
---------------------------------------------------------------------------------------------
                                             25.065945   slack (MET)


Startpoint: sram0 (falling edge-triggered flip-flop clocked by clk)
Endpoint: _624_ (rising edge-triggered flip-flop clocked by clk)
Path Group: clk
Path Type: min

Fanout         Cap        Slew       Delay        Time   Description
---------------------------------------------------------------------------------------------
                                 25.000000   25.000000   clock clk (fall edge)
                                  0.000000   25.000000   clock source latency
     1    0.026720    0.060601    0.043229   25.043228 v clk (in)
                                                         clk (net)
                      0.060620    0.000000   25.043228 v clkbuf_0_clk/A (sky130_fd_sc_hd__clkbuf_16)
     8    0.094511    0.078592    0.195099   25.238327 v clkbuf_0_clk/X (sky130_fd_sc_hd__clkbuf_16)
                                                         clknet_0_clk (net)
                      0.078957    0.004567   25.242895 v clkbuf_3_2__f_clk/A (sky130_fd_sc_hd__clkbuf_16)
    10    0.044716    0.048901    0.177833   25.420727 v clkbuf_3_2__f_clk/X (sky130_fd_sc_hd__clkbuf_16)
                                                         clknet_3_2__leaf_clk (net)
                      0.065326    0.001799   25.422527 v sram0/clk0 (sky130_sram_1kbyte_1rw1r_32x256_8)
     1    0.004140    0.003403    0.352566   25.775093 ^ sram0/dout0[22] (sky130_sram_1kbyte_1rw1r_32x256_8)
                                                         dout0[22] (net)
                      0.002553    0.000105   25.775198 ^ _624_/D (sky130_fd_sc_hd__dfrtp_1)
                                             25.775198   data arrival time

                                  0.000000    0.000000   clock clk (rise edge)
                                  0.000000    0.000000   clock source latency
     1    0.027714    0.130121    0.090093    0.090093 ^ clk (in)
                                                         clk (net)
                      0.130131    0.000000    0.090093 ^ clkbuf_0_clk/A (sky130_fd_sc_hd__clkbuf_16)
     8    0.102463    0.118732    0.216823    0.306916 ^ clkbuf_0_clk/X (sky130_fd_sc_hd__clkbuf_16)
                                                         clknet_0_clk (net)
                      0.119111    0.005022    0.311938 ^ clkbuf_3_4__f_clk/A (sky130_fd_sc_hd__clkbuf_16)
    12    0.040426    0.060220    0.168731    0.480669 ^ clkbuf_3_4__f_clk/X (sky130_fd_sc_hd__clkbuf_16)
                                                         clknet_3_4__leaf_clk (net)
                      0.060345    0.002307    0.482976 ^ _624_/CLK (sky130_fd_sc_hd__dfrtp_1)
                                  0.250000    0.732976   clock uncertainty
                                  0.000000    0.732976   clock reconvergence pessimism
                                 -0.023787    0.709189   library hold time
                                              0.709189   data required time
---------------------------------------------------------------------------------------------
                                              0.709189   data required time
                                            -25.775198   data arrival time
---------------------------------------------------------------------------------------------
                                             25.066010   slack (MET)


Startpoint: sram0 (falling edge-triggered flip-flop clocked by clk)
Endpoint: _621_ (rising edge-triggered flip-flop clocked by clk)
Path Group: clk
Path Type: min

Fanout         Cap        Slew       Delay        Time   Description
---------------------------------------------------------------------------------------------
                                 25.000000   25.000000   clock clk (fall edge)
                                  0.000000   25.000000   clock source latency
     1    0.026720    0.060601    0.043229   25.043228 v clk (in)
                                                         clk (net)
                      0.060620    0.000000   25.043228 v clkbuf_0_clk/A (sky130_fd_sc_hd__clkbuf_16)
     8    0.094511    0.078592    0.195099   25.238327 v clkbuf_0_clk/X (sky130_fd_sc_hd__clkbuf_16)
                                                         clknet_0_clk (net)
                      0.078957    0.004567   25.242895 v clkbuf_3_2__f_clk/A (sky130_fd_sc_hd__clkbuf_16)
    10    0.044716    0.048901    0.177833   25.420727 v clkbuf_3_2__f_clk/X (sky130_fd_sc_hd__clkbuf_16)
                                                         clknet_3_2__leaf_clk (net)
                      0.065326    0.001799   25.422527 v sram0/clk0 (sky130_sram_1kbyte_1rw1r_32x256_8)
     1    0.004358    0.003530    0.353790   25.776318 ^ sram0/dout0[19] (sky130_sram_1kbyte_1rw1r_32x256_8)
                                                         dout0[19] (net)
                      0.002648    0.000092   25.776409 ^ _621_/D (sky130_fd_sc_hd__dfrtp_1)
                                             25.776409   data arrival time

                                  0.000000    0.000000   clock clk (rise edge)
                                  0.000000    0.000000   clock source latency
     1    0.027714    0.130121    0.090093    0.090093 ^ clk (in)
                                                         clk (net)
                      0.130131    0.000000    0.090093 ^ clkbuf_0_clk/A (sky130_fd_sc_hd__clkbuf_16)
     8    0.102463    0.118732    0.216823    0.306916 ^ clkbuf_0_clk/X (sky130_fd_sc_hd__clkbuf_16)
                                                         clknet_0_clk (net)
                      0.119111    0.005022    0.311938 ^ clkbuf_3_4__f_clk/A (sky130_fd_sc_hd__clkbuf_16)
    12    0.040426    0.060220    0.168731    0.480669 ^ clkbuf_3_4__f_clk/X (sky130_fd_sc_hd__clkbuf_16)
                                                         clknet_3_4__leaf_clk (net)
                      0.060339    0.002251    0.482921 ^ _621_/CLK (sky130_fd_sc_hd__dfrtp_1)
                                  0.250000    0.732921   clock uncertainty
                                  0.000000    0.732921   clock reconvergence pessimism
                                 -0.023808    0.709113   library hold time
                                              0.709113   data required time
---------------------------------------------------------------------------------------------
                                              0.709113   data required time
                                            -25.776409   data arrival time
---------------------------------------------------------------------------------------------
                                             25.067297   slack (MET)


Startpoint: sram0 (falling edge-triggered flip-flop clocked by clk)
Endpoint: _626_ (rising edge-triggered flip-flop clocked by clk)
Path Group: clk
Path Type: min

Fanout         Cap        Slew       Delay        Time   Description
---------------------------------------------------------------------------------------------
                                 25.000000   25.000000   clock clk (fall edge)
                                  0.000000   25.000000   clock source latency
     1    0.026720    0.060601    0.043229   25.043228 v clk (in)
                                                         clk (net)
                      0.060620    0.000000   25.043228 v clkbuf_0_clk/A (sky130_fd_sc_hd__clkbuf_16)
     8    0.094511    0.078592    0.195099   25.238327 v clkbuf_0_clk/X (sky130_fd_sc_hd__clkbuf_16)
                                                         clknet_0_clk (net)
                      0.078957    0.004567   25.242895 v clkbuf_3_2__f_clk/A (sky130_fd_sc_hd__clkbuf_16)
    10    0.044716    0.048901    0.177833   25.420727 v clkbuf_3_2__f_clk/X (sky130_fd_sc_hd__clkbuf_16)
                                                         clknet_3_2__leaf_clk (net)
                      0.065326    0.001799   25.422527 v sram0/clk0 (sky130_sram_1kbyte_1rw1r_32x256_8)
     1    0.004653    0.003701    0.355444   25.777971 ^ sram0/dout0[24] (sky130_sram_1kbyte_1rw1r_32x256_8)
                                                         dout0[24] (net)
                      0.002776    0.000124   25.778095 ^ _626_/D (sky130_fd_sc_hd__dfrtp_1)
                                             25.778095   data arrival time

                                  0.000000    0.000000   clock clk (rise edge)
                                  0.000000    0.000000   clock source latency
     1    0.027714    0.130121    0.090093    0.090093 ^ clk (in)
                                                         clk (net)
                      0.130131    0.000000    0.090093 ^ clkbuf_0_clk/A (sky130_fd_sc_hd__clkbuf_16)
     8    0.102463    0.118732    0.216823    0.306916 ^ clkbuf_0_clk/X (sky130_fd_sc_hd__clkbuf_16)
                                                         clknet_0_clk (net)
                      0.119179    0.005504    0.312421 ^ clkbuf_3_5__f_clk/A (sky130_fd_sc_hd__clkbuf_16)
    15    0.042363    0.061867    0.170410    0.482830 ^ clkbuf_3_5__f_clk/X (sky130_fd_sc_hd__clkbuf_16)
                                                         clknet_3_5__leaf_clk (net)
                      0.061878    0.000867    0.483698 ^ _626_/CLK (sky130_fd_sc_hd__dfrtp_1)
                                  0.250000    0.733698   clock uncertainty
                                  0.000000    0.733698   clock reconvergence pessimism
                                 -0.023626    0.710072   library hold time
                                              0.710072   data required time
---------------------------------------------------------------------------------------------
                                              0.710072   data required time
                                            -25.778095   data arrival time
---------------------------------------------------------------------------------------------
                                             25.068024   slack (MET)


Startpoint: sram0 (falling edge-triggered flip-flop clocked by clk)
Endpoint: _630_ (rising edge-triggered flip-flop clocked by clk)
Path Group: clk
Path Type: min

Fanout         Cap        Slew       Delay        Time   Description
---------------------------------------------------------------------------------------------
                                 25.000000   25.000000   clock clk (fall edge)
                                  0.000000   25.000000   clock source latency
     1    0.026720    0.060601    0.043229   25.043228 v clk (in)
                                                         clk (net)
                      0.060620    0.000000   25.043228 v clkbuf_0_clk/A (sky130_fd_sc_hd__clkbuf_16)
     8    0.094511    0.078592    0.195099   25.238327 v clkbuf_0_clk/X (sky130_fd_sc_hd__clkbuf_16)
                                                         clknet_0_clk (net)
                      0.078957    0.004567   25.242895 v clkbuf_3_2__f_clk/A (sky130_fd_sc_hd__clkbuf_16)
    10    0.044716    0.048901    0.177833   25.420727 v clkbuf_3_2__f_clk/X (sky130_fd_sc_hd__clkbuf_16)
                                                         clknet_3_2__leaf_clk (net)
                      0.065326    0.001799   25.422527 v sram0/clk0 (sky130_sram_1kbyte_1rw1r_32x256_8)
     1    0.004893    0.003841    0.356794   25.779322 ^ sram0/dout0[28] (sky130_sram_1kbyte_1rw1r_32x256_8)
                                                         dout0[28] (net)
                      0.002881    0.000133   25.779453 ^ _630_/D (sky130_fd_sc_hd__dfrtp_1)
                                             25.779453   data arrival time

                                  0.000000    0.000000   clock clk (rise edge)
                                  0.000000    0.000000   clock source latency
     1    0.027714    0.130121    0.090093    0.090093 ^ clk (in)
                                                         clk (net)
                      0.130131    0.000000    0.090093 ^ clkbuf_0_clk/A (sky130_fd_sc_hd__clkbuf_16)
     8    0.102463    0.118732    0.216823    0.306916 ^ clkbuf_0_clk/X (sky130_fd_sc_hd__clkbuf_16)
                                                         clknet_0_clk (net)
                      0.119179    0.005504    0.312421 ^ clkbuf_3_5__f_clk/A (sky130_fd_sc_hd__clkbuf_16)
    15    0.042363    0.061867    0.170410    0.482830 ^ clkbuf_3_5__f_clk/X (sky130_fd_sc_hd__clkbuf_16)
                                                         clknet_3_5__leaf_clk (net)
                      0.061889    0.001094    0.483925 ^ _630_/CLK (sky130_fd_sc_hd__dfrtp_1)
                                  0.250000    0.733925   clock uncertainty
                                  0.000000    0.733925   clock reconvergence pessimism
                                 -0.023646    0.710278   library hold time
                                              0.710278   data required time
---------------------------------------------------------------------------------------------
                                              0.710278   data required time
                                            -25.779453   data arrival time
---------------------------------------------------------------------------------------------
                                             25.069176   slack (MET)


Startpoint: sram0 (falling edge-triggered flip-flop clocked by clk)
Endpoint: _631_ (rising edge-triggered flip-flop clocked by clk)
Path Group: clk
Path Type: min

Fanout         Cap        Slew       Delay        Time   Description
---------------------------------------------------------------------------------------------
                                 25.000000   25.000000   clock clk (fall edge)
                                  0.000000   25.000000   clock source latency
     1    0.026720    0.060601    0.043229   25.043228 v clk (in)
                                                         clk (net)
                      0.060620    0.000000   25.043228 v clkbuf_0_clk/A (sky130_fd_sc_hd__clkbuf_16)
     8    0.094511    0.078592    0.195099   25.238327 v clkbuf_0_clk/X (sky130_fd_sc_hd__clkbuf_16)
                                                         clknet_0_clk (net)
                      0.078957    0.004567   25.242895 v clkbuf_3_2__f_clk/A (sky130_fd_sc_hd__clkbuf_16)
    10    0.044716    0.048901    0.177833   25.420727 v clkbuf_3_2__f_clk/X (sky130_fd_sc_hd__clkbuf_16)
                                                         clknet_3_2__leaf_clk (net)
                      0.065326    0.001799   25.422527 v sram0/clk0 (sky130_sram_1kbyte_1rw1r_32x256_8)
     1    0.005002    0.003904    0.357407   25.779934 ^ sram0/dout0[29] (sky130_sram_1kbyte_1rw1r_32x256_8)
                                                         dout0[29] (net)
                      0.002928    0.000144   25.780077 ^ _631_/D (sky130_fd_sc_hd__dfrtp_1)
                                             25.780077   data arrival time

                                  0.000000    0.000000   clock clk (rise edge)
                                  0.000000    0.000000   clock source latency
     1    0.027714    0.130121    0.090093    0.090093 ^ clk (in)
                                                         clk (net)
                      0.130131    0.000000    0.090093 ^ clkbuf_0_clk/A (sky130_fd_sc_hd__clkbuf_16)
     8    0.102463    0.118732    0.216823    0.306916 ^ clkbuf_0_clk/X (sky130_fd_sc_hd__clkbuf_16)
                                                         clknet_0_clk (net)
                      0.119179    0.005504    0.312421 ^ clkbuf_3_5__f_clk/A (sky130_fd_sc_hd__clkbuf_16)
    15    0.042363    0.061867    0.170410    0.482830 ^ clkbuf_3_5__f_clk/X (sky130_fd_sc_hd__clkbuf_16)
                                                         clknet_3_5__leaf_clk (net)
                      0.061898    0.001258    0.484088 ^ _631_/CLK (sky130_fd_sc_hd__dfrtp_1)
                                  0.250000    0.734088   clock uncertainty
                                  0.000000    0.734088   clock reconvergence pessimism
                                 -0.023655    0.710433   library hold time
                                              0.710433   data required time
---------------------------------------------------------------------------------------------
                                              0.710433   data required time
                                            -25.780077   data arrival time
---------------------------------------------------------------------------------------------
                                             25.069643   slack (MET)


Startpoint: sram0 (falling edge-triggered flip-flop clocked by clk)
Endpoint: _620_ (rising edge-triggered flip-flop clocked by clk)
Path Group: clk
Path Type: min

Fanout         Cap        Slew       Delay        Time   Description
---------------------------------------------------------------------------------------------
                                 25.000000   25.000000   clock clk (fall edge)
                                  0.000000   25.000000   clock source latency
     1    0.026720    0.060601    0.043229   25.043228 v clk (in)
                                                         clk (net)
                      0.060620    0.000000   25.043228 v clkbuf_0_clk/A (sky130_fd_sc_hd__clkbuf_16)
     8    0.094511    0.078592    0.195099   25.238327 v clkbuf_0_clk/X (sky130_fd_sc_hd__clkbuf_16)
                                                         clknet_0_clk (net)
                      0.078957    0.004567   25.242895 v clkbuf_3_2__f_clk/A (sky130_fd_sc_hd__clkbuf_16)
    10    0.044716    0.048901    0.177833   25.420727 v clkbuf_3_2__f_clk/X (sky130_fd_sc_hd__clkbuf_16)
                                                         clknet_3_2__leaf_clk (net)
                      0.065326    0.001799   25.422527 v sram0/clk0 (sky130_sram_1kbyte_1rw1r_32x256_8)
     1    0.004773    0.003771    0.356119   25.778646 ^ sram0/dout0[18] (sky130_sram_1kbyte_1rw1r_32x256_8)
                                                         dout0[18] (net)
                      0.002828    0.000153   25.778799 ^ _620_/D (sky130_fd_sc_hd__dfrtp_1)
                                             25.778799   data arrival time

                                  0.000000    0.000000   clock clk (rise edge)
                                  0.000000    0.000000   clock source latency
     1    0.027714    0.130121    0.090093    0.090093 ^ clk (in)
                                                         clk (net)
                      0.130131    0.000000    0.090093 ^ clkbuf_0_clk/A (sky130_fd_sc_hd__clkbuf_16)
     8    0.102463    0.118732    0.216823    0.306916 ^ clkbuf_0_clk/X (sky130_fd_sc_hd__clkbuf_16)
                                                         clknet_0_clk (net)
                      0.119111    0.005022    0.311938 ^ clkbuf_3_4__f_clk/A (sky130_fd_sc_hd__clkbuf_16)
    12    0.040426    0.060220    0.168731    0.480669 ^ clkbuf_3_4__f_clk/X (sky130_fd_sc_hd__clkbuf_16)
                                                         clknet_3_4__leaf_clk (net)
                      0.060341    0.002265    0.482935 ^ _620_/CLK (sky130_fd_sc_hd__dfrtp_1)
                                  0.250000    0.732935   clock uncertainty
                                  0.000000    0.732935   clock reconvergence pessimism
                                 -0.023845    0.709089   library hold time
                                              0.709089   data required time
---------------------------------------------------------------------------------------------
                                              0.709089   data required time
                                            -25.778799   data arrival time
---------------------------------------------------------------------------------------------
                                             25.069708   slack (MET)


Startpoint: sram0 (falling edge-triggered flip-flop clocked by clk)
Endpoint: _627_ (rising edge-triggered flip-flop clocked by clk)
Path Group: clk
Path Type: min

Fanout         Cap        Slew       Delay        Time   Description
---------------------------------------------------------------------------------------------
                                 25.000000   25.000000   clock clk (fall edge)
                                  0.000000   25.000000   clock source latency
     1    0.026720    0.060601    0.043229   25.043228 v clk (in)
                                                         clk (net)
                      0.060620    0.000000   25.043228 v clkbuf_0_clk/A (sky130_fd_sc_hd__clkbuf_16)
     8    0.094511    0.078592    0.195099   25.238327 v clkbuf_0_clk/X (sky130_fd_sc_hd__clkbuf_16)
                                                         clknet_0_clk (net)
                      0.078957    0.004567   25.242895 v clkbuf_3_2__f_clk/A (sky130_fd_sc_hd__clkbuf_16)
    10    0.044716    0.048901    0.177833   25.420727 v clkbuf_3_2__f_clk/X (sky130_fd_sc_hd__clkbuf_16)
                                                         clknet_3_2__leaf_clk (net)
                      0.065326    0.001799   25.422527 v sram0/clk0 (sky130_sram_1kbyte_1rw1r_32x256_8)
     1    0.004944    0.003870    0.357081   25.779608 ^ sram0/dout0[25] (sky130_sram_1kbyte_1rw1r_32x256_8)
                                                         dout0[25] (net)
                      0.002903    0.000140   25.779749 ^ _627_/D (sky130_fd_sc_hd__dfrtp_1)
                                             25.779749   data arrival time

                                  0.000000    0.000000   clock clk (rise edge)
                                  0.000000    0.000000   clock source latency
     1    0.027714    0.130121    0.090093    0.090093 ^ clk (in)
                                                         clk (net)
                      0.130131    0.000000    0.090093 ^ clkbuf_0_clk/A (sky130_fd_sc_hd__clkbuf_16)
     8    0.102463    0.118732    0.216823    0.306916 ^ clkbuf_0_clk/X (sky130_fd_sc_hd__clkbuf_16)
                                                         clknet_0_clk (net)
                      0.119179    0.005504    0.312421 ^ clkbuf_3_5__f_clk/A (sky130_fd_sc_hd__clkbuf_16)
    15    0.042363    0.061867    0.170410    0.482830 ^ clkbuf_3_5__f_clk/X (sky130_fd_sc_hd__clkbuf_16)
                                                         clknet_3_5__leaf_clk (net)
                      0.061877    0.000838    0.483668 ^ _627_/CLK (sky130_fd_sc_hd__dfrtp_1)
                                  0.250000    0.733668   clock uncertainty
                                  0.000000    0.733668   clock reconvergence pessimism
                                 -0.023653    0.710016   library hold time
                                              0.710016   data required time
---------------------------------------------------------------------------------------------
                                              0.710016   data required time
                                            -25.779749   data arrival time
---------------------------------------------------------------------------------------------
                                             25.069735   slack (MET)


Startpoint: sram0 (falling edge-triggered flip-flop clocked by clk)
Endpoint: _633_ (rising edge-triggered flip-flop clocked by clk)
Path Group: clk
Path Type: min

Fanout         Cap        Slew       Delay        Time   Description
---------------------------------------------------------------------------------------------
                                 25.000000   25.000000   clock clk (fall edge)
                                  0.000000   25.000000   clock source latency
     1    0.026720    0.060601    0.043229   25.043228 v clk (in)
                                                         clk (net)
                      0.060620    0.000000   25.043228 v clkbuf_0_clk/A (sky130_fd_sc_hd__clkbuf_16)
     8    0.094511    0.078592    0.195099   25.238327 v clkbuf_0_clk/X (sky130_fd_sc_hd__clkbuf_16)
                                                         clknet_0_clk (net)
                      0.078957    0.004567   25.242895 v clkbuf_3_2__f_clk/A (sky130_fd_sc_hd__clkbuf_16)
    10    0.044716    0.048901    0.177833   25.420727 v clkbuf_3_2__f_clk/X (sky130_fd_sc_hd__clkbuf_16)
                                                         clknet_3_2__leaf_clk (net)
                      0.065326    0.001799   25.422527 v sram0/clk0 (sky130_sram_1kbyte_1rw1r_32x256_8)
     1    0.005048    0.003931    0.357664   25.780191 ^ sram0/dout0[31] (sky130_sram_1kbyte_1rw1r_32x256_8)
                                                         dout0[31] (net)
                      0.002948    0.000089   25.780279 ^ _633_/D (sky130_fd_sc_hd__dfrtp_1)
                                             25.780279   data arrival time

                                  0.000000    0.000000   clock clk (rise edge)
                                  0.000000    0.000000   clock source latency
     1    0.027714    0.130121    0.090093    0.090093 ^ clk (in)
                                                         clk (net)
                      0.130131    0.000000    0.090093 ^ clkbuf_0_clk/A (sky130_fd_sc_hd__clkbuf_16)
     8    0.102463    0.118732    0.216823    0.306916 ^ clkbuf_0_clk/X (sky130_fd_sc_hd__clkbuf_16)
                                                         clknet_0_clk (net)
                      0.119179    0.005504    0.312421 ^ clkbuf_3_5__f_clk/A (sky130_fd_sc_hd__clkbuf_16)
    15    0.042363    0.061867    0.170410    0.482830 ^ clkbuf_3_5__f_clk/X (sky130_fd_sc_hd__clkbuf_16)
                                                         clknet_3_5__leaf_clk (net)
                      0.061901    0.001310    0.484141 ^ _633_/CLK (sky130_fd_sc_hd__dfrtp_1)
                                  0.250000    0.734141   clock uncertainty
                                  0.000000    0.734141   clock reconvergence pessimism
                                 -0.023659    0.710482   library hold time
                                              0.710482   data required time
---------------------------------------------------------------------------------------------
                                              0.710482   data required time
                                            -25.780279   data arrival time
---------------------------------------------------------------------------------------------
                                             25.069798   slack (MET)


Startpoint: sram0 (falling edge-triggered flip-flop clocked by clk)
Endpoint: _622_ (rising edge-triggered flip-flop clocked by clk)
Path Group: clk
Path Type: min

Fanout         Cap        Slew       Delay        Time   Description
---------------------------------------------------------------------------------------------
                                 25.000000   25.000000   clock clk (fall edge)
                                  0.000000   25.000000   clock source latency
     1    0.026720    0.060601    0.043229   25.043228 v clk (in)
                                                         clk (net)
                      0.060620    0.000000   25.043228 v clkbuf_0_clk/A (sky130_fd_sc_hd__clkbuf_16)
     8    0.094511    0.078592    0.195099   25.238327 v clkbuf_0_clk/X (sky130_fd_sc_hd__clkbuf_16)
                                                         clknet_0_clk (net)
                      0.078957    0.004567   25.242895 v clkbuf_3_2__f_clk/A (sky130_fd_sc_hd__clkbuf_16)
    10    0.044716    0.048901    0.177833   25.420727 v clkbuf_3_2__f_clk/X (sky130_fd_sc_hd__clkbuf_16)
                                                         clknet_3_2__leaf_clk (net)
                      0.065326    0.001799   25.422527 v sram0/clk0 (sky130_sram_1kbyte_1rw1r_32x256_8)
     1    0.004896    0.003843    0.356811   25.779339 ^ sram0/dout0[20] (sky130_sram_1kbyte_1rw1r_32x256_8)
                                                         dout0[20] (net)
                      0.002882    0.000137   25.779476 ^ _622_/D (sky130_fd_sc_hd__dfrtp_1)
                                             25.779476   data arrival time

                                  0.000000    0.000000   clock clk (rise edge)
                                  0.000000    0.000000   clock source latency
     1    0.027714    0.130121    0.090093    0.090093 ^ clk (in)
                                                         clk (net)
                      0.130131    0.000000    0.090093 ^ clkbuf_0_clk/A (sky130_fd_sc_hd__clkbuf_16)
     8    0.102463    0.118732    0.216823    0.306916 ^ clkbuf_0_clk/X (sky130_fd_sc_hd__clkbuf_16)
                                                         clknet_0_clk (net)
                      0.119111    0.005022    0.311938 ^ clkbuf_3_4__f_clk/A (sky130_fd_sc_hd__clkbuf_16)
    12    0.040426    0.060220    0.168731    0.480669 ^ clkbuf_3_4__f_clk/X (sky130_fd_sc_hd__clkbuf_16)
                                                         clknet_3_4__leaf_clk (net)
                      0.060337    0.002233    0.482902 ^ _622_/CLK (sky130_fd_sc_hd__dfrtp_1)
                                  0.250000    0.732902   clock uncertainty
                                  0.000000    0.732902   clock reconvergence pessimism
                                 -0.023857    0.709045   library hold time
                                              0.709045   data required time
---------------------------------------------------------------------------------------------
                                              0.709045   data required time
                                            -25.779476   data arrival time
---------------------------------------------------------------------------------------------
                                             25.070431   slack (MET)


Startpoint: sram0 (falling edge-triggered flip-flop clocked by clk)
Endpoint: _632_ (rising edge-triggered flip-flop clocked by clk)
Path Group: clk
Path Type: min

Fanout         Cap        Slew       Delay        Time   Description
---------------------------------------------------------------------------------------------
                                 25.000000   25.000000   clock clk (fall edge)
                                  0.000000   25.000000   clock source latency
     1    0.026720    0.060601    0.043229   25.043228 v clk (in)
                                                         clk (net)
                      0.060620    0.000000   25.043228 v clkbuf_0_clk/A (sky130_fd_sc_hd__clkbuf_16)
     8    0.094511    0.078592    0.195099   25.238327 v clkbuf_0_clk/X (sky130_fd_sc_hd__clkbuf_16)
                                                         clknet_0_clk (net)
                      0.078957    0.004567   25.242895 v clkbuf_3_2__f_clk/A (sky130_fd_sc_hd__clkbuf_16)
    10    0.044716    0.048901    0.177833   25.420727 v clkbuf_3_2__f_clk/X (sky130_fd_sc_hd__clkbuf_16)
                                                         clknet_3_2__leaf_clk (net)
                      0.065326    0.001799   25.422527 v sram0/clk0 (sky130_sram_1kbyte_1rw1r_32x256_8)
     1    0.005332    0.004096    0.359258   25.781784 ^ sram0/dout0[30] (sky130_sram_1kbyte_1rw1r_32x256_8)
                                                         dout0[30] (net)
                      0.003072    0.000167   25.781952 ^ _632_/D (sky130_fd_sc_hd__dfrtp_1)
                                             25.781952   data arrival time

                                  0.000000    0.000000   clock clk (rise edge)
                                  0.000000    0.000000   clock source latency
     1    0.027714    0.130121    0.090093    0.090093 ^ clk (in)
                                                         clk (net)
                      0.130131    0.000000    0.090093 ^ clkbuf_0_clk/A (sky130_fd_sc_hd__clkbuf_16)
     8    0.102463    0.118732    0.216823    0.306916 ^ clkbuf_0_clk/X (sky130_fd_sc_hd__clkbuf_16)
                                                         clknet_0_clk (net)
                      0.119179    0.005504    0.312421 ^ clkbuf_3_5__f_clk/A (sky130_fd_sc_hd__clkbuf_16)
    15    0.042363    0.061867    0.170410    0.482830 ^ clkbuf_3_5__f_clk/X (sky130_fd_sc_hd__clkbuf_16)
                                                         clknet_3_5__leaf_clk (net)
                      0.061900    0.001286    0.484116 ^ _632_/CLK (sky130_fd_sc_hd__dfrtp_1)
                                  0.250000    0.734116   clock uncertainty
                                  0.000000    0.734116   clock reconvergence pessimism
                                 -0.023685    0.710432   library hold time
                                              0.710432   data required time
---------------------------------------------------------------------------------------------
                                              0.710432   data required time
                                            -25.781952   data arrival time
---------------------------------------------------------------------------------------------
                                             25.071520   slack (MET)


Startpoint: sram0 (falling edge-triggered flip-flop clocked by clk)
Endpoint: _619_ (rising edge-triggered flip-flop clocked by clk)
Path Group: clk
Path Type: min

Fanout         Cap        Slew       Delay        Time   Description
---------------------------------------------------------------------------------------------
                                 25.000000   25.000000   clock clk (fall edge)
                                  0.000000   25.000000   clock source latency
     1    0.026720    0.060601    0.043229   25.043228 v clk (in)
                                                         clk (net)
                      0.060620    0.000000   25.043228 v clkbuf_0_clk/A (sky130_fd_sc_hd__clkbuf_16)
     8    0.094511    0.078592    0.195099   25.238327 v clkbuf_0_clk/X (sky130_fd_sc_hd__clkbuf_16)
                                                         clknet_0_clk (net)
                      0.078957    0.004567   25.242895 v clkbuf_3_2__f_clk/A (sky130_fd_sc_hd__clkbuf_16)
    10    0.044716    0.048901    0.177833   25.420727 v clkbuf_3_2__f_clk/X (sky130_fd_sc_hd__clkbuf_16)
                                                         clknet_3_2__leaf_clk (net)
                      0.065326    0.001799   25.422527 v sram0/clk0 (sky130_sram_1kbyte_1rw1r_32x256_8)
     1    0.004997    0.003901    0.357375   25.779902 ^ sram0/dout0[17] (sky130_sram_1kbyte_1rw1r_32x256_8)
                                                         dout0[17] (net)
                      0.002926    0.000171   25.780071 ^ _619_/D (sky130_fd_sc_hd__dfrtp_1)
                                             25.780071   data arrival time

                                  0.000000    0.000000   clock clk (rise edge)
                                  0.000000    0.000000   clock source latency
     1    0.027714    0.130121    0.090093    0.090093 ^ clk (in)
                                                         clk (net)
                      0.130131    0.000000    0.090093 ^ clkbuf_0_clk/A (sky130_fd_sc_hd__clkbuf_16)
     8    0.102463    0.118732    0.216823    0.306916 ^ clkbuf_0_clk/X (sky130_fd_sc_hd__clkbuf_16)
                                                         clknet_0_clk (net)
                      0.119016    0.004233    0.311149 ^ clkbuf_3_7__f_clk/A (sky130_fd_sc_hd__clkbuf_16)
     7    0.038339    0.058316    0.167587    0.478736 ^ clkbuf_3_7__f_clk/X (sky130_fd_sc_hd__clkbuf_16)
                                                         clknet_3_7__leaf_clk (net)
                      0.058329    0.000803    0.479539 ^ _619_/CLK (sky130_fd_sc_hd__dfrtp_1)
                                  0.250000    0.729539   clock uncertainty
                                  0.000000    0.729539   clock reconvergence pessimism
                                 -0.024138    0.705401   library hold time
                                              0.705401   data required time
---------------------------------------------------------------------------------------------
                                              0.705401   data required time
                                            -25.780071   data arrival time
---------------------------------------------------------------------------------------------
                                             25.074673   slack (MET)


Startpoint: sram0 (falling edge-triggered flip-flop clocked by clk)
Endpoint: _618_ (rising edge-triggered flip-flop clocked by clk)
Path Group: clk
Path Type: min

Fanout         Cap        Slew       Delay        Time   Description
---------------------------------------------------------------------------------------------
                                 25.000000   25.000000   clock clk (fall edge)
                                  0.000000   25.000000   clock source latency
     1    0.026720    0.060601    0.043229   25.043228 v clk (in)
                                                         clk (net)
                      0.060620    0.000000   25.043228 v clkbuf_0_clk/A (sky130_fd_sc_hd__clkbuf_16)
     8    0.094511    0.078592    0.195099   25.238327 v clkbuf_0_clk/X (sky130_fd_sc_hd__clkbuf_16)
                                                         clknet_0_clk (net)
                      0.078957    0.004567   25.242895 v clkbuf_3_2__f_clk/A (sky130_fd_sc_hd__clkbuf_16)
    10    0.044716    0.048901    0.177833   25.420727 v clkbuf_3_2__f_clk/X (sky130_fd_sc_hd__clkbuf_16)
                                                         clknet_3_2__leaf_clk (net)
                      0.065326    0.001799   25.422527 v sram0/clk0 (sky130_sram_1kbyte_1rw1r_32x256_8)
     1    0.005274    0.004062    0.358931   25.781458 ^ sram0/dout0[16] (sky130_sram_1kbyte_1rw1r_32x256_8)
                                                         dout0[16] (net)
                      0.003046    0.000089   25.781546 ^ _618_/D (sky130_fd_sc_hd__dfrtp_1)
                                             25.781546   data arrival time

                                  0.000000    0.000000   clock clk (rise edge)
                                  0.000000    0.000000   clock source latency
     1    0.027714    0.130121    0.090093    0.090093 ^ clk (in)
                                                         clk (net)
                      0.130131    0.000000    0.090093 ^ clkbuf_0_clk/A (sky130_fd_sc_hd__clkbuf_16)
     8    0.102463    0.118732    0.216823    0.306916 ^ clkbuf_0_clk/X (sky130_fd_sc_hd__clkbuf_16)
                                                         clknet_0_clk (net)
                      0.119016    0.004233    0.311149 ^ clkbuf_3_7__f_clk/A (sky130_fd_sc_hd__clkbuf_16)
     7    0.038339    0.058316    0.167587    0.478736 ^ clkbuf_3_7__f_clk/X (sky130_fd_sc_hd__clkbuf_16)
                                                         clknet_3_7__leaf_clk (net)
                      0.058333    0.000898    0.479635 ^ _618_/CLK (sky130_fd_sc_hd__dfrtp_1)
                                  0.250000    0.729635   clock uncertainty
                                  0.000000    0.729635   clock reconvergence pessimism
                                 -0.024163    0.705472   library hold time
                                              0.705472   data required time
---------------------------------------------------------------------------------------------
                                              0.705472   data required time
                                            -25.781546   data arrival time
---------------------------------------------------------------------------------------------
                                             25.076075   slack (MET)


Startpoint: sram0 (falling edge-triggered flip-flop clocked by clk)
Endpoint: _616_ (rising edge-triggered flip-flop clocked by clk)
Path Group: clk
Path Type: min

Fanout         Cap        Slew       Delay        Time   Description
---------------------------------------------------------------------------------------------
                                 25.000000   25.000000   clock clk (fall edge)
                                  0.000000   25.000000   clock source latency
     1    0.026720    0.060601    0.043229   25.043228 v clk (in)
                                                         clk (net)
                      0.060620    0.000000   25.043228 v clkbuf_0_clk/A (sky130_fd_sc_hd__clkbuf_16)
     8    0.094511    0.078592    0.195099   25.238327 v clkbuf_0_clk/X (sky130_fd_sc_hd__clkbuf_16)
                                                         clknet_0_clk (net)
                      0.078957    0.004567   25.242895 v clkbuf_3_2__f_clk/A (sky130_fd_sc_hd__clkbuf_16)
    10    0.044716    0.048901    0.177833   25.420727 v clkbuf_3_2__f_clk/X (sky130_fd_sc_hd__clkbuf_16)
                                                         clknet_3_2__leaf_clk (net)
                      0.065326    0.001799   25.422527 v sram0/clk0 (sky130_sram_1kbyte_1rw1r_32x256_8)
     1    0.005821    0.004379    0.362000   25.784527 ^ sram0/dout0[14] (sky130_sram_1kbyte_1rw1r_32x256_8)
                                                         dout0[14] (net)
                      0.003285    0.000117   25.784645 ^ _616_/D (sky130_fd_sc_hd__dfrtp_1)
                                             25.784645   data arrival time

                                  0.000000    0.000000   clock clk (rise edge)
                                  0.000000    0.000000   clock source latency
     1    0.027714    0.130121    0.090093    0.090093 ^ clk (in)
                                                         clk (net)
                      0.130131    0.000000    0.090093 ^ clkbuf_0_clk/A (sky130_fd_sc_hd__clkbuf_16)
     8    0.102463    0.118732    0.216823    0.306916 ^ clkbuf_0_clk/X (sky130_fd_sc_hd__clkbuf_16)
                                                         clknet_0_clk (net)
                      0.119016    0.004233    0.311149 ^ clkbuf_3_7__f_clk/A (sky130_fd_sc_hd__clkbuf_16)
     7    0.038339    0.058316    0.167587    0.478736 ^ clkbuf_3_7__f_clk/X (sky130_fd_sc_hd__clkbuf_16)
                                                         clknet_3_7__leaf_clk (net)
                      0.058335    0.000937    0.479674 ^ _616_/CLK (sky130_fd_sc_hd__dfrtp_1)
                                  0.250000    0.729674   clock uncertainty
                                  0.000000    0.729674   clock reconvergence pessimism
                                 -0.024213    0.705461   library hold time
                                              0.705461   data required time
---------------------------------------------------------------------------------------------
                                              0.705461   data required time
                                            -25.784645   data arrival time
---------------------------------------------------------------------------------------------
                                             25.079184   slack (MET)


Startpoint: sram0 (falling edge-triggered flip-flop clocked by clk)
Endpoint: _615_ (rising edge-triggered flip-flop clocked by clk)
Path Group: clk
Path Type: min

Fanout         Cap        Slew       Delay        Time   Description
---------------------------------------------------------------------------------------------
                                 25.000000   25.000000   clock clk (fall edge)
                                  0.000000   25.000000   clock source latency
     1    0.026720    0.060601    0.043229   25.043228 v clk (in)
                                                         clk (net)
                      0.060620    0.000000   25.043228 v clkbuf_0_clk/A (sky130_fd_sc_hd__clkbuf_16)
     8    0.094511    0.078592    0.195099   25.238327 v clkbuf_0_clk/X (sky130_fd_sc_hd__clkbuf_16)
                                                         clknet_0_clk (net)
                      0.078957    0.004567   25.242895 v clkbuf_3_2__f_clk/A (sky130_fd_sc_hd__clkbuf_16)
    10    0.044716    0.048901    0.177833   25.420727 v clkbuf_3_2__f_clk/X (sky130_fd_sc_hd__clkbuf_16)
                                                         clknet_3_2__leaf_clk (net)
                      0.065326    0.001799   25.422527 v sram0/clk0 (sky130_sram_1kbyte_1rw1r_32x256_8)
     1    0.005965    0.004463    0.362812   25.785339 ^ sram0/dout0[13] (sky130_sram_1kbyte_1rw1r_32x256_8)
                                                         dout0[13] (net)
                      0.003347    0.000151   25.785490 ^ _615_/D (sky130_fd_sc_hd__dfrtp_1)
                                             25.785490   data arrival time

                                  0.000000    0.000000   clock clk (rise edge)
                                  0.000000    0.000000   clock source latency
     1    0.027714    0.130121    0.090093    0.090093 ^ clk (in)
                                                         clk (net)
                      0.130131    0.000000    0.090093 ^ clkbuf_0_clk/A (sky130_fd_sc_hd__clkbuf_16)
     8    0.102463    0.118732    0.216823    0.306916 ^ clkbuf_0_clk/X (sky130_fd_sc_hd__clkbuf_16)
                                                         clknet_0_clk (net)
                      0.118906    0.003070    0.309986 ^ clkbuf_3_6__f_clk/A (sky130_fd_sc_hd__clkbuf_16)
    12    0.039391    0.059250    0.168326    0.478312 ^ clkbuf_3_6__f_clk/X (sky130_fd_sc_hd__clkbuf_16)
                                                         clknet_3_6__leaf_clk (net)
                      0.059264    0.000830    0.479143 ^ _615_/CLK (sky130_fd_sc_hd__dfrtp_1)
                                  0.250000    0.729143   clock uncertainty
                                  0.000000    0.729143   clock reconvergence pessimism
                                 -0.024100    0.705043   library hold time
                                              0.705043   data required time
---------------------------------------------------------------------------------------------
                                              0.705043   data required time
                                            -25.785490   data arrival time
---------------------------------------------------------------------------------------------
                                             25.080446   slack (MET)


Startpoint: sram0 (falling edge-triggered flip-flop clocked by clk)
Endpoint: _617_ (rising edge-triggered flip-flop clocked by clk)
Path Group: clk
Path Type: min

Fanout         Cap        Slew       Delay        Time   Description
---------------------------------------------------------------------------------------------
                                 25.000000   25.000000   clock clk (fall edge)
                                  0.000000   25.000000   clock source latency
     1    0.026720    0.060601    0.043229   25.043228 v clk (in)
                                                         clk (net)
                      0.060620    0.000000   25.043228 v clkbuf_0_clk/A (sky130_fd_sc_hd__clkbuf_16)
     8    0.094511    0.078592    0.195099   25.238327 v clkbuf_0_clk/X (sky130_fd_sc_hd__clkbuf_16)
                                                         clknet_0_clk (net)
                      0.078957    0.004567   25.242895 v clkbuf_3_2__f_clk/A (sky130_fd_sc_hd__clkbuf_16)
    10    0.044716    0.048901    0.177833   25.420727 v clkbuf_3_2__f_clk/X (sky130_fd_sc_hd__clkbuf_16)
                                                         clknet_3_2__leaf_clk (net)
                      0.065326    0.001799   25.422527 v sram0/clk0 (sky130_sram_1kbyte_1rw1r_32x256_8)
     1    0.006138    0.004563    0.363778   25.786304 ^ sram0/dout0[15] (sky130_sram_1kbyte_1rw1r_32x256_8)
                                                         dout0[15] (net)
                      0.003422    0.000078   25.786383 ^ _617_/D (sky130_fd_sc_hd__dfrtp_1)
                                             25.786383   data arrival time

                                  0.000000    0.000000   clock clk (rise edge)
                                  0.000000    0.000000   clock source latency
     1    0.027714    0.130121    0.090093    0.090093 ^ clk (in)
                                                         clk (net)
                      0.130131    0.000000    0.090093 ^ clkbuf_0_clk/A (sky130_fd_sc_hd__clkbuf_16)
     8    0.102463    0.118732    0.216823    0.306916 ^ clkbuf_0_clk/X (sky130_fd_sc_hd__clkbuf_16)
                                                         clknet_0_clk (net)
                      0.119016    0.004233    0.311149 ^ clkbuf_3_7__f_clk/A (sky130_fd_sc_hd__clkbuf_16)
     7    0.038339    0.058316    0.167587    0.478736 ^ clkbuf_3_7__f_clk/X (sky130_fd_sc_hd__clkbuf_16)
                                                         clknet_3_7__leaf_clk (net)
                      0.058335    0.000929    0.479665 ^ _617_/CLK (sky130_fd_sc_hd__dfrtp_1)
                                  0.250000    0.729665   clock uncertainty
                                  0.000000    0.729665   clock reconvergence pessimism
                                 -0.024242    0.705424   library hold time
                                              0.705424   data required time
---------------------------------------------------------------------------------------------
                                              0.705424   data required time
                                            -25.786383   data arrival time
---------------------------------------------------------------------------------------------
                                             25.080959   slack (MET)


Startpoint: sram0 (falling edge-triggered flip-flop clocked by clk)
Endpoint: _614_ (rising edge-triggered flip-flop clocked by clk)
Path Group: clk
Path Type: min

Fanout         Cap        Slew       Delay        Time   Description
---------------------------------------------------------------------------------------------
                                 25.000000   25.000000   clock clk (fall edge)
                                  0.000000   25.000000   clock source latency
     1    0.026720    0.060601    0.043229   25.043228 v clk (in)
                                                         clk (net)
                      0.060620    0.000000   25.043228 v clkbuf_0_clk/A (sky130_fd_sc_hd__clkbuf_16)
     8    0.094511    0.078592    0.195099   25.238327 v clkbuf_0_clk/X (sky130_fd_sc_hd__clkbuf_16)
                                                         clknet_0_clk (net)
                      0.078957    0.004567   25.242895 v clkbuf_3_2__f_clk/A (sky130_fd_sc_hd__clkbuf_16)
    10    0.044716    0.048901    0.177833   25.420727 v clkbuf_3_2__f_clk/X (sky130_fd_sc_hd__clkbuf_16)
                                                         clknet_3_2__leaf_clk (net)
                      0.065326    0.001799   25.422527 v sram0/clk0 (sky130_sram_1kbyte_1rw1r_32x256_8)
     1    0.006366    0.004696    0.365059   25.787586 ^ sram0/dout0[12] (sky130_sram_1kbyte_1rw1r_32x256_8)
                                                         dout0[12] (net)
                      0.003522    0.000130   25.787716 ^ _614_/D (sky130_fd_sc_hd__dfrtp_1)
                                             25.787716   data arrival time

                                  0.000000    0.000000   clock clk (rise edge)
                                  0.000000    0.000000   clock source latency
     1    0.027714    0.130121    0.090093    0.090093 ^ clk (in)
                                                         clk (net)
                      0.130131    0.000000    0.090093 ^ clkbuf_0_clk/A (sky130_fd_sc_hd__clkbuf_16)
     8    0.102463    0.118732    0.216823    0.306916 ^ clkbuf_0_clk/X (sky130_fd_sc_hd__clkbuf_16)
                                                         clknet_0_clk (net)
                      0.118906    0.003070    0.309986 ^ clkbuf_3_6__f_clk/A (sky130_fd_sc_hd__clkbuf_16)
    12    0.039391    0.059250    0.168326    0.478312 ^ clkbuf_3_6__f_clk/X (sky130_fd_sc_hd__clkbuf_16)
                                                         clknet_3_6__leaf_clk (net)
                      0.059263    0.000814    0.479126 ^ _614_/CLK (sky130_fd_sc_hd__dfrtp_1)
                                  0.250000    0.729126   clock uncertainty
                                  0.000000    0.729126   clock reconvergence pessimism
                                 -0.024136    0.704990   library hold time
                                              0.704990   data required time
---------------------------------------------------------------------------------------------
                                              0.704990   data required time
                                            -25.787716   data arrival time
---------------------------------------------------------------------------------------------
                                             25.082726   slack (MET)


Startpoint: sram0 (falling edge-triggered flip-flop clocked by clk)
Endpoint: _610_ (rising edge-triggered flip-flop clocked by clk)
Path Group: clk
Path Type: min

Fanout         Cap        Slew       Delay        Time   Description
---------------------------------------------------------------------------------------------
                                 25.000000   25.000000   clock clk (fall edge)
                                  0.000000   25.000000   clock source latency
     1    0.026720    0.060601    0.043229   25.043228 v clk (in)
                                                         clk (net)
                      0.060620    0.000000   25.043228 v clkbuf_0_clk/A (sky130_fd_sc_hd__clkbuf_16)
     8    0.094511    0.078592    0.195099   25.238327 v clkbuf_0_clk/X (sky130_fd_sc_hd__clkbuf_16)
                                                         clknet_0_clk (net)
                      0.078957    0.004567   25.242895 v clkbuf_3_2__f_clk/A (sky130_fd_sc_hd__clkbuf_16)
    10    0.044716    0.048901    0.177833   25.420727 v clkbuf_3_2__f_clk/X (sky130_fd_sc_hd__clkbuf_16)
                                                         clknet_3_2__leaf_clk (net)
                      0.065326    0.001799   25.422527 v sram0/clk0 (sky130_sram_1kbyte_1rw1r_32x256_8)
     1    0.007265    0.005200    0.370108   25.792635 ^ sram0/dout0[8] (sky130_sram_1kbyte_1rw1r_32x256_8)
                                                         dout0[8] (net)
                      0.003900    0.000140   25.792774 ^ _610_/D (sky130_fd_sc_hd__dfrtp_1)
                                             25.792774   data arrival time

                                  0.000000    0.000000   clock clk (rise edge)
                                  0.000000    0.000000   clock source latency
     1    0.027714    0.130121    0.090093    0.090093 ^ clk (in)
                                                         clk (net)
                      0.130131    0.000000    0.090093 ^ clkbuf_0_clk/A (sky130_fd_sc_hd__clkbuf_16)
     8    0.102463    0.118732    0.216823    0.306916 ^ clkbuf_0_clk/X (sky130_fd_sc_hd__clkbuf_16)
                                                         clknet_0_clk (net)
                      0.118906    0.003070    0.309986 ^ clkbuf_3_6__f_clk/A (sky130_fd_sc_hd__clkbuf_16)
    12    0.039391    0.059250    0.168326    0.478312 ^ clkbuf_3_6__f_clk/X (sky130_fd_sc_hd__clkbuf_16)
                                                         clknet_3_6__leaf_clk (net)
                      0.059275    0.001042    0.479354 ^ _610_/CLK (sky130_fd_sc_hd__dfrtp_1)
                                  0.250000    0.729354   clock uncertainty
                                  0.000000    0.729354   clock reconvergence pessimism
                                 -0.024214    0.705140   library hold time
                                              0.705140   data required time
---------------------------------------------------------------------------------------------
                                              0.705140   data required time
                                            -25.792774   data arrival time
---------------------------------------------------------------------------------------------
                                             25.087633   slack (MET)


Startpoint: sram0 (falling edge-triggered flip-flop clocked by clk)
Endpoint: _602_ (rising edge-triggered flip-flop clocked by clk)
Path Group: clk
Path Type: min

Fanout         Cap        Slew       Delay        Time   Description
---------------------------------------------------------------------------------------------
                                 25.000000   25.000000   clock clk (fall edge)
                                  0.000000   25.000000   clock source latency
     1    0.026720    0.060601    0.043229   25.043228 v clk (in)
                                                         clk (net)
                      0.060620    0.000000   25.043228 v clkbuf_0_clk/A (sky130_fd_sc_hd__clkbuf_16)
     8    0.094511    0.078592    0.195099   25.238327 v clkbuf_0_clk/X (sky130_fd_sc_hd__clkbuf_16)
                                                         clknet_0_clk (net)
                      0.078957    0.004567   25.242895 v clkbuf_3_2__f_clk/A (sky130_fd_sc_hd__clkbuf_16)
    10    0.044716    0.048901    0.177833   25.420727 v clkbuf_3_2__f_clk/X (sky130_fd_sc_hd__clkbuf_16)
                                                         clknet_3_2__leaf_clk (net)
                      0.065326    0.001799   25.422527 v sram0/clk0 (sky130_sram_1kbyte_1rw1r_32x256_8)
     1    0.007442    0.005294    0.371097   25.793625 ^ sram0/dout0[0] (sky130_sram_1kbyte_1rw1r_32x256_8)
                                                         dout0[0] (net)
                      0.003970    0.000366   25.793989 ^ _602_/D (sky130_fd_sc_hd__dfrtp_1)
                                             25.793989   data arrival time

                                  0.000000    0.000000   clock clk (rise edge)
                                  0.000000    0.000000   clock source latency
     1    0.027714    0.130121    0.090093    0.090093 ^ clk (in)
                                                         clk (net)
                      0.130131    0.000000    0.090093 ^ clkbuf_0_clk/A (sky130_fd_sc_hd__clkbuf_16)
     8    0.102463    0.118732    0.216823    0.306916 ^ clkbuf_0_clk/X (sky130_fd_sc_hd__clkbuf_16)
                                                         clknet_0_clk (net)
                      0.118918    0.003216    0.310133 ^ clkbuf_3_0__f_clk/A (sky130_fd_sc_hd__clkbuf_16)
     7    0.037478    0.057556    0.166929    0.477062 ^ clkbuf_3_0__f_clk/X (sky130_fd_sc_hd__clkbuf_16)
                                                         clknet_3_0__leaf_clk (net)
                      0.057581    0.001021    0.478083 ^ _602_/CLK (sky130_fd_sc_hd__dfrtp_1)
                                  0.250000    0.728083   clock uncertainty
                                  0.000000    0.728083   clock reconvergence pessimism
                                 -0.024458    0.703624   library hold time
                                              0.703624   data required time
---------------------------------------------------------------------------------------------
                                              0.703624   data required time
                                            -25.793989   data arrival time
---------------------------------------------------------------------------------------------
                                             25.090366   slack (MET)


Startpoint: sram0 (falling edge-triggered flip-flop clocked by clk)
Endpoint: _613_ (rising edge-triggered flip-flop clocked by clk)
Path Group: clk
Path Type: min

Fanout         Cap        Slew       Delay        Time   Description
---------------------------------------------------------------------------------------------
                                 25.000000   25.000000   clock clk (fall edge)
                                  0.000000   25.000000   clock source latency
     1    0.026720    0.060601    0.043229   25.043228 v clk (in)
                                                         clk (net)
                      0.060620    0.000000   25.043228 v clkbuf_0_clk/A (sky130_fd_sc_hd__clkbuf_16)
     8    0.094511    0.078592    0.195099   25.238327 v clkbuf_0_clk/X (sky130_fd_sc_hd__clkbuf_16)
                                                         clknet_0_clk (net)
                      0.078957    0.004567   25.242895 v clkbuf_3_2__f_clk/A (sky130_fd_sc_hd__clkbuf_16)
    10    0.044716    0.048901    0.177833   25.420727 v clkbuf_3_2__f_clk/X (sky130_fd_sc_hd__clkbuf_16)
                                                         clknet_3_2__leaf_clk (net)
                      0.065326    0.001799   25.422527 v sram0/clk0 (sky130_sram_1kbyte_1rw1r_32x256_8)
     2    0.007917    0.005547    0.373763   25.796289 ^ sram0/dout0[11] (sky130_sram_1kbyte_1rw1r_32x256_8)
                                                         dout0[11] (net)
                      0.004160    0.000163   25.796453 ^ _613_/D (sky130_fd_sc_hd__dfrtp_1)
                                             25.796453   data arrival time

                                  0.000000    0.000000   clock clk (rise edge)
                                  0.000000    0.000000   clock source latency
     1    0.027714    0.130121    0.090093    0.090093 ^ clk (in)
                                                         clk (net)
                      0.130131    0.000000    0.090093 ^ clkbuf_0_clk/A (sky130_fd_sc_hd__clkbuf_16)
     8    0.102463    0.118732    0.216823    0.306916 ^ clkbuf_0_clk/X (sky130_fd_sc_hd__clkbuf_16)
                                                         clknet_0_clk (net)
                      0.118906    0.003070    0.309986 ^ clkbuf_3_6__f_clk/A (sky130_fd_sc_hd__clkbuf_16)
    12    0.039391    0.059250    0.168326    0.478312 ^ clkbuf_3_6__f_clk/X (sky130_fd_sc_hd__clkbuf_16)
                                                         clknet_3_6__leaf_clk (net)
                      0.059271    0.000983    0.479295 ^ _613_/CLK (sky130_fd_sc_hd__dfrtp_1)
                                  0.250000    0.729295   clock uncertainty
                                  0.000000    0.729295   clock reconvergence pessimism
                                 -0.024269    0.705026   library hold time
                                              0.705026   data required time
---------------------------------------------------------------------------------------------
                                              0.705026   data required time
                                            -25.796453   data arrival time
---------------------------------------------------------------------------------------------
                                             25.091427   slack (MET)


Startpoint: sram0 (falling edge-triggered flip-flop clocked by clk)
Endpoint: _611_ (rising edge-triggered flip-flop clocked by clk)
Path Group: clk
Path Type: min

Fanout         Cap        Slew       Delay        Time   Description
---------------------------------------------------------------------------------------------
                                 25.000000   25.000000   clock clk (fall edge)
                                  0.000000   25.000000   clock source latency
     1    0.026720    0.060601    0.043229   25.043228 v clk (in)
                                                         clk (net)
                      0.060620    0.000000   25.043228 v clkbuf_0_clk/A (sky130_fd_sc_hd__clkbuf_16)
     8    0.094511    0.078592    0.195099   25.238327 v clkbuf_0_clk/X (sky130_fd_sc_hd__clkbuf_16)
                                                         clknet_0_clk (net)
                      0.078957    0.004567   25.242895 v clkbuf_3_2__f_clk/A (sky130_fd_sc_hd__clkbuf_16)
    10    0.044716    0.048901    0.177833   25.420727 v clkbuf_3_2__f_clk/X (sky130_fd_sc_hd__clkbuf_16)
                                                         clknet_3_2__leaf_clk (net)
                      0.065326    0.001799   25.422527 v sram0/clk0 (sky130_sram_1kbyte_1rw1r_32x256_8)
     2    0.008108    0.005648    0.374836   25.797363 ^ sram0/dout0[9] (sky130_sram_1kbyte_1rw1r_32x256_8)
                                                         dout0[9] (net)
                      0.004236    0.000204   25.797567 ^ _611_/D (sky130_fd_sc_hd__dfrtp_1)
                                             25.797567   data arrival time

                                  0.000000    0.000000   clock clk (rise edge)
                                  0.000000    0.000000   clock source latency
     1    0.027714    0.130121    0.090093    0.090093 ^ clk (in)
                                                         clk (net)
                      0.130131    0.000000    0.090093 ^ clkbuf_0_clk/A (sky130_fd_sc_hd__clkbuf_16)
     8    0.102463    0.118732    0.216823    0.306916 ^ clkbuf_0_clk/X (sky130_fd_sc_hd__clkbuf_16)
                                                         clknet_0_clk (net)
                      0.118906    0.003070    0.309986 ^ clkbuf_3_6__f_clk/A (sky130_fd_sc_hd__clkbuf_16)
    12    0.039391    0.059250    0.168326    0.478312 ^ clkbuf_3_6__f_clk/X (sky130_fd_sc_hd__clkbuf_16)
                                                         clknet_3_6__leaf_clk (net)
                      0.059273    0.001014    0.479326 ^ _611_/CLK (sky130_fd_sc_hd__dfrtp_1)
                                  0.250000    0.729326   clock uncertainty
                                  0.000000    0.729326   clock reconvergence pessimism
                                 -0.024285    0.705042   library hold time
                                              0.705042   data required time
---------------------------------------------------------------------------------------------
                                              0.705042   data required time
                                            -25.797567   data arrival time
---------------------------------------------------------------------------------------------
                                             25.092525   slack (MET)


Startpoint: sram0 (falling edge-triggered flip-flop clocked by clk)
Endpoint: _612_ (rising edge-triggered flip-flop clocked by clk)
Path Group: clk
Path Type: min

Fanout         Cap        Slew       Delay        Time   Description
---------------------------------------------------------------------------------------------
                                 25.000000   25.000000   clock clk (fall edge)
                                  0.000000   25.000000   clock source latency
     1    0.026720    0.060601    0.043229   25.043228 v clk (in)
                                                         clk (net)
                      0.060620    0.000000   25.043228 v clkbuf_0_clk/A (sky130_fd_sc_hd__clkbuf_16)
     8    0.094511    0.078592    0.195099   25.238327 v clkbuf_0_clk/X (sky130_fd_sc_hd__clkbuf_16)
                                                         clknet_0_clk (net)
                      0.078957    0.004567   25.242895 v clkbuf_3_2__f_clk/A (sky130_fd_sc_hd__clkbuf_16)
    10    0.044716    0.048901    0.177833   25.420727 v clkbuf_3_2__f_clk/X (sky130_fd_sc_hd__clkbuf_16)
                                                         clknet_3_2__leaf_clk (net)
                      0.065326    0.001799   25.422527 v sram0/clk0 (sky130_sram_1kbyte_1rw1r_32x256_8)
     2    0.008363    0.005784    0.376266   25.798794 ^ sram0/dout0[10] (sky130_sram_1kbyte_1rw1r_32x256_8)
                                                         dout0[10] (net)
                      0.004338    0.000119   25.798912 ^ _612_/D (sky130_fd_sc_hd__dfrtp_1)
                                             25.798912   data arrival time

                                  0.000000    0.000000   clock clk (rise edge)
                                  0.000000    0.000000   clock source latency
     1    0.027714    0.130121    0.090093    0.090093 ^ clk (in)
                                                         clk (net)
                      0.130131    0.000000    0.090093 ^ clkbuf_0_clk/A (sky130_fd_sc_hd__clkbuf_16)
     8    0.102463    0.118732    0.216823    0.306916 ^ clkbuf_0_clk/X (sky130_fd_sc_hd__clkbuf_16)
                                                         clknet_0_clk (net)
                      0.118906    0.003070    0.309986 ^ clkbuf_3_6__f_clk/A (sky130_fd_sc_hd__clkbuf_16)
    12    0.039391    0.059250    0.168326    0.478312 ^ clkbuf_3_6__f_clk/X (sky130_fd_sc_hd__clkbuf_16)
                                                         clknet_3_6__leaf_clk (net)
                      0.059272    0.000993    0.479306 ^ _612_/CLK (sky130_fd_sc_hd__dfrtp_1)
                                  0.250000    0.729306   clock uncertainty
                                  0.000000    0.729306   clock reconvergence pessimism
                                 -0.024306    0.705000   library hold time
                                              0.705000   data required time
---------------------------------------------------------------------------------------------
                                              0.705000   data required time
                                            -25.798912   data arrival time
---------------------------------------------------------------------------------------------
                                             25.093912   slack (MET)


Startpoint: sram0 (falling edge-triggered flip-flop clocked by clk)
Endpoint: _608_ (rising edge-triggered flip-flop clocked by clk)
Path Group: clk
Path Type: min

Fanout         Cap        Slew       Delay        Time   Description
---------------------------------------------------------------------------------------------
                                 25.000000   25.000000   clock clk (fall edge)
                                  0.000000   25.000000   clock source latency
     1    0.026720    0.060601    0.043229   25.043228 v clk (in)
                                                         clk (net)
                      0.060620    0.000000   25.043228 v clkbuf_0_clk/A (sky130_fd_sc_hd__clkbuf_16)
     8    0.094511    0.078592    0.195099   25.238327 v clkbuf_0_clk/X (sky130_fd_sc_hd__clkbuf_16)
                                                         clknet_0_clk (net)
                      0.078957    0.004567   25.242895 v clkbuf_3_2__f_clk/A (sky130_fd_sc_hd__clkbuf_16)
    10    0.044716    0.048901    0.177833   25.420727 v clkbuf_3_2__f_clk/X (sky130_fd_sc_hd__clkbuf_16)
                                                         clknet_3_2__leaf_clk (net)
                      0.065326    0.001799   25.422527 v sram0/clk0 (sky130_sram_1kbyte_1rw1r_32x256_8)
     1    0.008178    0.005685    0.375227   25.797754 ^ sram0/dout0[6] (sky130_sram_1kbyte_1rw1r_32x256_8)
                                                         dout0[6] (net)
                      0.004264    0.000442   25.798197 ^ _608_/D (sky130_fd_sc_hd__dfrtp_1)
                                             25.798197   data arrival time

                                  0.000000    0.000000   clock clk (rise edge)
                                  0.000000    0.000000   clock source latency
     1    0.027714    0.130121    0.090093    0.090093 ^ clk (in)
                                                         clk (net)
                      0.130131    0.000000    0.090093 ^ clkbuf_0_clk/A (sky130_fd_sc_hd__clkbuf_16)
     8    0.102463    0.118732    0.216823    0.306916 ^ clkbuf_0_clk/X (sky130_fd_sc_hd__clkbuf_16)
                                                         clknet_0_clk (net)
                      0.118903    0.003033    0.309950 ^ clkbuf_3_1__f_clk/A (sky130_fd_sc_hd__clkbuf_16)
     9    0.036629    0.056770    0.166190    0.476139 ^ clkbuf_3_1__f_clk/X (sky130_fd_sc_hd__clkbuf_16)
                                                         clknet_3_1__leaf_clk (net)
                      0.056805    0.001081    0.477220 ^ _608_/CLK (sky130_fd_sc_hd__dfrtp_1)
                                  0.250000    0.727220   clock uncertainty
                                  0.000000    0.727220   clock reconvergence pessimism
                                 -0.024625    0.702595   library hold time
                                              0.702595   data required time
---------------------------------------------------------------------------------------------
                                              0.702595   data required time
                                            -25.798197   data arrival time
---------------------------------------------------------------------------------------------
                                             25.095600   slack (MET)


Startpoint: sram0 (falling edge-triggered flip-flop clocked by clk)
Endpoint: _606_ (rising edge-triggered flip-flop clocked by clk)
Path Group: clk
Path Type: min

Fanout         Cap        Slew       Delay        Time   Description
---------------------------------------------------------------------------------------------
                                 25.000000   25.000000   clock clk (fall edge)
                                  0.000000   25.000000   clock source latency
     1    0.026720    0.060601    0.043229   25.043228 v clk (in)
                                                         clk (net)
                      0.060620    0.000000   25.043228 v clkbuf_0_clk/A (sky130_fd_sc_hd__clkbuf_16)
     8    0.094511    0.078592    0.195099   25.238327 v clkbuf_0_clk/X (sky130_fd_sc_hd__clkbuf_16)
                                                         clknet_0_clk (net)
                      0.078957    0.004567   25.242895 v clkbuf_3_2__f_clk/A (sky130_fd_sc_hd__clkbuf_16)
    10    0.044716    0.048901    0.177833   25.420727 v clkbuf_3_2__f_clk/X (sky130_fd_sc_hd__clkbuf_16)
                                                         clknet_3_2__leaf_clk (net)
                      0.065326    0.001799   25.422527 v sram0/clk0 (sky130_sram_1kbyte_1rw1r_32x256_8)
     1    0.008282    0.005741    0.375813   25.798340 ^ sram0/dout0[4] (sky130_sram_1kbyte_1rw1r_32x256_8)
                                                         dout0[4] (net)
                      0.004306    0.000465   25.798805 ^ _606_/D (sky130_fd_sc_hd__dfrtp_1)
                                             25.798805   data arrival time

                                  0.000000    0.000000   clock clk (rise edge)
                                  0.000000    0.000000   clock source latency
     1    0.027714    0.130121    0.090093    0.090093 ^ clk (in)
                                                         clk (net)
                      0.130131    0.000000    0.090093 ^ clkbuf_0_clk/A (sky130_fd_sc_hd__clkbuf_16)
     8    0.102463    0.118732    0.216823    0.306916 ^ clkbuf_0_clk/X (sky130_fd_sc_hd__clkbuf_16)
                                                         clknet_0_clk (net)
                      0.118903    0.003033    0.309950 ^ clkbuf_3_1__f_clk/A (sky130_fd_sc_hd__clkbuf_16)
     9    0.036629    0.056770    0.166190    0.476139 ^ clkbuf_3_1__f_clk/X (sky130_fd_sc_hd__clkbuf_16)
                                                         clknet_3_1__leaf_clk (net)
                      0.056810    0.001168    0.477308 ^ _606_/CLK (sky130_fd_sc_hd__dfrtp_1)
                                  0.250000    0.727308   clock uncertainty
                                  0.000000    0.727308   clock reconvergence pessimism
                                 -0.024633    0.702674   library hold time
                                              0.702674   data required time
---------------------------------------------------------------------------------------------
                                              0.702674   data required time
                                            -25.798805   data arrival time
---------------------------------------------------------------------------------------------
                                             25.096130   slack (MET)


Startpoint: sram0 (falling edge-triggered flip-flop clocked by clk)
Endpoint: _607_ (rising edge-triggered flip-flop clocked by clk)
Path Group: clk
Path Type: min

Fanout         Cap        Slew       Delay        Time   Description
---------------------------------------------------------------------------------------------
                                 25.000000   25.000000   clock clk (fall edge)
                                  0.000000   25.000000   clock source latency
     1    0.026720    0.060601    0.043229   25.043228 v clk (in)
                                                         clk (net)
                      0.060620    0.000000   25.043228 v clkbuf_0_clk/A (sky130_fd_sc_hd__clkbuf_16)
     8    0.094511    0.078592    0.195099   25.238327 v clkbuf_0_clk/X (sky130_fd_sc_hd__clkbuf_16)
                                                         clknet_0_clk (net)
                      0.078957    0.004567   25.242895 v clkbuf_3_2__f_clk/A (sky130_fd_sc_hd__clkbuf_16)
    10    0.044716    0.048901    0.177833   25.420727 v clkbuf_3_2__f_clk/X (sky130_fd_sc_hd__clkbuf_16)
                                                         clknet_3_2__leaf_clk (net)
                      0.065326    0.001799   25.422527 v sram0/clk0 (sky130_sram_1kbyte_1rw1r_32x256_8)
     1    0.008314    0.005758    0.375989   25.798515 ^ sram0/dout0[5] (sky130_sram_1kbyte_1rw1r_32x256_8)
                                                         dout0[5] (net)
                      0.004318    0.000464   25.798979 ^ _607_/D (sky130_fd_sc_hd__dfrtp_1)
                                             25.798979   data arrival time

                                  0.000000    0.000000   clock clk (rise edge)
                                  0.000000    0.000000   clock source latency
     1    0.027714    0.130121    0.090093    0.090093 ^ clk (in)
                                                         clk (net)
                      0.130131    0.000000    0.090093 ^ clkbuf_0_clk/A (sky130_fd_sc_hd__clkbuf_16)
     8    0.102463    0.118732    0.216823    0.306916 ^ clkbuf_0_clk/X (sky130_fd_sc_hd__clkbuf_16)
                                                         clknet_0_clk (net)
                      0.118903    0.003033    0.309950 ^ clkbuf_3_1__f_clk/A (sky130_fd_sc_hd__clkbuf_16)
     9    0.036629    0.056770    0.166190    0.476139 ^ clkbuf_3_1__f_clk/X (sky130_fd_sc_hd__clkbuf_16)
                                                         clknet_3_1__leaf_clk (net)
                      0.056808    0.001131    0.477271 ^ _607_/CLK (sky130_fd_sc_hd__dfrtp_1)
                                  0.250000    0.727271   clock uncertainty
                                  0.000000    0.727271   clock reconvergence pessimism
                                 -0.024636    0.702635   library hold time
                                              0.702635   data required time
---------------------------------------------------------------------------------------------
                                              0.702635   data required time
                                            -25.798979   data arrival time
---------------------------------------------------------------------------------------------
                                             25.096346   slack (MET)


Startpoint: sram0 (falling edge-triggered flip-flop clocked by clk)
Endpoint: _609_ (rising edge-triggered flip-flop clocked by clk)
Path Group: clk
Path Type: min

Fanout         Cap        Slew       Delay        Time   Description
---------------------------------------------------------------------------------------------
                                 25.000000   25.000000   clock clk (fall edge)
                                  0.000000   25.000000   clock source latency
     1    0.026720    0.060601    0.043229   25.043228 v clk (in)
                                                         clk (net)
                      0.060620    0.000000   25.043228 v clkbuf_0_clk/A (sky130_fd_sc_hd__clkbuf_16)
     8    0.094511    0.078592    0.195099   25.238327 v clkbuf_0_clk/X (sky130_fd_sc_hd__clkbuf_16)
                                                         clknet_0_clk (net)
                      0.078957    0.004567   25.242895 v clkbuf_3_2__f_clk/A (sky130_fd_sc_hd__clkbuf_16)
    10    0.044716    0.048901    0.177833   25.420727 v clkbuf_3_2__f_clk/X (sky130_fd_sc_hd__clkbuf_16)
                                                         clknet_3_2__leaf_clk (net)
                      0.065326    0.001799   25.422527 v sram0/clk0 (sky130_sram_1kbyte_1rw1r_32x256_8)
     2    0.009482    0.006379    0.382544   25.805071 ^ sram0/dout0[7] (sky130_sram_1kbyte_1rw1r_32x256_8)
                                                         dout0[7] (net)
                      0.004784    0.000206   25.805277 ^ _609_/D (sky130_fd_sc_hd__dfrtp_1)
                                             25.805277   data arrival time

                                  0.000000    0.000000   clock clk (rise edge)
                                  0.000000    0.000000   clock source latency
     1    0.027714    0.130121    0.090093    0.090093 ^ clk (in)
                                                         clk (net)
                      0.130131    0.000000    0.090093 ^ clkbuf_0_clk/A (sky130_fd_sc_hd__clkbuf_16)
     8    0.102463    0.118732    0.216823    0.306916 ^ clkbuf_0_clk/X (sky130_fd_sc_hd__clkbuf_16)
                                                         clknet_0_clk (net)
                      0.118903    0.003033    0.309950 ^ clkbuf_3_1__f_clk/A (sky130_fd_sc_hd__clkbuf_16)
     9    0.036629    0.056770    0.166190    0.476139 ^ clkbuf_3_1__f_clk/X (sky130_fd_sc_hd__clkbuf_16)
                                                         clknet_3_1__leaf_clk (net)
                      0.056802    0.001039    0.477178 ^ _609_/CLK (sky130_fd_sc_hd__dfrtp_1)
                                  0.250000    0.727178   clock uncertainty
                                  0.000000    0.727178   clock reconvergence pessimism
                                 -0.024734    0.702444   library hold time
                                              0.702444   data required time
---------------------------------------------------------------------------------------------
                                              0.702444   data required time
                                            -25.805277   data arrival time
---------------------------------------------------------------------------------------------
                                             25.102833   slack (MET)


Startpoint: sram0 (falling edge-triggered flip-flop clocked by clk)
Endpoint: _604_ (rising edge-triggered flip-flop clocked by clk)
Path Group: clk
Path Type: min

Fanout         Cap        Slew       Delay        Time   Description
---------------------------------------------------------------------------------------------
                                 25.000000   25.000000   clock clk (fall edge)
                                  0.000000   25.000000   clock source latency
     1    0.026720    0.060601    0.043229   25.043228 v clk (in)
                                                         clk (net)
                      0.060620    0.000000   25.043228 v clkbuf_0_clk/A (sky130_fd_sc_hd__clkbuf_16)
     8    0.094511    0.078592    0.195099   25.238327 v clkbuf_0_clk/X (sky130_fd_sc_hd__clkbuf_16)
                                                         clknet_0_clk (net)
                      0.078957    0.004567   25.242895 v clkbuf_3_2__f_clk/A (sky130_fd_sc_hd__clkbuf_16)
    10    0.044716    0.048901    0.177833   25.420727 v clkbuf_3_2__f_clk/X (sky130_fd_sc_hd__clkbuf_16)
                                                         clknet_3_2__leaf_clk (net)
                      0.065326    0.001799   25.422527 v sram0/clk0 (sky130_sram_1kbyte_1rw1r_32x256_8)
     2    0.009980    0.006645    0.385343   25.807871 ^ sram0/dout0[2] (sky130_sram_1kbyte_1rw1r_32x256_8)
                                                         dout0[2] (net)
                      0.004983    0.000218   25.808088 ^ _604_/D (sky130_fd_sc_hd__dfrtp_1)
                                             25.808088   data arrival time

                                  0.000000    0.000000   clock clk (rise edge)
                                  0.000000    0.000000   clock source latency
     1    0.027714    0.130121    0.090093    0.090093 ^ clk (in)
                                                         clk (net)
                      0.130131    0.000000    0.090093 ^ clkbuf_0_clk/A (sky130_fd_sc_hd__clkbuf_16)
     8    0.102463    0.118732    0.216823    0.306916 ^ clkbuf_0_clk/X (sky130_fd_sc_hd__clkbuf_16)
                                                         clknet_0_clk (net)
                      0.118918    0.003216    0.310133 ^ clkbuf_3_0__f_clk/A (sky130_fd_sc_hd__clkbuf_16)
     7    0.037478    0.057556    0.166929    0.477062 ^ clkbuf_3_0__f_clk/X (sky130_fd_sc_hd__clkbuf_16)
                                                         clknet_3_0__leaf_clk (net)
                      0.057580    0.001015    0.478077 ^ _604_/CLK (sky130_fd_sc_hd__dfrtp_1)
                                  0.250000    0.728077   clock uncertainty
                                  0.000000    0.728077   clock reconvergence pessimism
                                 -0.024671    0.703407   library hold time
                                              0.703407   data required time
---------------------------------------------------------------------------------------------
                                              0.703407   data required time
                                            -25.808088   data arrival time
---------------------------------------------------------------------------------------------
                                             25.104681   slack (MET)


Startpoint: sram0 (falling edge-triggered flip-flop clocked by clk)
Endpoint: _605_ (rising edge-triggered flip-flop clocked by clk)
Path Group: clk
Path Type: min

Fanout         Cap        Slew       Delay        Time   Description
---------------------------------------------------------------------------------------------
                                 25.000000   25.000000   clock clk (fall edge)
                                  0.000000   25.000000   clock source latency
     1    0.026720    0.060601    0.043229   25.043228 v clk (in)
                                                         clk (net)
                      0.060620    0.000000   25.043228 v clkbuf_0_clk/A (sky130_fd_sc_hd__clkbuf_16)
     8    0.094511    0.078592    0.195099   25.238327 v clkbuf_0_clk/X (sky130_fd_sc_hd__clkbuf_16)
                                                         clknet_0_clk (net)
                      0.078957    0.004567   25.242895 v clkbuf_3_2__f_clk/A (sky130_fd_sc_hd__clkbuf_16)
    10    0.044716    0.048901    0.177833   25.420727 v clkbuf_3_2__f_clk/X (sky130_fd_sc_hd__clkbuf_16)
                                                         clknet_3_2__leaf_clk (net)
                      0.065326    0.001799   25.422527 v sram0/clk0 (sky130_sram_1kbyte_1rw1r_32x256_8)
     2    0.010280    0.006804    0.387027   25.809555 ^ sram0/dout0[3] (sky130_sram_1kbyte_1rw1r_32x256_8)
                                                         dout0[3] (net)
                      0.005103    0.000203   25.809757 ^ _605_/D (sky130_fd_sc_hd__dfrtp_1)
                                             25.809757   data arrival time

                                  0.000000    0.000000   clock clk (rise edge)
                                  0.000000    0.000000   clock source latency
     1    0.027714    0.130121    0.090093    0.090093 ^ clk (in)
                                                         clk (net)
                      0.130131    0.000000    0.090093 ^ clkbuf_0_clk/A (sky130_fd_sc_hd__clkbuf_16)
     8    0.102463    0.118732    0.216823    0.306916 ^ clkbuf_0_clk/X (sky130_fd_sc_hd__clkbuf_16)
                                                         clknet_0_clk (net)
                      0.118903    0.003033    0.309950 ^ clkbuf_3_1__f_clk/A (sky130_fd_sc_hd__clkbuf_16)
     9    0.036629    0.056770    0.166190    0.476139 ^ clkbuf_3_1__f_clk/X (sky130_fd_sc_hd__clkbuf_16)
                                                         clknet_3_1__leaf_clk (net)
                      0.056810    0.001170    0.477309 ^ _605_/CLK (sky130_fd_sc_hd__dfrtp_1)
                                  0.250000    0.727309   clock uncertainty
                                  0.000000    0.727309   clock reconvergence pessimism
                                 -0.024800    0.702509   library hold time
                                              0.702509   data required time
---------------------------------------------------------------------------------------------
                                              0.702509   data required time
                                            -25.809757   data arrival time
---------------------------------------------------------------------------------------------
                                             25.107248   slack (MET)


Startpoint: sram0 (falling edge-triggered flip-flop clocked by clk)
Endpoint: _603_ (rising edge-triggered flip-flop clocked by clk)
Path Group: clk
Path Type: min

Fanout         Cap        Slew       Delay        Time   Description
---------------------------------------------------------------------------------------------
                                 25.000000   25.000000   clock clk (fall edge)
                                  0.000000   25.000000   clock source latency
     1    0.026720    0.060601    0.043229   25.043228 v clk (in)
                                                         clk (net)
                      0.060620    0.000000   25.043228 v clkbuf_0_clk/A (sky130_fd_sc_hd__clkbuf_16)
     8    0.094511    0.078592    0.195099   25.238327 v clkbuf_0_clk/X (sky130_fd_sc_hd__clkbuf_16)
                                                         clknet_0_clk (net)
                      0.078957    0.004567   25.242895 v clkbuf_3_2__f_clk/A (sky130_fd_sc_hd__clkbuf_16)
    10    0.044716    0.048901    0.177833   25.420727 v clkbuf_3_2__f_clk/X (sky130_fd_sc_hd__clkbuf_16)
                                                         clknet_3_2__leaf_clk (net)
                      0.065326    0.001799   25.422527 v sram0/clk0 (sky130_sram_1kbyte_1rw1r_32x256_8)
     2    0.010445    0.006892    0.387951   25.810478 ^ sram0/dout0[1] (sky130_sram_1kbyte_1rw1r_32x256_8)
                                                         dout0[1] (net)
                      0.005169    0.000249   25.810726 ^ _603_/D (sky130_fd_sc_hd__dfrtp_1)
                                             25.810726   data arrival time

                                  0.000000    0.000000   clock clk (rise edge)
                                  0.000000    0.000000   clock source latency
     1    0.027714    0.130121    0.090093    0.090093 ^ clk (in)
                                                         clk (net)
                      0.130131    0.000000    0.090093 ^ clkbuf_0_clk/A (sky130_fd_sc_hd__clkbuf_16)
     8    0.102463    0.118732    0.216823    0.306916 ^ clkbuf_0_clk/X (sky130_fd_sc_hd__clkbuf_16)
                                                         clknet_0_clk (net)
                      0.118918    0.003216    0.310133 ^ clkbuf_3_0__f_clk/A (sky130_fd_sc_hd__clkbuf_16)
     7    0.037478    0.057556    0.166929    0.477062 ^ clkbuf_3_0__f_clk/X (sky130_fd_sc_hd__clkbuf_16)
                                                         clknet_3_0__leaf_clk (net)
                      0.057582    0.001038    0.478100 ^ _603_/CLK (sky130_fd_sc_hd__dfrtp_1)
                                  0.250000    0.728099   clock uncertainty
                                  0.000000    0.728099   clock reconvergence pessimism
                                 -0.024709    0.703390   library hold time
                                              0.703390   data required time
---------------------------------------------------------------------------------------------
                                              0.703390   data required time
                                            -25.810726   data arrival time
---------------------------------------------------------------------------------------------
                                             25.107336   slack (MET)



